🔑 КЛЮЧОВІ ФРАЗИ (SERPSTAT),,,,,,,,,,,,
Домен: 220volt.com.ua | Регіон: UA | Станом на: 2026-02-19,,,,,,,,,,,,
,,,,,,,,,,,,
📊 СТАТИСТИКА,,,,,,,,,,,,
,,,,,,,,,,,,
Показник,Значення,,,,,,,,,,,
Всього ключових фраз,5000,,,,,,,,,,,
Сумарний обсяг пошуку,136160,,,,,,,,,,,
Середня позиція,1.0,,,,,,,,,,,
В ТОП-3,5000,,,,,,,,,,,
В ТОП-10,5000,,,,,,,,,,,
В ТОП-20,5000,,,,,,,,,,,
,,,,,,,,,,,,
,,,,,,,,,,,,
🔍 СПИСОК КЛЮЧОВИХ ФРАЗ,,,,,,,,,,,,
,,,,,,,,,,,,
Keyword,Volume,KD,Organic traffic,Position,SERP features,URL,Branded,Local,Navigational,Informational,Commercial,Transactional
електростанцію,12100,30,1814,1,"also_asks, Video preview, related_search, AI Overview, Sitelinks, snip_url_in_aio, snip_fqdn_in_aio",https://220volt.com.ua/ua/portativnye-zaryadnye-stantsii/portativnye-elektrostantsii.htm,FALSE,FALSE,FALSE,FALSE,FALSE,FALSE
4 v,5400,16,809,1,"related_search, Thumbnail, Sitelinks",https://220volt.com.ua/ua/akkumulatornie-batarei/napryagenie_batarei_block_4/,FALSE,FALSE,FALSE,FALSE,FALSE,FALSE
4v,5400,11,809,1,"AI Overview, Thumbnail, Sitelinks, snip_image_thumbnail, snip_url_in_aio, snip_fqdn_in_aio",https://220volt.com.ua/ua/akkumulatornie-batarei/napryagenie_batarei_block_4/,FALSE,FALSE,FALSE,FALSE,FALSE,FALSE
6v,2900,15,434,1,"Thumbnail, AI Overview, Sitelinks",https://220volt.com.ua/ua/akkumulatornie-batarei/napryagenie_batarei_block_6/,FALSE,FALSE,FALSE,FALSE,FALSE,FALSE
дбж для котла,2900,29,434,1,"AI Overview, also_asks, related_search, Sitelinks",https://220volt.com.ua/ua/istochniki-besperebojnogo-pitaniya/opt_reshenie_ibp_sistem-otopleniya/,FALSE,FALSE,FALSE,FALSE,FALSE,FALSE
220 вольт,2400,21,359,1,"also_asks, Local pack, related_search, kn_graph_card, Sitelinks, snip_sitelinks",https://220volt.com.ua/,FALSE,FALSE,FALSE,FALSE,FALSE,FALSE
авр для генератора,1300,7,194,1,"related_search, also_asks, Video preview, a_box_fsnippet, Thumbnail, Sitelinks, snip_featured",https://220volt.com.ua/ua/avtomaticheskij-zapusk-generatora.htm,FALSE,FALSE,FALSE,FALSE,FALSE,FALSE
солнечная электростанция,880,27,131,1,"related_search, also_asks, Video preview, AI Overview, Sitelinks",https://220volt.com.ua/solnechnaya-energetika/solnechnye-elektrostantsii.htm,FALSE,FALSE,FALSE,FALSE,FALSE,FALSE
емкости аккумуляторов,720,24,107,1,"Video preview, related_search, AI Overview, also_asks, Thumbnail, Sitelinks",https://220volt.com.ua/news/chto-takoe-emkost-akkumulyatora-metodika-ee-rascheta/,FALSE,FALSE,FALSE,FALSE,FALSE,FALSE
емкость аккумуляторов,720,24,107,1,"also_asks, Video preview, Thumbnail, related_search, AI Overview, Sitelinks",https://220volt.com.ua/news/chto-takoe-emkost-akkumulyatora-metodika-ee-rascheta/,FALSE,FALSE,FALSE,FALSE,FALSE,FALSE
тепловое реле,720,7,107,1,"Video preview, related_search, AI Overview, also_asks, Thumbnail, Sitelinks, snip_image_thumbnail",https://220volt.com.ua/elektrika-i-svet/nizkovoltnoe-oborudovanie/rele-tajmeri-fotokontrolleri/rele/teplovie_rele.htm,FALSE,FALSE,FALSE,FALSE,FALSE,FALSE
портативные электростанции,720,28,107,1,"related_search, Video preview, also_asks, Sitelinks",https://220volt.com.ua/portativnye-zaryadnye-stantsii/portativnye-elektrostantsii.htm,FALSE,FALSE,FALSE,FALSE,FALSE,FALSE
солнечная станция,720,20,107,1,"related_search, Video preview, Sitelinks, snip_image_thumbnail",https://220volt.com.ua/solnechnaya-energetika/solnechnye-elektrostantsii.htm,FALSE,FALSE,FALSE,FALSE,FALSE,FALSE
емкость аккумулятор,720,24,107,1,"also_asks, Video preview, related_search, Thumbnail, AI Overview, Sitelinks, snip_url_in_aio, snip_fqdn_in_aio",https://220volt.com.ua/news/chto-takoe-emkost-akkumulyatora-metodika-ee-rascheta/,FALSE,FALSE,FALSE,FALSE,FALSE,FALSE
ёмкость аккумулятора,720,24,107,1,"Video preview, related_search, AI Overview, also_asks, Sitelinks, snip_url_in_aio, snip_fqdn_in_aio",https://220volt.com.ua/news/chto-takoe-emkost-akkumulyatora-metodika-ee-rascheta/,FALSE,FALSE,FALSE,FALSE,FALSE,FALSE
емкость аккумулятора,720,20,107,1,"AI Overview, also_asks, Thumbnail, Video preview, related_search, Sitelinks",https://220volt.com.ua/news/chto-takoe-emkost-akkumulyatora-metodika-ee-rascheta/,FALSE,FALSE,FALSE,FALSE,FALSE,FALSE
инверторные стабилизаторы напряжения,590,16,88,1,"Video preview, related_search, also_asks, Sitelinks",https://220volt.com.ua/stabilizator/control_invertornyi/,FALSE,FALSE,FALSE,FALSE,FALSE,FALSE
6в,590,9,88,1,"kn_graph_card, related_search, Thumbnail, Sitelinks, snip_image_thumbnail",https://220volt.com.ua/ua/akkumulatornie-batarei/napryagenie_batarei_block_6/,FALSE,FALSE,FALSE,FALSE,FALSE,FALSE
магнітний пускач,590,11,88,1,"Thumbnail, AI Overview, related_search, also_asks, Sitelinks, snip_image_thumbnail, snip_url_in_aio, snip_fqdn_in_aio",https://220volt.com.ua/ua/elektrika-i-svet/nizkovoltnoe-oborudovanie/puskateli-kontaktori/puskateli.htm,FALSE,FALSE,FALSE,FALSE,FALSE,FALSE
мини генераторы,480,13,71,1,"Thumbnail, related_search, Sitelinks",https://220volt.com.ua/generatory/tip_ustanovki_portativnie/,FALSE,FALSE,FALSE,FALSE,FALSE,FALSE
стабілізатори напруги 10 квт,390,2,58,1,"also_asks, related_search, Sitelinks",https://220volt.com.ua/ua/stabilizator/moshnost_stab_block_10/,FALSE,FALSE,FALSE,FALSE,FALSE,FALSE
пускателей,390,15,58,1,"Video preview, related_search, AI Overview, kn_graph_card, also_asks, Sitelinks, snip_url_in_aio, snip_fqdn_in_aio",https://220volt.com.ua/elektrika-i-svet/nizkovoltnoe-oborudovanie/puskateli-kontaktori/puskateli.htm,FALSE,FALSE,FALSE,FALSE,FALSE,FALSE
пускатель,390,14,58,1,"related_search, kn_graph_card, also_asks, Video preview, Sitelinks, snip_image_thumbnail",https://220volt.com.ua/ua/elektrika-i-svet/nizkovoltnoe-oborudovanie/puskateli-kontaktori/puskateli.htm,FALSE,FALSE,FALSE,FALSE,FALSE,FALSE
реле протоку води,390,5,58,1,"Video preview, AI Overview, Thumbnail, related_search, Sitelinks, snip_image_thumbnail",https://220volt.com.ua/nasos/komplektuyushchie-dlya-vodosnabzheniya-i-vodootvedeniya/tip_kompl_nasos_rele_protoka__zashchita_ot_suhogo_hoda/,FALSE,FALSE,FALSE,FALSE,FALSE,FALSE
220volt,390,5,58,1,"related_search, kn_graph_local, Sitelinks, snip_sitelinks",https://220volt.com.ua/ua/,TRUE,FALSE,TRUE,FALSE,FALSE,FALSE
norma n,320,3,47,1,"AI Overview, related_search, Sitelinks, snip_url_in_aio, snip_fqdn_in_aio",https://220volt.com.ua/ua/stabilizator-napryazheniya-ukrtehnologiya-nsn-9000-norma-n/,FALSE,FALSE,FALSE,FALSE,FALSE,FALSE
пускач,320,7,47,1,"Thumbnail, also_asks, related_search, Sitelinks",https://220volt.com.ua/ua/elektrika-i-svet/nizkovoltnoe-oborudovanie/puskateli-kontaktori/puskateli.htm,FALSE,FALSE,FALSE,FALSE,FALSE,FALSE
купить солнечная станция,320,14,47,1,"related_search, Sitelinks",https://220volt.com.ua/ua/solnechnaya-energetika/solnechnye-elektrostantsii.htm,FALSE,TRUE,FALSE,FALSE,FALSE,TRUE
солнечная панель 400вт,320,6,47,1,"also_asks, related_search, Sitelinks",https://220volt.com.ua/solnechnaya-energetika/solnechnye-paneli-batarei/moshn_fot_mod_400/,FALSE,FALSE,FALSE,FALSE,FALSE,FALSE
купить солнечную станцию,320,20,47,1,"also_asks, related_search, Sitelinks",https://220volt.com.ua/ua/solnechnaya-energetika/solnechnye-elektrostantsii.htm,FALSE,TRUE,FALSE,FALSE,FALSE,TRUE
солнечная панель 400 вт,320,11,47,1,"Video preview, also_asks, related_search, Sitelinks",https://220volt.com.ua/solnechnaya-energetika/solnechnye-paneli-batarei/moshn_fot_mod_400/,FALSE,FALSE,FALSE,FALSE,FALSE,FALSE
щитове,320,2,47,1,"also_asks, Thumbnail, Sitelinks",https://220volt.com.ua/ua/elektrika-i-svet/shitovoe.htm,FALSE,FALSE,FALSE,FALSE,FALSE,FALSE
солнечная панель 400 ватт,320,9,47,1,"also_asks, related_search, Sitelinks",https://220volt.com.ua/solnechnaya-energetika/solnechnye-paneli-batarei/moshn_fot_mod_400/,FALSE,FALSE,FALSE,FALSE,FALSE,FALSE
мини электростанции,320,15,47,1,"related_search, Video preview, also_asks, Sitelinks",https://220volt.com.ua/portativnye-zaryadnye-stantsii/portativnye-elektrostantsii.htm,FALSE,FALSE,FALSE,FALSE,FALSE,FALSE
hr1234wf2,260,5,38,1,"related_search, Sitelinks",https://220volt.com.ua/ua/akkumulyatornaya-batareya-csb-hr1234wf2/,FALSE,FALSE,FALSE,FALSE,FALSE,FALSE
220 volts,260,13,38,1,"Video preview, related_search, AI Overview, Sitelinks",https://220volt.com.ua/ua/,FALSE,FALSE,FALSE,FALSE,FALSE,FALSE
генератор 380 вольт 10 квт,260,18,38,1,"related_search, Sitelinks",https://220volt.com.ua/generatory/faznost_generatorov_3;maksimalnaya_moschnost_block__10/,FALSE,FALSE,FALSE,FALSE,FALSE,FALSE
магазин 220 вольт,260,20,38,1,"related_search, also_asks, Local pack, kn_graph_card, Sitelinks, snip_image_thumbnail",https://220volt.com.ua/,FALSE,TRUE,FALSE,FALSE,FALSE,FALSE
24 vdc ups,260,5,38,1,"Thumbnail, Sitelinks",https://220volt.com.ua/istochniki-besperebojnogo-pitaniya/voltaj_batarei_24-v/,FALSE,FALSE,FALSE,FALSE,FALSE,FALSE
станция солнечная,260,22,38,1,"Local pack, Thumbnail, related_search, also_asks, Sitelinks, snip_image_thumbnail",https://220volt.com.ua/solnechnaya-energetika/solnechnye-elektrostantsii.htm,FALSE,FALSE,FALSE,FALSE,FALSE,FALSE
220 volt,260,18,38,1,"related_search, Local pack, Sitelinks, snip_sitelinks",https://220volt.com.ua/ua/,FALSE,FALSE,FALSE,FALSE,FALSE,FALSE
генераторы с электростартером,260,9,38,1,"Thumbnail, Sitelinks",https://220volt.com.ua/generatory/start_type_elektrostarter/,FALSE,FALSE,FALSE,FALSE,FALSE,FALSE
сонячна панель на вікно,260,4,38,1,"Video preview, also_asks, related_search, Thumbnail, Sitelinks",https://220volt.com.ua/ua/solnechnaya-energetika/solnechnye-paneli-batarei/naznachenie_dlya_fotomoduli__okna/,FALSE,FALSE,FALSE,FALSE,FALSE,FALSE
генератор 380 вольт,260,9,38,1,"related_search, Sitelinks",https://220volt.com.ua/generatory/faznost_generatorov_3/,FALSE,FALSE,FALSE,FALSE,FALSE,FALSE
солнечная панель для квартиры,260,30,38,1,"AI Overview, related_search, also_asks, Sitelinks, snip_url_in_aio, snip_fqdn_in_aio",https://220volt.com.ua/solnechnaya-energetika/solnechnye-paneli-batarei/naznachenie_dlya_fotomoduli__kvartiry/,FALSE,FALSE,FALSE,FALSE,FALSE,FALSE
бесперебойник для дома 220 вольт с аккумулятором,260,16,38,1,"also_asks, related_search, Thumbnail, Sitelinks",https://220volt.com.ua/istochniki-besperebojnogo-pitaniya/akkumulyatornaya_batareya_vstroennaya/,FALSE,FALSE,FALSE,FALSE,FALSE,FALSE
инвертор huawei,260,6,38,1,"Video preview, related_search, Sitelinks",https://220volt.com.ua/inverter/huawei/,FALSE,FALSE,FALSE,FALSE,FALSE,FALSE
генераторы 380 вольт,260,9,38,1,"also_asks, related_search, Sitelinks",https://220volt.com.ua/generatory/faznost_generatorov_3/,FALSE,FALSE,FALSE,FALSE,FALSE,FALSE
220 voltage,260,3,38,1,"AI Overview, Thumbnail, related_search, Video preview, also_asks, Sitelinks",https://220volt.com.ua/ua/,FALSE,FALSE,FALSE,FALSE,FALSE,FALSE
магазины 220 вольт,260,21,38,1,"related_search, also_asks, Local pack, kn_graph_card, Sitelinks, snip_image_thumbnail",https://220volt.com.ua/,FALSE,TRUE,FALSE,FALSE,FALSE,FALSE
аккумулятор 4 вольт,260,18,38,1,"related_search, Sitelinks",https://220volt.com.ua/akkumulatornie-batarei/napryagenie_batarei_block_4/,FALSE,FALSE,FALSE,FALSE,FALSE,FALSE
солнечная электростанция 5 квт цена под ключ,210,20,31,1,"related_search, Thumbnail, a_box_fsnippet, Sitelinks, snip_featured",https://220volt.com.ua/solnechnaya-energetika/solnechnye-elektrostantsii/moshnost_set_stanc_5/,FALSE,TRUE,FALSE,FALSE,FALSE,TRUE
ток заряда гелевого аккумулятора,210,16,31,1,"related_search, also_asks, Thumbnail, AI Overview, Sitelinks, snip_url_in_aio, snip_fqdn_in_aio",https://220volt.com.ua/news/pravilnaya-zaryadka-gelevogo-akkumulyatora-kak-uvelichit-srok-ego-sluzhby/,FALSE,FALSE,FALSE,FALSE,FALSE,FALSE
солнечные панели для квартиры,210,30,31,1,"related_search, also_asks, Video preview, Sitelinks",https://220volt.com.ua/solnechnaya-energetika/solnechnye-paneli-batarei/naznachenie_dlya_fotomoduli__kvartiry/,FALSE,FALSE,FALSE,FALSE,FALSE,FALSE
автономна сонячна електростанція 3 квт ціна,210,14,31,1,"AI Overview, related_search, also_asks, Sitelinks, snip_url_in_aio, snip_fqdn_in_aio",https://220volt.com.ua/ua/solnechnaya-energetika/solnechnye-elektrostantsii/moshnost_set_stanc__3/,FALSE,TRUE,FALSE,FALSE,FALSE,TRUE
солнечные электростанции,210,26,31,1,"related_search, AI Overview, Sitelinks",https://220volt.com.ua/solnechnaya-energetika/solnechnye-elektrostantsii.htm,FALSE,FALSE,FALSE,FALSE,FALSE,FALSE
сонячні панелі на балкон,210,12,31,1,"Thumbnail, related_search, Video preview, Sitelinks",https://220volt.com.ua/ua/solnechnaya-energetika/solnechnye-paneli-batarei/naznachenie_dlya_fotomoduli__balkona/,FALSE,FALSE,FALSE,FALSE,FALSE,FALSE
реле протока,210,7,31,1,"Thumbnail, Video preview, related_search, Sitelinks, snip_image_thumbnail",https://220volt.com.ua/nasos/komplektuyushchie-dlya-vodosnabzheniya-i-vodootvedeniya/tip_kompl_nasos_rele_protoka__zashchita_ot_suhogo_hoda/,FALSE,FALSE,FALSE,FALSE,FALSE,FALSE
inverter fronius,210,6,31,1,"Thumbnail, related_search, Sitelinks",https://220volt.com.ua/ua/inverter/fronius/,FALSE,FALSE,FALSE,FALSE,FALSE,FALSE
стабілізатор в розетку,210,4,31,1,"also_asks, related_search, Thumbnail, Sitelinks",https://220volt.com.ua/ua/stabilizator/sposob_podklucheniya_stab_vilka-16-a/,FALSE,FALSE,FALSE,FALSE,FALSE,FALSE
реле тока,210,9,31,1,"also_asks, related_search, Thumbnail, Sitelinks, snip_image_thumbnail",https://220volt.com.ua/elektrika-i-svet/nizkovoltnoe-oborudovanie/rele-tajmeri-fotokontrolleri/rele/rele_kontrolya_toka.htm,FALSE,FALSE,FALSE,FALSE,FALSE,FALSE
аккумуляторы 4 вольта,210,18,31,1,"related_search, Sitelinks",https://220volt.com.ua/akkumulatornie-batarei/napryagenie_batarei_block_4/,FALSE,FALSE,FALSE,FALSE,FALSE,FALSE
виды аккумулятор,210,18,31,1,"related_search, also_asks, a_box_fsnippet, Sitelinks, snip_featured",https://220volt.com.ua/news/raznovidnosti-akkumulyatornih-batarej-soglasno-tipu-rabochih-elementov-i-naznacheniyu/,FALSE,FALSE,FALSE,FALSE,FALSE,FALSE
солнечная станция на 5 квт,210,23,31,1,"also_asks, related_search, Sitelinks",https://220volt.com.ua/solnechnaya-energetika/solnechnye-elektrostantsii/moshnost_set_stanc_5/,FALSE,FALSE,FALSE,FALSE,FALSE,FALSE
220 вольт магазины,210,6,31,1,"also_asks, Local pack, related_search, Sitelinks, snip_image_thumbnail",https://220volt.com.ua/,FALSE,TRUE,FALSE,FALSE,FALSE,FALSE
виды аккумуляторов,210,23,31,1,"related_search, AI Overview, Thumbnail, also_asks, Sitelinks, snip_url_in_aio, snip_fqdn_in_aio",https://220volt.com.ua/news/raznovidnosti-akkumulyatornih-batarej-soglasno-tipu-rabochih-elementov-i-naznacheniyu/,FALSE,FALSE,FALSE,FALSE,FALSE,FALSE
аккумуляторная батарея 6 вольт,210,11,31,1,"also_asks, Thumbnail, related_search, Sitelinks, snip_image_thumbnail",https://220volt.com.ua/akkumulatornie-batarei/napryagenie_batarei_block_6/,FALSE,FALSE,FALSE,FALSE,FALSE,FALSE
инвертор 3 фазы,210,8,31,1,"also_asks, related_search, Sitelinks",https://220volt.com.ua/inverter/faznost_invert_trexfaznyi;op_reshenie_solnecnye-invertory/,FALSE,FALSE,FALSE,FALSE,FALSE,FALSE
аккумулятор 4 вольта,210,18,31,1,"related_search, Thumbnail, Sitelinks",https://220volt.com.ua/akkumulatornie-batarei/napryagenie_batarei_block_4/,FALSE,FALSE,FALSE,FALSE,FALSE,FALSE
реле ток,210,9,31,1,"Thumbnail, Video preview, related_search, Sitelinks, snip_image_thumbnail",https://220volt.com.ua/elektrika-i-svet/nizkovoltnoe-oborudovanie/rele-tajmeri-fotokontrolleri/rele/rele_kontrolya_toka.htm,FALSE,FALSE,FALSE,FALSE,FALSE,FALSE
стабилизатор напряжения 220 вольт,210,8,31,1,"related_search, also_asks, Sitelinks",https://220volt.com.ua/stabilizator/phases_stab_odnofaznie/,FALSE,FALSE,FALSE,FALSE,FALSE,FALSE
виды аккумуляторы,210,18,31,1,"a_box_fsnippet, also_asks, Thumbnail, related_search, Sitelinks, snip_featured",https://220volt.com.ua/news/raznovidnosti-akkumulyatornih-batarej-soglasno-tipu-rabochih-elementov-i-naznacheniyu/,FALSE,FALSE,FALSE,FALSE,FALSE,FALSE
стабилизатор напряжение 220 вольт,210,5,31,1,"AI Overview, related_search, also_asks, Sitelinks",https://220volt.com.ua/stabilizator/phases_stab_odnofaznie/,FALSE,FALSE,FALSE,FALSE,FALSE,FALSE
ток зарядки гелевого аккумулятора,210,11,31,1,"also_asks, AI Overview, Thumbnail, related_search, Sitelinks",https://220volt.com.ua/news/pravilnaya-zaryadka-gelevogo-akkumulyatora-kak-uvelichit-srok-ego-sluzhby/,FALSE,FALSE,FALSE,FALSE,FALSE,FALSE
типы аккумуляторов,210,18,31,1,"related_search, also_asks, Thumbnail, Video preview, AI Overview, Sitelinks",https://220volt.com.ua/news/raznovidnosti-akkumulyatornih-batarej-soglasno-tipu-rabochih-elementov-i-naznacheniyu/,FALSE,FALSE,FALSE,FALSE,FALSE,FALSE
выпрямитель напряжения 220 вольт,210,12,31,1,"also_asks, Thumbnail, Video preview, related_search, Sitelinks",https://220volt.com.ua/stabilizator/phases_stab_odnofaznie/,FALSE,FALSE,FALSE,FALSE,FALSE,FALSE
генератор для котлов,210,9,31,1,"also_asks, AI Overview, Video preview, related_search, Sitelinks",https://220volt.com.ua/generatory/optimal_gen_kotla/,FALSE,FALSE,FALSE,FALSE,FALSE,FALSE
пускач магнітний,210,4,31,1,"kn_graph_card, also_asks, related_search, Sitelinks, snip_image_thumbnail",https://220volt.com.ua/ua/elektrika-i-svet/nizkovoltnoe-oborudovanie/puskateli-kontaktori/puskateli.htm,FALSE,FALSE,FALSE,FALSE,FALSE,FALSE
солнечные станции,210,26,31,1,"Video preview, Thumbnail, related_search, Sitelinks",https://220volt.com.ua/solnechnaya-energetika/solnechnye-elektrostantsii.htm,FALSE,FALSE,FALSE,FALSE,FALSE,FALSE
генераторы для котлов,210,9,31,1,"also_asks, related_search, Video preview, Sitelinks",https://220volt.com.ua/generatory/optimal_gen_kotla/,FALSE,FALSE,FALSE,FALSE,FALSE,FALSE
ибп 500 вт,170,12,25,1,"also_asks, Thumbnail, Sitelinks",https://220volt.com.ua/istochniki-besperebojnogo-pitaniya/fullpower_ibp_do-500/,FALSE,FALSE,FALSE,FALSE,FALSE,FALSE
самовсасывающий насос,170,3,25,1,"related_search, Thumbnail, also_asks, Sitelinks, snip_image_thumbnail",https://220volt.com.ua/nasos/nasosi-dlya-vodosnabzheniya/tsentrobezhnie/tipvsas_samovsasivayushchie/,FALSE,FALSE,FALSE,FALSE,FALSE,FALSE
трехфазный инвертор,170,4,25,1,"Thumbnail, related_search, also_asks, Sitelinks",https://220volt.com.ua/inverter/faznost_invert_trexfaznyi;op_reshenie_solnecnye-invertory/,FALSE,FALSE,FALSE,FALSE,FALSE,FALSE
стабилизатор в розетку,170,15,25,1,"also_asks, Thumbnail, related_search, Sitelinks",https://220volt.com.ua/stabilizator/sposob_podklucheniya_stab_vilka-16-a/,FALSE,FALSE,FALSE,FALSE,FALSE,FALSE
220 вольт магазин,170,21,25,1,"Local pack, related_search, Thumbnail, Sitelinks, snip_image_thumbnail",https://220volt.com.ua/,FALSE,TRUE,FALSE,FALSE,FALSE,FALSE
гибридный инвертор 3 фазы,170,9,25,1,"also_asks, Thumbnail, related_search, Sitelinks",https://220volt.com.ua/inverter/faznost_invert_trexfaznyi;op_reshenie_solnecnye-invertory/,FALSE,FALSE,FALSE,FALSE,FALSE,FALSE
генераторы с чистой синусоидой,170,5,25,1,"related_search, also_asks, Sitelinks",https://220volt.com.ua/generatory/osnaschenie_generatora_s-pravilnoj-sinusoidoj/,FALSE,FALSE,FALSE,FALSE,FALSE,FALSE
ибп 500 ватт,170,12,25,1,"also_asks, Thumbnail, Sitelinks",https://220volt.com.ua/istochniki-besperebojnogo-pitaniya/fullpower_ibp_do-500/,FALSE,FALSE,FALSE,FALSE,FALSE,FALSE
дбж 500 вт,170,3,25,1,"Thumbnail, Sitelinks",https://220volt.com.ua/ua/istochniki-besperebojnogo-pitaniya/fullpower_ibp_do-500/,FALSE,FALSE,FALSE,FALSE,FALSE,FALSE
стабілізатор напруги 1 квт,170,3,25,1,"related_search, also_asks, Sitelinks",https://220volt.com.ua/ua/stabilizator/moshnost_stab_block_1/,FALSE,FALSE,FALSE,FALSE,FALSE,FALSE
сонячні панелі 400 вт,170,4,25,1,"related_search, Sitelinks",https://220volt.com.ua/ua/solnechnaya-energetika/solnechnye-paneli-batarei/moshn_fot_mod_400/,FALSE,FALSE,FALSE,FALSE,FALSE,FALSE
купить генераторы в украине,170,56,25,1,"Local pack, related_search, Sitelinks",https://220volt.com.ua/generatory.htm,FALSE,TRUE,FALSE,FALSE,FALSE,TRUE
аккумулятор 6в,170,15,25,1,"related_search, Sitelinks, snip_image_thumbnail",https://220volt.com.ua/ua/akkumulatornie-batarei/napryagenie_batarei_block_6/,FALSE,FALSE,FALSE,FALSE,FALSE,FALSE
авр для генератора 220 вольт,170,21,25,1,"also_asks, related_search, Thumbnail, Sitelinks",https://220volt.com.ua/avtomaticheskij-zapusk-generatora.htm,FALSE,FALSE,FALSE,FALSE,FALSE,FALSE
портативные генераторы,170,8,25,1,"Thumbnail, also_asks, Sitelinks",https://220volt.com.ua/generatory/tip_ustanovki_portativnie/,FALSE,FALSE,FALSE,FALSE,FALSE,FALSE
fronius inverter,170,4,25,1,"related_search, Thumbnail, Sitelinks",https://220volt.com.ua/ua/inverter/fronius/,FALSE,FALSE,FALSE,FALSE,FALSE,FALSE
бесперебойник 500 вт,170,12,25,1,"also_asks, Thumbnail, Sitelinks",https://220volt.com.ua/istochniki-besperebojnogo-pitaniya/fullpower_ibp_do-500/,FALSE,FALSE,FALSE,FALSE,FALSE,FALSE
авр на генератор,170,7,25,1,"related_search, AI Overview, also_asks, Video preview, Thumbnail, Sitelinks, snip_url_in_aio, snip_fqdn_in_aio",https://220volt.com.ua/ua/avtomaticheskij-zapusk-generatora.htm,FALSE,FALSE,FALSE,FALSE,FALSE,FALSE
сонячна електростанція 3 квт ціна,170,14,25,1,"also_asks, AI Overview, related_search, Sitelinks, snip_url_in_aio, snip_fqdn_in_aio",https://220volt.com.ua/ua/solnechnaya-energetika/solnechnye-elektrostantsii/moshnost_set_stanc__3/,FALSE,TRUE,FALSE,FALSE,FALSE,TRUE
источник бесперебойного питания 500вт,170,2,25,1,"Thumbnail, Sitelinks",https://220volt.com.ua/istochniki-besperebojnogo-pitaniya/fullpower_ibp_do-500/,FALSE,FALSE,FALSE,FALSE,FALSE,FALSE
авр схема,170,4,25,1,"Video preview, a_box_fsnippet, also_asks, AI Overview, Thumbnail, related_search, Sitelinks, snip_featured, snip_image_thumbnail, snip_url_in_aio, snip_fqdn_in_aio",https://220volt.com.ua/news/parametri-elektroseti-pod-polnim-kontrolem-shema-avr-na-kontaktorah/,FALSE,FALSE,FALSE,FALSE,FALSE,FALSE
інвертор huawei,170,4,25,1,"Video preview, related_search, Sitelinks",https://220volt.com.ua/ua/inverter/huawei/,FALSE,FALSE,FALSE,FALSE,FALSE,FALSE
forte генераторы,170,13,25,1,"related_search, Sitelinks",https://220volt.com.ua/generatory/forte/,FALSE,FALSE,FALSE,FALSE,FALSE,FALSE
ввод резерва однофазный,140,10,20,1,"Thumbnail, Sitelinks",https://220volt.com.ua/avtomaticheskij-zapusk-generatora/faznost_seti_odnofaznaya/,FALSE,FALSE,FALSE,FALSE,FALSE,FALSE
мини электростанция,140,22,20,1,"also_asks, Thumbnail, Video preview, related_search, Sitelinks",https://220volt.com.ua/portativnye-zaryadnye-stantsii/portativnye-elektrostantsii.htm,FALSE,FALSE,FALSE,FALSE,FALSE,FALSE
схемы стабилизаторов напряжения 220 вольт,140,4,20,1,"Video preview, Thumbnail, related_search, also_asks, Sitelinks, snip_image_thumbnail",https://220volt.com.ua/news/osnovnie-nyuansi-ustanovki-i-shemi-podklyucheniya-stabilizatora-napryazheniya/,FALSE,FALSE,FALSE,FALSE,FALSE,FALSE
бесшумный генератор,140,17,20,1,"Thumbnail, also_asks, Video preview, Sitelinks",https://220volt.com.ua/generatory/ispolnenie_generatora_v-shumopogloshchayushchem-korpuse/,FALSE,FALSE,FALSE,FALSE,FALSE,FALSE
генератор для котла,140,3,20,1,"also_asks, related_search, Thumbnail, Sitelinks",https://220volt.com.ua/generatory/optimal_gen_kotla/,FALSE,FALSE,FALSE,FALSE,FALSE,FALSE
сонячна електростанція 3 квт під ключ ціна,140,13,20,1,"also_asks, related_search, Sitelinks",https://220volt.com.ua/ua/solnechnaya-energetika/solnechnye-elektrostantsii/moshnost_set_stanc__3/,FALSE,TRUE,FALSE,FALSE,FALSE,TRUE
переносные эл станции,140,23,20,1,"Thumbnail, related_search, also_asks, Sitelinks",https://220volt.com.ua/portativnye-zaryadnye-stantsii/portativnye-elektrostantsii.htm,FALSE,FALSE,FALSE,FALSE,FALSE,FALSE
реле напруги hager,140,3,20,1,"Thumbnail, related_search, Sitelinks, snip_image_thumbnail",https://220volt.com.ua/elektrika-i-svet/nizkovoltnoe-oborudovanie/rele-tajmeri-fotokontrolleri/rele/rele_kontrolya_napryajeniya/hager/,FALSE,FALSE,FALSE,FALSE,FALSE,FALSE
генераторы forte,140,11,20,1,"related_search, Sitelinks",https://220volt.com.ua/generatory/forte/,FALSE,FALSE,FALSE,FALSE,FALSE,FALSE
портативный генератор,140,8,20,1,"also_asks, related_search, Thumbnail, Sitelinks",https://220volt.com.ua/generatory/tip_ustanovki_portativnie/,FALSE,FALSE,FALSE,FALSE,FALSE,FALSE
стабілізатор струму,140,2,20,1,"Thumbnail, related_search, Video preview, AI Overview, also_asks, Sitelinks, snip_image_thumbnail",https://220volt.com.ua/ua/stabilizator/strum/,FALSE,FALSE,FALSE,FALSE,FALSE,FALSE
3 квт,140,11,20,1,"Video preview, also_asks, Thumbnail, related_search, Sitelinks",https://220volt.com.ua/ua/generatory/maksimalnaya_moschnost_block__3/,FALSE,FALSE,FALSE,FALSE,FALSE,FALSE
солнечная станция для дома,140,26,20,1,"Thumbnail, related_search, Sitelinks",https://220volt.com.ua/solnechnaya-energetika/solnechnye-elektrostantsii.htm,FALSE,FALSE,FALSE,FALSE,FALSE,FALSE
солнечные панели 400 вт,140,5,20,1,"also_asks, related_search, shopping_rhs, Thumbnail, Sitelinks",https://220volt.com.ua/solnechnaya-energetika/solnechnye-paneli-batarei/moshn_fot_mod_400/,FALSE,FALSE,FALSE,FALSE,FALSE,FALSE
аккумулятор 150 ампер для инвертора,140,6,20,1,"also_asks, related_search, Sitelinks",https://220volt.com.ua/akkumulatornie-batarei/emkost_ab_block_150/,FALSE,FALSE,FALSE,FALSE,FALSE,FALSE
кнопки 220 вольт,140,4,20,1,"Thumbnail, related_search, Sitelinks, snip_image_thumbnail",https://220volt.com.ua/elektrika-i-svet/nizkovoltnoe-oborudovanie/viklyuchateli-knopki-pereklyuchateli/knopki.htm,FALSE,FALSE,FALSE,FALSE,FALSE,FALSE
пускатель 220 вольт,140,2,20,1,"Thumbnail, related_search, Sitelinks",https://220volt.com.ua/elektrika-i-svet/nizkovoltnoe-oborudovanie/puskateli-kontaktori/puskateli/napr_katushki_kont_i_puskateli_220-230/,FALSE,FALSE,FALSE,FALSE,FALSE,FALSE
easun power 3000w инструкция на русском,140,3,20,1,"Video preview, related_search, also_asks, Thumbnail, Sitelinks",https://220volt.com.ua/storage/catalog_products/151800/instruction/738.pdf,FALSE,FALSE,FALSE,FALSE,FALSE,FALSE
схема стабилизатора напряжения 220 вольт,140,3,20,1,"also_asks, Thumbnail, related_search, Sitelinks, snip_image_thumbnail",https://220volt.com.ua/news/osnovnie-nyuansi-ustanovki-i-shemi-podklyucheniya-stabilizatora-napryazheniya/,FALSE,FALSE,FALSE,FALSE,FALSE,FALSE
рзв,140,1,20,1,"Thumbnail, Sitelinks, snip_image_thumbnail",https://220volt.com.ua/rele-zashchitnogo-viklyucheniya-promfaktor-rzv-2-2p-63-0-1/,FALSE,FALSE,FALSE,FALSE,FALSE,FALSE
магнітні пускачі,110,3,16,1,"kn_graph_card, related_search, Sitelinks, snip_image_thumbnail",https://220volt.com.ua/ua/elektrika-i-svet/nizkovoltnoe-oborudovanie/puskateli-kontaktori/puskateli.htm,FALSE,FALSE,FALSE,FALSE,FALSE,FALSE
солнечная панель на балконе,110,9,16,1,"related_search, Video preview, Thumbnail, also_asks, Sitelinks",https://220volt.com.ua/solnechnaya-energetika/solnechnye-paneli-batarei/naznachenie_dlya_fotomoduli__balkona/,FALSE,FALSE,FALSE,FALSE,FALSE,FALSE
генератори київ,110,21,16,1,"related_search, Local pack, Sitelinks",https://220volt.com.ua/ua/generatory.htm,FALSE,TRUE,FALSE,FALSE,FALSE,FALSE
генератор на 380 вольт,110,3,16,1,"Thumbnail, related_search, Sitelinks",https://220volt.com.ua/generatory/faznost_generatorov_3/,FALSE,FALSE,FALSE,FALSE,FALSE,FALSE
купить генератор киев,110,24,16,1,"Thumbnail, related_search, Sitelinks",https://220volt.com.ua/ua/generatory.htm,FALSE,TRUE,FALSE,FALSE,FALSE,TRUE
генератор однофазный,110,7,16,1,"AI Overview, related_search, also_asks, Sitelinks, snip_url_in_aio, snip_fqdn_in_aio",https://220volt.com.ua/generatory/faznost_generatorov_1/,FALSE,FALSE,FALSE,FALSE,FALSE,FALSE
генератор мідна обмотка,110,4,16,1,"related_search, Sitelinks",https://220volt.com.ua/ua/generatory/material_alternatora_med/,FALSE,FALSE,FALSE,FALSE,FALSE,FALSE
однофазный авр,110,3,16,1,"Thumbnail, Sitelinks, snip_image_thumbnail",https://220volt.com.ua/avtomaticheskij-zapusk-generatora/faznost_seti_odnofaznaya/,FALSE,FALSE,FALSE,FALSE,FALSE,FALSE
6 вольтовый аккумулятор,110,10,16,1,"also_asks, Thumbnail, related_search, Sitelinks",https://220volt.com.ua/akkumulatornie-batarei/napryagenie_batarei_block_6/,FALSE,FALSE,FALSE,FALSE,FALSE,FALSE
солнечная панель 400 вт купить,110,8,16,1,"related_search, Thumbnail, Sitelinks",https://220volt.com.ua/solnechnaya-energetika/solnechnye-paneli-batarei/moshn_fot_mod_400/,FALSE,TRUE,FALSE,FALSE,FALSE,TRUE
какие бывают аккумуляторы,110,19,16,1,"Thumbnail, related_search, a_box_fsnippet, also_asks, Sitelinks, snip_featured",https://220volt.com.ua/news/raznovidnosti-akkumulyatornih-batarej-soglasno-tipu-rabochih-elementov-i-naznacheniyu/,FALSE,FALSE,FALSE,FALSE,FALSE,FALSE
токовое реле,110,8,16,1,"also_asks, related_search, Thumbnail, Sitelinks, snip_image_thumbnail",https://220volt.com.ua/elektrika-i-svet/nizkovoltnoe-oborudovanie/rele-tajmeri-fotokontrolleri/rele/rele_kontrolya_toka.htm,FALSE,FALSE,FALSE,FALSE,FALSE,FALSE
японские генераторы,110,2,16,1,"also_asks, Thumbnail, Sitelinks",https://220volt.com.ua/generatory/strana_proishozhdeniya_brenda_yaponiya/,FALSE,FALSE,FALSE,FALSE,FALSE,FALSE
реле контроля напруги,110,43,16,1,"related_search, Video preview, also_asks, Sitelinks, snip_image_thumbnail",https://220volt.com.ua/elektrika-i-svet/nizkovoltnoe-oborudovanie/rele-tajmeri-fotokontrolleri/rele/rele_kontrolya_napryajeniya.htm,FALSE,FALSE,FALSE,FALSE,FALSE,FALSE
реле плавного пуска,110,5,16,1,"also_asks, related_search, Thumbnail, Sitelinks, snip_image_thumbnail",https://220volt.com.ua/preobrazovateli_chastoty_ustr_plavnogo_puska/ustrojstva-plavnogo-puska-i-tormozheniya.htm,FALSE,FALSE,FALSE,FALSE,FALSE,FALSE
купить солнечную электростанцию,110,21,16,1,"related_search, Sitelinks",https://220volt.com.ua/solnechnaya-energetika/solnechnye-elektrostantsii.htm,FALSE,TRUE,FALSE,FALSE,FALSE,TRUE
безперебійник 500 вт,110,5,16,1,"also_asks, related_search, Sitelinks",https://220volt.com.ua/ua/istochniki-besperebojnogo-pitaniya/fullpower_ibp_do-500/,FALSE,FALSE,FALSE,FALSE,FALSE,FALSE
генератор з мідною обмоткою,110,6,16,1,"Video preview, Sitelinks",https://220volt.com.ua/ua/generatory/material_alternatora_med/,FALSE,FALSE,FALSE,FALSE,FALSE,FALSE
кнопка 220 вольт,110,4,16,1,"also_asks, Thumbnail, related_search, Sitelinks, snip_image_thumbnail",https://220volt.com.ua/elektrika-i-svet/nizkovoltnoe-oborudovanie/viklyuchateli-knopki-pereklyuchateli/knopki.htm,FALSE,FALSE,FALSE,FALSE,FALSE,FALSE
дбж 24v,110,2,16,1,"related_search, Sitelinks",https://220volt.com.ua/ua/istochniki-besperebojnogo-pitaniya/voltaj_batarei_24-v/,FALSE,FALSE,FALSE,FALSE,FALSE,FALSE
солнечная панель на окно,110,10,16,1,"also_asks, related_search, Video preview, Sitelinks",https://220volt.com.ua/solnechnaya-energetika/solnechnye-paneli-batarei/naznachenie_dlya_fotomoduli__okna/,FALSE,FALSE,FALSE,FALSE,FALSE,FALSE
генераторы со стартером,110,9,16,1,"also_asks, Sitelinks",https://220volt.com.ua/generatory/start_type_elektrostarter/,FALSE,FALSE,FALSE,FALSE,FALSE,FALSE
источник бесперебойного питания 1000 вт,110,16,16,1,"related_search, AI Overview, Sitelinks",https://220volt.com.ua/istochniki-besperebojnogo-pitaniya/fullpower_ibp_501-1000/,FALSE,FALSE,FALSE,FALSE,FALSE,FALSE
батарея 6 вольт,110,10,16,1,"also_asks, Thumbnail, related_search, Sitelinks",https://220volt.com.ua/akkumulatornie-batarei/napryagenie_batarei_block_6/,FALSE,FALSE,FALSE,FALSE,FALSE,FALSE
солнечная панель на балкон,110,10,16,1,"related_search, Thumbnail, also_asks, Video preview, Sitelinks",https://220volt.com.ua/solnechnaya-energetika/solnechnye-paneli-batarei/naznachenie_dlya_fotomoduli__balkona/,FALSE,FALSE,FALSE,FALSE,FALSE,FALSE
таймеры включения и выключения,110,14,16,1,"also_asks, Video preview, Thumbnail, related_search, Sitelinks",https://220volt.com.ua/elektrika-i-svet/nizkovoltnoe-oborudovanie/rele-tajmeri-fotokontrolleri/tajmeri.htm,FALSE,FALSE,FALSE,FALSE,FALSE,FALSE
ибп 1000вт,110,14,16,1,"related_search, Sitelinks",https://220volt.com.ua/istochniki-besperebojnogo-pitaniya/fullpower_ibp_501-1000/,FALSE,FALSE,FALSE,FALSE,FALSE,FALSE
солнечные панели под ключ,110,16,16,1,"related_search, Thumbnail, Sitelinks",https://220volt.com.ua/solnechnaya-energetika/solnechnye-elektrostantsii.htm,FALSE,FALSE,FALSE,FALSE,FALSE,FALSE
пускатель магнитный,110,15,16,1,"also_asks, Thumbnail, related_search, Sitelinks, snip_image_thumbnail",https://220volt.com.ua/elektrika-i-svet/nizkovoltnoe-oborudovanie/puskateli-kontaktori/puskateli.htm,FALSE,FALSE,FALSE,FALSE,FALSE,FALSE
промежуточное реле 220в,110,4,16,1,"related_search, Thumbnail, also_asks, Sitelinks, snip_image_thumbnail",https://220volt.com.ua/elektrika-i-svet/nizkovoltnoe-oborudovanie/rele-tajmeri-fotokontrolleri/rele/promejutochnie_rele.htm,FALSE,FALSE,FALSE,FALSE,FALSE,FALSE
дбж 24 вольта,110,3,16,1,"Thumbnail, Sitelinks",https://220volt.com.ua/ua/istochniki-besperebojnogo-pitaniya/voltaj_batarei_24-v/,FALSE,FALSE,FALSE,FALSE,FALSE,FALSE
220 volt магазин,110,19,16,1,"kn_graph_card, Local pack, related_search, Sitelinks",https://220volt.com.ua/,FALSE,TRUE,FALSE,FALSE,FALSE,FALSE
стабілізатор напруги 2000 вт,110,2,16,1,"also_asks, related_search, Sitelinks",https://220volt.com.ua/ua/stabilizator/moshnost_stab_block_2/,FALSE,FALSE,FALSE,FALSE,FALSE,FALSE
генераторы на 380 вольт,90,3,13,1,"related_search, Sitelinks",https://220volt.com.ua/generatory/faznost_generatorov_3/,FALSE,FALSE,FALSE,FALSE,FALSE,FALSE
стабилизатор напряжения 15 квт,90,8,13,1,"related_search, Sitelinks",https://220volt.com.ua/stabilizator/moshnost_stab_block_15/,FALSE,FALSE,FALSE,FALSE,FALSE,FALSE
аккумуляторы на 6 вольт,90,6,13,1,"Thumbnail, related_search, also_asks, Sitelinks, snip_image_thumbnail",https://220volt.com.ua/akkumulatornie-batarei/napryagenie_batarei_block_6/,FALSE,FALSE,FALSE,FALSE,FALSE,FALSE
6 вольтовые аккумуляторы,90,10,13,1,"Thumbnail, related_search, also_asks, Sitelinks",https://220volt.com.ua/akkumulatornie-batarei/napryagenie_batarei_block_6/,FALSE,FALSE,FALSE,FALSE,FALSE,FALSE
аккумуляторы вентура,90,5,13,1,"also_asks, Thumbnail, related_search, Sitelinks",https://220volt.com.ua/akkumulatornie-batarei/ventura/,FALSE,FALSE,FALSE,FALSE,FALSE,FALSE
емкость батареи,90,3,13,1,"related_search, Thumbnail, a_box_fsnippet, also_asks, Sitelinks, snip_featured",https://220volt.com.ua/news/chto-takoe-emkost-akkumulyatora-metodika-ee-rascheta/,FALSE,FALSE,FALSE,FALSE,FALSE,FALSE
srne hf2430s60 100,90,2,13,1,"Thumbnail, Sitelinks",https://220volt.com.ua/ua/gibridnyi_invertor_srne_hf2430s60_100/,FALSE,FALSE,FALSE,FALSE,FALSE,FALSE
стабілізатор напруги 220 в,90,3,13,1,"Video preview, related_search, also_asks, Sitelinks",https://220volt.com.ua/ua/stabilizator/phases_stab_odnofaznie/,FALSE,FALSE,FALSE,FALSE,FALSE,FALSE
аккумулятор на 6 вольт,90,10,13,1,"Thumbnail, related_search, also_asks, Sitelinks",https://220volt.com.ua/akkumulatornie-batarei/napryagenie_batarei_block_6/,FALSE,FALSE,FALSE,FALSE,FALSE,FALSE
портативная электростанция для дома,90,24,13,1,"also_asks, related_search, Thumbnail, Sitelinks",https://220volt.com.ua/portativnye-zaryadnye-stantsii/portativnye-elektrostantsii.htm,FALSE,FALSE,FALSE,FALSE,FALSE,FALSE
токовые реле,90,2,13,1,"also_asks, Thumbnail, related_search, Sitelinks, snip_image_thumbnail",https://220volt.com.ua/elektrika-i-svet/nizkovoltnoe-oborudovanie/rele-tajmeri-fotokontrolleri/rele/rele_kontrolya_toka.htm,FALSE,FALSE,FALSE,FALSE,FALSE,FALSE
напряжение заряда гелевого аккумулятора,90,14,13,1,"AI Overview, Thumbnail, related_search, also_asks, Sitelinks",https://220volt.com.ua/news/pravilnaya-zaryadka-gelevogo-akkumulyatora-kak-uvelichit-srok-ego-sluzhby/,FALSE,FALSE,FALSE,FALSE,FALSE,FALSE
інверторний генератор 1 5 квт,90,5,13,1,"Thumbnail, Sitelinks",https://220volt.com.ua/ua/generatory/maksimalnaya_moschnost_block_1_5/,FALSE,FALSE,FALSE,FALSE,FALSE,FALSE
таймер включения и выключения,90,16,13,1,"also_asks, Thumbnail, related_search, Sitelinks",https://220volt.com.ua/elektrika-i-svet/nizkovoltnoe-oborudovanie/rele-tajmeri-fotokontrolleri/tajmeri.htm,FALSE,FALSE,FALSE,FALSE,FALSE,FALSE
схема авр для генератора,90,7,13,1,"Video preview, related_search, Thumbnail, also_asks, Sitelinks, snip_image_thumbnail",https://220volt.com.ua/news/parametri-elektroseti-pod-polnim-kontrolem-shema-avr-na-kontaktorah/,FALSE,FALSE,FALSE,FALSE,FALSE,FALSE
рубільники,90,3,13,1,"also_asks, kn_graph_card, related_search, Sitelinks, snip_image_thumbnail",https://220volt.com.ua/ua/elektrika-i-svet/nizkovoltnoe-oborudovanie/rubilniki.htm,FALSE,FALSE,FALSE,FALSE,FALSE,FALSE
генераторы 220,90,9,13,1,"also_asks, related_search, Thumbnail, Sitelinks",https://220volt.com.ua/generatory.htm,FALSE,FALSE,FALSE,FALSE,FALSE,FALSE
переносные электростанции,90,22,13,1,"also_asks, related_search, Thumbnail, Sitelinks",https://220volt.com.ua/portativnye-zaryadnye-stantsii/portativnye-elektrostantsii.htm,FALSE,FALSE,FALSE,FALSE,FALSE,FALSE
солнечный электростанции,90,18,13,1,"related_search, kn_graph_card, Video preview, also_asks, Sitelinks",https://220volt.com.ua/solnechnaya-energetika/solnechnye-elektrostantsii.htm,FALSE,FALSE,FALSE,FALSE,FALSE,FALSE
csb gp1272f2,90,2,13,1,"Thumbnail, related_search, Sitelinks",https://220volt.com.ua/ua/akkumulyatornaya-batareya-csb-gp1272f2/,FALSE,FALSE,FALSE,FALSE,FALSE,FALSE
реле протока воды для насоса,90,2,13,1,"related_search, also_asks, Sitelinks",https://220volt.com.ua/nasos/komplektuyushchie-dlya-vodosnabzheniya-i-vodootvedeniya/tip_kompl_nasos_rele_protoka__zashchita_ot_suhogo_hoda/,FALSE,FALSE,FALSE,FALSE,FALSE,FALSE
реле насоса,90,27,13,1,"also_asks, Thumbnail, related_search, Sitelinks, snip_image_thumbnail",https://220volt.com.ua/nasos/komplektuyushchie-dlya-vodosnabzheniya-i-vodootvedeniya/tip_kompl_nasos_rele-davleniya/,FALSE,FALSE,FALSE,FALSE,FALSE,FALSE
forte fg6500e,90,5,13,1,"related_search, Sitelinks, snip_image_thumbnail",https://220volt.com.ua/ua/generator-benzinovij-forte-fg6500e/,FALSE,FALSE,FALSE,FALSE,FALSE,FALSE
фильтры для насосов,90,7,13,1,"also_asks, Thumbnail, related_search, Sitelinks",https://220volt.com.ua/nasos/komplektuyushchie-dlya-vodosnabzheniya-i-vodootvedeniya/tip_kompl_nasos_filtra/,FALSE,FALSE,FALSE,FALSE,FALSE,FALSE
проміжне реле 220в,90,1,13,1,"Thumbnail, related_search, Sitelinks, snip_image_thumbnail",https://220volt.com.ua/ua/elektrika-i-svet/nizkovoltnoe-oborudovanie/rele-tajmeri-fotokontrolleri/rele/promejutochnie_rele.htm,FALSE,FALSE,FALSE,FALSE,FALSE,FALSE
как подобрать аккумулятор к генератору,90,4,13,1,"also_asks, Thumbnail, related_search, AI Overview, Sitelinks",https://220volt.com.ua/news/kak-podobrat-akkumulyator-dlya-generatora-tipy-emkost-i-srok-sluzhby/,FALSE,FALSE,FALSE,TRUE,FALSE,FALSE
ventura gpl 12 200,90,1,13,1,"Thumbnail, Sitelinks, snip_image_thumbnail",https://220volt.com.ua/ua/akkumulyatornaya-batareya-ventura-gpl-12-200/,FALSE,FALSE,FALSE,FALSE,FALSE,FALSE
реле на воду,90,25,13,1,"related_search, Video preview, AI Overview, also_asks, Thumbnail, Sitelinks",https://220volt.com.ua/nasos/komplektuyushchie-dlya-vodosnabzheniya-i-vodootvedeniya/tip_kompl_nasos_rele-davleniya/,FALSE,FALSE,FALSE,FALSE,FALSE,FALSE
мобильные электростанции,90,9,13,1,"AI Overview, Thumbnail, related_search, also_asks, Sitelinks",https://220volt.com.ua/portativnye-zaryadnye-stantsii/portativnye-elektrostantsii.htm,FALSE,FALSE,FALSE,FALSE,FALSE,FALSE
24v ups,90,10,13,1,"related_search, Sitelinks",https://220volt.com.ua/ua/istochniki-besperebojnogo-pitaniya/voltaj_batarei_24-v/,FALSE,FALSE,FALSE,FALSE,FALSE,FALSE
реле контроля тока,90,6,13,1,"also_asks, Video preview, related_search, a_box_fsnippet, Sitelinks, snip_featured",https://220volt.com.ua/elektrika-i-svet/nizkovoltnoe-oborudovanie/rele-tajmeri-fotokontrolleri/rele/rele_kontrolya_toka.htm,FALSE,FALSE,FALSE,FALSE,FALSE,FALSE
стабілізатор напруги 1000 вт,90,1,13,1,"Video preview, also_asks, related_search, Sitelinks",https://220volt.com.ua/ua/stabilizator/moshnost_stab_block_1/,FALSE,FALSE,FALSE,FALSE,FALSE,FALSE
автомат ввода резерва для генераторов,90,12,13,1,"Thumbnail, related_search, Sitelinks",https://220volt.com.ua/avtomaticheskij-zapusk-generatora.htm,FALSE,FALSE,FALSE,FALSE,FALSE,FALSE
генераторы киев,90,41,13,1,"related_search, Thumbnail, Local pack, Sitelinks",https://220volt.com.ua/ua/generatory.htm,FALSE,TRUE,FALSE,FALSE,FALSE,FALSE
генератор 220 вольт 3 квт,90,31,13,1,"Thumbnail, also_asks, related_search, Sitelinks",https://220volt.com.ua/generatory/maksimalnaya_moschnost_block__3/,FALSE,FALSE,FALSE,FALSE,FALSE,FALSE
аккумулятор 6v,90,18,13,1,"Thumbnail, also_asks, related_search, Sitelinks",https://220volt.com.ua/akkumulatornie-batarei/napryagenie_batarei_block_6/,FALSE,FALSE,FALSE,FALSE,FALSE,FALSE
генератор на 220 вольт,90,13,13,1,"related_search, Thumbnail, Sitelinks",https://220volt.com.ua/generatory.htm,FALSE,FALSE,FALSE,FALSE,FALSE,FALSE
бензогенераторы форте,90,10,13,1,"related_search, Thumbnail, also_asks, Sitelinks",https://220volt.com.ua/generatory/forte/,FALSE,FALSE,FALSE,FALSE,FALSE,FALSE
аккумулятор 4в,90,9,13,1,"Local pack, related_search, Sitelinks, snip_image_thumbnail",https://220volt.com.ua/ua/akkumulatornie-batarei/napryagenie_batarei_block_4/,FALSE,FALSE,FALSE,FALSE,FALSE,FALSE
csb gp 1272 f2,90,6,13,1,"Thumbnail, related_search, Sitelinks",https://220volt.com.ua/akkumulyatornaya-batareya-csb-gp1272f2/,FALSE,FALSE,FALSE,FALSE,FALSE,FALSE
емкость батарей,90,23,13,1,"Video preview, also_asks, related_search, AI Overview, Thumbnail, Sitelinks",https://220volt.com.ua/news/chto-takoe-emkost-akkumulyatora-metodika-ee-rascheta/,FALSE,FALSE,FALSE,FALSE,FALSE,FALSE
эл магнитный пускатель,90,16,13,1,"also_asks, kn_graph_card, related_search, Sitelinks",https://220volt.com.ua/elektrika-i-svet/nizkovoltnoe-oborudovanie/puskateli-kontaktori/puskateli.htm,FALSE,FALSE,FALSE,FALSE,FALSE,FALSE
стабилизатор напряжения 1000 ватт,90,3,13,1,"Thumbnail, also_asks, Sitelinks",https://220volt.com.ua/stabilizator/moshnost_stab_block_1/,FALSE,FALSE,FALSE,FALSE,FALSE,FALSE
реле насос,90,25,13,1,"also_asks, related_search, Thumbnail, Sitelinks, snip_image_thumbnail",https://220volt.com.ua/nasos/komplektuyushchie-dlya-vodosnabzheniya-i-vodootvedeniya/tip_kompl_nasos_rele-davleniya/,FALSE,FALSE,FALSE,FALSE,FALSE,FALSE
ибп под внешний аккумулятор,90,26,13,1,"related_search, Thumbnail, Sitelinks",https://220volt.com.ua/istochniki-besperebojnogo-pitaniya/akkumulyatornaya_batareya_vneshnyaya/,FALSE,FALSE,FALSE,FALSE,FALSE,FALSE
купить электрогенератор в украине,90,42,13,1,"related_search, Sitelinks",https://220volt.com.ua/ua/generatory.htm,FALSE,TRUE,FALSE,FALSE,FALSE,TRUE
аккумулятор вентура,90,6,13,1,"Thumbnail, also_asks, related_search, Sitelinks",https://220volt.com.ua/akkumulatornie-batarei/ventura/,FALSE,FALSE,FALSE,FALSE,FALSE,FALSE
гибридная солнечная электростанция,90,5,13,1,"AI Overview, related_search, also_asks, Sitelinks",https://220volt.com.ua/solnechnaya-energetika/solnechnye-elektrostantsii/tip_stantsii_gibridnye-solnechnye-stantsii/,FALSE,FALSE,FALSE,FALSE,FALSE,FALSE
реле промежуточное 220в,90,2,13,1,"related_search, Thumbnail, Sitelinks, snip_image_thumbnail",https://220volt.com.ua/elektrika-i-svet/nizkovoltnoe-oborudovanie/rele-tajmeri-fotokontrolleri/rele/promejutochnie_rele.htm,FALSE,FALSE,FALSE,FALSE,FALSE,FALSE
гелевый аккумулятор купить киев,90,12,13,1,"also_asks, Local pack, AI Overview, related_search, Sitelinks, snip_image_thumbnail, snip_url_in_aio, snip_fqdn_in_aio",https://220volt.com.ua/akkumulatornie-batarei/tip_elementa_gelevie/,FALSE,TRUE,FALSE,FALSE,FALSE,TRUE
электромагнитный пускатель,70,6,10,1,"Thumbnail, also_asks, related_search, Sitelinks, snip_image_thumbnail",https://220volt.com.ua/elektrika-i-svet/nizkovoltnoe-oborudovanie/puskateli-kontaktori/puskateli.htm,FALSE,FALSE,FALSE,FALSE,FALSE,FALSE
щит авр для генератора,70,2,10,1,"Thumbnail, related_search, also_asks, Sitelinks, snip_image_thumbnail",https://220volt.com.ua/avtomaticheskij-zapusk-generatora.htm,FALSE,FALSE,FALSE,FALSE,FALSE,FALSE
бензо газо генератор,70,5,10,1,"related_search, also_asks, Thumbnail, Sitelinks",https://220volt.com.ua/generatory/tip_generatora_benzinovo_gazovie/,FALSE,FALSE,FALSE,FALSE,FALSE,FALSE
регулятор яскравості світла,70,2,10,1,"a_box_fsnippet, AI Overview, Thumbnail, related_search, Sitelinks, snip_featured",https://220volt.com.ua/ua/news/chto-takoe-dimmer-i-zachem-on-nuzhen-dlya-regulirovki-osvescheniya/,FALSE,FALSE,FALSE,FALSE,FALSE,FALSE
аккумуляторы 4в,70,7,10,1,"Thumbnail, related_search, Sitelinks, snip_image_thumbnail",https://220volt.com.ua/akkumulatornie-batarei/napryagenie_batarei_block_4/,FALSE,FALSE,FALSE,FALSE,FALSE,FALSE
сонячні панелі на вікна,70,3,10,1,"also_asks, Thumbnail, Video preview, related_search, Sitelinks",https://220volt.com.ua/ua/solnechnaya-energetika/solnechnye-paneli-batarei/naznachenie_dlya_fotomoduli__okna/,FALSE,FALSE,FALSE,FALSE,FALSE,FALSE
схема підключення стабілізатора напруги,70,1,10,1,"Video preview, related_search, Thumbnail, Sitelinks, snip_image_thumbnail",https://220volt.com.ua/ua/news/osnovnie-nyuansi-ustanovki-i-shemi-podklyucheniya-stabilizatora-napryazheniya/,FALSE,FALSE,FALSE,FALSE,FALSE,FALSE
источник бесперебойного питания ritar,70,4,10,1,"related_search, Thumbnail, Sitelinks",https://220volt.com.ua/istochniki-besperebojnogo-pitaniya/ritar/,FALSE,FALSE,FALSE,FALSE,FALSE,FALSE
генераторы 220 в,70,12,10,1,"also_asks, related_search, Thumbnail, Sitelinks",https://220volt.com.ua/generatory.htm,FALSE,FALSE,FALSE,FALSE,FALSE,FALSE
генератор для холодильника,70,6,10,1,"also_asks, related_search, Sitelinks",https://220volt.com.ua/generatory/optimal_gen_holodilnika/,FALSE,FALSE,FALSE,FALSE,FALSE,FALSE
реле тепловое,70,2,10,1,"also_asks, Thumbnail, related_search, Sitelinks, snip_image_thumbnail",https://220volt.com.ua/elektrika-i-svet/nizkovoltnoe-oborudovanie/rele-tajmeri-fotokontrolleri/rele/teplovie_rele.htm,FALSE,FALSE,FALSE,FALSE,FALSE,FALSE
онлайн ибп,70,4,10,1,"Thumbnail, Video preview, also_asks, Sitelinks",https://220volt.com.ua/istochniki-besperebojnogo-pitaniya/typearhetekturi_neprerivnogo-dejstviya/,FALSE,FALSE,FALSE,FALSE,FALSE,FALSE
онлайн источники бесперебойного питания,70,12,10,1,"related_search, Video preview, also_asks, Sitelinks",https://220volt.com.ua/istochniki-besperebojnogo-pitaniya/typearhetekturi_neprerivnogo-dejstviya/,FALSE,FALSE,FALSE,FALSE,FALSE,FALSE
ап50б,70,2,10,1,"Thumbnail, related_search, Sitelinks",https://220volt.com.ua/ua/avtomaticheskij-viklyuchatel-ap50b-3mt-6-3a-10in/,FALSE,FALSE,FALSE,FALSE,FALSE,FALSE
agm аккумулятор для дома,70,2,10,1,"also_asks, Thumbnail, related_search, Sitelinks",https://220volt.com.ua/akkumulatornie-batarei/tip_elementa_agm/,FALSE,FALSE,FALSE,FALSE,FALSE,FALSE
стабілізатор напруги струм,70,1,10,1,"AI Overview, Video preview, Sitelinks, snip_fqdn_in_aio",https://220volt.com.ua/ua/stabilizator/strum/,FALSE,FALSE,FALSE,FALSE,FALSE,FALSE
стабилизатор напряжения купить киеве,70,27,10,1,"Local pack, related_search, Sitelinks",https://220volt.com.ua/stabilizator.htm,FALSE,TRUE,FALSE,FALSE,FALSE,TRUE
портативная электростанция 220 вольт,70,5,10,1,"Thumbnail, also_asks, Sitelinks",https://220volt.com.ua/portativnye-zaryadnye-stantsii/portativnye-elektrostantsii.htm,FALSE,FALSE,FALSE,FALSE,FALSE,FALSE
таймер 220 вольт,70,18,10,1,"Thumbnail, related_search, also_asks, Sitelinks",https://220volt.com.ua/elektrika-i-svet/nizkovoltnoe-oborudovanie/rele-tajmeri-fotokontrolleri/tajmeri.htm,FALSE,FALSE,FALSE,FALSE,FALSE,FALSE
гибридная солнечная электростанция 5 квт,70,4,10,1,"related_search, Video preview, Sitelinks",https://220volt.com.ua/solnechnaya-energetika/solnechnye-elektrostantsii/moshnost_set_stanc_5/,FALSE,FALSE,FALSE,FALSE,FALSE,FALSE
як перевірити потужність генератора,70,1,10,1,"also_asks, AI Overview, Thumbnail, Sitelinks, snip_url_in_aio, snip_fqdn_in_aio",https://220volt.com.ua/ua/news/kak-opredelit-moschnost-benzinovogo-generatora-dlya-sobstvennyh-nuzhd/,FALSE,FALSE,FALSE,TRUE,FALSE,FALSE
генератор киев купить,70,3,10,1,"Thumbnail, Local pack, related_search, Sitelinks",https://220volt.com.ua/ua/generatory.htm,FALSE,TRUE,FALSE,FALSE,FALSE,TRUE
генератор купити київ,70,41,10,1,"related_search, Sitelinks",https://220volt.com.ua/ua/generatory.htm,FALSE,TRUE,FALSE,FALSE,FALSE,TRUE
аккумулятор 48 в,70,11,10,1,"Thumbnail, related_search, Sitelinks, snip_image_thumbnail",https://220volt.com.ua/akkumulatornie-batarei/napryagenie_batarei_block_48/,FALSE,FALSE,FALSE,FALSE,FALSE,FALSE
купити магнітний пускач 220 вольт,70,2,10,1,"related_search, Thumbnail, Sitelinks",https://220volt.com.ua/ua/elektrika-i-svet/nizkovoltnoe-oborudovanie/puskateli-kontaktori/puskateli.htm,FALSE,TRUE,FALSE,FALSE,FALSE,TRUE
источник бесперебойного питания 10 квт,70,6,10,1,"shopping_top, Thumbnail, Sitelinks",https://220volt.com.ua/istochniki-besperebojnogo-pitaniya/fullpower_ibp_svishe-10000/,FALSE,FALSE,FALSE,FALSE,FALSE,FALSE
солнечная станция под ключ,70,16,10,1,"also_asks, Thumbnail, related_search, Sitelinks",https://220volt.com.ua/solnechnaya-energetika/solnechnye-elektrostantsii.htm,FALSE,FALSE,FALSE,FALSE,FALSE,FALSE
таймеры включения и выключения света,70,2,10,1,"related_search, also_asks, Thumbnail, Sitelinks",https://220volt.com.ua/elektrika-i-svet/nizkovoltnoe-oborudovanie/rele-tajmeri-fotokontrolleri/tajmeri.htm,FALSE,FALSE,FALSE,FALSE,FALSE,FALSE
huawei inverters,70,2,10,1,"related_search, Sitelinks",https://220volt.com.ua/ua/inverter/huawei/,FALSE,FALSE,FALSE,FALSE,FALSE,FALSE
victron energy зарядное устройство,70,2,10,1,"related_search, Thumbnail, Video preview, Sitelinks",https://220volt.com.ua/zaryadnie-ustrojstva/victron-energy/,FALSE,FALSE,FALSE,FALSE,FALSE,FALSE
таймер электронный,70,23,10,1,"Video preview, Thumbnail, related_search, Sitelinks",https://220volt.com.ua/elektrika-i-svet/nizkovoltnoe-oborudovanie/rele-tajmeri-fotokontrolleri/tajmeri.htm,FALSE,FALSE,FALSE,FALSE,FALSE,FALSE
новатек реле напряжения,70,5,10,1,"Thumbnail, Sitelinks, snip_image_thumbnail",https://220volt.com.ua/elektrika-i-svet/nizkovoltnoe-oborudovanie/rele-tajmeri-fotokontrolleri/rele/rele_kontrolya_napryajeniya/novatek/,FALSE,FALSE,FALSE,FALSE,FALSE,FALSE
купить стабилизатор напряжения в украине,70,24,10,1,"Thumbnail, Local pack, related_search, Sitelinks",https://220volt.com.ua/stabilizator.htm,FALSE,TRUE,FALSE,FALSE,FALSE,TRUE
выпрямитель тока 220в,70,4,10,1,"also_asks, Thumbnail, related_search, Sitelinks",https://220volt.com.ua/stabilizator/phases_stab_odnofaznie/,FALSE,FALSE,FALSE,FALSE,FALSE,FALSE
купить реле промежуточное на 220 вольт,70,2,10,1,"related_search, Thumbnail, Sitelinks",https://220volt.com.ua/elektrika-i-svet/nizkovoltnoe-oborudovanie/rele-tajmeri-fotokontrolleri/rele/promejutochnie_rele.htm,FALSE,TRUE,FALSE,FALSE,FALSE,TRUE
концевой выключатель 220 вольт,70,5,10,1,"Thumbnail, also_asks, related_search, Sitelinks, snip_image_thumbnail",https://220volt.com.ua/elektrika-i-svet/nizkovoltnoe-oborudovanie/viklyuchateli-knopki-pereklyuchateli/viklyuchateli.htm,FALSE,FALSE,FALSE,FALSE,FALSE,FALSE
солнечная станция купить,70,21,10,1,"also_asks, Thumbnail, related_search, Sitelinks",https://220volt.com.ua/solnechnaya-energetika/solnechnye-elektrostantsii.htm,FALSE,TRUE,FALSE,FALSE,FALSE,TRUE
удлинитель для генератора,70,2,10,1,"Thumbnail, also_asks, Sitelinks",https://220volt.com.ua/soputstvuushie_tovari/udliniteli-dlya-generatora.htm,FALSE,FALSE,FALSE,FALSE,FALSE,FALSE
ибп 10 квт,70,4,10,1,"Thumbnail, Sitelinks",https://220volt.com.ua/istochniki-besperebojnogo-pitaniya/fullpower_ibp_svishe-10000/,FALSE,FALSE,FALSE,FALSE,FALSE,FALSE
блок авр для генератора,70,3,10,1,"also_asks, shopping_rhs, Thumbnail, related_search, Sitelinks, snip_image_thumbnail",https://220volt.com.ua/avtomaticheskij-zapusk-generatora.htm,FALSE,FALSE,FALSE,FALSE,FALSE,FALSE
купить генератор київ,70,42,10,1,"Thumbnail, related_search, also_asks, Local pack, Sitelinks",https://220volt.com.ua/ua/generatory.htm,FALSE,TRUE,FALSE,FALSE,FALSE,TRUE
реле напряжения 220 вольт,70,25,10,1,"Thumbnail, related_search, also_asks, Sitelinks, snip_image_thumbnail",https://220volt.com.ua/elektrika-i-svet/nizkovoltnoe-oborudovanie/rele-tajmeri-fotokontrolleri/rele/rele_kontrolya_napryajeniya.htm,FALSE,FALSE,FALSE,FALSE,FALSE,FALSE
стабилизатор напряжения 1000 вт,70,8,10,1,"also_asks, Thumbnail, related_search, Sitelinks",https://220volt.com.ua/stabilizator/moshnost_stab_block_1/,FALSE,FALSE,FALSE,FALSE,FALSE,FALSE
стабилизатор на розетку,70,15,10,1,"related_search, also_asks, Thumbnail, Sitelinks",https://220volt.com.ua/stabilizator/sposob_podklucheniya_stab_vilka-16-a/,FALSE,FALSE,FALSE,FALSE,FALSE,FALSE
стабилизатор 220 вольт,70,9,10,1,"Thumbnail, also_asks, related_search, Sitelinks",https://220volt.com.ua/stabilizator/phases_stab_odnofaznie/,FALSE,FALSE,FALSE,FALSE,FALSE,FALSE
ritar rtsw 500,70,3,10,1,"Thumbnail, Sitelinks",https://220volt.com.ua/ibp-ritar-rtsw-500-lcd-12v-q4-11753/,FALSE,FALSE,FALSE,FALSE,FALSE,FALSE
аккумулятор 220 вольт,70,15,10,1,"related_search, also_asks, Sitelinks",https://220volt.com.ua/akkumulatornie-batarei.htm,FALSE,FALSE,FALSE,FALSE,FALSE,FALSE
генератор купить київ,70,34,10,1,"Thumbnail, related_search, Local pack, Sitelinks",https://220volt.com.ua/ua/generatory.htm,FALSE,TRUE,FALSE,FALSE,FALSE,TRUE
дбж с аккумулятором,70,27,10,1,"related_search, Thumbnail, Sitelinks",https://220volt.com.ua/istochniki-besperebojnogo-pitaniya/akkumulyatornaya_batareya_vneshnyaya/,FALSE,FALSE,FALSE,FALSE,FALSE,FALSE
сонячні панелі на вікно,70,3,10,1,"Thumbnail, also_asks, related_search, Video preview, Sitelinks",https://220volt.com.ua/ua/solnechnaya-energetika/solnechnye-paneli-batarei/naznachenie_dlya_fotomoduli__okna/,FALSE,FALSE,FALSE,FALSE,FALSE,FALSE
бесшумный генератор 5 квт,70,2,10,1,"Thumbnail, also_asks, Sitelinks",https://220volt.com.ua/generatory/ispolnenie_generatora_v-shumopogloshchayushchem-korpuse/,FALSE,FALSE,FALSE,FALSE,FALSE,FALSE
двухтопливные генераторы,70,6,10,1,"related_search, Video preview, Thumbnail, also_asks, Sitelinks",https://220volt.com.ua/generatory/tip_generatora_benzinovo_gazovie/,FALSE,FALSE,FALSE,FALSE,FALSE,FALSE
csb gp1272 f2,70,5,10,1,"related_search, Thumbnail, Sitelinks",https://220volt.com.ua/ua/akkumulyatornaya-batareya-csb-gp1272f2/,FALSE,FALSE,FALSE,FALSE,FALSE,FALSE
переносная электростанция,70,28,10,1,"Thumbnail, related_search, also_asks, Sitelinks",https://220volt.com.ua/portativnye-zaryadnye-stantsii/portativnye-elektrostantsii.htm,FALSE,FALSE,FALSE,FALSE,FALSE,FALSE
инверторный стабилизатор напряжения 1 квт,70,6,10,1,"Thumbnail, related_search, also_asks, Sitelinks",https://220volt.com.ua/stabilizator/moshnost_stab_block_1/,FALSE,FALSE,FALSE,FALSE,FALSE,FALSE
аккумулятор 4 в,70,5,10,1,"related_search, Thumbnail, Sitelinks, snip_image_thumbnail",https://220volt.com.ua/akkumulatornie-batarei/napryagenie_batarei_block_4/,FALSE,FALSE,FALSE,FALSE,FALSE,FALSE
стабилизатор напряжения купить киев,70,27,10,1,"related_search, also_asks, Sitelinks",https://220volt.com.ua/stabilizator.htm,FALSE,TRUE,FALSE,FALSE,FALSE,TRUE
источник бесперебойного питания 24в,70,13,10,1,"related_search, Sitelinks",https://220volt.com.ua/istochniki-besperebojnogo-pitaniya/voltaj_batarei_24-v/,FALSE,FALSE,FALSE,FALSE,FALSE,FALSE
источник бесперебойного питания онлайн,70,11,10,1,"Thumbnail, also_asks, Sitelinks",https://220volt.com.ua/istochniki-besperebojnogo-pitaniya/typearhetekturi_neprerivnogo-dejstviya/,FALSE,FALSE,FALSE,FALSE,FALSE,FALSE
акб 6в,70,18,10,1,"Thumbnail, related_search, Sitelinks, snip_image_thumbnail",https://220volt.com.ua/akkumulatornie-batarei/napryagenie_batarei_block_6/,FALSE,FALSE,FALSE,FALSE,FALSE,FALSE
генератор forte fg6500e,70,5,10,1,"Video preview, related_search, Sitelinks",https://220volt.com.ua/generator-benzinovij-forte-fg6500e/,FALSE,FALSE,FALSE,FALSE,FALSE,FALSE
инверторный генератор 3 5 квт газ бензин,70,14,10,1,"related_search, also_asks, Sitelinks",https://220volt.com.ua/generatory/tip_generatora_invertornie_generatori;maksimalnaya_moschnost_block_3_5/,FALSE,FALSE,FALSE,FALSE,FALSE,FALSE
аккумуляторная батарея 150 а ч,70,11,10,1,"related_search, Sitelinks, snip_image_thumbnail",https://220volt.com.ua/akkumulatornie-batarei/emkost_ab_block_150/,FALSE,FALSE,FALSE,FALSE,FALSE,FALSE
авр цены,50,11,7,1,"Thumbnail, a_box_fsnippet, related_search, Sitelinks, snip_featured",https://220volt.com.ua/ua/avtomaticheskij-zapusk-generatora.htm,FALSE,FALSE,FALSE,FALSE,FALSE,FALSE
купить солнечную панель 400 вт,50,5,7,1,"also_asks, related_search, Sitelinks",https://220volt.com.ua/solnechnaya-energetika/solnechnye-paneli-batarei/moshn_fot_mod_400/,FALSE,TRUE,FALSE,FALSE,FALSE,TRUE
акб 150 ач,50,14,7,1,"Thumbnail, Sitelinks",https://220volt.com.ua/akkumulatornie-batarei/emkost_ab_block_150/,FALSE,FALSE,FALSE,FALSE,FALSE,FALSE
електростанція портативна,50,20,7,1,"Thumbnail, related_search, Video preview, Sitelinks",https://220volt.com.ua/ua/portativnye-zaryadnye-stantsii/portativnye-elektrostantsii.htm,FALSE,FALSE,FALSE,FALSE,FALSE,FALSE
аккумулятор 300 ач,50,2,7,1,Sitelinks,https://220volt.com.ua/ua/akkumulatornie-batarei/emkost_ab_block_300/,FALSE,FALSE,FALSE,FALSE,FALSE,FALSE
источник бесперебойного питания цена,50,50,7,1,"also_asks, related_search, Thumbnail, Sitelinks",https://220volt.com.ua/istochniki-besperebojnogo-pitaniya.htm,FALSE,TRUE,FALSE,FALSE,FALSE,TRUE
генератор портативный,50,10,7,1,"also_asks, Sitelinks",https://220volt.com.ua/generatory/tip_ustanovki_portativnie/,FALSE,FALSE,FALSE,FALSE,FALSE,FALSE
панель 400 вт,50,7,7,1,"related_search, Thumbnail, also_asks, Sitelinks",https://220volt.com.ua/solnechnaya-energetika/solnechnye-paneli-batarei/moshn_fot_mod_400/,FALSE,FALSE,FALSE,FALSE,FALSE,FALSE
станции на солнечных батареях,50,17,7,1,"Thumbnail, related_search, also_asks, Sitelinks",https://220volt.com.ua/solnechnaya-energetika/solnechnye-elektrostantsii.htm,FALSE,FALSE,FALSE,FALSE,FALSE,FALSE
солнечные панели на окно,50,8,7,1,"Thumbnail, related_search, also_asks, Sitelinks",https://220volt.com.ua/solnechnaya-energetika/solnechnye-paneli-batarei/naznachenie_dlya_fotomoduli__okna/,FALSE,FALSE,FALSE,FALSE,FALSE,FALSE
великий генератор,50,4,7,1,"also_asks, related_search, Thumbnail, Sitelinks",https://220volt.com.ua/ua/generatory/klass_generatora_promyshlennye/,FALSE,FALSE,FALSE,FALSE,FALSE,FALSE
реле для водяного насоса,50,27,7,1,"related_search, Thumbnail, also_asks, Sitelinks, snip_image_thumbnail",https://220volt.com.ua/nasos/komplektuyushchie-dlya-vodosnabzheniya-i-vodootvedeniya/tip_kompl_nasos_rele-davleniya/,FALSE,FALSE,FALSE,FALSE,FALSE,FALSE
что такое ёмкость аккумулятора,50,8,7,1,"AI Overview, related_search, also_asks, Video preview, Sitelinks",https://220volt.com.ua/news/chto-takoe-emkost-akkumulyatora-metodika-ee-rascheta/,FALSE,FALSE,FALSE,TRUE,FALSE,FALSE
кнопка без фиксации 220в,50,4,7,1,"related_search, also_asks, Thumbnail, Sitelinks",https://220volt.com.ua/elektrika-i-svet/nizkovoltnoe-oborudovanie/viklyuchateli-knopki-pereklyuchateli/knopki/nalichie_fiksatsii_net/,FALSE,FALSE,FALSE,FALSE,FALSE,FALSE
купити генератор 220 вольт,50,6,7,1,"related_search, Sitelinks",https://220volt.com.ua/ua/generatory.htm,FALSE,TRUE,FALSE,FALSE,FALSE,TRUE
ибп для котла 500 вт,50,13,7,1,"Thumbnail, also_asks, Sitelinks",https://220volt.com.ua/istochniki-besperebojnogo-pitaniya/fullpower_ibp_do-500/,FALSE,FALSE,FALSE,FALSE,FALSE,FALSE
дбж з вбудованим акумулятором,50,1,7,1,"related_search, Sitelinks",https://220volt.com.ua/ua/istochniki-besperebojnogo-pitaniya/akkumulyatornaya_batareya_vstroennaya/,FALSE,FALSE,FALSE,FALSE,FALSE,FALSE
стабілізатор напруги 380 вольт,50,2,7,1,"related_search, Sitelinks",https://220volt.com.ua/ua/stabilizator/phases_stab_trehfaznie/,FALSE,FALSE,FALSE,FALSE,FALSE,FALSE
стабилизаторы напряжения 220 в,50,12,7,1,"related_search, also_asks, Video preview, Sitelinks",https://220volt.com.ua/stabilizator/phases_stab_odnofaznie/,FALSE,FALSE,FALSE,FALSE,FALSE,FALSE
стабилизаторы напряжения 220в,50,10,7,1,"Thumbnail, related_search, also_asks, Video preview, Sitelinks",https://220volt.com.ua/stabilizator/phases_stab_odnofaznie/,FALSE,FALSE,FALSE,FALSE,FALSE,FALSE
аккумуляторная батарея 6в,50,17,7,1,"related_search, also_asks, Sitelinks",https://220volt.com.ua/akkumulatornie-batarei/napryagenie_batarei_block_6/,FALSE,FALSE,FALSE,FALSE,FALSE,FALSE
merlion аккумуляторы,50,6,7,1,"also_asks, Video preview, AI Overview, related_search, Sitelinks, snip_image_thumbnail, snip_url_in_aio, snip_fqdn_in_aio",https://220volt.com.ua/akkumulatornie-batarei/merlion/,FALSE,FALSE,FALSE,FALSE,FALSE,FALSE
безперебійник 24 вольта,50,2,7,1,"Thumbnail, related_search, Sitelinks",https://220volt.com.ua/ua/istochniki-besperebojnogo-pitaniya/voltaj_batarei_24-v/,FALSE,FALSE,FALSE,FALSE,FALSE,FALSE
купить ибп с внешним аккумулятором,50,28,7,1,"Thumbnail, related_search, Sitelinks",https://220volt.com.ua/istochniki-besperebojnogo-pitaniya/akkumulyatornaya_batareya_vneshnyaya/,FALSE,TRUE,FALSE,FALSE,FALSE,TRUE
солнечные электростанции под ключ,50,10,7,1,"related_search, Thumbnail, Local pack, Sitelinks",https://220volt.com.ua/solnechnaya-energetika/solnechnye-elektrostantsii.htm,FALSE,FALSE,FALSE,FALSE,FALSE,FALSE
npw36-12 12v 36w/cell 10min,50,4,7,1,"Thumbnail, Sitelinks",https://220volt.com.ua/ua/akkumulyatornaya-batareya-yuasa-npw36-12-06366/,FALSE,FALSE,FALSE,FALSE,FALSE,FALSE
станция на солнечных батареях,50,21,7,1,"also_asks, Thumbnail, related_search, Sitelinks",https://220volt.com.ua/solnechnaya-energetika/solnechnye-elektrostantsii.htm,FALSE,FALSE,FALSE,FALSE,FALSE,FALSE
стабилизаторы напряжения струм,50,1,7,1,"also_asks, Thumbnail, Sitelinks",https://220volt.com.ua/stabilizator/strum/,FALSE,FALSE,FALSE,FALSE,FALSE,FALSE
аккумулятор 220в,50,13,7,1,"Thumbnail, also_asks, related_search, Sitelinks",https://220volt.com.ua/akkumulatornie-batarei.htm,FALSE,FALSE,FALSE,FALSE,FALSE,FALSE
блок автоматического запуска генератора,50,9,7,1,"also_asks, related_search, Thumbnail, Sitelinks, snip_image_thumbnail",https://220volt.com.ua/avtomaticheskij-zapusk-generatora.htm,FALSE,FALSE,FALSE,FALSE,FALSE,FALSE
переносные генераторы,50,3,7,1,"Thumbnail, Video preview, Sitelinks",https://220volt.com.ua/generatory/tip_ustanovki_portativnie/,FALSE,FALSE,FALSE,FALSE,FALSE,FALSE
стабілізатор напруги 220,50,3,7,1,"related_search, Thumbnail, Sitelinks",https://220volt.com.ua/ua/stabilizator/phases_stab_odnofaznie/,FALSE,FALSE,FALSE,FALSE,FALSE,FALSE
rt1270,50,1,7,1,"related_search, Thumbnail, Sitelinks",https://220volt.com.ua/akkumulyatornaya-batareya-ritar-rt1270-12v-7-0ah/,FALSE,FALSE,FALSE,FALSE,FALSE,FALSE
генератор в кожухе,50,2,7,1,"also_asks, Thumbnail, Sitelinks",https://220volt.com.ua/generatory/ispolnenie_generatora_v-shumopogloshchayushchem-korpuse/,FALSE,FALSE,FALSE,FALSE,FALSE,FALSE
стабилизатор напряжения купить в украине,50,47,7,1,"related_search, also_asks, Sitelinks",https://220volt.com.ua/stabilizator.htm,FALSE,TRUE,FALSE,FALSE,FALSE,TRUE
стабилизатор напряжения струм,50,2,7,1,"Video preview, Sitelinks",https://220volt.com.ua/stabilizator/strum/,FALSE,FALSE,FALSE,FALSE,FALSE,FALSE
аккумуляторы ritar,50,1,7,1,"related_search, also_asks, Sitelinks",https://220volt.com.ua/akkumulatornie-batarei/ritar/,FALSE,FALSE,FALSE,FALSE,FALSE,FALSE
японский генератор,50,2,7,1,"also_asks, Thumbnail, Sitelinks",https://220volt.com.ua/generatory/strana_proishozhdeniya_brenda_yaponiya/,FALSE,FALSE,FALSE,FALSE,FALSE,FALSE
кнопка с фиксацией 220в,50,1,7,1,"Thumbnail, related_search, Sitelinks, snip_image_thumbnail",https://220volt.com.ua/elektrika-i-svet/nizkovoltnoe-oborudovanie/viklyuchateli-knopki-pereklyuchateli/knopki/nalichie_fiksatsii_est/,FALSE,FALSE,FALSE,FALSE,FALSE,FALSE
реле на насос,50,27,7,1,"Thumbnail, related_search, Video preview, Sitelinks, snip_image_thumbnail",https://220volt.com.ua/nasos/komplektuyushchie-dlya-vodosnabzheniya-i-vodootvedeniya/tip_kompl_nasos_rele-davleniya/,FALSE,FALSE,FALSE,FALSE,FALSE,FALSE
автоматический ввод резерва генератор,50,6,7,1,"also_asks, AI Overview, Video preview, related_search, Thumbnail, Sitelinks",https://220volt.com.ua/avtomaticheskij-zapusk-generatora.htm,FALSE,FALSE,FALSE,FALSE,FALSE,FALSE
сирена 220 вольт,50,4,7,1,"shopping_rhs, related_search, Thumbnail, Sitelinks",https://220volt.com.ua/elektrika-i-svet/nizkovoltnoe-oborudovanie/ustrojstva-signalizatsii.htm,FALSE,FALSE,FALSE,FALSE,FALSE,FALSE
упс 500 вт,50,12,7,1,"also_asks, Sitelinks",https://220volt.com.ua/istochniki-besperebojnogo-pitaniya/fullpower_ibp_do-500/,FALSE,FALSE,FALSE,FALSE,FALSE,FALSE
устройство аккумуляторов,50,5,7,1,"AI Overview, Thumbnail, Video preview, also_asks, Sitelinks, snip_url_in_aio, snip_fqdn_in_aio",https://220volt.com.ua/news/ustrojstvo-avtomobilnogo-akkumulyatora/,FALSE,FALSE,FALSE,FALSE,FALSE,FALSE
инвертор фрониус,50,5,7,1,"Thumbnail, related_search, Sitelinks",https://220volt.com.ua/ua/inverter/fronius/,FALSE,FALSE,FALSE,FALSE,FALSE,FALSE
on line ибп,50,11,7,1,"also_asks, Thumbnail, Sitelinks",https://220volt.com.ua/istochniki-besperebojnogo-pitaniya/typearhetekturi_neprerivnogo-dejstviya/,FALSE,FALSE,FALSE,FALSE,FALSE,FALSE
характеристики генераторов,50,4,7,1,"also_asks, Thumbnail, related_search, Sitelinks",https://220volt.com.ua/news/harakteristiki-moshchnosti-generatora/,FALSE,FALSE,FALSE,FALSE,FALSE,FALSE
генераторы киев купить,50,52,7,1,"related_search, Local pack, Sitelinks",https://220volt.com.ua/generatory.htm,FALSE,TRUE,FALSE,FALSE,FALSE,TRUE
переносной генератор,50,13,7,1,"Thumbnail, related_search, Video preview, also_asks, Sitelinks",https://220volt.com.ua/generatory/tip_ustanovki_portativnie/,FALSE,FALSE,FALSE,FALSE,FALSE,FALSE
авр генератор,50,7,7,1,"Video preview, Thumbnail, related_search, also_asks, AI Overview, Sitelinks",https://220volt.com.ua/ua/avtomaticheskij-zapusk-generatora.htm,FALSE,FALSE,FALSE,FALSE,FALSE,FALSE
стабилизатор напряжения 220в,50,14,7,1,"also_asks, related_search, Sitelinks",https://220volt.com.ua/stabilizator/phases_stab_odnofaznie/,FALSE,FALSE,FALSE,FALSE,FALSE,FALSE
акб 6 в,50,18,7,1,"related_search, also_asks, Sitelinks, snip_image_thumbnail",https://220volt.com.ua/akkumulatornie-batarei/napryagenie_batarei_block_6/,FALSE,FALSE,FALSE,FALSE,FALSE,FALSE
реле напруги 220в,50,11,7,1,"Thumbnail, related_search, also_asks, Sitelinks, snip_image_thumbnail",https://220volt.com.ua/elektrika-i-svet/nizkovoltnoe-oborudovanie/rele-tajmeri-fotokontrolleri/rele/rele_kontrolya_napryajeniya.htm,FALSE,FALSE,FALSE,FALSE,FALSE,FALSE
солнечные панели на окна,50,10,7,1,"related_search, Thumbnail, Video preview, also_asks, Sitelinks",https://220volt.com.ua/solnechnaya-energetika/solnechnye-paneli-batarei/naznachenie_dlya_fotomoduli__okna/,FALSE,FALSE,FALSE,FALSE,FALSE,FALSE
купить солнечную панель 400 ватт,50,12,7,1,"related_search, also_asks, Sitelinks, snip_image_thumbnail",https://220volt.com.ua/solnechnaya-energetika/solnechnye-paneli-batarei/moshn_fot_mod_400/,FALSE,TRUE,FALSE,FALSE,FALSE,TRUE
ибп 24 вольт,50,9,7,1,"Thumbnail, Sitelinks",https://220volt.com.ua/istochniki-besperebojnogo-pitaniya/voltaj_batarei_24-v/,FALSE,FALSE,FALSE,FALSE,FALSE,FALSE
генератор чистый синус,50,3,7,1,"AI Overview, related_search, Video preview, Sitelinks",https://220volt.com.ua/generatory/osnaschenie_generatora_s-pravilnoj-sinusoidoj/,FALSE,FALSE,FALSE,FALSE,FALSE,FALSE
портативная солнечная батарея 220 вольт,50,10,7,1,"also_asks, related_search, Thumbnail, Sitelinks",https://220volt.com.ua/solnechnaya-energetika/solnechnye-paneli-batarei.htm,FALSE,FALSE,FALSE,FALSE,FALSE,FALSE
реле защиты от перенапряжения,50,12,7,1,"also_asks, Thumbnail, related_search, Sitelinks, snip_image_thumbnail",https://220volt.com.ua/elektrika-i-svet/nizkovoltnoe-oborudovanie/rele-tajmeri-fotokontrolleri/rele/rele_kontrolya_napryajeniya.htm,FALSE,FALSE,FALSE,FALSE,FALSE,FALSE
источник бесперебойного питания 500 вт,50,12,7,1,"also_asks, Thumbnail, Sitelinks",https://220volt.com.ua/istochniki-besperebojnogo-pitaniya/fullpower_ibp_do-500/,FALSE,FALSE,FALSE,FALSE,FALSE,FALSE
регулятор яркости света,50,5,7,1,"also_asks, Thumbnail, a_box_fsnippet, related_search, Sitelinks, snip_featured",https://220volt.com.ua/news/chto-takoe-dimmer-i-zachem-on-nuzhen-dlya-regulirovki-osvescheniya/,FALSE,FALSE,FALSE,FALSE,FALSE,FALSE
гибридная станция,50,3,7,1,"related_search, also_asks, Video preview, AI Overview, Sitelinks",https://220volt.com.ua/solnechnaya-energetika/solnechnye-elektrostantsii/tip_stantsii_gibridnye-solnechnye-stantsii/,FALSE,FALSE,FALSE,FALSE,FALSE,FALSE
типы акб,50,18,7,1,"Video preview, related_search, Thumbnail, a_box_fsnippet, AI Overview, also_asks, Sitelinks, snip_featured",https://220volt.com.ua/news/raznovidnosti-akkumulyatornih-batarej-soglasno-tipu-rabochih-elementov-i-naznacheniyu/,FALSE,FALSE,FALSE,FALSE,FALSE,FALSE
npw36 12,50,2,7,1,"related_search, Sitelinks",https://220volt.com.ua/ua/akkumulyatornaya-batareya-yuasa-npw36-12-06366/,FALSE,FALSE,FALSE,FALSE,FALSE,FALSE
реле защиты,50,21,7,1,"Thumbnail, also_asks, related_search, Sitelinks, snip_image_thumbnail",https://220volt.com.ua/elektrika-i-svet/nizkovoltnoe-oborudovanie/rele-tajmeri-fotokontrolleri/rele/rele_kontrolya_napryajeniya.htm,FALSE,FALSE,FALSE,FALSE,FALSE,FALSE
источник бесперебойного питания 24 вольта,50,3,7,1,"related_search, Thumbnail, Sitelinks",https://220volt.com.ua/istochniki-besperebojnogo-pitaniya/voltaj_batarei_24-v/,FALSE,FALSE,FALSE,FALSE,FALSE,FALSE
стабилизатор напряжения 220 в,50,2,7,1,"Video preview, related_search, Sitelinks",https://220volt.com.ua/stabilizator/phases_stab_odnofaznie/,FALSE,FALSE,FALSE,FALSE,FALSE,FALSE
таймер света,50,7,7,1,"related_search, also_asks, Thumbnail, Sitelinks",https://220volt.com.ua/elektrika-i-svet/nizkovoltnoe-oborudovanie/rele-tajmeri-fotokontrolleri/tajmeri.htm,FALSE,FALSE,FALSE,FALSE,FALSE,FALSE
солнечная электростанция под ключ,50,20,7,1,"Thumbnail, related_search, also_asks, Sitelinks",https://220volt.com.ua/solnechnaya-energetika/solnechnye-elektrostantsii.htm,FALSE,FALSE,FALSE,FALSE,FALSE,FALSE
глубинный насос для скважины 150 метров,50,2,7,1,"Thumbnail, Sitelinks",https://220volt.com.ua/nasos/nasosi-dlya-vodosnabzheniya/skvazhinnie-nasosi/napor_nasos_svishe-150/,FALSE,FALSE,FALSE,FALSE,FALSE,FALSE
генераторы на 220 вольт,50,13,7,1,"Thumbnail, related_search, also_asks, Sitelinks",https://220volt.com.ua/generatory.htm,FALSE,FALSE,FALSE,FALSE,FALSE,FALSE
стабилизатор напряжения 220 вольт 10 квт,50,13,7,1,"also_asks, Thumbnail, related_search, Sitelinks",https://220volt.com.ua/stabilizator/moshnost_stab_block_10/,FALSE,FALSE,FALSE,FALSE,FALSE,FALSE
ибп онлайн,50,16,7,1,"Thumbnail, Sitelinks",https://220volt.com.ua/istochniki-besperebojnogo-pitaniya/typearhetekturi_neprerivnogo-dejstviya/,FALSE,FALSE,FALSE,FALSE,FALSE,FALSE
стабилизатор струм,50,2,7,1,"Thumbnail, Sitelinks, snip_image_thumbnail",https://220volt.com.ua/stabilizator/strum/,FALSE,FALSE,FALSE,FALSE,FALSE,FALSE
гібридна сонячна станція,50,7,7,1,"AI Overview, related_search, Video preview, Sitelinks",https://220volt.com.ua/ua/solnechnaya-energetika/solnechnye-elektrostantsii/tip_stantsii_gibridnye-solnechnye-stantsii/,FALSE,FALSE,FALSE,FALSE,FALSE,FALSE
купить гибридную солнечную электростанцию,50,2,7,1,"related_search, Sitelinks",https://220volt.com.ua/solnechnaya-energetika/solnechnye-elektrostantsii/tip_stantsii_gibridnye-solnechnye-stantsii/,FALSE,TRUE,FALSE,FALSE,FALSE,TRUE
таймеры света,50,1,7,1,"Video preview, related_search, also_asks, AI Overview, Thumbnail, Sitelinks",https://220volt.com.ua/elektrika-i-svet/nizkovoltnoe-oborudovanie/rele-tajmeri-fotokontrolleri/tajmeri.htm,FALSE,FALSE,FALSE,FALSE,FALSE,FALSE
электростанции 3 квт,50,32,7,1,"Video preview, related_search, also_asks, Sitelinks",https://220volt.com.ua/generatory/maksimalnaya_moschnost_block__3/,FALSE,FALSE,FALSE,FALSE,FALSE,FALSE
генератор с правильной синусоидой,50,5,7,1,"also_asks, related_search, Sitelinks",https://220volt.com.ua/generatory/osnaschenie_generatora_s-pravilnoj-sinusoidoj/,FALSE,FALSE,FALSE,FALSE,FALSE,FALSE
устройство аккумулятора,50,2,7,1,"also_asks, AI Overview, Thumbnail, related_search, Sitelinks, snip_url_in_aio, snip_fqdn_in_aio",https://220volt.com.ua/news/ustrojstvo-avtomobilnogo-akkumulyatora/,FALSE,FALSE,FALSE,FALSE,FALSE,FALSE
генератор для компа,50,1,7,1,"also_asks, related_search, Sitelinks",https://220volt.com.ua/ua/generatory/optimal_gen_kompyutera/,FALSE,FALSE,FALSE,FALSE,FALSE,FALSE
источник бесперебойного питания что это,50,10,7,1,"also_asks, AI Overview, related_search, a_box_fsnippet, Sitelinks, snip_featured, snip_url_in_aio, snip_fqdn_in_aio",https://220volt.com.ua/news/istochniki-besperebojnogo-pitaniya-eto/,FALSE,FALSE,FALSE,FALSE,FALSE,FALSE
магнитный контактор,50,17,7,1,"related_search, Thumbnail, also_asks, Sitelinks, snip_image_thumbnail",https://220volt.com.ua/elektrika-i-svet/nizkovoltnoe-oborudovanie/puskateli-kontaktori/puskateli.htm,FALSE,FALSE,FALSE,FALSE,FALSE,FALSE
устройство плавного пуска 220 вольт,50,3,7,1,"related_search, Thumbnail, Sitelinks",https://220volt.com.ua/preobrazovateli_chastoty_ustr_plavnogo_puska/ustrojstva-plavnogo-puska-i-tormozheniya.htm,FALSE,FALSE,FALSE,FALSE,FALSE,FALSE
ибп 24 вольта,50,10,7,1,"Thumbnail, related_search, Sitelinks",https://220volt.com.ua/istochniki-besperebojnogo-pitaniya/voltaj_batarei_24-v/,FALSE,FALSE,FALSE,FALSE,FALSE,FALSE
какой насос лучше для колодца,50,2,7,1,"a_box_fsnippet, also_asks, Thumbnail, related_search, Sitelinks, snip_featured",https://220volt.com.ua/news/kak-vybrat-nasos-dlya-kolodtsa-sovety-ot-ekspertov-internet-magazina-220-volt/,FALSE,FALSE,FALSE,TRUE,FALSE,FALSE
аккумуляторы merlion,40,6,5,1,"AI Overview, related_search, Video preview, Sitelinks, snip_image_thumbnail, snip_url_in_aio, snip_fqdn_in_aio",https://220volt.com.ua/akkumulatornie-batarei/merlion/,FALSE,FALSE,FALSE,FALSE,FALSE,FALSE
eaton 5110,40,2,5,1,"Thumbnail, Sitelinks, snip_image_thumbnail",https://220volt.com.ua/ua/ibp-eaton-5110-700-va/,FALSE,FALSE,FALSE,FALSE,FALSE,FALSE
ritar dc12 100,40,1,5,1,"Thumbnail, Sitelinks",https://220volt.com.ua/ua/akkumulyatornaya-batareya-ritar-dc12-100-12v-100-0ah/,FALSE,FALSE,FALSE,FALSE,FALSE,FALSE
стабилизаторы напряжения 220,40,9,5,1,"related_search, Thumbnail, Video preview, also_asks, Sitelinks",https://220volt.com.ua/stabilizator/phases_stab_odnofaznie/,FALSE,FALSE,FALSE,FALSE,FALSE,FALSE
неоновая лампа 220 вольт,40,2,5,1,"Thumbnail, also_asks, related_search, Sitelinks, snip_image_thumbnail",https://220volt.com.ua/elektrika-i-svet/nizkovoltnoe-oborudovanie/svetosignalnaya-apparatura/istochnik_sveta_neon/,FALSE,FALSE,FALSE,FALSE,FALSE,FALSE
реле проміжне 220в,40,2,5,1,"Thumbnail, related_search, Sitelinks, snip_image_thumbnail",https://220volt.com.ua/ua/elektrika-i-svet/nizkovoltnoe-oborudovanie/rele-tajmeri-fotokontrolleri/rele/promejutochnie_rele.htm,FALSE,FALSE,FALSE,FALSE,FALSE,FALSE
bnt 400a,40,1,5,1,"Thumbnail, Sitelinks",https://220volt.com.ua/ua/ibp-powercom-bnt-400a/,FALSE,FALSE,FALSE,FALSE,FALSE,FALSE
портативные электростанции для квартиры,40,13,5,1,"related_search, also_asks, Sitelinks",https://220volt.com.ua/portativnye-zaryadnye-stantsii/portativnye-elektrostantsii.htm,FALSE,FALSE,FALSE,FALSE,FALSE,FALSE
pro ac pro sol,40,1,5,1,"Thumbnail, related_search, Sitelinks",https://220volt.com.ua/storage/catalog_products/166774/instruction/738.pdf,FALSE,FALSE,FALSE,FALSE,FALSE,FALSE
таймеры цифровые,40,9,5,1,"related_search, Thumbnail, Sitelinks",https://220volt.com.ua/elektrika-i-svet/nizkovoltnoe-oborudovanie/rele-tajmeri-fotokontrolleri/tajmeri/tip_taymera_elektronnie/,FALSE,FALSE,FALSE,FALSE,FALSE,FALSE
бесперебойник 24 вольта,40,13,5,1,"related_search, Sitelinks",https://220volt.com.ua/istochniki-besperebojnogo-pitaniya/voltaj_batarei_24-v/,FALSE,FALSE,FALSE,FALSE,FALSE,FALSE
дбж 10 квт,40,4,5,1,Sitelinks,https://220volt.com.ua/ua/istochniki-besperebojnogo-pitaniya/fullpower_ibp_svishe-10000/,FALSE,FALSE,FALSE,FALSE,FALSE,FALSE
что такое емкость аккумулятора,40,2,5,1,"also_asks, related_search, Video preview, AI Overview, Sitelinks, snip_url_in_aio, snip_fqdn_in_aio",https://220volt.com.ua/news/chto-takoe-emkost-akkumulyatora-metodika-ee-rascheta/,FALSE,FALSE,FALSE,TRUE,FALSE,FALSE
источники бесперебойного питания 3000 вт,40,4,5,1,"related_search, Sitelinks",https://220volt.com.ua/istochniki-besperebojnogo-pitaniya/fullpower_ibp_1001-3000/,FALSE,FALSE,FALSE,FALSE,FALSE,FALSE
гибридный инвертор хуавей,40,2,5,1,"related_search, Video preview, Sitelinks",https://220volt.com.ua/inverter/huawei/,FALSE,FALSE,FALSE,FALSE,FALSE,FALSE
время зарядки гелевого аккумулятора,40,12,5,1,"AI Overview, also_asks, related_search, Thumbnail, Sitelinks, snip_url_in_aio, snip_fqdn_in_aio",https://220volt.com.ua/news/pravilnaya-zaryadka-gelevogo-akkumulyatora-kak-uvelichit-srok-ego-sluzhby/,FALSE,FALSE,FALSE,FALSE,FALSE,FALSE
генератор 380 в,40,12,5,1,"related_search, Sitelinks",https://220volt.com.ua/ua/generatory/faznost_generatorov_3/,FALSE,FALSE,FALSE,FALSE,FALSE,FALSE
кнопка включения 220 вольт,40,8,5,1,"also_asks, related_search, Thumbnail, Sitelinks, snip_image_thumbnail",https://220volt.com.ua/elektrika-i-svet/nizkovoltnoe-oborudovanie/viklyuchateli-knopki-pereklyuchateli/knopki.htm,FALSE,FALSE,FALSE,FALSE,FALSE,FALSE
инвертор трехфазный,40,5,5,1,"Thumbnail, also_asks, related_search, Sitelinks",https://220volt.com.ua/inverter/faznost_invert_trexfaznyi;op_reshenie_solnecnye-invertory/,FALSE,FALSE,FALSE,FALSE,FALSE,FALSE
генераторы с водяным охлаждением,40,2,5,1,"also_asks, Thumbnail, Sitelinks",https://220volt.com.ua/generatory/sistema_ohlagdeniya_zhidkostnoe/,FALSE,FALSE,FALSE,FALSE,FALSE,FALSE
авр для бензогенератора,40,18,5,1,"Thumbnail, related_search, Video preview, also_asks, Sitelinks",https://220volt.com.ua/avtomaticheskij-zapusk-generatora.htm,FALSE,FALSE,FALSE,FALSE,FALSE,FALSE
как работает авр,40,3,5,1,"Thumbnail, also_asks, related_search, Video preview, AI Overview, Sitelinks",https://220volt.com.ua/news/printsip-raboti-avr/,FALSE,FALSE,FALSE,TRUE,FALSE,FALSE
купить инверторный стабилизатор,40,16,5,1,"related_search, Sitelinks",https://220volt.com.ua/stabilizator/control_invertornyi/,FALSE,TRUE,FALSE,FALSE,FALSE,TRUE
источники бесперебойного питания 10 квт,40,5,5,1,"Thumbnail, Sitelinks",https://220volt.com.ua/istochniki-besperebojnogo-pitaniya/fullpower_ibp_svishe-10000/,FALSE,FALSE,FALSE,FALSE,FALSE,FALSE
аккумулятор 250 ампер часов,40,6,5,1,"related_search, Sitelinks",https://220volt.com.ua/akkumulatornie-batarei/emkost_ab_block_250/,FALSE,FALSE,FALSE,FALSE,FALSE,FALSE
дбж українського виробництва,40,2,5,1,"AI Overview, related_search, Sitelinks",https://220volt.com.ua/ua/istochniki-besperebojnogo-pitaniya/elim-ukraina/,FALSE,FALSE,FALSE,FALSE,FALSE,FALSE
зарядка гелевого аккумулятора от бесперебойника,40,16,5,1,"related_search, AI Overview, Video preview, also_asks, Thumbnail, Sitelinks",https://220volt.com.ua/news/pravilnaya-zaryadka-gelevogo-akkumulyatora-kak-uvelichit-srok-ego-sluzhby/,FALSE,FALSE,FALSE,FALSE,FALSE,FALSE
сколько стоит бесперебойник,40,50,5,1,"Thumbnail, also_asks, related_search, Sitelinks",https://220volt.com.ua/istochniki-besperebojnogo-pitaniya.htm,FALSE,FALSE,FALSE,TRUE,FALSE,FALSE
манометр для ножного насоса,40,2,5,1,"Thumbnail, Sitelinks, snip_image_thumbnail",https://220volt.com.ua/nasos/komplektuyushchie-dlya-vodosnabzheniya-i-vodootvedeniya/tip_kompl_nasos_manometri/,FALSE,FALSE,FALSE,FALSE,FALSE,FALSE
портативная электростанция для квартиры,40,12,5,1,"related_search, also_asks, Sitelinks",https://220volt.com.ua/portativnye-zaryadnye-stantsii/portativnye-elektrostantsii.htm,FALSE,FALSE,FALSE,FALSE,FALSE,FALSE
генератор вольта,40,2,5,1,"Thumbnail, also_asks, related_search, Sitelinks",https://220volt.com.ua/ua/generatory.htm,FALSE,FALSE,FALSE,FALSE,FALSE,FALSE
стабилизатор 220,40,2,5,1,"related_search, Thumbnail, Sitelinks",https://220volt.com.ua/ua/stabilizator/phases_stab_odnofaznie/,FALSE,FALSE,FALSE,FALSE,FALSE,FALSE
ибп 24 в,40,9,5,1,"related_search, Sitelinks",https://220volt.com.ua/istochniki-besperebojnogo-pitaniya/voltaj_batarei_24-v/,FALSE,FALSE,FALSE,FALSE,FALSE,FALSE
купить магнитный пускатель,40,7,5,1,"related_search, Sitelinks",https://220volt.com.ua/elektrika-i-svet/nizkovoltnoe-oborudovanie/puskateli-kontaktori/puskateli.htm,FALSE,TRUE,FALSE,FALSE,FALSE,TRUE
виды аккумуляторов для автомобилей,40,12,5,1,"Thumbnail, related_search, a_box_fsnippet, Video preview, also_asks, Sitelinks, snip_featured",https://220volt.com.ua/news/raznovidnosti-akkumulyatornih-batarej-soglasno-tipu-rabochih-elementov-i-naznacheniyu/,FALSE,FALSE,FALSE,FALSE,FALSE,FALSE
6 вольт аккумулятор,40,18,5,1,"also_asks, Thumbnail, related_search, Sitelinks",https://220volt.com.ua/akkumulatornie-batarei/napryagenie_batarei_block_6/,FALSE,FALSE,FALSE,FALSE,FALSE,FALSE
авр 220,40,9,5,1,"Thumbnail, Video preview, related_search, Sitelinks, snip_image_thumbnail",https://220volt.com.ua/ua/avtomaticheskij-zapusk-generatora/faznost_seti_odnofaznaya/,FALSE,FALSE,FALSE,FALSE,FALSE,FALSE
контроллер напряжения 220,40,17,5,1,"Video preview, also_asks, related_search, Sitelinks, snip_image_thumbnail",https://220volt.com.ua/elektrika-i-svet/nizkovoltnoe-oborudovanie/rele-tajmeri-fotokontrolleri/rele/rele_kontrolya_napryajeniya.htm,FALSE,FALSE,FALSE,FALSE,FALSE,FALSE
мобильный генератор,40,7,5,1,"also_asks, Thumbnail, Sitelinks",https://220volt.com.ua/generatory/tip_ustanovki_portativnie/,FALSE,FALSE,FALSE,FALSE,FALSE,FALSE
система теплых полов,40,1,5,1,"related_search, Thumbnail, also_asks, Video preview, AI Overview, Sitelinks, snip_image_thumbnail, snip_url_in_aio, snip_fqdn_in_aio",https://220volt.com.ua/news/kak-rabotaet-teplyj-pol-vse-chto-nuzhno-znat-o-sovremennoj-sisteme-otopleniya/,FALSE,FALSE,FALSE,FALSE,FALSE,FALSE
купить 6 вольтовый аккумулятор,40,18,5,1,"also_asks, related_search, Sitelinks",https://220volt.com.ua/akkumulatornie-batarei/napryagenie_batarei_block_6/,FALSE,TRUE,FALSE,FALSE,FALSE,TRUE
реле для воды,40,25,5,1,"Thumbnail, related_search, also_asks, Video preview, Sitelinks, snip_image_thumbnail",https://220volt.com.ua/nasos/komplektuyushchie-dlya-vodosnabzheniya-i-vodootvedeniya/tip_kompl_nasos_rele-davleniya/,FALSE,FALSE,FALSE,FALSE,FALSE,FALSE
газові генератори ціни,40,14,5,1,"related_search, Thumbnail, Sitelinks",https://220volt.com.ua/ua/generatory/tip_generatora_gazovie_generatori/,FALSE,FALSE,FALSE,FALSE,FALSE,FALSE
реле давления насоса,40,25,5,1,"Thumbnail, Video preview, related_search, also_asks, Sitelinks, snip_image_thumbnail",https://220volt.com.ua/nasos/komplektuyushchie-dlya-vodosnabzheniya-i-vodootvedeniya/tip_kompl_nasos_rele-davleniya/,FALSE,FALSE,FALSE,FALSE,FALSE,FALSE
дбж 24 в,40,2,5,1,"related_search, Sitelinks",https://220volt.com.ua/ua/istochniki-besperebojnogo-pitaniya/voltaj_batarei_24-v/,FALSE,FALSE,FALSE,FALSE,FALSE,FALSE
электрощит наружный,40,7,5,1,"Thumbnail, related_search, Sitelinks, snip_image_thumbnail",https://220volt.com.ua/elektrika-i-svet/shitovoe/shchiti.htm,FALSE,FALSE,FALSE,FALSE,FALSE,FALSE
в чем измеряется емкость аккумулятора,40,16,5,1,"a_box_fsnippet, also_asks, Thumbnail, related_search, Sitelinks, snip_featured",https://220volt.com.ua/news/chto-takoe-emkost-akkumulyatora-metodika-ee-rascheta/,FALSE,FALSE,FALSE,FALSE,FALSE,FALSE
солнечная электростанция купить,40,24,5,1,"Thumbnail, related_search, Sitelinks",https://220volt.com.ua/solnechnaya-energetika/solnechnye-elektrostantsii.htm,FALSE,TRUE,FALSE,FALSE,FALSE,TRUE
батареї акумуляторні,40,23,5,1,"also_asks, related_search, Sitelinks",https://220volt.com.ua/ua/akkumulatornie-batarei.htm,FALSE,FALSE,FALSE,FALSE,FALSE,FALSE
рубильник электрический,40,12,5,1,"also_asks, related_search, Thumbnail, Sitelinks, snip_image_thumbnail",https://220volt.com.ua/elektrika-i-svet/nizkovoltnoe-oborudovanie/rubilniki.htm,FALSE,FALSE,FALSE,FALSE,FALSE,FALSE
регулятор освітлення,40,3,5,1,"related_search, a_box_fsnippet, Thumbnail, Sitelinks, snip_featured",https://220volt.com.ua/ua/news/chto-takoe-dimmer-i-zachem-on-nuzhen-dlya-regulirovki-osvescheniya/,FALSE,FALSE,FALSE,FALSE,FALSE,FALSE
солнечные батареи 220 вольт цена,40,8,5,1,"also_asks, related_search, Thumbnail, Sitelinks",https://220volt.com.ua/solnechnaya-energetika/solnechnye-paneli-batarei.htm,FALSE,TRUE,FALSE,FALSE,FALSE,TRUE
напряжение зарядки гелевого аккумулятора,40,12,5,1,"also_asks, AI Overview, related_search, Thumbnail, Sitelinks",https://220volt.com.ua/news/pravilnaya-zaryadka-gelevogo-akkumulyatora-kak-uvelichit-srok-ego-sluzhby/,FALSE,FALSE,FALSE,FALSE,FALSE,FALSE
генераторы 380 в,40,9,5,1,"related_search, Sitelinks",https://220volt.com.ua/generatory/faznost_generatorov_3/,FALSE,FALSE,FALSE,FALSE,FALSE,FALSE
купить аккумулятор на 6 вольт,40,10,5,1,"Thumbnail, related_search, Sitelinks",https://220volt.com.ua/akkumulatornie-batarei/napryagenie_batarei_block_6/,FALSE,TRUE,FALSE,FALSE,FALSE,TRUE
аккумулятор 400 ампер часов,40,2,5,1,"also_asks, related_search, Sitelinks",https://220volt.com.ua/akkumulatornie-batarei/emkost_ab_block_400/,FALSE,FALSE,FALSE,FALSE,FALSE,FALSE
программируемый таймер включения отключения электрооборудования,40,16,5,1,"Thumbnail, related_search, Sitelinks",https://220volt.com.ua/elektrika-i-svet/nizkovoltnoe-oborudovanie/rele-tajmeri-fotokontrolleri/tajmeri.htm,FALSE,FALSE,FALSE,FALSE,FALSE,FALSE
генератор гибридный газ бензин 3 квт,40,14,5,1,"also_asks, related_search, Sitelinks",https://220volt.com.ua/generatory/tip_generatora_benzinovo_gazovie;maksimalnaya_moschnost_block__3/,FALSE,FALSE,FALSE,FALSE,FALSE,FALSE
аккумулятор 300 ампер,40,3,5,1,Sitelinks,https://220volt.com.ua/akkumulatornie-batarei/emkost_ab_block_300/,FALSE,FALSE,FALSE,FALSE,FALSE,FALSE
программируемый таймер включения/отключения электрооборудования,40,1,5,1,"related_search, Thumbnail, Sitelinks",https://220volt.com.ua/elektrika-i-svet/nizkovoltnoe-oborudovanie/rele-tajmeri-fotokontrolleri/tajmeri.htm,FALSE,FALSE,FALSE,FALSE,FALSE,FALSE
щиток наружный,40,8,5,1,"related_search, Thumbnail, Sitelinks, snip_image_thumbnail",https://220volt.com.ua/elektrika-i-svet/shitovoe/shchiti.htm,FALSE,FALSE,FALSE,FALSE,FALSE,FALSE
безшумні генератори,40,3,5,1,"also_asks, related_search, Sitelinks",https://220volt.com.ua/ua/generatory/ispolnenie_generatora_v-shumopogloshchayushchem-korpuse/,FALSE,FALSE,FALSE,FALSE,FALSE,FALSE
дбж 24в,40,4,5,1,"also_asks, Sitelinks",https://220volt.com.ua/ua/istochniki-besperebojnogo-pitaniya/voltaj_batarei_24-v/,FALSE,FALSE,FALSE,FALSE,FALSE,FALSE
реле воды,40,25,5,1,"related_search, Video preview, Thumbnail, also_asks, Sitelinks, snip_image_thumbnail",https://220volt.com.ua/nasos/komplektuyushchie-dlya-vodosnabzheniya-i-vodootvedeniya/tip_kompl_nasos_rele-davleniya/,FALSE,FALSE,FALSE,FALSE,FALSE,FALSE
онлайн источник бесперебойного питания,40,12,5,1,"also_asks, related_search, Sitelinks",https://220volt.com.ua/istochniki-besperebojnogo-pitaniya/typearhetekturi_neprerivnogo-dejstviya/,FALSE,FALSE,FALSE,FALSE,FALSE,FALSE
який генератор має безпечний струм з чистою синусоїдою,40,1,5,1,"related_search, AI Overview, also_asks, Sitelinks",https://220volt.com.ua/ua/generatory/osnaschenie_generatora_s-pravilnoj-sinusoidoj/,FALSE,FALSE,FALSE,TRUE,FALSE,FALSE
продажа генераторов в украине,40,42,5,1,"Local pack, related_search, also_asks, Sitelinks",https://220volt.com.ua/generatory.htm,FALSE,FALSE,FALSE,FALSE,FALSE,FALSE
6в аккумуляторы,40,8,5,1,"Thumbnail, related_search, also_asks, Sitelinks, snip_image_thumbnail",https://220volt.com.ua/akkumulatornie-batarei/napryagenie_batarei_block_6/,FALSE,FALSE,FALSE,FALSE,FALSE,FALSE
реле тиску на воду,40,23,5,1,"related_search, also_asks, Video preview, AI Overview, Sitelinks",https://220volt.com.ua/nasos/komplektuyushchie-dlya-vodosnabzheniya-i-vodootvedeniya/tip_kompl_nasos_rele-davleniya/,FALSE,FALSE,FALSE,FALSE,FALSE,FALSE
виды аккумуляторов для авто,40,12,5,1,"related_search, Thumbnail, also_asks, a_box_fsnippet, Sitelinks, snip_featured",https://220volt.com.ua/news/raznovidnosti-akkumulyatornih-batarej-soglasno-tipu-rabochih-elementov-i-naznacheniyu/,FALSE,FALSE,FALSE,FALSE,FALSE,FALSE
реле гидрофора,40,7,5,1,"Thumbnail, also_asks, related_search, Sitelinks, snip_image_thumbnail",https://220volt.com.ua/nasos/komplektuyushchie-dlya-vodosnabzheniya-i-vodootvedeniya/tip_kompl_nasos_rele-davleniya/,FALSE,FALSE,FALSE,FALSE,FALSE,FALSE
источники бесперебойного питания 24в,40,2,5,1,"Thumbnail, Sitelinks",https://220volt.com.ua/istochniki-besperebojnogo-pitaniya/voltaj_batarei_24-v/,FALSE,FALSE,FALSE,FALSE,FALSE,FALSE
аккумулятор merlion,40,3,5,1,"also_asks, Thumbnail, related_search, Video preview, Sitelinks",https://220volt.com.ua/akkumulatornie-batarei/merlion/,FALSE,FALSE,FALSE,FALSE,FALSE,FALSE
авр для генератора купить,40,1,5,1,"also_asks, Thumbnail, related_search, Sitelinks",https://220volt.com.ua/avtomaticheskij-zapusk-generatora.htm,FALSE,TRUE,FALSE,FALSE,FALSE,TRUE
генератор 380в,40,9,5,1,"related_search, Sitelinks",https://220volt.com.ua/ua/generatory/faznost_generatorov_3/,FALSE,FALSE,FALSE,FALSE,FALSE,FALSE
дистанционный запуск генератора,40,2,5,1,"AI Overview, also_asks, Video preview, Thumbnail, related_search, Sitelinks, snip_url_in_aio, snip_fqdn_in_aio",https://220volt.com.ua/news/4-tipa-zapuska-generatora-preimuschestva-i-nedostatki/,FALSE,FALSE,FALSE,FALSE,FALSE,FALSE
промежуточное реле 220 вольт,40,5,5,1,"related_search, also_asks, Thumbnail, Sitelinks, snip_image_thumbnail",https://220volt.com.ua/elektrika-i-svet/nizkovoltnoe-oborudovanie/rele-tajmeri-fotokontrolleri/rele/promejutochnie_rele.htm,FALSE,FALSE,FALSE,FALSE,FALSE,FALSE
какие есть аккумуляторы,40,14,5,1,"Video preview, also_asks, related_search, AI Overview, Sitelinks, snip_url_in_aio, snip_fqdn_in_aio",https://220volt.com.ua/news/raznovidnosti-akkumulyatornih-batarej-soglasno-tipu-rabochih-elementov-i-naznacheniyu/,FALSE,FALSE,FALSE,FALSE,FALSE,FALSE
опалення тепла підлога,40,4,5,1,"AI Overview, Thumbnail, Video preview, related_search, also_asks, Sitelinks, snip_url_in_aio, snip_fqdn_in_aio",https://220volt.com.ua/ua/news/kak-rabotaet-teplyj-pol-vse-chto-nuzhno-znat-o-sovremennoj-sisteme-otopleniya/,FALSE,FALSE,FALSE,FALSE,FALSE,FALSE
мини генераторы купить,40,14,5,1,"related_search, Sitelinks",https://220volt.com.ua/generatory/tip_ustanovki_portativnie/,FALSE,TRUE,FALSE,FALSE,FALSE,TRUE
система тёплый пол,40,29,5,1,"a_box_fsnippet, also_asks, related_search, Thumbnail, Sitelinks, snip_featured, snip_image_thumbnail",https://220volt.com.ua/news/kak-rabotaet-teplyj-pol-vse-chto-nuzhno-znat-o-sovremennoj-sisteme-otopleniya/,FALSE,FALSE,FALSE,FALSE,FALSE,FALSE
генератор с водяным охлаждением,40,2,5,1,"Thumbnail, Sitelinks",https://220volt.com.ua/generatory/sistema_ohlagdeniya_zhidkostnoe/,FALSE,FALSE,FALSE,FALSE,FALSE,FALSE
реле давления на воду,40,25,5,1,"also_asks, Thumbnail, Video preview, related_search, Sitelinks",https://220volt.com.ua/nasos/komplektuyushchie-dlya-vodosnabzheniya-i-vodootvedeniya/tip_kompl_nasos_rele-davleniya/,FALSE,FALSE,FALSE,FALSE,FALSE,FALSE
стабилизатор напряжения 220,40,9,5,1,"also_asks, related_search, Sitelinks",https://220volt.com.ua/stabilizator/phases_stab_odnofaznie/,FALSE,FALSE,FALSE,FALSE,FALSE,FALSE
узо 1,40,1,5,1,"also_asks, AI Overview, Thumbnail, Sitelinks",https://220volt.com.ua/elektrika-i-svet/nizkovoltnoe-oborudovanie/ustrojstva-zashchitnogo-otklyucheniya-uzo-difavtomati/polusa_v_uzo_1_n/,FALSE,FALSE,FALSE,FALSE,FALSE,FALSE
np7 12,40,2,5,1,"Thumbnail, shopping_rhs, related_search, Sitelinks",https://220volt.com.ua/ua/akkumulyatornaya-batareya-yuasa-np7-12/,FALSE,FALSE,FALSE,FALSE,FALSE,FALSE
sungrow инвертор,40,3,5,1,"related_search, also_asks, Sitelinks",https://220volt.com.ua/ua/inverter/sungrow/,FALSE,FALSE,FALSE,FALSE,FALSE,FALSE
генератор инверторный 3 5 квт,40,11,5,1,"related_search, Video preview, Sitelinks",https://220volt.com.ua/generatory/tip_generatora_invertornie_generatori;maksimalnaya_moschnost_block_3_5/,FALSE,FALSE,FALSE,FALSE,FALSE,FALSE
аккумулятор challenger,40,2,5,1,"Thumbnail, Sitelinks",https://220volt.com.ua/akkumulatornie-batarei/challenger/,FALSE,FALSE,FALSE,FALSE,FALSE,FALSE
солнечные станции для дома,40,24,5,1,"related_search, Video preview, also_asks, Sitelinks",https://220volt.com.ua/solnechnaya-energetika/solnechnye-elektrostantsii.htm,FALSE,FALSE,FALSE,FALSE,FALSE,FALSE
генератор 8 5 квт,40,5,5,1,"related_search, Sitelinks",https://220volt.com.ua/ua/generatory/maksimalnaya_moschnost_block_8_5/,FALSE,FALSE,FALSE,FALSE,FALSE,FALSE
ибп 24в,40,4,5,1,"Thumbnail, Sitelinks",https://220volt.com.ua/istochniki-besperebojnogo-pitaniya/voltaj_batarei_24-v/,FALSE,FALSE,FALSE,FALSE,FALSE,FALSE
ritar dg12 100,40,4,5,1,"Thumbnail, Sitelinks, snip_image_thumbnail",https://220volt.com.ua/ua/akkumulyatornaya-batareya-ritar-dg12-100-12v-100ah-4234/,FALSE,FALSE,FALSE,FALSE,FALSE,FALSE
упс для котла 1000 вт,30,20,4,1,"also_asks, related_search, Sitelinks",https://220volt.com.ua/istochniki-besperebojnogo-pitaniya/fullpower_ibp_501-1000/,FALSE,FALSE,FALSE,FALSE,FALSE,FALSE
воздушно солнечный коллектор,30,2,4,1,"Video preview, Thumbnail, Sitelinks",https://220volt.com.ua/news/vozdushnie-solnechnie-kollektori-dlya-obogreva-i-ventilyatsii/,FALSE,FALSE,FALSE,FALSE,FALSE,FALSE
генератор для компьютера,30,4,4,1,"also_asks, Sitelinks",https://220volt.com.ua/generatory/optimal_gen_kompyutera/,FALSE,FALSE,FALSE,FALSE,FALSE,FALSE
солнечные электростанции в украине,30,15,4,1,"Local pack, Video preview, also_asks, related_search, Thumbnail, Sitelinks",https://220volt.com.ua/solnechnaya-energetika/solnechnye-elektrostantsii.htm,FALSE,FALSE,FALSE,FALSE,FALSE,FALSE
генераторы переносные,30,2,4,1,"also_asks, Thumbnail, Sitelinks",https://220volt.com.ua/generatory/tip_ustanovki_portativnie/,FALSE,FALSE,FALSE,FALSE,FALSE,FALSE
аккумулятор на 4 вольта,30,17,4,1,"related_search, also_asks, Sitelinks",https://220volt.com.ua/akkumulatornie-batarei/napryagenie_batarei_block_4/,FALSE,FALSE,FALSE,FALSE,FALSE,FALSE
электростанция портативная,30,2,4,1,"also_asks, Video preview, related_search, Thumbnail, Sitelinks",https://220volt.com.ua/portativnye-zaryadnye-stantsii/portativnye-elektrostantsii.htm,FALSE,FALSE,FALSE,FALSE,FALSE,FALSE
насосы needle,30,2,4,1,"Thumbnail, Sitelinks",https://220volt.com.ua/nasos/nasosi-dlya-vodosnabzheniya/skvazhinnie-nasosi/needle/,FALSE,FALSE,FALSE,FALSE,FALSE,FALSE
стабилизатор напряжения 380,30,1,4,1,"related_search, also_asks, Sitelinks",https://220volt.com.ua/stabilizator/phases_stab_trehfaznie/,FALSE,FALSE,FALSE,FALSE,FALSE,FALSE
мотопомпа forte fp20hp,30,1,4,1,"related_search, Sitelinks",https://220volt.com.ua/motopompa-visokogo-davleniya-forte-fp20hp/,FALSE,FALSE,FALSE,FALSE,FALSE,FALSE
водонасосные станции купить,30,38,4,1,"related_search, Sitelinks",https://220volt.com.ua/nasos/nasosi-dlya-vodosnabzheniya/nasosnie-ustanovki.htm,FALSE,TRUE,FALSE,FALSE,FALSE,TRUE
электрогенератор купить киев,30,28,4,1,"Local pack, related_search, Sitelinks",https://220volt.com.ua/ua/generatory.htm,FALSE,TRUE,FALSE,FALSE,FALSE,TRUE
реле насоса водяного,30,24,4,1,"Thumbnail, also_asks, related_search, Video preview, Sitelinks, snip_image_thumbnail",https://220volt.com.ua/nasos/komplektuyushchie-dlya-vodosnabzheniya-i-vodootvedeniya/tip_kompl_nasos_rele-davleniya/,FALSE,FALSE,FALSE,FALSE,FALSE,FALSE
система теплый пол,30,8,4,1,"Video preview, related_search, also_asks, a_box_fsnippet, Sitelinks, snip_featured",https://220volt.com.ua/news/kak-rabotaet-teplyj-pol-vse-chto-nuzhno-znat-o-sovremennoj-sisteme-otopleniya/,FALSE,FALSE,FALSE,FALSE,FALSE,FALSE
источник бесперебойного питания 3000 ватт,30,11,4,1,"related_search, Sitelinks",https://220volt.com.ua/istochniki-besperebojnogo-pitaniya/fullpower_ibp_1001-3000/,FALSE,FALSE,FALSE,FALSE,FALSE,FALSE
реле нагрузки 220 вольт,30,7,4,1,"Thumbnail, also_asks, related_search, Video preview, Sitelinks, snip_image_thumbnail",https://220volt.com.ua/elektrika-i-svet/nizkovoltnoe-oborudovanie/rele-tajmeri-fotokontrolleri/rele/rele_kontrolya_napryajeniya.htm,FALSE,FALSE,FALSE,FALSE,FALSE,FALSE
купить солнечную станцию для дома,30,24,4,1,"Thumbnail, related_search, also_asks, shopping_rhs, Sitelinks",https://220volt.com.ua/solnechnaya-energetika/solnechnye-elektrostantsii.htm,FALSE,TRUE,FALSE,FALSE,FALSE,TRUE
гибридная солнечная станция,30,4,4,1,"Video preview, also_asks, related_search, Sitelinks",https://220volt.com.ua/solnechnaya-energetika/solnechnye-elektrostantsii/tip_stantsii_gibridnye-solnechnye-stantsii/,FALSE,FALSE,FALSE,FALSE,FALSE,FALSE
hf2430s60 100,30,2,4,1,"Sitelinks, snip_image_thumbnail",https://220volt.com.ua/ua/gibridnyi_invertor_srne_hf2430s60_100/,FALSE,FALSE,FALSE,FALSE,FALSE,FALSE
частотник invt,30,3,4,1,"related_search, Thumbnail, Sitelinks, snip_image_thumbnail",https://220volt.com.ua/preobrazovateli_chastoty_ustr_plavnogo_puska/preobrazovateli-chastoti/invt-electric/,FALSE,FALSE,FALSE,FALSE,FALSE,FALSE
пускатель электромагнитный,30,5,4,1,"related_search, Thumbnail, Sitelinks, snip_image_thumbnail",https://220volt.com.ua/elektrika-i-svet/nizkovoltnoe-oborudovanie/puskateli-kontaktori/puskateli.htm,FALSE,FALSE,FALSE,FALSE,FALSE,FALSE
challenger a12 100,30,2,4,1,"Thumbnail, Sitelinks",https://220volt.com.ua/ua/akkumulyatornaya-batareya-challenger-a12-100/,FALSE,FALSE,FALSE,FALSE,FALSE,FALSE
генераторы на 380,30,9,4,1,"AI Overview, also_asks, Sitelinks",https://220volt.com.ua/generatory/faznost_generatorov_3/,FALSE,FALSE,FALSE,FALSE,FALSE,FALSE
дбж рітар,30,3,4,1,"also_asks, Video preview, Sitelinks",https://220volt.com.ua/ua/istochniki-besperebojnogo-pitaniya/ritar/,FALSE,FALSE,FALSE,FALSE,FALSE,FALSE
купити магнітний пускач,30,4,4,1,"related_search, Sitelinks",https://220volt.com.ua/ua/elektrika-i-svet/nizkovoltnoe-oborudovanie/puskateli-kontaktori/puskateli.htm,FALSE,TRUE,FALSE,FALSE,FALSE,TRUE
контроль напруги,30,8,4,1,"also_asks, related_search, Video preview, Sitelinks, snip_image_thumbnail",https://220volt.com.ua/elektrika-i-svet/nizkovoltnoe-oborudovanie/rele-tajmeri-fotokontrolleri/rele/rele_kontrolya_napryajeniya.htm,FALSE,FALSE,FALSE,FALSE,FALSE,FALSE
сонячні панелі в квартиру,30,25,4,1,"Video preview, related_search, Sitelinks",https://220volt.com.ua/ua/solnechnaya-energetika/solnechnye-paneli-batarei/naznachenie_dlya_fotomoduli__kvartiry/,FALSE,FALSE,FALSE,FALSE,FALSE,FALSE
gd20 004g 4,30,1,4,1,"related_search, Sitelinks",https://220volt.com.ua/preobrazovatel-chastoti-invt-gd20-004g-4/,FALSE,FALSE,FALSE,FALSE,FALSE,FALSE
купить генератор с правильной синусоидой,30,1,4,1,"also_asks, Thumbnail, related_search, Sitelinks",https://220volt.com.ua/generatory/osnaschenie_generatora_s-pravilnoj-sinusoidoj/,FALSE,TRUE,FALSE,FALSE,FALSE,TRUE
генератор двухтопливный,30,9,4,1,"related_search, Sitelinks",https://220volt.com.ua/generatory/tip_generatora_benzinovo_gazovie/,FALSE,FALSE,FALSE,FALSE,FALSE,FALSE
купить бесперебойник в украине,30,38,4,1,"related_search, Sitelinks",https://220volt.com.ua/istochniki-besperebojnogo-pitaniya.htm,FALSE,TRUE,FALSE,FALSE,FALSE,TRUE
правила установки генератора,30,2,4,1,"AI Overview, also_asks, related_search, Thumbnail, Sitelinks",https://220volt.com.ua/news/ustanovka-generatora-na-ulitse/,FALSE,FALSE,FALSE,FALSE,FALSE,FALSE
характеристики генератора,30,7,4,1,"also_asks, AI Overview, related_search, Thumbnail, Sitelinks",https://220volt.com.ua/ua/news/harakteristiki-moshchnosti-generatora/,FALSE,FALSE,FALSE,FALSE,FALSE,FALSE
аккумуляторы ventura,30,5,4,1,"also_asks, related_search, Sitelinks",https://220volt.com.ua/akkumulatornie-batarei/ventura/,FALSE,FALSE,FALSE,FALSE,FALSE,FALSE
ups 220v,30,11,4,1,"related_search, Sitelinks",https://220volt.com.ua/ua/istochniki-besperebojnogo-pitaniya.htm,FALSE,FALSE,FALSE,FALSE,FALSE,FALSE
емкость аккумуляторных батарей,30,19,4,1,"related_search, AI Overview, Thumbnail, also_asks, Sitelinks, snip_fqdn_in_aio",https://220volt.com.ua/news/chto-takoe-emkost-akkumulyatora-metodika-ee-rascheta/,FALSE,FALSE,FALSE,FALSE,FALSE,FALSE
ибп с встроенным аккумулятором,30,1,4,1,"related_search, also_asks, Sitelinks",https://220volt.com.ua/istochniki-besperebojnogo-pitaniya/akkumulyatornaya_batareya_vstroennaya/,FALSE,FALSE,FALSE,FALSE,FALSE,FALSE
hr1221wf2,30,1,4,1,"Sitelinks, snip_image_thumbnail",https://220volt.com.ua/ua/akkumulyatornaya-batareya-csb-hr1221wf2/,FALSE,FALSE,FALSE,FALSE,FALSE,FALSE
ёмкость аккумуляторной батареи,30,23,4,1,"AI Overview, also_asks, related_search, Video preview, Sitelinks",https://220volt.com.ua/news/chto-takoe-emkost-akkumulyatora-metodika-ee-rascheta/,FALSE,FALSE,FALSE,FALSE,FALSE,FALSE
генератор werk wpg3600,30,3,4,1,"Video preview, AI Overview, related_search, Sitelinks",https://220volt.com.ua/generator_benzinovyi_werk_wpg3600/,FALSE,FALSE,FALSE,FALSE,FALSE,FALSE
реле управления насосом,30,11,4,1,"Thumbnail, related_search, also_asks, Sitelinks, snip_image_thumbnail",https://220volt.com.ua/nasos/komplektuyushchie-dlya-vodosnabzheniya-i-vodootvedeniya/tip_kompl_nasos_rele-davleniya/,FALSE,FALSE,FALSE,FALSE,FALSE,FALSE
yuasa np7 12l,30,2,4,1,"Thumbnail, Sitelinks, snip_image_thumbnail",https://220volt.com.ua/ua/akkumulyatornaya-batareya-yuasa-np7-12/,FALSE,FALSE,FALSE,FALSE,FALSE,FALSE
акб ventura,30,6,4,1,"related_search, Sitelinks",https://220volt.com.ua/akkumulatornie-batarei/ventura/,FALSE,FALSE,FALSE,FALSE,FALSE,FALSE
генераторы hitachi,30,2,4,1,"Thumbnail, Sitelinks",https://220volt.com.ua/generatory/hitachii/,FALSE,FALSE,FALSE,FALSE,FALSE,FALSE
автономная солнечная электростанция 3 квт цена,30,3,4,1,"a_box_fsnippet, also_asks, related_search, Thumbnail, Sitelinks, snip_featured",https://220volt.com.ua/solnechnaya-energetika/solnechnye-elektrostantsii/moshnost_set_stanc__3/,FALSE,TRUE,FALSE,FALSE,FALSE,TRUE
купить аккумулятор для дома 220 вольт,30,20,4,1,"related_search, also_asks, AI Overview, Sitelinks, snip_image_thumbnail",https://220volt.com.ua/akkumulatornie-batarei.htm,FALSE,TRUE,FALSE,FALSE,FALSE,TRUE
портативная электростанция купить,30,28,4,1,"related_search, also_asks, Sitelinks",https://220volt.com.ua/portativnye-zaryadnye-stantsii/portativnye-elektrostantsii.htm,FALSE,TRUE,FALSE,FALSE,FALSE,TRUE
контроллер авр basic,30,1,4,1,"also_asks, Thumbnail, Sitelinks",https://220volt.com.ua/storage/catalog_products/165632/instruction/738.pdf,FALSE,FALSE,FALSE,FALSE,FALSE,FALSE
генератор с аккумулятором,30,10,4,1,"also_asks, related_search, Video preview, Sitelinks",https://220volt.com.ua/generatory/osnaschenie_generatora_s-akkumulyatornoj-batareej/,FALSE,FALSE,FALSE,FALSE,FALSE,FALSE
разъемы 220 вольт,30,1,4,1,"related_search, Thumbnail, Sitelinks, snip_image_thumbnail",https://220volt.com.ua/elektrika-i-svet/nizkovoltnoe-oborudovanie/razemi.htm,FALSE,FALSE,FALSE,FALSE,FALSE,FALSE
пускатели электромагнитные,30,2,4,1,"also_asks, related_search, kn_graph_card, Sitelinks, snip_image_thumbnail",https://220volt.com.ua/elektrika-i-svet/nizkovoltnoe-oborudovanie/puskateli-kontaktori/puskateli.htm,FALSE,FALSE,FALSE,FALSE,FALSE,FALSE
емкость аккумуляторной батареи,30,23,4,1,"Video preview, also_asks, related_search, Thumbnail, AI Overview, Sitelinks, snip_url_in_aio, snip_fqdn_in_aio",https://220volt.com.ua/news/chto-takoe-emkost-akkumulyatora-metodika-ee-rascheta/,FALSE,FALSE,FALSE,FALSE,FALSE,FALSE
воздушный солнечный коллектор,30,2,4,1,"a_box_fsnippet, also_asks, Thumbnail, Sitelinks, snip_featured",https://220volt.com.ua/news/vozdushnie-solnechnie-kollektori-dlya-obogreva-i-ventilyatsii/,FALSE,FALSE,FALSE,FALSE,FALSE,FALSE
np7 12l yuasa,30,1,4,1,"Sitelinks, snip_image_thumbnail",https://220volt.com.ua/ua/akkumulyatornaya-batareya-yuasa-np7-12/,FALSE,FALSE,FALSE,FALSE,FALSE,FALSE
емкость акб,30,24,4,1,"also_asks, AI Overview, Video preview, related_search, Thumbnail, Sitelinks",https://220volt.com.ua/news/chto-takoe-emkost-akkumulyatora-metodika-ee-rascheta/,FALSE,FALSE,FALSE,FALSE,FALSE,FALSE
тихий генератор на 3 квт,30,25,4,1,"also_asks, related_search, Thumbnail, Sitelinks",https://220volt.com.ua/generatory/ispolnenie_generatora_v-shumopogloshchayushchem-korpuse/,FALSE,FALSE,FALSE,FALSE,FALSE,FALSE
реле давления купить,30,1,4,1,"shopping_top, related_search, Local pack, Thumbnail, Sitelinks",https://220volt.com.ua/nasos/komplektuyushchie-dlya-vodosnabzheniya-i-vodootvedeniya/tip_kompl_nasos_rele-davleniya/,FALSE,TRUE,FALSE,FALSE,FALSE,TRUE
реле давления воды купить,30,27,4,1,"also_asks, related_search, Thumbnail, Local pack, Sitelinks",https://220volt.com.ua/nasos/komplektuyushchie-dlya-vodosnabzheniya-i-vodootvedeniya/tip_kompl_nasos_rele-davleniya/,FALSE,TRUE,FALSE,FALSE,FALSE,TRUE
источники бесперебойного питания онлайн,30,12,4,1,"Thumbnail, related_search, also_asks, Sitelinks",https://220volt.com.ua/istochniki-besperebojnogo-pitaniya/typearhetekturi_neprerivnogo-dejstviya/,FALSE,FALSE,FALSE,FALSE,FALSE,FALSE
дифреле купить,30,2,4,1,"related_search, Thumbnail, Sitelinks",https://220volt.com.ua/ua/elektrika-i-svet/nizkovoltnoe-oborudovanie/ustrojstva-zashchitnogo-otklyucheniya-uzo-difavtomati/tip_uzo_difrele/,FALSE,TRUE,FALSE,FALSE,FALSE,TRUE
магнитный пускатели,30,17,4,1,"Thumbnail, also_asks, Video preview, related_search, Sitelinks, snip_image_thumbnail",https://220volt.com.ua/elektrika-i-svet/nizkovoltnoe-oborudovanie/puskateli-kontaktori/puskateli.htm,FALSE,FALSE,FALSE,FALSE,FALSE,FALSE
купить дизельный генератор киев,30,21,4,1,"related_search, Sitelinks",https://220volt.com.ua/generatory/tip_generatora_dizelnie_generatori/,FALSE,TRUE,FALSE,FALSE,FALSE,TRUE
временное реле,30,14,4,1,"related_search, Thumbnail, also_asks, Sitelinks, snip_image_thumbnail",https://220volt.com.ua/elektrika-i-svet/nizkovoltnoe-oborudovanie/rele-tajmeri-fotokontrolleri/rele/rele_vremeni.htm,FALSE,FALSE,FALSE,FALSE,FALSE,FALSE
мп 20,30,1,4,1,"Thumbnail, Sitelinks, snip_image_thumbnail",https://220volt.com.ua/ua/magnitnij-puskatel-promfaktor-mp-20-20-2r-20a/,FALSE,FALSE,FALSE,FALSE,FALSE,FALSE
купить аккумулятор 4 вольта,30,7,4,1,"Thumbnail, related_search, Sitelinks",https://220volt.com.ua/akkumulatornie-batarei/napryagenie_batarei_block_4/,FALSE,TRUE,FALSE,FALSE,FALSE,TRUE
разновидность аккумуляторов,30,14,4,1,"related_search, Thumbnail, also_asks, AI Overview, Sitelinks",https://220volt.com.ua/news/raznovidnosti-akkumulyatornih-batarej-soglasno-tipu-rabochih-elementov-i-naznacheniyu/,FALSE,FALSE,FALSE,FALSE,FALSE,FALSE
контактор 220,30,2,4,1,"related_search, Thumbnail, also_asks, Sitelinks, snip_image_thumbnail",https://220volt.com.ua/ua/elektrika-i-svet/nizkovoltnoe-oborudovanie/puskateli-kontaktori/puskateli/tip_puskateley_modul-nie/,FALSE,FALSE,FALSE,FALSE,FALSE,FALSE
стабилизаторы 220,30,2,4,1,"also_asks, Thumbnail, related_search, Video preview, Sitelinks",https://220volt.com.ua/stabilizator/phases_stab_odnofaznie/,FALSE,FALSE,FALSE,FALSE,FALSE,FALSE
gw500,30,1,4,1,"related_search, Thumbnail, Sitelinks, snip_image_thumbnail",https://220volt.com.ua/stabilizator-napryazheniya-elim-ukraina-gw-500/,FALSE,FALSE,FALSE,FALSE,FALSE,FALSE
автозапуск на генератор,30,12,4,1,"AI Overview, related_search, Thumbnail, Video preview, also_asks, Sitelinks",https://220volt.com.ua/avtomaticheskij-zapusk-generatora.htm,FALSE,FALSE,FALSE,FALSE,FALSE,FALSE
стабілізатор україна,30,8,4,1,"Video preview, Thumbnail, related_search, Sitelinks",https://220volt.com.ua/ua/stabilizator.htm,FALSE,FALSE,FALSE,FALSE,FALSE,FALSE
купить пускатель на 220 вольт,30,4,4,1,"Thumbnail, related_search, Sitelinks",https://220volt.com.ua/elektrika-i-svet/nizkovoltnoe-oborudovanie/puskateli-kontaktori/puskateli.htm,FALSE,TRUE,FALSE,FALSE,FALSE,TRUE
реле напряжения хагер,30,2,4,1,"Thumbnail, Video preview, related_search, Sitelinks, snip_image_thumbnail",https://220volt.com.ua/elektrika-i-svet/nizkovoltnoe-oborudovanie/rele-tajmeri-fotokontrolleri/rele/rele_kontrolya_napryajeniya/hager/,FALSE,FALSE,FALSE,FALSE,FALSE,FALSE
таймер для розетки 220 вольт,30,30,4,1,"Thumbnail, Video preview, related_search, also_asks, Sitelinks",https://220volt.com.ua/elektrika-i-svet/nizkovoltnoe-oborudovanie/rele-tajmeri-fotokontrolleri/tajmeri.htm,FALSE,FALSE,FALSE,FALSE,FALSE,FALSE
разновидности аккумуляторов,30,14,4,1,"related_search, Thumbnail, AI Overview, also_asks, Sitelinks, snip_url_in_aio, snip_fqdn_in_aio",https://220volt.com.ua/news/raznovidnosti-akkumulyatornih-batarej-soglasno-tipu-rabochih-elementov-i-naznacheniyu/,FALSE,FALSE,FALSE,FALSE,FALSE,FALSE
генератор переносной,30,11,4,1,"Thumbnail, Sitelinks",https://220volt.com.ua/generatory/tip_ustanovki_portativnie/,FALSE,FALSE,FALSE,FALSE,FALSE,FALSE
виды компрессоров,30,3,4,1,"related_search, also_asks, AI Overview, Sitelinks, snip_image_thumbnail",https://220volt.com.ua/news/kompressori-tipi-osobennosti-prednaznachenie/,FALSE,FALSE,FALSE,FALSE,FALSE,FALSE
yuasa np7 12s,30,2,4,1,Sitelinks,https://220volt.com.ua/ua/akkumulyatornaya-batareya-yuasa-np7-12/,FALSE,FALSE,FALSE,FALSE,FALSE,FALSE
реле регулятор напряжения 220 вольт,30,4,4,1,"also_asks, Thumbnail, related_search, Sitelinks, snip_image_thumbnail",https://220volt.com.ua/elektrika-i-svet/nizkovoltnoe-oborudovanie/rele-tajmeri-fotokontrolleri/rele/rele_kontrolya_napryajeniya.htm,FALSE,FALSE,FALSE,FALSE,FALSE,FALSE
типы автомобильных аккумуляторов,30,8,4,1,"also_asks, a_box_fsnippet, related_search, Sitelinks, snip_featured",https://220volt.com.ua/news/raznovidnosti-akkumulyatornih-batarej-soglasno-tipu-rabochih-elementov-i-naznacheniyu/,FALSE,FALSE,FALSE,FALSE,FALSE,FALSE
реле на скважину,30,21,4,1,"Thumbnail, also_asks, Video preview, related_search, Sitelinks, snip_image_thumbnail",https://220volt.com.ua/nasos/komplektuyushchie-dlya-vodosnabzheniya-i-vodootvedeniya/tip_kompl_nasos_rele-davleniya/,FALSE,FALSE,FALSE,FALSE,FALSE,FALSE
як працює тепла підлога,30,6,4,1,"also_asks, AI Overview, Video preview, related_search, Thumbnail, Sitelinks, snip_url_in_aio, snip_fqdn_in_aio",https://220volt.com.ua/ua/news/kak-rabotaet-teplyj-pol-vse-chto-nuzhno-znat-o-sovremennoj-sisteme-otopleniya/,FALSE,FALSE,FALSE,TRUE,FALSE,FALSE
великі генератори,30,4,4,1,"AI Overview, related_search, also_asks, Thumbnail, Sitelinks",https://220volt.com.ua/ua/generatory/klass_generatora_promyshlennye/,FALSE,FALSE,FALSE,FALSE,FALSE,FALSE
ёмкость акб,30,3,4,1,"related_search, Thumbnail, AI Overview, Video preview, also_asks, Sitelinks, snip_url_in_aio, snip_fqdn_in_aio",https://220volt.com.ua/news/chto-takoe-emkost-akkumulyatora-metodika-ee-rascheta/,FALSE,FALSE,FALSE,FALSE,FALSE,FALSE
ибп 3000 вт,30,11,4,1,"related_search, also_asks, Sitelinks",https://220volt.com.ua/istochniki-besperebojnogo-pitaniya/fullpower_ibp_1001-3000/,FALSE,FALSE,FALSE,FALSE,FALSE,FALSE
gd10,30,1,4,1,"AI Overview, Thumbnail, Sitelinks, snip_image_thumbnail, snip_url_in_aio, snip_fqdn_in_aio",https://220volt.com.ua/ua/preobrazovatel-chastoti-invt-gd10-0r2g-s2/,FALSE,FALSE,FALSE,FALSE,FALSE,FALSE
реле на водяной насос,30,1,4,1,"Thumbnail, also_asks, related_search, Sitelinks, snip_image_thumbnail",https://220volt.com.ua/nasos/komplektuyushchie-dlya-vodosnabzheniya-i-vodootvedeniya/tip_kompl_nasos_rele-davleniya/,FALSE,FALSE,FALSE,FALSE,FALSE,FALSE
клапан на водяной насос,30,5,4,1,"also_asks, Thumbnail, related_search, Sitelinks",https://220volt.com.ua/nasos/komplektuyushchie-dlya-vodosnabzheniya-i-vodootvedeniya/tip_kompl_nasos_obratnie-klapani/,FALSE,FALSE,FALSE,FALSE,FALSE,FALSE
axpert king,30,2,4,1,Sitelinks,https://220volt.com.ua/ua/invertor-q-power-axpert-king-5000/,FALSE,FALSE,FALSE,FALSE,FALSE,FALSE
ккт 61,30,1,4,1,"Thumbnail, related_search, Sitelinks",https://220volt.com.ua/ua/komandokontroller-promfaktor-kkt-61/,FALSE,FALSE,FALSE,FALSE,FALSE,FALSE
аккумуляторная батарея 4 вольта,30,12,4,1,"related_search, Sitelinks, snip_image_thumbnail",https://220volt.com.ua/akkumulatornie-batarei/napryagenie_batarei_block_4/,FALSE,FALSE,FALSE,FALSE,FALSE,FALSE
forte fg8000e,30,1,4,1,"related_search, Sitelinks, snip_image_thumbnail",https://220volt.com.ua/ua/generator-benzinovij-forte-fg8000e/,FALSE,FALSE,FALSE,FALSE,FALSE,FALSE
реле для насоса скважины,30,27,4,1,"Thumbnail, Video preview, also_asks, related_search, Sitelinks, snip_image_thumbnail",https://220volt.com.ua/nasos/komplektuyushchie-dlya-vodosnabzheniya-i-vodootvedeniya/tip_kompl_nasos_rele-davleniya/,FALSE,FALSE,FALSE,FALSE,FALSE,FALSE
ws40,30,1,4,1,"Thumbnail, Sitelinks",https://220volt.com.ua/ua/generator-dizel-nij-wattstream-ws40-ws/,FALSE,FALSE,FALSE,FALSE,FALSE,FALSE
6 в аккумулятор,30,18,4,1,"related_search, also_asks, Sitelinks",https://220volt.com.ua/akkumulatornie-batarei/napryagenie_batarei_block_6/,FALSE,FALSE,FALSE,FALSE,FALSE,FALSE
bms eco battery,30,3,4,1,Sitelinks,https://220volt.com.ua/ua/akkumulatornie-batarei/bmseco/,FALSE,FALSE,FALSE,FALSE,FALSE,FALSE
купить портативная электростанция,30,20,4,1,"related_search, also_asks, Sitelinks",https://220volt.com.ua/portativnye-zaryadnye-stantsii/portativnye-elektrostantsii.htm,FALSE,TRUE,FALSE,FALSE,FALSE,TRUE
подовжувач для генератора,30,1,4,1,"also_asks, AI Overview, related_search, Sitelinks, snip_url_in_aio, snip_fqdn_in_aio",https://220volt.com.ua/ua/soputstvuushie_tovari/udliniteli-dlya-generatora.htm,FALSE,FALSE,FALSE,FALSE,FALSE,FALSE
мобільна електростанція,30,2,4,1,"related_search, AI Overview, also_asks, Sitelinks",https://220volt.com.ua/ua/portativnye-zaryadnye-stantsii/portativnye-elektrostantsii.htm,FALSE,FALSE,FALSE,FALSE,FALSE,FALSE
np7 12 yuasa,30,2,4,1,"Thumbnail, Sitelinks",https://220volt.com.ua/ua/akkumulyatornaya-batareya-yuasa-np7-12/,FALSE,FALSE,FALSE,FALSE,FALSE,FALSE
аккумуляторная батарея 300 ач,30,2,4,1,"related_search, also_asks, Sitelinks",https://220volt.com.ua/akkumulatornie-batarei/emkost_ab_block_300/,FALSE,FALSE,FALSE,FALSE,FALSE,FALSE
general electric ups,30,1,4,1,"also_asks, Thumbnail, Sitelinks",https://220volt.com.ua/istochniki-besperebojnogo-pitaniya/general-electric/,FALSE,FALSE,FALSE,FALSE,FALSE,FALSE
акб 4 вольта,30,14,4,1,"also_asks, related_search, Thumbnail, Sitelinks",https://220volt.com.ua/akkumulatornie-batarei/napryagenie_batarei_block_4/,FALSE,FALSE,FALSE,FALSE,FALSE,FALSE
ибп 3000вт,30,7,4,1,"related_search, Sitelinks",https://220volt.com.ua/istochniki-besperebojnogo-pitaniya/fullpower_ibp_1001-3000/,FALSE,FALSE,FALSE,FALSE,FALSE,FALSE
6в аккумулятор,30,18,4,1,"related_search, also_asks, Sitelinks",https://220volt.com.ua/akkumulatornie-batarei/napryagenie_batarei_block_6/,FALSE,FALSE,FALSE,FALSE,FALSE,FALSE
купить реле времени на 220 вольт,30,7,4,1,"Thumbnail, related_search, Sitelinks",https://220volt.com.ua/elektrika-i-svet/nizkovoltnoe-oborudovanie/rele-tajmeri-fotokontrolleri/rele/rele_vremeni.htm,FALSE,TRUE,FALSE,FALSE,FALSE,TRUE
мощность лед лампы,30,1,4,1,"Video preview, related_search, also_asks, a_box_fsnippet, Thumbnail, Sitelinks, snip_featured",https://220volt.com.ua/news/sravnenie-lamp/,FALSE,FALSE,FALSE,FALSE,FALSE,FALSE
время зарядки гелевого аккумулятора 200 ач,30,21,4,1,"AI Overview, also_asks, related_search, Sitelinks",https://220volt.com.ua/news/pravilnaya-zaryadka-gelevogo-akkumulyatora-kak-uvelichit-srok-ego-sluzhby/,FALSE,FALSE,FALSE,FALSE,FALSE,FALSE
аккумулятор 48 вольт для инвертора,30,5,4,1,"also_asks, Video preview, related_search, Sitelinks",https://220volt.com.ua/akkumulatornie-batarei/napryagenie_batarei_block_48/,FALSE,FALSE,FALSE,FALSE,FALSE,FALSE
прибор учета электрической энергии,30,0,4,1,"AI Overview, related_search, Video preview, also_asks, Sitelinks",https://220volt.com.ua/elektrika-i-svet/pribori-dlya-kontrolya-i-izmereniya/schetchiki/schetchiki-elektricheskoj-energii.htm,FALSE,FALSE,FALSE,FALSE,FALSE,FALSE
пускатели шнайдер,30,4,4,1,"Thumbnail, related_search, Sitelinks, snip_image_thumbnail",https://220volt.com.ua/elektrika-i-svet/nizkovoltnoe-oborudovanie/puskateli-kontaktori/puskateli/schneider/,FALSE,FALSE,FALSE,FALSE,FALSE,FALSE
ups з зовнішнім акумулятором,30,2,4,1,"Thumbnail, related_search, Sitelinks",https://220volt.com.ua/ua/istochniki-besperebojnogo-pitaniya/akkumulyatornaya_batareya_vneshnyaya/,FALSE,FALSE,FALSE,FALSE,FALSE,FALSE
генератор 28 квт,30,1,4,1,"Thumbnail, Sitelinks",https://220volt.com.ua/generatory/maksimalnaya_moschnost_block__28/,FALSE,FALSE,FALSE,FALSE,FALSE,FALSE
стабилизаторы напряжения 380,30,7,4,1,"related_search, also_asks, Thumbnail, Sitelinks",https://220volt.com.ua/stabilizator/phases_stab_trehfaznie/,FALSE,FALSE,FALSE,FALSE,FALSE,FALSE
насосы pedrollo цены,30,8,4,1,"related_search, kn_graph_local, Sitelinks",https://220volt.com.ua/nasos/nasosi-dlya-vodosnabzheniya/skvazhinnie-nasosi/pedrollo/,FALSE,FALSE,FALSE,FALSE,FALSE,FALSE
солнечная панель 220 вольт купить,30,8,4,1,"related_search, also_asks, Sitelinks",https://220volt.com.ua/solnechnaya-energetika/solnechnye-paneli-batarei.htm,FALSE,TRUE,FALSE,FALSE,FALSE,TRUE
кнопка 220,30,5,4,1,"Thumbnail, related_search, Sitelinks, snip_image_thumbnail",https://220volt.com.ua/elektrika-i-svet/nizkovoltnoe-oborudovanie/viklyuchateli-knopki-pereklyuchateli/knopki.htm,FALSE,FALSE,FALSE,FALSE,FALSE,FALSE
rtl 3,30,0,4,1,"Thumbnail, Sitelinks",https://220volt.com.ua/ua/ibp-exa-power-plus-rtl-3-kva/,FALSE,FALSE,FALSE,FALSE,FALSE,FALSE
генератор на 380 вольт купить,30,11,4,1,"Thumbnail, related_search, Sitelinks",https://220volt.com.ua/generatory/faznost_generatorov_3/,FALSE,TRUE,FALSE,FALSE,FALSE,TRUE
виды компрессора,30,3,4,1,"related_search, also_asks, AI Overview, Sitelinks, snip_image_thumbnail, snip_url_in_aio, snip_fqdn_in_aio",https://220volt.com.ua/news/kompressori-tipi-osobennosti-prednaznachenie/,FALSE,FALSE,FALSE,FALSE,FALSE,FALSE
солнечная электростанция 5 квт отзывы,30,7,4,1,"also_asks, related_search, AI Overview, Video preview, Sitelinks",https://220volt.com.ua/solnechnaya-energetika/solnechnye-elektrostantsii/moshnost_set_stanc_5/,FALSE,FALSE,FALSE,FALSE,TRUE,FALSE
безперебійник 220 вольт,30,2,4,1,"related_search, Sitelinks",https://220volt.com.ua/ua/istochniki-besperebojnogo-pitaniya.htm,FALSE,FALSE,FALSE,FALSE,FALSE,FALSE
huawei smart dongle wlan fe,30,1,4,1,"a_box_fsnippet, related_search, Sitelinks, snip_featured, snip_image_thumbnail",https://220volt.com.ua/ua/ustroistvo_wifilan_monitoringa_wlan_fe_apsta_huawei_smart_dongle_s_tockoi_dostupa/,FALSE,FALSE,FALSE,FALSE,FALSE,FALSE
стабилизаторы переменного напряжения,30,12,4,1,"Video preview, Thumbnail, related_search, AI Overview, also_asks, Sitelinks",https://220volt.com.ua/stabilizator.htm,FALSE,FALSE,FALSE,FALSE,FALSE,FALSE
купить портативную электростанцию для квартиры,30,18,4,1,"also_asks, related_search, AI Overview, Sitelinks, snip_url_in_aio, snip_fqdn_in_aio",https://220volt.com.ua/portativnye-zaryadnye-stantsii/portativnye-elektrostantsii.htm,FALSE,TRUE,FALSE,FALSE,FALSE,TRUE
переключатель электрический,30,8,4,1,"also_asks, related_search, Thumbnail, Sitelinks, snip_image_thumbnail",https://220volt.com.ua/elektrika-i-svet/nizkovoltnoe-oborudovanie/viklyuchateli-knopki-pereklyuchateli/pereklyuchateli.htm,FALSE,FALSE,FALSE,FALSE,FALSE,FALSE
электростанция солнечная,30,26,4,1,"related_search, also_asks, kn_graph_card, Video preview, Sitelinks, snip_image_thumbnail",https://220volt.com.ua/solnechnaya-energetika/solnechnye-elektrostantsii.htm,FALSE,FALSE,FALSE,FALSE,FALSE,FALSE
генераторы электростанций,30,13,4,1,"also_asks, related_search, Video preview, Sitelinks",https://220volt.com.ua/generatory.htm,FALSE,FALSE,FALSE,FALSE,FALSE,FALSE
реле напруги 220,30,1,4,1,"also_asks, related_search, Video preview, Sitelinks, snip_image_thumbnail",https://220volt.com.ua/elektrika-i-svet/nizkovoltnoe-oborudovanie/rele-tajmeri-fotokontrolleri/rele/rele_kontrolya_napryajeniya.htm,FALSE,FALSE,FALSE,FALSE,FALSE,FALSE
виды счетчиков электрической энергии,30,4,4,1,"AI Overview, Video preview, related_search, also_asks, Sitelinks",https://220volt.com.ua/news/schetchiki-elektricheskoj-energii-kakie-byvayut/,FALSE,FALSE,FALSE,FALSE,FALSE,FALSE
схема подключения стабилизатора напряжения,30,6,4,1,"also_asks, Video preview, related_search, Thumbnail, Sitelinks, snip_image_thumbnail",https://220volt.com.ua/news/osnovnie-nyuansi-ustanovki-i-shemi-podklyucheniya-stabilizatora-napryazheniya/,FALSE,FALSE,FALSE,FALSE,FALSE,FALSE
купить стабилизатор напряжения киев,30,47,4,1,"also_asks, related_search, Local pack, Sitelinks",https://220volt.com.ua/stabilizator.htm,FALSE,TRUE,FALSE,FALSE,FALSE,TRUE
ups general electric,30,1,4,1,"AI Overview, Thumbnail, Sitelinks, snip_fqdn_in_aio",https://220volt.com.ua/istochniki-besperebojnogo-pitaniya/general-electric/,FALSE,FALSE,FALSE,FALSE,FALSE,FALSE
устройства аккумулятора,30,33,4,1,"also_asks, AI Overview, Video preview, related_search, Thumbnail, Sitelinks, snip_url_in_aio, snip_fqdn_in_aio",https://220volt.com.ua/news/ustrojstvo-avtomobilnogo-akkumulyatora/,FALSE,FALSE,FALSE,FALSE,FALSE,FALSE
циркуляционный насос для воды 220 вольт,30,6,4,1,"AI Overview, also_asks, related_search, Sitelinks",https://220volt.com.ua/nasos/nasosi-dlya-vodosnabzheniya/tsirkulyatsionnie.htm,FALSE,FALSE,FALSE,FALSE,FALSE,FALSE
источник бесперебойного питания 3000 вт,30,11,4,1,Sitelinks,https://220volt.com.ua/istochniki-besperebojnogo-pitaniya/fullpower_ibp_1001-3000/,FALSE,FALSE,FALSE,FALSE,FALSE,FALSE
дбж для котла 500 вт,30,14,4,1,"related_search, also_asks, AI Overview, Sitelinks",https://220volt.com.ua/istochniki-besperebojnogo-pitaniya/fullpower_ibp_do-500/,FALSE,FALSE,FALSE,FALSE,FALSE,FALSE
реле контроля,30,15,4,1,"Thumbnail, AI Overview, also_asks, related_search, Video preview, Sitelinks, snip_image_thumbnail",https://220volt.com.ua/elektrika-i-svet/nizkovoltnoe-oborudovanie/rele-tajmeri-fotokontrolleri/rele/rele_kontrolya_napryajeniya.htm,FALSE,FALSE,FALSE,FALSE,FALSE,FALSE
стабилизатор напряжения киев,30,47,4,1,"AI Overview, related_search, Local pack, Sitelinks, snip_url_in_aio, snip_fqdn_in_aio",https://220volt.com.ua/stabilizator.htm,FALSE,TRUE,FALSE,FALSE,FALSE,FALSE
магнитные пускатели,30,2,4,1,"related_search, kn_graph_card, also_asks, Sitelinks, snip_image_thumbnail",https://220volt.com.ua/elektrika-i-svet/nizkovoltnoe-oborudovanie/puskateli-kontaktori/puskateli.htm,FALSE,FALSE,FALSE,FALSE,FALSE,FALSE
устройство аккумуляторной батареи,30,5,4,1,"Thumbnail, AI Overview, related_search, Video preview, also_asks, Sitelinks",https://220volt.com.ua/news/ustrojstvo-avtomobilnogo-akkumulyatora/,FALSE,FALSE,FALSE,FALSE,FALSE,FALSE
розеточный стабилизатор напряжения,30,15,4,1,"related_search, Thumbnail, also_asks, Sitelinks",https://220volt.com.ua/stabilizator/sposob_podklucheniya_stab_vilka-16-a/,FALSE,FALSE,FALSE,FALSE,FALSE,FALSE
тяговая батарея,30,8,4,1,"also_asks, related_search, Thumbnail, Sitelinks",https://220volt.com.ua/akkumulatornie-batarei/tip_elementa_tyagovie/,FALSE,FALSE,FALSE,FALSE,FALSE,FALSE
as12,30,1,4,1,"Thumbnail, Sitelinks",https://220volt.com.ua/ua/akkumulyatornaya-batareya-challenger-as12-18/,FALSE,FALSE,FALSE,FALSE,FALSE,FALSE
ибп ritar,30,6,4,1,"related_search, Video preview, Sitelinks",https://220volt.com.ua/istochniki-besperebojnogo-pitaniya/ritar/,FALSE,FALSE,FALSE,FALSE,FALSE,FALSE
реле тока купить,30,7,4,1,"Thumbnail, also_asks, Sitelinks, snip_image_thumbnail",https://220volt.com.ua/elektrika-i-svet/nizkovoltnoe-oborudovanie/rele-tajmeri-fotokontrolleri/rele/rele_kontrolya_toka.htm,FALSE,TRUE,FALSE,FALSE,FALSE,TRUE
электростанции портативные,30,28,4,1,"also_asks, Thumbnail, Video preview, Sitelinks",https://220volt.com.ua/portativnye-zaryadnye-stantsii/portativnye-elektrostantsii.htm,FALSE,FALSE,FALSE,FALSE,FALSE,FALSE
асн 300 н,30,2,4,1,"related_search, Video preview, a_box_fsnippet, Sitelinks, snip_featured, snip_image_thumbnail",https://220volt.com.ua/ua/stabilizator-napryazheniya-lvt-asn-300-n/,FALSE,FALSE,FALSE,FALSE,FALSE,FALSE
емкость аккумулятора автомобильного,30,2,4,1,"also_asks, AI Overview, Video preview, Thumbnail, related_search, Sitelinks",https://220volt.com.ua/news/chto-takoe-emkost-akkumulyatora-metodika-ee-rascheta/,FALSE,FALSE,FALSE,FALSE,FALSE,FALSE
разъем 220 вольт,30,6,4,1,"Thumbnail, also_asks, related_search, Sitelinks, snip_image_thumbnail",https://220volt.com.ua/elektrika-i-svet/nizkovoltnoe-oborudovanie/razemi.htm,FALSE,FALSE,FALSE,FALSE,FALSE,FALSE
электростанции солнечные,30,5,4,1,"also_asks, Thumbnail, related_search, Sitelinks",https://220volt.com.ua/solnechnaya-energetika/solnechnye-elektrostantsii.htm,FALSE,FALSE,FALSE,FALSE,FALSE,FALSE
таймер включения,30,27,4,1,"also_asks, related_search, AI Overview, Video preview, Sitelinks, snip_image_thumbnail",https://220volt.com.ua/elektrika-i-svet/nizkovoltnoe-oborudovanie/rele-tajmeri-fotokontrolleri/tajmeri.htm,FALSE,FALSE,FALSE,FALSE,FALSE,FALSE
npw36 12 yuasa,30,4,4,1,"Thumbnail, Sitelinks",https://220volt.com.ua/ua/akkumulyatornaya-batareya-yuasa-npw36-12-06366/,FALSE,FALSE,FALSE,FALSE,FALSE,FALSE
ups 500 watts,30,6,4,1,"AI Overview, Thumbnail, related_search, Sitelinks",https://220volt.com.ua/ua/istochniki-besperebojnogo-pitaniya/fullpower_ibp_do-500/,FALSE,FALSE,FALSE,FALSE,FALSE,FALSE
снат,20,1,2,1,"Thumbnail, Sitelinks",https://220volt.com.ua/ua/stabilizator-napryazheniya-elim-ukraina-chat-1000/,FALSE,FALSE,FALSE,FALSE,FALSE,FALSE
пастовые аккумуляторы,20,27,2,1,"related_search, Thumbnail, also_asks, Sitelinks, snip_image_thumbnail",https://220volt.com.ua/akkumulatornie-batarei/tip_elementa_gelevie/,FALSE,FALSE,FALSE,FALSE,FALSE,FALSE
источник бесперебойного питания 3000,20,11,2,1,"related_search, Thumbnail, Sitelinks",https://220volt.com.ua/istochniki-besperebojnogo-pitaniya/fullpower_ibp_1001-3000/,FALSE,FALSE,FALSE,FALSE,FALSE,FALSE
стабилизатор напряжения с двойным преобразованием,20,2,2,1,"Thumbnail, related_search, Sitelinks",https://220volt.com.ua/stabilizator/tip_regulirovaniya_stabilizatora_dvojnogo-preobrazovaniya/,FALSE,FALSE,FALSE,FALSE,FALSE,FALSE
трехфазный инвертор для солнечных батарей,20,3,2,1,"Thumbnail, also_asks, related_search, Sitelinks",https://220volt.com.ua/inverter/faznost_invert_trexfaznyi;op_reshenie_solnecnye-invertory/,FALSE,FALSE,FALSE,FALSE,FALSE,FALSE
авр для генератора цена,20,20,2,1,"also_asks, AI Overview, related_search, Sitelinks, snip_url_in_aio, snip_fqdn_in_aio",https://220volt.com.ua/avtomaticheskij-zapusk-generatora.htm,FALSE,TRUE,FALSE,FALSE,FALSE,TRUE
ибп онлайн типа,20,12,2,1,"AI Overview, also_asks, Sitelinks",https://220volt.com.ua/istochniki-besperebojnogo-pitaniya/typearhetekturi_neprerivnogo-dejstviya/,FALSE,FALSE,FALSE,FALSE,FALSE,FALSE
генератор для насосной станции,20,2,2,1,"Video preview, also_asks, Thumbnail, Sitelinks",https://220volt.com.ua/generatory/optimal_gen_nasosnoj-stantsii/,FALSE,FALSE,FALSE,FALSE,FALSE,FALSE
бесшумный генератор электричества,20,17,2,1,"related_search, also_asks, Sitelinks",https://220volt.com.ua/generatory/ispolnenie_generatora_v-shumopogloshchayushchem-korpuse/,FALSE,FALSE,FALSE,FALSE,FALSE,FALSE
манометр на насос,20,4,2,1,"also_asks, related_search, Thumbnail, Sitelinks",https://220volt.com.ua/nasos/komplektuyushchie-dlya-vodosnabzheniya-i-vodootvedeniya/tip_kompl_nasos_manometri/,FALSE,FALSE,FALSE,FALSE,FALSE,FALSE
sprut lrs 25 4s 180,20,1,2,1,Sitelinks,https://220volt.com.ua/nasos-tsirkulyatsionnij-sprut-lrs-25-4s-180/,FALSE,FALSE,FALSE,FALSE,FALSE,FALSE
источник бесперебойного питания со встроенным аккумулятором,20,1,2,1,"related_search, Sitelinks",https://220volt.com.ua/istochniki-besperebojnogo-pitaniya/akkumulyatornaya_batareya_vstroennaya/,FALSE,FALSE,FALSE,FALSE,FALSE,FALSE
toq3 63 4p,20,1,2,1,"Thumbnail, Sitelinks, snip_image_thumbnail",https://220volt.com.ua/ua/sirkover-tomzn-toq3-63-4p/,FALSE,FALSE,FALSE,FALSE,FALSE,FALSE
автомат для подключения генератора,20,5,2,1,"Thumbnail, related_search, also_asks, Sitelinks",https://220volt.com.ua/news/chto-takoe-perekidnoj-avtomat-dlya-generatora-i-kak-on-rabotaet/,FALSE,FALSE,FALSE,FALSE,FALSE,FALSE
акб вентура,20,6,2,1,"related_search, also_asks, Sitelinks",https://220volt.com.ua/akkumulatornie-batarei/ventura/,FALSE,FALSE,FALSE,FALSE,FALSE,FALSE
насосы высокого давления купить,20,18,2,1,"related_search, AI Overview, Sitelinks",https://220volt.com.ua/nasos/nasosi-dlya-vodosnabzheniya/nasosy_dlya_povysheniya_davleniya.htm,FALSE,TRUE,FALSE,FALSE,FALSE,TRUE
купить генератор 380 вольт,20,1,2,1,"Thumbnail, related_search, Sitelinks",https://220volt.com.ua/ua/generatory/faznost_generatorov_3/,FALSE,TRUE,FALSE,FALSE,FALSE,TRUE
инверторный стабилизатор напряжения купить в украине,20,13,2,1,"related_search, AI Overview, Sitelinks",https://220volt.com.ua/stabilizator/control_invertornyi/,FALSE,TRUE,FALSE,FALSE,FALSE,TRUE
аккумуляторная батарея merlion,20,5,2,1,"related_search, Video preview, Sitelinks",https://220volt.com.ua/akkumulatornie-batarei/merlion/,FALSE,FALSE,FALSE,FALSE,FALSE,FALSE
портативные электростанции купить,20,20,2,1,"related_search, also_asks, Sitelinks",https://220volt.com.ua/portativnye-zaryadnye-stantsii/portativnye-elektrostantsii.htm,FALSE,TRUE,FALSE,FALSE,FALSE,TRUE
временное реле 220в,20,7,2,1,"also_asks, Thumbnail, related_search, shopping_rhs, Sitelinks, snip_image_thumbnail",https://220volt.com.ua/elektrika-i-svet/nizkovoltnoe-oborudovanie/rele-tajmeri-fotokontrolleri/rele/rele_vremeni.htm,FALSE,FALSE,FALSE,FALSE,FALSE,FALSE
купить бесперебойник 500 вт,20,8,2,1,"Sitelinks, snip_image_thumbnail",https://220volt.com.ua/ua/istochniki-besperebojnogo-pitaniya/fullpower_ibp_do-500/,FALSE,TRUE,FALSE,FALSE,FALSE,TRUE
як виглядає генератор,20,2,2,1,"Thumbnail, related_search, also_asks, Sitelinks",https://220volt.com.ua/ua/generatory/tip_generatora_benzogeneratori/,FALSE,FALSE,FALSE,TRUE,FALSE,FALSE
автономная солнечная электростанция для дома,20,16,2,1,"AI Overview, related_search, Video preview, Sitelinks",https://220volt.com.ua/solnechnaya-energetika/solnechnye-elektrostantsii.htm,FALSE,FALSE,FALSE,FALSE,FALSE,FALSE
nik dg7500,20,1,2,1,Sitelinks,https://220volt.com.ua/ua/generator-dizel-nij-nik-dg7500/,FALSE,FALSE,FALSE,FALSE,FALSE,FALSE
стабілізатор напруги для пральної машини 3 квт,20,2,2,1,"related_search, also_asks, AI Overview, Sitelinks",https://220volt.com.ua/ua/stabilizator/moshnost_stab_block_3/,FALSE,FALSE,FALSE,FALSE,FALSE,FALSE
купить генератор 380,20,12,2,1,"related_search, also_asks, Local pack, Sitelinks",https://220volt.com.ua/ua/generatory/faznost_generatorov_3/,FALSE,TRUE,FALSE,FALSE,FALSE,TRUE
реле 220 вольт 20 ампер,20,15,2,1,"Thumbnail, Sitelinks",https://220volt.com.ua/elektrika-i-svet/nizkovoltnoe-oborudovanie/rele-tajmeri-fotokontrolleri/rele/promejutochnie_rele.htm,FALSE,FALSE,FALSE,FALSE,FALSE,FALSE
10 найпотужніших гес світу,20,3,2,1,"AI Overview, related_search, Thumbnail, also_asks, Sitelinks, snip_image_thumbnail",https://220volt.com.ua/ua/news/ges-v-mire-top-10-samyh-moschnyh-i-krasivyh-gidroelektrostantsij/,FALSE,FALSE,FALSE,FALSE,FALSE,FALSE
солнечная электростанция для квартиры,20,28,2,1,"related_search, Video preview, Sitelinks",https://220volt.com.ua/solnechnaya-energetika/solnechnye-elektrostantsii.htm,FALSE,FALSE,FALSE,FALSE,FALSE,FALSE
ritar 12v 100ah,20,1,2,1,Sitelinks,https://220volt.com.ua/ua/akkumulyatornaya-batareya-ritar-dg12-100-12v-100ah-4234/,FALSE,FALSE,FALSE,FALSE,FALSE,FALSE
бесперебойник 3000 вт,20,13,2,1,Sitelinks,https://220volt.com.ua/istochniki-besperebojnogo-pitaniya/fullpower_ibp_1001-3000/,FALSE,FALSE,FALSE,FALSE,FALSE,FALSE
бензиновые мини генераторы,20,20,2,1,"related_search, Sitelinks",https://220volt.com.ua/generatory/tip_ustanovki_portativnie/,FALSE,FALSE,FALSE,FALSE,FALSE,FALSE
реле автоматики насоса,20,27,2,1,"also_asks, Thumbnail, related_search, Video preview, Sitelinks, snip_image_thumbnail",https://220volt.com.ua/nasos/komplektuyushchie-dlya-vodosnabzheniya-i-vodootvedeniya/tip_kompl_nasos_rele-davleniya/,FALSE,FALSE,FALSE,FALSE,FALSE,FALSE
портативна єлектростанція,20,1,2,1,"Video preview, related_search, Thumbnail, Sitelinks",https://220volt.com.ua/ua/portativnye-zaryadnye-stantsii/portativnye-elektrostantsii.htm,FALSE,FALSE,FALSE,FALSE,FALSE,FALSE
реле напряжения 220в,20,16,2,1,"also_asks, related_search, Video preview, Sitelinks, snip_image_thumbnail",https://220volt.com.ua/elektrika-i-svet/nizkovoltnoe-oborudovanie/rele-tajmeri-fotokontrolleri/rele/rele_kontrolya_napryajeniya.htm,FALSE,FALSE,FALSE,FALSE,FALSE,FALSE
установка контроллера давления воды,20,3,2,1,"also_asks, Thumbnail, Video preview, related_search, Sitelinks",https://220volt.com.ua/storage/catalog_products/156477/instruction/738.pdf,FALSE,FALSE,FALSE,FALSE,FALSE,FALSE
генератор nik pg 6300,20,0,2,1,Sitelinks,https://220volt.com.ua/generator-benzinovij-nik-pg6300/,FALSE,FALSE,FALSE,FALSE,FALSE,FALSE
ибп со встроенным аккумулятором,20,1,2,1,"related_search, Sitelinks",https://220volt.com.ua/istochniki-besperebojnogo-pitaniya/akkumulyatornaya_batareya_vstroennaya/,FALSE,FALSE,FALSE,FALSE,FALSE,FALSE
купить генератор двухтопливный,20,6,2,1,"related_search, Sitelinks",https://220volt.com.ua/generatory/tip_generatora_benzinovo_gazovie/,FALSE,TRUE,FALSE,FALSE,FALSE,TRUE
инверторный генератор с чистой синусоидой,20,2,2,1,"related_search, also_asks, Sitelinks",https://220volt.com.ua/generatory/osnaschenie_generatora_s-pravilnoj-sinusoidoj/,FALSE,FALSE,FALSE,FALSE,FALSE,FALSE
акумулятор мерліон,20,3,2,1,"related_search, also_asks, Sitelinks",https://220volt.com.ua/ua/akkumulatornie-batarei/merlion/,FALSE,FALSE,FALSE,FALSE,FALSE,FALSE
купить акб 6 вольт,20,18,2,1,"related_search, Thumbnail, Sitelinks",https://220volt.com.ua/akkumulatornie-batarei/napryagenie_batarei_block_6/,FALSE,TRUE,FALSE,FALSE,FALSE,TRUE
магнитный пускач,20,16,2,1,"Video preview, related_search, also_asks, kn_graph_card, Sitelinks, snip_image_thumbnail",https://220volt.com.ua/elektrika-i-svet/nizkovoltnoe-oborudovanie/puskateli-kontaktori/puskateli.htm,FALSE,FALSE,FALSE,FALSE,FALSE,FALSE
портативный стабилизатор напряжения,20,3,2,1,"Thumbnail, also_asks, Sitelinks",https://220volt.com.ua/stabilizator/ispolnenie_stabilizatorov_perenosnie/,FALSE,FALSE,FALSE,FALSE,FALSE,FALSE
генератор дизельний купити київ,20,11,2,1,"related_search, Thumbnail, Sitelinks",https://220volt.com.ua/ua/generatory/tip_generatora_dizelnie_generatori/,FALSE,TRUE,FALSE,FALSE,FALSE,TRUE
пускачі магнітні,20,10,2,1,"related_search, Sitelinks, snip_image_thumbnail",https://220volt.com.ua/ua/elektrika-i-svet/nizkovoltnoe-oborudovanie/puskateli-kontaktori/puskateli.htm,FALSE,FALSE,FALSE,FALSE,FALSE,FALSE
купити переносну електростанцію,20,5,2,1,"related_search, Sitelinks",https://220volt.com.ua/ua/portativnye-zaryadnye-stantsii/portativnye-elektrostantsii.htm,FALSE,TRUE,FALSE,FALSE,FALSE,TRUE
генераторы японские,20,4,2,1,"also_asks, Sitelinks",https://220volt.com.ua/generatory/strana_proishozhdeniya_brenda_yaponiya/,FALSE,FALSE,FALSE,FALSE,FALSE,FALSE
генератор япония,20,4,2,1,"also_asks, Video preview, Sitelinks",https://220volt.com.ua/generatory/strana_proishozhdeniya_brenda_yaponiya/,FALSE,FALSE,FALSE,FALSE,FALSE,FALSE
бесперебойник 10 квт,20,6,2,1,Sitelinks,https://220volt.com.ua/istochniki-besperebojnogo-pitaniya/fullpower_ibp_svishe-10000/,FALSE,FALSE,FALSE,FALSE,FALSE,FALSE
упс для аккумулятора,20,11,2,1,"related_search, also_asks, shopping_rhs, Thumbnail, Sitelinks",https://220volt.com.ua/istochniki-besperebojnogo-pitaniya/akkumulyatornaya_batareya_vneshnyaya/,FALSE,FALSE,FALSE,FALSE,FALSE,FALSE
hr1221w f2,20,2,2,1,Sitelinks,https://220volt.com.ua/ua/akkumulyatornaya-batareya-csb-hr1221wf2/,FALSE,FALSE,FALSE,FALSE,FALSE,FALSE
бензогенераторы с электростартером,20,1,2,1,"Thumbnail, Sitelinks",https://220volt.com.ua/generatory/start_type_elektrostarter/,FALSE,FALSE,FALSE,FALSE,FALSE,FALSE
дгу купить,20,2,2,1,Sitelinks,https://220volt.com.ua/ua/generatory/tip_generatora_dizelni_ustanovki_dgu/,FALSE,TRUE,FALSE,FALSE,FALSE,TRUE
купить портативный генератор,20,10,2,1,"related_search, also_asks, Sitelinks",https://220volt.com.ua/generatory/tip_ustanovki_portativnie/,FALSE,TRUE,FALSE,FALSE,FALSE,TRUE
on line ups,20,8,2,1,"AI Overview, Sitelinks",https://220volt.com.ua/istochniki-besperebojnogo-pitaniya/typearhetekturi_neprerivnogo-dejstviya/,FALSE,FALSE,FALSE,FALSE,FALSE,FALSE
миниатюрный стабилизатор напряжения,20,1,2,1,"Thumbnail, also_asks, Sitelinks",https://220volt.com.ua/stabilizator/ispolnenie_stabilizatorov_perenosnie/,FALSE,FALSE,FALSE,FALSE,FALSE,FALSE
стабилизатор напряжения розеточный,20,11,2,1,"also_asks, Thumbnail, related_search, Sitelinks",https://220volt.com.ua/stabilizator/sposob_podklucheniya_stab_vilka-16-a/,FALSE,FALSE,FALSE,FALSE,FALSE,FALSE
устройство акб,20,5,2,1,"AI Overview, Thumbnail, related_search, Video preview, also_asks, Sitelinks, snip_url_in_aio, snip_fqdn_in_aio",https://220volt.com.ua/news/ustrojstvo-avtomobilnogo-akkumulyatora/,FALSE,FALSE,FALSE,FALSE,FALSE,FALSE
корпус электрощита,20,1,2,1,"related_search, Thumbnail, Sitelinks, snip_image_thumbnail",https://220volt.com.ua/elektrika-i-svet/shitovoe/shchiti.htm,FALSE,FALSE,FALSE,FALSE,FALSE,FALSE
стабилизатор напряжения настенный купить,20,3,2,1,"AI Overview, also_asks, Sitelinks, snip_url_in_aio, snip_fqdn_in_aio",https://220volt.com.ua/stabilizator/ispolnenie_stabilizatorov_navesnie/,FALSE,TRUE,FALSE,FALSE,FALSE,TRUE
туристический генератор,20,3,2,1,"Thumbnail, also_asks, Sitelinks",https://220volt.com.ua/generatory/optimal_gen_turizma/,FALSE,FALSE,FALSE,FALSE,FALSE,FALSE
электрогенератор 380в,20,8,2,1,"also_asks, Thumbnail, related_search, Sitelinks",https://220volt.com.ua/generatory/faznost_generatorov_3/,FALSE,FALSE,FALSE,FALSE,FALSE,FALSE
стабілізатор напруги 380,20,3,2,1,"related_search, Sitelinks",https://220volt.com.ua/ua/stabilizator/phases_stab_trehfaznie/,FALSE,FALSE,FALSE,FALSE,FALSE,FALSE
система автономного освещения,20,3,2,1,"Thumbnail, also_asks, Sitelinks, snip_image_thumbnail",https://220volt.com.ua/solnechnaya-energetika/sistemy-avtonomnogo-osvescheniya.htm,FALSE,FALSE,FALSE,FALSE,FALSE,FALSE
инверторы fronius,20,6,2,1,"Thumbnail, Sitelinks",https://220volt.com.ua/inverter/fronius/,FALSE,FALSE,FALSE,FALSE,FALSE,FALSE
стабилизатор для инвертора,20,8,2,1,"AI Overview, Video preview, also_asks, related_search, Sitelinks, snip_url_in_aio, snip_fqdn_in_aio",https://220volt.com.ua/stabilizator/control_invertornyi/,FALSE,FALSE,FALSE,FALSE,FALSE,FALSE
сайт 220 вольт,20,6,2,1,"related_search, also_asks, Sitelinks",https://220volt.com.ua/,FALSE,FALSE,TRUE,FALSE,FALSE,FALSE
источник бесперебойного питания элим,20,0,2,1,"also_asks, AI Overview, related_search, Sitelinks, snip_url_in_aio, snip_fqdn_in_aio",https://220volt.com.ua/istochniki-besperebojnogo-pitaniya/elim-ukraina/,FALSE,FALSE,FALSE,FALSE,FALSE,FALSE
10 kilowatt inverter,20,5,2,1,"related_search, also_asks, Video preview, Sitelinks",https://220volt.com.ua/inverter/moshn_invert_plitka_10/,FALSE,FALSE,FALSE,FALSE,FALSE,FALSE
140,20,6,2,1,"Thumbnail, Sitelinks",https://220volt.com.ua/ua/rele-kontrolya-napryazheniya-volt-control-vc-01-40/,FALSE,FALSE,FALSE,FALSE,FALSE,FALSE
переключатели купить,20,18,2,1,"related_search, Sitelinks, snip_image_thumbnail",https://220volt.com.ua/elektrika-i-svet/nizkovoltnoe-oborudovanie/viklyuchateli-knopki-pereklyuchateli/pereklyuchateli.htm,FALSE,TRUE,FALSE,FALSE,FALSE,TRUE
авр генератора купить,20,21,2,1,"related_search, Sitelinks",https://220volt.com.ua/ua/avtomaticheskij-zapusk-generatora.htm,FALSE,TRUE,FALSE,FALSE,FALSE,TRUE
генератор київ купити,20,41,2,1,"related_search, Local pack, Sitelinks",https://220volt.com.ua/ua/generatory.htm,FALSE,TRUE,FALSE,FALSE,FALSE,TRUE
датчик давления на воду,20,5,2,1,"also_asks, related_search, Video preview, Sitelinks",https://220volt.com.ua/nasos/komplektuyushchie-dlya-vodosnabzheniya-i-vodootvedeniya/tip_kompl_nasos_rele-davleniya/,FALSE,FALSE,FALSE,FALSE,FALSE,FALSE
ritar ups,20,2,2,1,"Thumbnail, related_search, Video preview, Sitelinks",https://220volt.com.ua/ua/istochniki-besperebojnogo-pitaniya/ritar/,FALSE,FALSE,FALSE,FALSE,FALSE,FALSE
авр socomec,20,1,2,1,"related_search, Thumbnail, Sitelinks",https://220volt.com.ua/avr-basic-socomec-63-160/,FALSE,FALSE,FALSE,FALSE,FALSE,FALSE
клапана ceme,20,1,2,1,"also_asks, Thumbnail, Sitelinks",https://220volt.com.ua/nasos/elektromagnitnie-klapani/ceme/,FALSE,FALSE,FALSE,FALSE,FALSE,FALSE
генератор для котла газового,20,9,2,1,"AI Overview, Video preview, also_asks, related_search, Sitelinks",https://220volt.com.ua/generatory/optimal_gen_kotla/,FALSE,FALSE,FALSE,FALSE,FALSE,FALSE
купить гелевый аккумулятор в киеве,20,12,2,1,"related_search, also_asks, Local pack, Sitelinks, snip_image_thumbnail",https://220volt.com.ua/akkumulatornie-batarei/tip_elementa_gelevie/,FALSE,TRUE,FALSE,FALSE,FALSE,TRUE
ritar аккумуляторы,20,2,2,1,"related_search, also_asks, Sitelinks",https://220volt.com.ua/akkumulatornie-batarei/ritar/,FALSE,FALSE,FALSE,FALSE,FALSE,FALSE
насосная станция спрут,20,1,2,1,"also_asks, Thumbnail, Sitelinks",https://220volt.com.ua/nasos/nasosi-dlya-vodosnabzheniya/nasosnie-ustanovki/sprut/,FALSE,FALSE,FALSE,FALSE,FALSE,FALSE
магазин 220 вольт одесса,20,1,2,1,"AI Overview, kn_graph_local, related_search, Sitelinks, snip_image_thumbnail",https://220volt.com.ua/,FALSE,TRUE,FALSE,FALSE,FALSE,FALSE
купить блок авр для генератора,20,23,2,1,"also_asks, related_search, Sitelinks",https://220volt.com.ua/ua/avtomaticheskij-zapusk-generatora.htm,FALSE,TRUE,FALSE,FALSE,FALSE,TRUE
акб 6v,20,14,2,1,"related_search, also_asks, Sitelinks",https://220volt.com.ua/akkumulatornie-batarei/napryagenie_batarei_block_6/,FALSE,FALSE,FALSE,FALSE,FALSE,FALSE
бесперебойник на 500 вт,20,15,2,1,"Sitelinks, snip_image_thumbnail",https://220volt.com.ua/istochniki-besperebojnogo-pitaniya/fullpower_ibp_do-500/,FALSE,FALSE,FALSE,FALSE,FALSE,FALSE
солнечная панель 400w,20,5,2,1,"related_search, Sitelinks",https://220volt.com.ua/solnechnaya-energetika/solnechnye-paneli-batarei/moshn_fot_mod_400/,FALSE,FALSE,FALSE,FALSE,FALSE,FALSE
стабилизатор напряжения 13 квт,20,0,2,1,"also_asks, Thumbnail, Sitelinks",https://220volt.com.ua/stabilizator/moshnost_stab_block_13/,FALSE,FALSE,FALSE,FALSE,FALSE,FALSE
реле давления водяного насоса,20,25,2,1,"also_asks, related_search, Thumbnail, Video preview, Sitelinks",https://220volt.com.ua/nasos/komplektuyushchie-dlya-vodosnabzheniya-i-vodootvedeniya/tip_kompl_nasos_rele-davleniya/,FALSE,FALSE,FALSE,FALSE,FALSE,FALSE
графенові батареї,20,1,2,1,"Thumbnail, related_search, also_asks, AI Overview, Sitelinks, snip_url_in_aio, snip_fqdn_in_aio",https://220volt.com.ua/ua/akkumulatornie-batarei/tip_elementa_svintsovo-uglerodnie/,FALSE,FALSE,FALSE,FALSE,FALSE,FALSE
аккумулятор на 220 вольт,20,15,2,1,"also_asks, related_search, Thumbnail, Sitelinks",https://220volt.com.ua/akkumulatornie-batarei.htm,FALSE,FALSE,FALSE,FALSE,FALSE,FALSE
exa power,20,1,2,1,"Thumbnail, Sitelinks",https://220volt.com.ua/ua/istochniki-besperebojnogo-pitaniya/exa-power/,FALSE,FALSE,FALSE,FALSE,FALSE,FALSE
реле напряжения 220 в,20,1,2,1,"Thumbnail, also_asks, related_search, Sitelinks, snip_image_thumbnail",https://220volt.com.ua/elektrika-i-svet/nizkovoltnoe-oborudovanie/rele-tajmeri-fotokontrolleri/rele/rele_kontrolya_napryajeniya.htm,FALSE,FALSE,FALSE,FALSE,FALSE,FALSE
переноска для генератора,20,1,2,1,"also_asks, Sitelinks",https://220volt.com.ua/ua/soputstvuushie_tovari/udliniteli-dlya-generatora.htm,FALSE,FALSE,FALSE,FALSE,FALSE,FALSE
напруга 220 вольт,20,8,2,1,"AI Overview, also_asks, related_search, Sitelinks",https://220volt.com.ua/stabilizator/phases_stab_odnofaznie/,FALSE,FALSE,FALSE,FALSE,FALSE,FALSE
мотопомпы большой производительности,20,1,2,1,"also_asks, AI Overview, Sitelinks, snip_url_in_aio, snip_fqdn_in_aio",https://220volt.com.ua/nasos/motopompi/proizvoditelnost2_60-1-100/,FALSE,FALSE,FALSE,FALSE,FALSE,FALSE
генератор форте 6500е,20,4,2,1,"related_search, Thumbnail, Sitelinks",https://220volt.com.ua/ua/generator-benzinovij-forte-fg6500e/,FALSE,FALSE,FALSE,FALSE,FALSE,FALSE
hr1234w f2 характеристики,20,8,2,1,"AI Overview, related_search, Sitelinks",https://220volt.com.ua/akkumulyatornaya-batareya-csb-hr1234wf2/,FALSE,FALSE,FALSE,FALSE,FALSE,FALSE
293166,20,1,2,1,"Thumbnail, Sitelinks, snip_image_thumbnail",https://220volt.com.ua/avtomaticheskij-viklyuchatel-eaton-moeller-pl4-c63-3/,FALSE,FALSE,FALSE,FALSE,FALSE,FALSE
реле нормально замкнутое 220,20,13,2,1,"also_asks, Thumbnail, related_search, Sitelinks, snip_image_thumbnail",https://220volt.com.ua/elektrika-i-svet/nizkovoltnoe-oborudovanie/rele-tajmeri-fotokontrolleri/rele.htm,FALSE,FALSE,FALSE,FALSE,FALSE,FALSE
типы компрессоров,20,4,2,1,"related_search, Thumbnail, also_asks, AI Overview, Sitelinks, snip_image_thumbnail",https://220volt.com.ua/news/kompressori-tipi-osobennosti-prednaznachenie/,FALSE,FALSE,FALSE,FALSE,FALSE,FALSE
купить солнечную станцию в украине,20,15,2,1,"related_search, also_asks, Thumbnail, Sitelinks",https://220volt.com.ua/solnechnaya-energetika/solnechnye-elektrostantsii.htm,FALSE,TRUE,FALSE,FALSE,FALSE,TRUE
sprut lrs 25 6s 180,20,1,2,1,"Thumbnail, Sitelinks",https://220volt.com.ua/nasos-tsirkulyatsionnij-sprut-lrs-25-6s-180/,FALSE,FALSE,FALSE,FALSE,FALSE,FALSE
катушка 220 вольт,20,2,2,1,"Thumbnail, also_asks, related_search, Sitelinks",https://220volt.com.ua/elektrika-i-svet/nizkovoltnoe-oborudovanie/puskateli-kontaktori/puskateli/napr_katushki_kont_i_puskateli_220-230/,FALSE,FALSE,FALSE,FALSE,FALSE,FALSE
дизельный генератор forte fgd6500e инструкция,20,1,2,1,"Thumbnail, Sitelinks",https://220volt.com.ua/storage/catalog_products/127596/instruction/738.pdf,FALSE,FALSE,FALSE,FALSE,FALSE,FALSE
стабилизаторы напряжения двойного преобразования,20,4,2,1,"related_search, also_asks, Sitelinks",https://220volt.com.ua/stabilizator/tip_regulirovaniya_stabilizatora_dvojnogo-preobrazovaniya/,FALSE,FALSE,FALSE,FALSE,FALSE,FALSE
источники бесперебойного питания on-line,20,16,2,1,"also_asks, related_search, AI Overview, Sitelinks",https://220volt.com.ua/istochniki-besperebojnogo-pitaniya/typearhetekturi_neprerivnogo-dejstviya/,FALSE,FALSE,FALSE,FALSE,FALSE,FALSE
генератори великої потужності,20,2,2,1,"AI Overview, related_search, Sitelinks",https://220volt.com.ua/ua/generatory/klass_generatora_promyshlennye/,FALSE,FALSE,FALSE,FALSE,FALSE,FALSE
293162,20,1,2,1,"Thumbnail, Sitelinks, snip_image_thumbnail",https://220volt.com.ua/ua/avtomaticheskij-viklyuchatel-eaton-moeller-pl4-c25-3-293162/,FALSE,FALSE,FALSE,FALSE,FALSE,FALSE
ippon smart power pro 1000,20,1,2,1,"AI Overview, also_asks, Sitelinks, snip_image_thumbnail, snip_url_in_aio, snip_fqdn_in_aio",https://220volt.com.ua/ibp-ippon-smart-power-pro-1000/,FALSE,FALSE,FALSE,FALSE,FALSE,FALSE
npw36 12 12v 36w cell 10min,20,4,2,1,"Thumbnail, Sitelinks",https://220volt.com.ua/ua/akkumulyatornaya-batareya-yuasa-npw36-12-06366/,FALSE,FALSE,FALSE,FALSE,FALSE,FALSE
мини электрогенераторы,20,14,2,1,"related_search, Thumbnail, Sitelinks",https://220volt.com.ua/generatory/tip_ustanovki_portativnie/,FALSE,FALSE,FALSE,FALSE,FALSE,FALSE
устройства защитного отключения узо,20,13,2,1,"Thumbnail, AI Overview, related_search, Video preview, also_asks, Sitelinks",https://220volt.com.ua/elektrika-i-svet/nizkovoltnoe-oborudovanie/ustrojstva-zashchitnogo-otklyucheniya-uzo-difavtomati.htm,FALSE,FALSE,FALSE,FALSE,FALSE,FALSE
форте fg6500e,20,3,2,1,"related_search, Sitelinks, snip_image_thumbnail",https://220volt.com.ua/generator-benzinovij-forte-fg6500e/,FALSE,FALSE,FALSE,FALSE,FALSE,FALSE
электрические схемы стабилизаторов напряжения,20,3,2,1,"related_search, Video preview, Thumbnail, also_asks, Sitelinks, snip_image_thumbnail",https://220volt.com.ua/news/osnovnie-nyuansi-ustanovki-i-shemi-podklyucheniya-stabilizatora-napryazheniya/,FALSE,FALSE,FALSE,FALSE,FALSE,FALSE
комплектующие для монтажа солнечных панелей,20,2,2,1,"also_asks, a_box_fsnippet, related_search, Thumbnail, Sitelinks, snip_featured",https://220volt.com.ua/solnechnaya-energetika/komplektuyuschie-dlya-solnechnyh-stantsij.htm,FALSE,FALSE,FALSE,FALSE,FALSE,FALSE
электрогенератор 380 в,20,9,2,1,"also_asks, related_search, Thumbnail, Sitelinks",https://220volt.com.ua/generatory/faznost_generatorov_3/,FALSE,FALSE,FALSE,FALSE,FALSE,FALSE
солнечная электростанция цена,20,20,2,1,"also_asks, related_search, Sitelinks",https://220volt.com.ua/solnechnaya-energetika/solnechnye-elektrostantsii.htm,FALSE,TRUE,FALSE,FALSE,FALSE,TRUE
солнечные электростанция для дома,20,20,2,1,"also_asks, Thumbnail, related_search, Sitelinks",https://220volt.com.ua/solnechnaya-energetika/solnechnye-elektrostantsii.htm,FALSE,FALSE,FALSE,FALSE,FALSE,FALSE
корпуса электрощитов,20,2,2,1,"related_search, Thumbnail, Video preview, also_asks, Sitelinks",https://220volt.com.ua/elektrika-i-svet/shitovoe/shchiti.htm,FALSE,FALSE,FALSE,FALSE,FALSE,FALSE
бесперебойник ritar,20,3,2,1,"related_search, Video preview, Sitelinks",https://220volt.com.ua/istochniki-besperebojnogo-pitaniya/ritar/,FALSE,FALSE,FALSE,FALSE,FALSE,FALSE
купить в киеве генератор,20,45,2,1,"Local pack, related_search, Sitelinks",https://220volt.com.ua/ua/generatory.htm,FALSE,TRUE,FALSE,FALSE,FALSE,TRUE
таймер для света,20,25,2,1,"also_asks, related_search, Sitelinks, snip_image_thumbnail",https://220volt.com.ua/elektrika-i-svet/nizkovoltnoe-oborudovanie/rele-tajmeri-fotokontrolleri/tajmeri.htm,FALSE,FALSE,FALSE,FALSE,FALSE,FALSE
генератор на 380 вольт цена,20,10,2,1,"Thumbnail, related_search, Sitelinks, snip_image_thumbnail",https://220volt.com.ua/generatory/faznost_generatorov_3/,FALSE,TRUE,FALSE,FALSE,FALSE,TRUE
расположите правильно элементы стабилизатора,20,1,2,1,"also_asks, related_search, Thumbnail, Sitelinks",https://220volt.com.ua/news/osnovnie-nyuansi-ustanovki-i-shemi-podklyucheniya-stabilizatora-napryazheniya/,FALSE,FALSE,FALSE,FALSE,FALSE,FALSE
аккумуляторы challenger,20,2,2,1,Sitelinks,https://220volt.com.ua/akkumulatornie-batarei/challenger/,FALSE,FALSE,FALSE,FALSE,FALSE,FALSE
купить солнечные электростанции,20,13,2,1,"related_search, Sitelinks",https://220volt.com.ua/solnechnaya-energetika/solnechnye-elektrostantsii.htm,FALSE,TRUE,FALSE,FALSE,FALSE,TRUE
система тепла підлога,20,4,2,1,"Video preview, Thumbnail, AI Overview, also_asks, related_search, Sitelinks",https://220volt.com.ua/ua/news/kak-rabotaet-teplyj-pol-vse-chto-nuzhno-znat-o-sovremennoj-sisteme-otopleniya/,FALSE,FALSE,FALSE,FALSE,FALSE,FALSE
таймер электрический,20,14,2,1,"Thumbnail, related_search, Sitelinks, snip_image_thumbnail",https://220volt.com.ua/elektrika-i-svet/nizkovoltnoe-oborudovanie/rele-tajmeri-fotokontrolleri/tajmeri.htm,FALSE,FALSE,FALSE,FALSE,FALSE,FALSE
стабилизатор напруги 220в,20,1,2,1,"related_search, also_asks, Thumbnail, Sitelinks",https://220volt.com.ua/stabilizator/phases_stab_odnofaznie/,FALSE,FALSE,FALSE,FALSE,FALSE,FALSE
220volt com ua,20,4,2,1,"related_search, Thumbnail, Sitelinks, snip_sitelinks",https://220volt.com.ua/ua/,TRUE,FALSE,TRUE,FALSE,FALSE,FALSE
запуск генератора с пульта,20,2,2,1,"Video preview, Thumbnail, AI Overview, also_asks, Sitelinks",https://220volt.com.ua/news/4-tipa-zapuska-generatora-preimuschestva-i-nedostatki/,FALSE,FALSE,FALSE,FALSE,FALSE,FALSE
звонок на дин рейку подключение,20,1,2,1,"Thumbnail, AI Overview, also_asks, Video preview, Sitelinks",https://220volt.com.ua/zvonok-na-din-rejku-promfaktor-fbe-24v/,FALSE,FALSE,FALSE,FALSE,FALSE,FALSE
тип компрессора,20,7,2,1,"Thumbnail, Video preview, related_search, also_asks, AI Overview, Sitelinks, snip_url_in_aio, snip_fqdn_in_aio",https://220volt.com.ua/news/kompressori-tipi-osobennosti-prednaznachenie/,FALSE,FALSE,FALSE,FALSE,FALSE,FALSE
перекидное реле 220в,20,4,2,1,"Thumbnail, related_search, also_asks, Sitelinks",https://220volt.com.ua/elektrika-i-svet/nizkovoltnoe-oborudovanie/rele-tajmeri-fotokontrolleri/rele/promejutochnie_rele.htm,FALSE,FALSE,FALSE,FALSE,FALSE,FALSE
uxl9 12,20,1,2,1,"Sitelinks, snip_image_thumbnail",https://220volt.com.ua/ua/akkumulyatornaya_batareya_ultracell_uxl9_12_agm_12v_9_ah_29378/,FALSE,FALSE,FALSE,FALSE,FALSE,FALSE
купить аккумулятор ventura gpl 12 100,20,3,2,1,"also_asks, related_search, Sitelinks, snip_image_thumbnail",https://220volt.com.ua/akkumulyatornaya-batareya-ventura-gpl-12-100/,FALSE,TRUE,FALSE,FALSE,FALSE,TRUE
магнітний пускач купити,20,5,2,1,"related_search, Sitelinks",https://220volt.com.ua/ua/elektrika-i-svet/nizkovoltnoe-oborudovanie/puskateli-kontaktori/puskateli.htm,FALSE,TRUE,FALSE,FALSE,FALSE,TRUE
купити стабілізатор струму,20,2,2,1,"also_asks, related_search, Sitelinks",https://220volt.com.ua/ua/stabilizator/strum/,FALSE,TRUE,FALSE,FALSE,FALSE,TRUE
ибп элим,20,1,2,1,"Thumbnail, related_search, Sitelinks",https://220volt.com.ua/istochniki-besperebojnogo-pitaniya/elim-ukraina/,FALSE,FALSE,FALSE,FALSE,FALSE,FALSE
ritar дбж,20,1,2,1,"Video preview, also_asks, related_search, Sitelinks",https://220volt.com.ua/ua/istochniki-besperebojnogo-pitaniya/ritar/,FALSE,FALSE,FALSE,FALSE,FALSE,FALSE
генератор малошумний,20,1,2,1,"related_search, Sitelinks",https://220volt.com.ua/ua/generatory/ispolnenie_generatora_v-shumopogloshchayushchem-korpuse/,FALSE,FALSE,FALSE,FALSE,FALSE,FALSE
интернет магазин 220 вольт,20,14,2,1,"also_asks, Thumbnail, related_search, Sitelinks",https://220volt.com.ua/,FALSE,TRUE,FALSE,FALSE,FALSE,FALSE
таймер 220,20,1,2,1,"also_asks, related_search, Thumbnail, Sitelinks",https://220volt.com.ua/elektrika-i-svet/nizkovoltnoe-oborudovanie/rele-tajmeri-fotokontrolleri/tajmeri.htm,FALSE,FALSE,FALSE,FALSE,FALSE,FALSE
продажа гелевых аккумуляторов,20,34,2,1,"related_search, Local pack, Sitelinks",https://220volt.com.ua/akkumulatornie-batarei/tip_elementa_gelevie/,FALSE,FALSE,FALSE,FALSE,FALSE,FALSE
насос циркуляционный спрут,20,1,2,1,"related_search, Thumbnail, Sitelinks",https://220volt.com.ua/nasos/nasosi-dlya-vodosnabzheniya/tsirkulyatsionnie/sprut/,FALSE,FALSE,FALSE,FALSE,FALSE,FALSE
магнитный пускатель 220в 40а,20,1,2,1,"Thumbnail, also_asks, Sitelinks",https://220volt.com.ua/magnitnij-puskatel-etal-pml-3100b-40a-220v/,FALSE,FALSE,FALSE,FALSE,FALSE,FALSE
зарядное устройство victron energy,20,2,2,1,"related_search, Thumbnail, Sitelinks",https://220volt.com.ua/zaryadnie-ustrojstva/victron-energy/,FALSE,FALSE,FALSE,FALSE,FALSE,FALSE
купить стабилизатор в украине,20,47,2,1,"related_search, Sitelinks",https://220volt.com.ua/ua/stabilizator.htm,FALSE,TRUE,FALSE,FALSE,FALSE,TRUE
авр с автозапуском генератора,20,13,2,1,"Video preview, related_search, also_asks, Thumbnail, Sitelinks",https://220volt.com.ua/avtomaticheskij-zapusk-generatora.htm,FALSE,FALSE,FALSE,FALSE,FALSE,FALSE
стабилизатор 220 в,20,7,2,1,"also_asks, related_search, Video preview, Sitelinks",https://220volt.com.ua/ua/stabilizator/phases_stab_odnofaznie/,FALSE,FALSE,FALSE,FALSE,FALSE,FALSE
3 фазный гибридный инвертор,20,5,2,1,"also_asks, Video preview, related_search, Sitelinks",https://220volt.com.ua/inverter/faznost_invert_trexfaznyi;op_reshenie_solnecnye-invertory/,FALSE,FALSE,FALSE,FALSE,FALSE,FALSE
гелевые аккумуляторы цена,20,38,2,1,"also_asks, Thumbnail, related_search, Sitelinks, snip_image_thumbnail",https://220volt.com.ua/akkumulatornie-batarei/tip_elementa_gelevie/,FALSE,TRUE,FALSE,FALSE,FALSE,TRUE
merlion agm,20,1,2,1,"related_search, Thumbnail, also_asks, Sitelinks",https://220volt.com.ua/ua/akkumulatornie-batarei/merlion/,FALSE,FALSE,FALSE,FALSE,FALSE,FALSE
бесперебойник для аккумулятора,20,28,2,1,"related_search, also_asks, Sitelinks",https://220volt.com.ua/istochniki-besperebojnogo-pitaniya/akkumulyatornaya_batareya_vneshnyaya/,FALSE,FALSE,FALSE,FALSE,FALSE,FALSE
акумуляторна батарея dyness,20,3,2,1,"related_search, Video preview, Sitelinks",https://220volt.com.ua/ua/akkumulatornie-batarei/dyness/,FALSE,FALSE,FALSE,FALSE,FALSE,FALSE
inverter max power,20,1,2,1,"also_asks, Video preview, Thumbnail, AI Overview, Sitelinks, snip_fqdn_in_aio",https://220volt.com.ua/ua/invertor-q-power-max-ii-8000/,FALSE,FALSE,FALSE,FALSE,FALSE,FALSE
переносні електростанції,20,7,2,1,"related_search, AI Overview, Sitelinks",https://220volt.com.ua/ua/portativnye-zaryadnye-stantsii/portativnye-elektrostantsii.htm,FALSE,FALSE,FALSE,FALSE,FALSE,FALSE
солнечная панель для балкона,20,9,2,1,"related_search, also_asks, Video preview, Sitelinks",https://220volt.com.ua/solnechnaya-energetika/solnechnye-paneli-batarei/naznachenie_dlya_fotomoduli__balkona/,FALSE,FALSE,FALSE,FALSE,FALSE,FALSE
солнечные станции купить,20,22,2,1,"also_asks, related_search, Sitelinks",https://220volt.com.ua/solnechnaya-energetika/solnechnye-elektrostantsii.htm,FALSE,TRUE,FALSE,FALSE,FALSE,TRUE
стабилизатор напряжения на 1000 вт,20,1,2,1,"shopping_rhs, also_asks, related_search, Thumbnail, Sitelinks",https://220volt.com.ua/stabilizator/moshnost_stab_block_1/,FALSE,FALSE,FALSE,FALSE,FALSE,FALSE
гибридный инвертор fronius,20,2,2,1,"related_search, Thumbnail, also_asks, Sitelinks",https://220volt.com.ua/inverter/fronius/typearhetekturi_gibridnye;op_reshenie_solnecnye-invertory/,FALSE,FALSE,FALSE,FALSE,FALSE,FALSE
аккумулятор gp1272f2,20,4,2,1,"related_search, Sitelinks",https://220volt.com.ua/akkumulyatornaya-batareya-csb-gp1272f2/,FALSE,FALSE,FALSE,FALSE,FALSE,FALSE
купить в украине стабилизаторы напряжения,20,47,2,1,"also_asks, related_search, Sitelinks",https://220volt.com.ua/stabilizator.htm,FALSE,TRUE,FALSE,FALSE,FALSE,TRUE
готовые солнечные электростанции для дома,20,5,2,1,"related_search, Sitelinks",https://220volt.com.ua/solnechnaya-energetika/solnechnye-elektrostantsii.htm,FALSE,FALSE,FALSE,FALSE,FALSE,FALSE
купить солнечные панели 400 вт,20,6,2,1,"also_asks, related_search, Sitelinks",https://220volt.com.ua/solnechnaya-energetika/solnechnye-paneli-batarei/moshn_fot_mod_400/,FALSE,TRUE,FALSE,FALSE,FALSE,TRUE
аккумулятор мерлион,20,4,2,1,"Video preview, related_search, Sitelinks",https://220volt.com.ua/akkumulatornie-batarei/merlion/,FALSE,FALSE,FALSE,FALSE,FALSE,FALSE
стабилизатор напряжения 220в 1квт,20,5,2,1,"Thumbnail, related_search, Sitelinks",https://220volt.com.ua/stabilizator/moshnost_stab_block_1/,FALSE,FALSE,FALSE,FALSE,FALSE,FALSE
dyness акумулятор,20,3,2,1,"also_asks, related_search, Video preview, Sitelinks",https://220volt.com.ua/akkumulatornie-batarei/dyness/,FALSE,FALSE,FALSE,FALSE,FALSE,FALSE
импульсное реле 220в,20,1,2,1,"Thumbnail, related_search, also_asks, Sitelinks",https://220volt.com.ua/elektrika-i-svet/nizkovoltnoe-oborudovanie/rele-tajmeri-fotokontrolleri/rele/impulsnie-rele.htm,FALSE,FALSE,FALSE,FALSE,FALSE,FALSE
socomec авр,20,1,2,1,"AI Overview, also_asks, Sitelinks",https://220volt.com.ua/ua/avr-basic-socomec-63-160/,FALSE,FALSE,FALSE,FALSE,FALSE,FALSE
мини стабилизаторы напряжения,20,2,2,1,"also_asks, related_search, Thumbnail, Sitelinks",https://220volt.com.ua/stabilizator/ispolnenie_stabilizatorov_perenosnie/,FALSE,FALSE,FALSE,FALSE,FALSE,FALSE
разъем 220,20,5,2,1,"also_asks, Thumbnail, related_search, Sitelinks, snip_image_thumbnail",https://220volt.com.ua/elektrika-i-svet/nizkovoltnoe-oborudovanie/razemi.htm,FALSE,FALSE,FALSE,FALSE,FALSE,FALSE
тихі генератори,20,1,2,1,"AI Overview, Thumbnail, Sitelinks",https://220volt.com.ua/ua/generatory/ispolnenie_generatora_v-shumopogloshchayushchem-korpuse/,FALSE,FALSE,FALSE,FALSE,FALSE,FALSE
инверторный генератор с медной обмоткой,20,6,2,1,"related_search, also_asks, Sitelinks",https://220volt.com.ua/generatory/material_alternatora_med/,FALSE,FALSE,FALSE,FALSE,FALSE,FALSE
силовые выключатели,20,2,2,1,"Thumbnail, also_asks, Sitelinks, snip_image_thumbnail",https://220volt.com.ua/elektrika-i-svet/nizkovoltnoe-oborudovanie/avtomati/silovie-avtomati.htm,FALSE,FALSE,FALSE,FALSE,FALSE,FALSE
автоматика для включения генератора,20,12,2,1,"also_asks, related_search, Video preview, Sitelinks",https://220volt.com.ua/avtomaticheskij-zapusk-generatora.htm,FALSE,FALSE,FALSE,FALSE,FALSE,FALSE
реверсивный магнитный пускатель 380в,20,1,2,1,"Video preview, also_asks, related_search, Thumbnail, Sitelinks",https://220volt.com.ua/magnitnij-puskatel-etal-pml-1501b-10a-380v-revers/,FALSE,FALSE,FALSE,FALSE,FALSE,FALSE
eaton pl6 c16 1,20,1,2,1,"related_search, Sitelinks, snip_image_thumbnail",https://220volt.com.ua/avtomaticheskij-viklyuchatel-eaton-moeller-pl6-c16-1/,FALSE,FALSE,FALSE,FALSE,FALSE,FALSE
контакторы пускатели,20,14,2,1,"related_search, AI Overview, also_asks, Sitelinks, snip_image_thumbnail, snip_fqdn_in_aio",https://220volt.com.ua/elektrika-i-svet/nizkovoltnoe-oborudovanie/puskateli-kontaktori/puskateli/tip_puskateley_modul-nie/,FALSE,FALSE,FALSE,FALSE,FALSE,FALSE
гибридный трехфазный солнечный инвертор,20,5,2,1,"related_search, Video preview, Sitelinks",https://220volt.com.ua/inverter/faznost_invert_trexfaznyi;op_reshenie_solnecnye-invertory/,FALSE,FALSE,FALSE,FALSE,FALSE,FALSE
220volt ua,20,4,2,1,"related_search, Sitelinks, snip_sitelinks",https://220volt.com.ua/ua/,TRUE,FALSE,TRUE,FALSE,FALSE,FALSE
солнечные батареи под ключ,20,16,2,1,"related_search, Sitelinks",https://220volt.com.ua/solnechnaya-energetika/solnechnye-elektrostantsii.htm,FALSE,FALSE,FALSE,FALSE,FALSE,FALSE
dyness 24v,20,1,2,1,"related_search, Thumbnail, Sitelinks",https://220volt.com.ua/ua/akkumulatornie-batarei/dyness/,FALSE,FALSE,FALSE,FALSE,FALSE,FALSE
установка генератора в помещении,20,2,2,1,"Video preview, Thumbnail, related_search, AI Overview, also_asks, Sitelinks",https://220volt.com.ua/news/ustanovka-generatora-na-ulitse/,FALSE,FALSE,FALSE,FALSE,FALSE,FALSE
мотопомпа большой производительности,20,2,2,1,"AI Overview, Thumbnail, also_asks, Sitelinks, snip_url_in_aio, snip_fqdn_in_aio",https://220volt.com.ua/nasos/motopompi/proizvoditelnost2_60-1-100/,FALSE,FALSE,FALSE,FALSE,FALSE,FALSE
электрогенераторы 220 вольт,20,13,2,1,"also_asks, related_search, Sitelinks",https://220volt.com.ua/generatory.htm,FALSE,FALSE,FALSE,FALSE,FALSE,FALSE
генератор бензиновый с электростартером,20,3,2,1,"Thumbnail, Sitelinks",https://220volt.com.ua/generatory/start_type_elektrostarter/,FALSE,FALSE,FALSE,FALSE,FALSE,FALSE
аккумулятор 96 вольт,20,1,2,1,"Thumbnail, also_asks, related_search, Sitelinks",https://220volt.com.ua/akkumulatornie-batarei/napryagenie_batarei_block_96/,FALSE,FALSE,FALSE,FALSE,FALSE,FALSE
установка авр на генератор,20,2,2,1,"Video preview, related_search, also_asks, Thumbnail, Sitelinks",https://220volt.com.ua/news/podklyuchite-avr-k-generatoru-bez-problem/,FALSE,FALSE,FALSE,FALSE,FALSE,FALSE
солнечная станция 8 квт,20,0,2,1,"related_search, Sitelinks",https://220volt.com.ua/solnechnaya-energetika/solnechnye-elektrostantsii/moshnost_set_stanc_8/,FALSE,FALSE,FALSE,FALSE,FALSE,FALSE
стабилизатор 380,20,2,2,1,"related_search, Sitelinks",https://220volt.com.ua/stabilizator/phases_stab_trehfaznie/,FALSE,FALSE,FALSE,FALSE,FALSE,FALSE
реле переменного тока,20,1,2,1,"Video preview, Thumbnail, AI Overview, also_asks, related_search, Sitelinks, snip_image_thumbnail",https://220volt.com.ua/elektrika-i-svet/nizkovoltnoe-oborudovanie/rele-tajmeri-fotokontrolleri/rele/rele_kontrolya_toka.htm,FALSE,FALSE,FALSE,FALSE,FALSE,FALSE
авр basic,20,1,2,1,"Thumbnail, Video preview, related_search, Sitelinks",https://220volt.com.ua/ua/avr-basic-3f-63-63/,FALSE,FALSE,FALSE,FALSE,FALSE,FALSE
стабілізатор 220,20,3,2,1,"Thumbnail, Video preview, related_search, Sitelinks",https://220volt.com.ua/ua/stabilizator/phases_stab_odnofaznie/,FALSE,FALSE,FALSE,FALSE,FALSE,FALSE
таймер времени электронный,20,14,2,1,"related_search, Sitelinks",https://220volt.com.ua/elektrika-i-svet/nizkovoltnoe-oborudovanie/rele-tajmeri-fotokontrolleri/tajmeri.htm,FALSE,FALSE,FALSE,FALSE,FALSE,FALSE
азв 2,20,1,2,1,"Thumbnail, Sitelinks, snip_image_thumbnail",https://220volt.com.ua/ua/avtomaticheskij-viklyuchatel-zashchitnogo-otklyucheniya-promfaktor-azv-2-c40a-0-03/,FALSE,FALSE,FALSE,FALSE,FALSE,FALSE
солнечные электростанции купить,20,21,2,1,"related_search, Sitelinks",https://220volt.com.ua/solnechnaya-energetika/solnechnye-elektrostantsii.htm,FALSE,TRUE,FALSE,FALSE,FALSE,TRUE
бесперебойник для пк 500 вт,20,5,2,1,"related_search, also_asks, Sitelinks",https://220volt.com.ua/istochniki-besperebojnogo-pitaniya/fullpower_ibp_do-500/,FALSE,FALSE,FALSE,FALSE,FALSE,FALSE
источники бесперебойного питания 220 вольт,20,16,2,1,"related_search, also_asks, Sitelinks",https://220volt.com.ua/istochniki-besperebojnogo-pitaniya.htm,FALSE,FALSE,FALSE,FALSE,FALSE,FALSE
виды автомобильных аккумуляторов,20,9,2,1,"related_search, a_box_fsnippet, also_asks, Thumbnail, Sitelinks, snip_featured",https://220volt.com.ua/news/raznovidnosti-akkumulyatornih-batarej-soglasno-tipu-rabochih-elementov-i-naznacheniyu/,FALSE,FALSE,FALSE,FALSE,FALSE,FALSE
needle насос,20,2,2,1,"Thumbnail, Sitelinks, snip_image_thumbnail",https://220volt.com.ua/nasos/nasosi-dlya-vodosnabzheniya/skvazhinnie-nasosi/needle/,FALSE,FALSE,FALSE,FALSE,FALSE,FALSE
узо 380 вольт,20,2,2,1,"Thumbnail, Video preview, also_asks, Sitelinks",https://220volt.com.ua/elektrika-i-svet/nizkovoltnoe-oborudovanie/ustrojstva-zashchitnogo-otklyucheniya-uzo-difavtomati/napryagenie_v_uzo_380_v/,FALSE,FALSE,FALSE,FALSE,FALSE,FALSE
заряжается ли ибп в выключенном состоянии,20,1,2,1,"related_search, AI Overview, also_asks, Thumbnail, Sitelinks",https://220volt.com.ua/news/pravila-i-rekomendatsii-po-ekspluatatsii-ibp/,FALSE,FALSE,FALSE,FALSE,FALSE,FALSE
дбж ritar rtsw 500,20,1,2,1,"related_search, Video preview, Sitelinks",https://220volt.com.ua/ibp-ritar-rtsw-500-lcd-12v-q4-11753/,FALSE,FALSE,FALSE,FALSE,FALSE,FALSE
батарея для будинку,20,4,2,1,"related_search, also_asks, Sitelinks",https://220volt.com.ua/ua/akkumulatornie-batarei.htm,FALSE,FALSE,FALSE,FALSE,FALSE,FALSE
стабілізатор напруги вуличний,20,1,2,1,"also_asks, related_search, Sitelinks",https://220volt.com.ua/ua/stabilizator/optimal_stab_ulitsy-morozostojkie/,FALSE,FALSE,FALSE,FALSE,FALSE,FALSE
стабилизатор напряжения 800 вт,20,1,2,1,"also_asks, Sitelinks",https://220volt.com.ua/stabilizator/moshnost_stab_block_0_8/,FALSE,FALSE,FALSE,FALSE,FALSE,FALSE
подключение стабилизатора,20,8,2,1,"also_asks, Video preview, related_search, AI Overview, Thumbnail, Sitelinks, snip_image_thumbnail, snip_url_in_aio, snip_fqdn_in_aio",https://220volt.com.ua/news/osnovnie-nyuansi-ustanovki-i-shemi-podklyucheniya-stabilizatora-napryazheniya/,FALSE,FALSE,FALSE,FALSE,FALSE,FALSE
купить переносную электростанцию,20,12,2,1,"related_search, Sitelinks",https://220volt.com.ua/portativnye-zaryadnye-stantsii/portativnye-elektrostantsii.htm,FALSE,TRUE,FALSE,FALSE,FALSE,TRUE
воздушный коллектор,20,1,2,1,"related_search, also_asks, a_box_fsnippet, Thumbnail, Sitelinks, snip_featured",https://220volt.com.ua/news/vozdushnie-solnechnie-kollektori-dlya-obogreva-i-ventilyatsii/,FALSE,FALSE,FALSE,FALSE,FALSE,FALSE
разъемы 220,20,6,2,1,"Thumbnail, related_search, also_asks, Sitelinks, snip_image_thumbnail",https://220volt.com.ua/elektrika-i-svet/nizkovoltnoe-oborudovanie/razemi.htm,FALSE,FALSE,FALSE,FALSE,FALSE,FALSE
акумуляторна батарея merlion,20,5,2,1,"Video preview, related_search, Sitelinks",https://220volt.com.ua/ua/akkumulatornie-batarei/merlion/,FALSE,FALSE,FALSE,FALSE,FALSE,FALSE
однофазный инвертор,20,1,2,1,"also_asks, AI Overview, Video preview, related_search, Thumbnail, Sitelinks",https://220volt.com.ua/inverter/faznost_invert_odnofazniy;op_reshenie_solnecnye-invertory/,FALSE,FALSE,FALSE,FALSE,FALSE,FALSE
акб 500 ач,20,1,2,1,"related_search, Sitelinks",https://220volt.com.ua/ua/akkumulatornie-batarei/emkost_ab_block_500/,FALSE,FALSE,FALSE,FALSE,FALSE,FALSE
купить реле на 220 вольт,20,13,2,1,"related_search, Thumbnail, Sitelinks",https://220volt.com.ua/elektrika-i-svet/nizkovoltnoe-oborudovanie/rele-tajmeri-fotokontrolleri/rele.htm,FALSE,TRUE,FALSE,FALSE,FALSE,TRUE
lorenz electric лі 800с,20,1,2,1,Sitelinks,https://220volt.com.ua/ua/invertor-lorenz-electric-li-800s/,FALSE,FALSE,FALSE,FALSE,FALSE,FALSE
ибп 220 вольт,20,13,2,1,"related_search, Sitelinks",https://220volt.com.ua/istochniki-besperebojnogo-pitaniya.htm,FALSE,FALSE,FALSE,FALSE,FALSE,FALSE
honda eu30is generator,20,7,2,1,"related_search, Thumbnail, Sitelinks",https://220volt.com.ua/ua/generator-benzinovij-honda-eu30is/,FALSE,FALSE,FALSE,FALSE,FALSE,FALSE
стабилизаторы напряжения 1 квт купить,20,11,2,1,"Thumbnail, also_asks, related_search, Sitelinks",https://220volt.com.ua/stabilizator/moshnost_stab_block_1/,FALSE,TRUE,FALSE,FALSE,FALSE,TRUE
выпрямитель напряжения в розетку,20,22,2,1,"also_asks, related_search, AI Overview, Sitelinks",https://220volt.com.ua/stabilizator/sposob_podklucheniya_stab_vilka-16-a/,FALSE,FALSE,FALSE,FALSE,FALSE,FALSE
стабилизатор напряжения для hi fi аппаратуры,20,1,2,1,"related_search, AI Overview, also_asks, Sitelinks, snip_url_in_aio, snip_fqdn_in_aio",https://220volt.com.ua/stabilizator/optimal_stab_audio-tehniki-hi-fi/,FALSE,FALSE,FALSE,FALSE,FALSE,FALSE
реле включения 220в,20,7,2,1,"Thumbnail, related_search, Sitelinks, snip_image_thumbnail",https://220volt.com.ua/elektrika-i-svet/nizkovoltnoe-oborudovanie/rele-tajmeri-fotokontrolleri/rele/promejutochnie_rele.htm,FALSE,FALSE,FALSE,FALSE,FALSE,FALSE
акб 4в,20,6,2,1,"related_search, Sitelinks, snip_image_thumbnail",https://220volt.com.ua/akkumulatornie-batarei/napryagenie_batarei_block_4/,FALSE,FALSE,FALSE,FALSE,FALSE,FALSE
ups 3000 w,20,5,2,1,Sitelinks,https://220volt.com.ua/istochniki-besperebojnogo-pitaniya/fullpower_ibp_1001-3000/,FALSE,FALSE,FALSE,FALSE,FALSE,FALSE
авр принцип работы,20,7,2,1,"Thumbnail, related_search, also_asks, Video preview, AI Overview, Sitelinks, snip_image_thumbnail",https://220volt.com.ua/news/printsip-raboti-avr/,FALSE,FALSE,FALSE,FALSE,FALSE,FALSE
альтернатор 380 вольт,20,11,2,1,"related_search, also_asks, Thumbnail, Sitelinks",https://220volt.com.ua/generatory/faznost_generatorov_3/,FALSE,FALSE,FALSE,FALSE,FALSE,FALSE
купить стабилизатор напряжения 220 вольт,20,12,2,1,"related_search, also_asks, Sitelinks",https://220volt.com.ua/stabilizator/phases_stab_odnofaznie/,FALSE,TRUE,FALSE,FALSE,FALSE,TRUE
стабилизатор напряжения для солнечной панели,20,1,2,1,"Thumbnail, AI Overview, related_search, Video preview, also_asks, Sitelinks",https://220volt.com.ua/stabilizator/optimal_stab_solnechnyh-sistem/,FALSE,FALSE,FALSE,FALSE,FALSE,FALSE
купить в украине стабилизатор напряжения,20,44,2,1,"related_search, Sitelinks",https://220volt.com.ua/stabilizator.htm,FALSE,TRUE,FALSE,FALSE,FALSE,TRUE
автоматика для запуска генератора,20,12,2,1,"Video preview, related_search, also_asks, Thumbnail, Sitelinks",https://220volt.com.ua/avtomaticheskij-zapusk-generatora.htm,FALSE,FALSE,FALSE,FALSE,FALSE,FALSE
солнечная автономная станция для дома,20,20,2,1,"related_search, Thumbnail, also_asks, Sitelinks, snip_image_thumbnail",https://220volt.com.ua/solnechnaya-energetika/solnechnye-elektrostantsii.htm,FALSE,FALSE,FALSE,FALSE,FALSE,FALSE
авр для однофазного генератора,20,2,2,1,"Video preview, related_search, Thumbnail, also_asks, Sitelinks",https://220volt.com.ua/avtomaticheskij-zapusk-generatora/faznost_seti_odnofaznaya/,FALSE,FALSE,FALSE,FALSE,FALSE,FALSE
объем аккумулятора,20,24,2,1,"related_search, Video preview, Thumbnail, also_asks, AI Overview, Sitelinks",https://220volt.com.ua/news/chto-takoe-emkost-akkumulyatora-metodika-ee-rascheta/,FALSE,FALSE,FALSE,FALSE,FALSE,FALSE
ап50б3мт,20,2,2,1,"Thumbnail, related_search, Sitelinks, snip_image_thumbnail",https://220volt.com.ua/avtomaticheskij-viklyuchatel-ap50b-3mt-6-3a-10in/,FALSE,FALSE,FALSE,FALSE,FALSE,FALSE
инвертор на 1 5 квт,20,4,2,1,"also_asks, related_search, Video preview, Sitelinks",https://220volt.com.ua/inverter/moshn_invert_plitka_1.5/,FALSE,FALSE,FALSE,FALSE,FALSE,FALSE
gd 20,20,1,2,1,"related_search, AI Overview, Thumbnail, Sitelinks, snip_image_thumbnail, snip_url_in_aio, snip_fqdn_in_aio",https://220volt.com.ua/ua/preobrazovatel-chastoti-invt-gd20-004g-4/,FALSE,FALSE,FALSE,FALSE,FALSE,FALSE
инверторы однофазные,20,1,2,1,"also_asks, Sitelinks",https://220volt.com.ua/inverter/faznost_invert_odnofazniy;op_reshenie_solnecnye-invertory/,FALSE,FALSE,FALSE,FALSE,FALSE,FALSE
реле ограничения тока,20,6,2,1,"Video preview, Thumbnail, AI Overview, also_asks, related_search, Sitelinks, snip_image_thumbnail",https://220volt.com.ua/elektrika-i-svet/nizkovoltnoe-oborudovanie/rele-tajmeri-fotokontrolleri/rele/rele_kontrolya_toka.htm,FALSE,FALSE,FALSE,FALSE,FALSE,FALSE
электрический таймер,20,30,2,1,"Thumbnail, Video preview, related_search, Sitelinks, snip_image_thumbnail",https://220volt.com.ua/elektrika-i-svet/nizkovoltnoe-oborudovanie/rele-tajmeri-fotokontrolleri/tajmeri.htm,FALSE,FALSE,FALSE,FALSE,FALSE,FALSE
реле включения насоса,20,24,2,1,"related_search, Video preview, AI Overview, also_asks, Thumbnail, Sitelinks, snip_image_thumbnail",https://220volt.com.ua/nasos/komplektuyushchie-dlya-vodosnabzheniya-i-vodootvedeniya/tip_kompl_nasos_rele-davleniya/,FALSE,FALSE,FALSE,FALSE,FALSE,FALSE
італійський генератор,20,2,2,1,"AI Overview, Sitelinks",https://220volt.com.ua/ua/generatory/strana_proishozhdeniya_brenda_italiya/,FALSE,FALSE,FALSE,FALSE,FALSE,FALSE
солнечная панель на 400 вт,20,7,2,1,"related_search, Sitelinks",https://220volt.com.ua/solnechnaya-energetika/solnechnye-paneli-batarei/moshn_fot_mod_400/,FALSE,FALSE,FALSE,FALSE,FALSE,FALSE
ritar rtm1500,20,1,2,1,Sitelinks,https://220volt.com.ua/ua/ibp-ritar-rtm1500-proxima-d/,FALSE,FALSE,FALSE,FALSE,FALSE,FALSE
бензиновый генератор с электростартером,20,9,2,1,"related_search, also_asks, Sitelinks",https://220volt.com.ua/generatory/start_type_elektrostarter/,FALSE,FALSE,FALSE,FALSE,FALSE,FALSE
ups 3000 watt,20,9,2,1,"Thumbnail, Sitelinks",https://220volt.com.ua/istochniki-besperebojnogo-pitaniya/fullpower_ibp_1001-3000/,FALSE,FALSE,FALSE,FALSE,FALSE,FALSE
6v аккумулятор,20,14,2,1,"related_search, Thumbnail, also_asks, Sitelinks",https://220volt.com.ua/akkumulatornie-batarei/napryagenie_batarei_block_6/,FALSE,FALSE,FALSE,FALSE,FALSE,FALSE
gd20,20,1,2,1,"related_search, Sitelinks",https://220volt.com.ua/preobrazovatel-chastoti-invt-gd20-7r5g-4/,FALSE,FALSE,FALSE,FALSE,FALSE,FALSE
принцип работы авр,20,7,2,1,"also_asks, AI Overview, Video preview, related_search, Thumbnail, Sitelinks, snip_image_thumbnail",https://220volt.com.ua/news/printsip-raboti-avr/,FALSE,FALSE,FALSE,FALSE,FALSE,FALSE
купить гелевый аккумулятор в украине,20,38,2,1,"related_search, Thumbnail, Sitelinks",https://220volt.com.ua/akkumulatornie-batarei/tip_elementa_gelevie/,FALSE,TRUE,FALSE,FALSE,FALSE,TRUE
аккумулятор gp 1272 f2,20,4,2,1,"related_search, Sitelinks",https://220volt.com.ua/akkumulyatornaya-batareya-csb-gp1272f2/,FALSE,FALSE,FALSE,FALSE,FALSE,FALSE
насос needle 80ndl,20,1,2,1,"Thumbnail, Sitelinks",https://220volt.com.ua/nasos-skvazhinnij-needle-80ndl-2-5-17/,FALSE,FALSE,FALSE,FALSE,FALSE,FALSE
lpm psw 500va,20,1,2,1,"related_search, Sitelinks",https://220volt.com.ua/ua/ibp-logicpower-lpm-psw-500/,FALSE,FALSE,FALSE,FALSE,FALSE,FALSE
тумблер на 4 положения,20,12,2,1,"also_asks, Thumbnail, Sitelinks, snip_image_thumbnail",https://220volt.com.ua/elektrika-i-svet/nizkovoltnoe-oborudovanie/viklyuchateli-knopki-pereklyuchateli/tumbleri/chislo_kontaktov_4/,FALSE,FALSE,FALSE,FALSE,FALSE,FALSE
електромагнітний пускатель,20,1,2,1,"Video preview, related_search, Thumbnail, Sitelinks, snip_image_thumbnail",https://220volt.com.ua/ua/elektrika-i-svet/nizkovoltnoe-oborudovanie/puskateli-kontaktori/puskateli.htm,FALSE,FALSE,FALSE,FALSE,FALSE,FALSE
кнопка 220 вольт без фиксации,20,5,2,1,"related_search, Thumbnail, Sitelinks",https://220volt.com.ua/elektrika-i-svet/nizkovoltnoe-oborudovanie/viklyuchateli-knopki-pereklyuchateli/knopki/nalichie_fiksatsii_net/,FALSE,FALSE,FALSE,FALSE,FALSE,FALSE
сетевой инвертор huawei,20,4,2,1,"related_search, AI Overview, Sitelinks",https://220volt.com.ua/inverter/huawei/,FALSE,FALSE,FALSE,FALSE,FALSE,FALSE
отопление в полу,20,11,2,1,"related_search, kn_graph_card, also_asks, Sitelinks",https://220volt.com.ua/news/kak-rabotaet-teplyj-pol-vse-chto-nuzhno-znat-o-sovremennoj-sisteme-otopleniya/,FALSE,FALSE,FALSE,FALSE,FALSE,FALSE
как работает тёплый пол,20,6,2,1,"Video preview, Thumbnail, AI Overview, also_asks, related_search, Sitelinks, snip_url_in_aio, snip_fqdn_in_aio",https://220volt.com.ua/news/kak-rabotaet-teplyj-pol-vse-chto-nuzhno-znat-o-sovremennoj-sisteme-otopleniya/,FALSE,FALSE,FALSE,TRUE,FALSE,FALSE
устройство защитного отключения узо,20,14,2,1,"AI Overview, kn_graph_card, Video preview, related_search, also_asks, Sitelinks, snip_image_thumbnail",https://220volt.com.ua/elektrika-i-svet/nizkovoltnoe-oborudovanie/ustrojstva-zashchitnogo-otklyucheniya-uzo-difavtomati.htm,FALSE,FALSE,FALSE,FALSE,FALSE,FALSE
fg6500e,20,2,2,1,"related_search, Thumbnail, Sitelinks, snip_image_thumbnail",https://220volt.com.ua/generator-benzinovij-forte-fg6500e/,FALSE,FALSE,FALSE,FALSE,FALSE,FALSE
генератор на 380в,20,9,2,1,"related_search, also_asks, Sitelinks",https://220volt.com.ua/ua/generatory/faznost_generatorov_3/,FALSE,FALSE,FALSE,FALSE,FALSE,FALSE
купить аккумулятор на 220 вольт,20,15,2,1,"related_search, also_asks, Sitelinks, snip_image_thumbnail",https://220volt.com.ua/akkumulatornie-batarei.htm,FALSE,TRUE,FALSE,FALSE,FALSE,TRUE
портативна сонячна панель 400 вт,20,2,2,1,"also_asks, related_search, Sitelinks",https://220volt.com.ua/ua/solnechnaya-energetika/solnechnye-paneli-batarei/moshn_fot_mod_400/,FALSE,FALSE,FALSE,FALSE,FALSE,FALSE
дбж challenger,20,1,2,1,"Thumbnail, Sitelinks",https://220volt.com.ua/istochniki-besperebojnogo-pitaniya/challenger/,FALSE,FALSE,FALSE,FALSE,FALSE,FALSE
синхронный генератор переменного тока купить,20,1,2,1,"related_search, Sitelinks",https://220volt.com.ua/generatory/tip_alternatora_sinhronnyj/,FALSE,TRUE,FALSE,FALSE,FALSE,TRUE
напруга холодильника,20,11,2,1,"related_search, Thumbnail, a_box_fsnippet, also_asks, Sitelinks, snip_featured",https://220volt.com.ua/stabilizator/optimal_stab_holodil-nika/,FALSE,FALSE,FALSE,FALSE,FALSE,FALSE
gp12400m6,20,1,2,1,"Sitelinks, snip_image_thumbnail",https://220volt.com.ua/ua/akkumulyatornaya-batareya-merlion-agm-gp1240m11-12-v-40-ah-6016/,FALSE,FALSE,FALSE,FALSE,FALSE,FALSE
командоконтролер,20,2,2,1,"Thumbnail, Sitelinks, snip_image_thumbnail",https://220volt.com.ua/ua/elektrika-i-svet/nizkovoltnoe-oborudovanie/puskateli-kontaktori/komandokontrolleri.htm,FALSE,FALSE,FALSE,FALSE,FALSE,FALSE
генератор для ноутбука,20,2,2,1,"Thumbnail, also_asks, Sitelinks",https://220volt.com.ua/generatory/optimal_gen_kompyutera/,FALSE,FALSE,FALSE,FALSE,FALSE,FALSE
блок бесперебойного питания 220 вольт,20,7,2,1,"also_asks, Thumbnail, related_search, Sitelinks",https://220volt.com.ua/istochniki-besperebojnogo-pitaniya.htm,FALSE,FALSE,FALSE,FALSE,FALSE,FALSE
стабілізатор напруги 220 вольт,20,4,2,1,"also_asks, related_search, Sitelinks",https://220volt.com.ua/ua/stabilizator/phases_stab_odnofaznie/,FALSE,FALSE,FALSE,FALSE,FALSE,FALSE
купить стабилизатор на 1 квт,20,8,2,1,"Thumbnail, related_search, Sitelinks",https://220volt.com.ua/ua/stabilizator/moshnost_stab_block_1/,FALSE,TRUE,FALSE,FALSE,FALSE,TRUE
как узнать мощность генератора,20,5,2,1,"Thumbnail, Video preview, related_search, also_asks, AI Overview, Sitelinks",https://220volt.com.ua/news/kak-opredelit-moschnost-benzinovogo-generatora-dlya-sobstvennyh-nuzhd/,FALSE,FALSE,FALSE,TRUE,FALSE,FALSE
солнечная панель под ключ,20,6,2,1,"also_asks, related_search, Sitelinks",https://220volt.com.ua/solnechnaya-energetika/solnechnye-elektrostantsii.htm,FALSE,FALSE,FALSE,FALSE,FALSE,FALSE
акб ritar,20,3,2,1,"related_search, Video preview, Sitelinks",https://220volt.com.ua/akkumulatornie-batarei/ritar/,FALSE,FALSE,FALSE,FALSE,FALSE,FALSE
реле с фиксацией положения,20,1,2,1,"also_asks, related_search, Thumbnail, AI Overview, Sitelinks, snip_image_thumbnail",https://220volt.com.ua/elektrika-i-svet/nizkovoltnoe-oborudovanie/rele-tajmeri-fotokontrolleri/rele/impulsnie-rele.htm,FALSE,FALSE,FALSE,FALSE,FALSE,FALSE
трёхфазный инвертор,20,5,2,1,"Video preview, also_asks, related_search, Sitelinks",https://220volt.com.ua/inverter/faznost_invert_trexfaznyi;op_reshenie_solnecnye-invertory/,FALSE,FALSE,FALSE,FALSE,FALSE,FALSE
victron multiplus ii 48 5000 gx,20,1,2,1,"related_search, Sitelinks",https://220volt.com.ua/sistema-ibp-dlya-doma-multiplus-ii-48-5000-70-50/,FALSE,FALSE,FALSE,FALSE,FALSE,FALSE
дбж 500 вт з акумулятором,20,2,2,1,Sitelinks,https://220volt.com.ua/ua/istochniki-besperebojnogo-pitaniya/fullpower_ibp_do-500/,FALSE,FALSE,FALSE,FALSE,FALSE,FALSE
блок авр однофазный,20,14,2,1,"related_search, AI Overview, also_asks, Sitelinks, snip_url_in_aio, snip_fqdn_in_aio",https://220volt.com.ua/avtomaticheskij-zapusk-generatora/faznost_seti_odnofaznaya/,FALSE,FALSE,FALSE,FALSE,FALSE,FALSE
генератор для скважинного насоса,20,2,2,1,"Thumbnail, also_asks, Sitelinks",https://220volt.com.ua/generatory/optimal_gen_nasosnoj-stantsii/,FALSE,FALSE,FALSE,FALSE,FALSE,FALSE
ritar 600,20,5,2,1,"related_search, Video preview, Sitelinks",https://220volt.com.ua/ua/ibp-ritar-rtsw-600-12v-q4/,FALSE,FALSE,FALSE,FALSE,FALSE,FALSE
рзв 2,20,1,2,1,"also_asks, Thumbnail, Sitelinks, snip_image_thumbnail",https://220volt.com.ua/rele-zashchitnogo-viklyucheniya-promfaktor-rzv-2-2p-63-0-1/,FALSE,FALSE,FALSE,FALSE,FALSE,FALSE
инверторные стабилизаторы купить,20,16,2,1,"also_asks, related_search, Sitelinks",https://220volt.com.ua/stabilizator/control_invertornyi/,FALSE,TRUE,FALSE,FALSE,FALSE,TRUE
насосы акватика каталог,20,5,2,1,"Thumbnail, related_search, Sitelinks",https://220volt.com.ua/information/proizvoditeli/aquatica/,FALSE,FALSE,FALSE,FALSE,FALSE,FALSE
реле напряжения 220,20,16,2,1,"Thumbnail, related_search, also_asks, Sitelinks, snip_image_thumbnail",https://220volt.com.ua/elektrika-i-svet/nizkovoltnoe-oborudovanie/rele-tajmeri-fotokontrolleri/rele/rele_kontrolya_napryajeniya.htm,FALSE,FALSE,FALSE,FALSE,FALSE,FALSE
акб 220 вольт,20,17,2,1,"also_asks, Thumbnail, related_search, Sitelinks",https://220volt.com.ua/akkumulatornie-batarei.htm,FALSE,FALSE,FALSE,FALSE,FALSE,FALSE
генератор инверторный 3 квт газ бензин,20,12,2,1,"related_search, Sitelinks",https://220volt.com.ua/generatory/tip_generatora_benzinovo_gazovie;maksimalnaya_moschnost_block__3/,FALSE,FALSE,FALSE,FALSE,FALSE,FALSE
реле давления на насос,20,27,2,1,"Thumbnail, related_search, shopping_rhs, also_asks, Sitelinks, snip_image_thumbnail",https://220volt.com.ua/nasos/komplektuyushchie-dlya-vodosnabzheniya-i-vodootvedeniya/tip_kompl_nasos_rele-davleniya/,FALSE,FALSE,FALSE,FALSE,FALSE,FALSE
электростанция на солнечных батареях,20,24,2,1,"also_asks, related_search, Thumbnail, Sitelinks",https://220volt.com.ua/solnechnaya-energetika/solnechnye-elektrostantsii.htm,FALSE,FALSE,FALSE,FALSE,FALSE,FALSE
pro ac pro sol что это,20,1,2,1,"AI Overview, Thumbnail, Sitelinks",https://220volt.com.ua/storage/catalog_products/166774/instruction/738.pdf,FALSE,FALSE,FALSE,FALSE,FALSE,FALSE
бензиновый генератор с чистой синусоидой,20,3,2,1,"also_asks, related_search, Sitelinks",https://220volt.com.ua/generatory/osnaschenie_generatora_s-pravilnoj-sinusoidoj/,FALSE,FALSE,FALSE,FALSE,FALSE,FALSE
инверторный генератор 3 5 квт купить,20,15,2,1,"related_search, also_asks, Sitelinks",https://220volt.com.ua/generatory/tip_generatora_invertornie_generatori;maksimalnaya_moschnost_block_3_5/,FALSE,TRUE,FALSE,FALSE,FALSE,TRUE
источник бесперебойного питания 220 вольт,20,16,2,1,"related_search, AI Overview, also_asks, Sitelinks",https://220volt.com.ua/istochniki-besperebojnogo-pitaniya.htm,FALSE,FALSE,FALSE,FALSE,FALSE,FALSE
контактор пускатель,20,14,2,1,"Video preview, Thumbnail, AI Overview, also_asks, related_search, Sitelinks, snip_image_thumbnail",https://220volt.com.ua/elektrika-i-svet/nizkovoltnoe-oborudovanie/puskateli-kontaktori/puskateli/tip_puskateley_modul-nie/,FALSE,FALSE,FALSE,FALSE,FALSE,FALSE
акб merlion,20,4,2,1,"Video preview, related_search, Sitelinks",https://220volt.com.ua/akkumulatornie-batarei/merlion/,FALSE,FALSE,FALSE,FALSE,FALSE,FALSE
купить портативную электростанцию для дома,20,23,2,1,"Thumbnail, also_asks, related_search, Sitelinks",https://220volt.com.ua/portativnye-zaryadnye-stantsii/portativnye-elektrostantsii.htm,FALSE,TRUE,FALSE,FALSE,FALSE,TRUE
аккумулятор 500 ампер часов,20,2,2,1,"also_asks, Sitelinks",https://220volt.com.ua/akkumulatornie-batarei/emkost_ab_block_500/,FALSE,FALSE,FALSE,FALSE,FALSE,FALSE
6 fm 100,20,1,2,1,"related_search, Thumbnail, shopping_top, Sitelinks",https://220volt.com.ua/ua/akkumulyatornaya-batareya-makelsan-6-fm-100/,FALSE,FALSE,FALSE,FALSE,FALSE,FALSE
электро тайм,20,1,2,1,"Local pack, Sitelinks",https://220volt.com.ua/elektrika-i-svet/nizkovoltnoe-oborudovanie/rele-tajmeri-fotokontrolleri/tajmeri.htm,FALSE,FALSE,FALSE,FALSE,FALSE,FALSE
солнечные панели под ключ цена,20,11,2,1,"also_asks, AI Overview, related_search, Sitelinks, snip_fqdn_in_aio",https://220volt.com.ua/solnechnaya-energetika/solnechnye-elektrostantsii.htm,FALSE,TRUE,FALSE,FALSE,FALSE,TRUE
200 вольт,20,9,2,1,"related_search, also_asks, Thumbnail, Sitelinks",https://220volt.com.ua/,FALSE,FALSE,FALSE,FALSE,FALSE,FALSE
сонячна електростанція з акумулятором,20,2,2,1,"Video preview, related_search, Sitelinks",https://220volt.com.ua/ua/solnechnaya-energetika/solnechnye-elektrostantsii/nalichie_akkumulyatora_da/,FALSE,FALSE,FALSE,FALSE,FALSE,FALSE
hr1221w,20,1,2,1,"Sitelinks, snip_image_thumbnail",https://220volt.com.ua/ua/akkumulyatornaya-batareya-csb-hr1221wf2/,FALSE,FALSE,FALSE,FALSE,FALSE,FALSE
графеновый акб,20,5,2,1,"related_search, also_asks, Sitelinks",https://220volt.com.ua/akkumulatornie-batarei/tip_elementa_svintsovo-uglerodnie/,FALSE,FALSE,FALSE,FALSE,FALSE,FALSE
gd 10,20,1,2,1,"Video preview, kn_graph_card, Thumbnail, Sitelinks",https://220volt.com.ua/preobrazovatel-chastoti-invt-gd10-2r2g-4/,FALSE,FALSE,FALSE,FALSE,FALSE,FALSE
контроль напряжения,20,40,2,1,"also_asks, Thumbnail, Video preview, related_search, Sitelinks, snip_image_thumbnail",https://220volt.com.ua/elektrika-i-svet/nizkovoltnoe-oborudovanie/rele-tajmeri-fotokontrolleri/rele/rele_kontrolya_napryajeniya.htm,FALSE,FALSE,FALSE,FALSE,FALSE,FALSE
ибп с внутренним аккумулятором,20,1,2,1,"related_search, Sitelinks",https://220volt.com.ua/istochniki-besperebojnogo-pitaniya/akkumulyatornaya_batareya_vstroennaya/,FALSE,FALSE,FALSE,FALSE,FALSE,FALSE
1 5 kw inverter,20,0,2,1,"AI Overview, related_search, Sitelinks",https://220volt.com.ua/ua/inverter/moshn_invert_plitka_1.5/,FALSE,FALSE,FALSE,FALSE,FALSE,FALSE
пускатель шнайдер,20,4,2,1,"Thumbnail, also_asks, related_search, Sitelinks, snip_image_thumbnail",https://220volt.com.ua/elektrika-i-svet/nizkovoltnoe-oborudovanie/puskateli-kontaktori/puskateli/schneider/,FALSE,FALSE,FALSE,FALSE,FALSE,FALSE
аккумуляторы 220 в,20,13,2,1,"related_search, also_asks, Sitelinks",https://220volt.com.ua/akkumulatornie-batarei.htm,FALSE,FALSE,FALSE,FALSE,FALSE,FALSE
схема подключения реле давления,20,12,2,1,"related_search, Thumbnail, also_asks, Sitelinks",https://220volt.com.ua/storage/catalog_products/156314/instruction/738.pdf,FALSE,FALSE,FALSE,FALSE,FALSE,FALSE
как работает теплый пол,20,6,2,1,"Thumbnail, AI Overview, related_search, Video preview, also_asks, Sitelinks, snip_url_in_aio, snip_fqdn_in_aio",https://220volt.com.ua/news/kak-rabotaet-teplyj-pol-vse-chto-nuzhno-znat-o-sovremennoj-sisteme-otopleniya/,FALSE,FALSE,FALSE,TRUE,FALSE,FALSE
переключатель купить,20,17,2,1,"related_search, Sitelinks, snip_image_thumbnail",https://220volt.com.ua/elektrika-i-svet/nizkovoltnoe-oborudovanie/viklyuchateli-knopki-pereklyuchateli/pereklyuchateli.htm,FALSE,TRUE,FALSE,FALSE,FALSE,TRUE
ps 3000,20,1,2,1,"Thumbnail, Sitelinks",https://220volt.com.ua/ua/portativnaya_elektrostanciya_ecolife_ps_3000/,FALSE,FALSE,FALSE,FALSE,FALSE,FALSE
генератор бензиновий forte fg6500e,20,3,2,1,"Video preview, related_search, Sitelinks, snip_image_thumbnail",https://220volt.com.ua/generator-benzinovij-forte-fg6500e/,FALSE,FALSE,FALSE,FALSE,FALSE,FALSE
inverter 10 kw,20,7,2,1,"related_search, Thumbnail, Sitelinks",https://220volt.com.ua/inverter/moshn_invert_plitka_10/,FALSE,FALSE,FALSE,FALSE,FALSE,FALSE
кнопка стоп пуск,20,7,2,1,"related_search, also_asks, Video preview, Thumbnail, AI Overview, Sitelinks, snip_url_in_aio, snip_fqdn_in_aio",https://220volt.com.ua/elektrika-i-svet/nizkovoltnoe-oborudovanie/viklyuchateli-knopki-pereklyuchateli/knopki.htm,FALSE,FALSE,FALSE,FALSE,FALSE,FALSE
гибридный генератор газ бензин,20,10,2,1,"related_search, Sitelinks",https://220volt.com.ua/generatory/tip_generatora_benzinovo_gazovie/,FALSE,FALSE,FALSE,FALSE,FALSE,FALSE
купить асинхронный генератор,20,4,2,1,"related_search, also_asks, Sitelinks",https://220volt.com.ua/generatory/tip_alternatora_asinhronnyj/,FALSE,TRUE,FALSE,FALSE,FALSE,TRUE
220 вольт сайт,20,8,2,1,"related_search, Thumbnail, Sitelinks",https://220volt.com.ua/,FALSE,FALSE,TRUE,FALSE,FALSE,FALSE
ограничитель перенапряжения 220в,20,1,2,1,"Thumbnail, Sitelinks, snip_image_thumbnail",https://220volt.com.ua/elektrika-i-svet/nizkovoltnoe-oborudovanie/ogranichiteli-perenapryazheniya.htm,FALSE,FALSE,FALSE,FALSE,FALSE,FALSE
магнитный пускатель 220в 25а,20,2,2,1,Sitelinks,https://220volt.com.ua/elektrika-i-svet/nizkovoltnoe-oborudovanie/puskateli-kontaktori/puskateli/tok_puskateley_25-50-a/,FALSE,FALSE,FALSE,FALSE,FALSE,FALSE
теплый пол от отопления,20,27,2,1,"a_box_fsnippet, related_search, also_asks, Thumbnail, Sitelinks, snip_featured",https://220volt.com.ua/news/kak-rabotaet-teplyj-pol-vse-chto-nuzhno-znat-o-sovremennoj-sisteme-otopleniya/,FALSE,FALSE,FALSE,FALSE,FALSE,FALSE
выравниватель напряжения 220,20,2,2,1,"related_search, Thumbnail, also_asks, Sitelinks",https://220volt.com.ua/stabilizator/phases_stab_odnofaznie/,FALSE,FALSE,FALSE,FALSE,FALSE,FALSE
таймер включения и выключения электричества,20,25,2,1,"related_search, Thumbnail, also_asks, Sitelinks",https://220volt.com.ua/elektrika-i-svet/nizkovoltnoe-oborudovanie/rele-tajmeri-fotokontrolleri/tajmeri.htm,FALSE,FALSE,FALSE,FALSE,FALSE,FALSE
аккумулятор challenger a12 200,20,1,2,1,"related_search, Sitelinks",https://220volt.com.ua/akkumulyatornaya-batareya-challenger-a12-200/,FALSE,FALSE,FALSE,FALSE,FALSE,FALSE
iron angel eg4000ie,20,1,2,1,"Thumbnail, Sitelinks",https://220volt.com.ua/ua/generator-benzinovij-iron-angel-eg4000ie/,FALSE,FALSE,FALSE,FALSE,FALSE,FALSE
инверторный стабилизатор напряжения для дома,20,16,2,1,"also_asks, related_search, Video preview, Sitelinks",https://220volt.com.ua/stabilizator/control_invertornyi/,FALSE,FALSE,FALSE,FALSE,FALSE,FALSE
солнечные батареи для балкона,20,9,2,1,"Video preview, Thumbnail, related_search, also_asks, Sitelinks",https://220volt.com.ua/solnechnaya-energetika/solnechnye-paneli-batarei/naznachenie_dlya_fotomoduli__balkona/,FALSE,FALSE,FALSE,FALSE,FALSE,FALSE
аккумуляторы csb,20,8,2,1,"also_asks, related_search, Thumbnail, Sitelinks",https://220volt.com.ua/akkumulatornie-batarei/csb/,FALSE,FALSE,FALSE,FALSE,FALSE,FALSE
виды авто аккумуляторов,20,8,2,1,"related_search, also_asks, a_box_fsnippet, Thumbnail, Sitelinks, snip_featured",https://220volt.com.ua/news/raznovidnosti-akkumulyatornih-batarej-soglasno-tipu-rabochih-elementov-i-naznacheniyu/,FALSE,FALSE,FALSE,FALSE,FALSE,FALSE
купить аккумулятор на 4 вольта,20,17,2,1,"Thumbnail, related_search, also_asks, Sitelinks, snip_image_thumbnail",https://220volt.com.ua/akkumulatornie-batarei/napryagenie_batarei_block_4/,FALSE,TRUE,FALSE,FALSE,FALSE,TRUE
максимальный ток заряда гелевых аккумуляторов,20,15,2,1,"related_search, AI Overview, also_asks, Sitelinks",https://220volt.com.ua/news/pravilnaya-zaryadka-gelevogo-akkumulyatora-kak-uvelichit-srok-ego-sluzhby/,FALSE,FALSE,FALSE,FALSE,FALSE,FALSE
генератор для пк,20,4,2,1,"related_search, also_asks, Sitelinks",https://220volt.com.ua/generatory/optimal_gen_kompyutera/,FALSE,FALSE,FALSE,FALSE,FALSE,FALSE
купить солнечные станции в украине,20,19,2,1,"related_search, also_asks, Sitelinks",https://220volt.com.ua/solnechnaya-energetika/solnechnye-elektrostantsii.htm,FALSE,TRUE,FALSE,FALSE,FALSE,TRUE
тепловое реле купить,20,2,2,1,"Thumbnail, also_asks, related_search, Sitelinks",https://220volt.com.ua/elektrika-i-svet/nizkovoltnoe-oborudovanie/rele-tajmeri-fotokontrolleri/rele/teplovie_rele.htm,FALSE,TRUE,FALSE,FALSE,FALSE,TRUE
солнечные панели для балкона,20,6,2,1,"also_asks, related_search, Video preview, Sitelinks",https://220volt.com.ua/solnechnaya-energetika/solnechnye-paneli-batarei/naznachenie_dlya_fotomoduli__balkona/,FALSE,FALSE,FALSE,FALSE,FALSE,FALSE
стабилизатор 220в,20,5,2,1,"Thumbnail, related_search, also_asks, Sitelinks",https://220volt.com.ua/stabilizator/phases_stab_odnofaznie/,FALSE,FALSE,FALSE,FALSE,FALSE,FALSE
fgd6500e3,20,3,2,1,"Sitelinks, snip_image_thumbnail",https://220volt.com.ua/generator-dizel-nij-forte-fgd6500e3/,FALSE,FALSE,FALSE,FALSE,FALSE,FALSE
электрогенератор на природном газе,20,15,2,1,"also_asks, Video preview, related_search, Sitelinks",https://220volt.com.ua/generatory/tip_gaza_generatora_magistralnyj-prirodnyj-gaz/,FALSE,FALSE,FALSE,FALSE,FALSE,FALSE
реле контроля постоянного тока,20,2,2,1,"Thumbnail, related_search, Video preview, Sitelinks, snip_image_thumbnail",https://220volt.com.ua/elektrika-i-svet/nizkovoltnoe-oborudovanie/rele-tajmeri-fotokontrolleri/rele/rele_kontrolya_toka.htm,FALSE,FALSE,FALSE,FALSE,FALSE,FALSE
фрониус инвертор,20,6,2,1,"related_search, Sitelinks",https://220volt.com.ua/ua/inverter/fronius/,FALSE,FALSE,FALSE,FALSE,FALSE,FALSE
купить стабилизатор напряжения 220,20,3,2,1,"related_search, Local pack, also_asks, Sitelinks",https://220volt.com.ua/stabilizator/phases_stab_odnofaznie/,FALSE,TRUE,FALSE,FALSE,FALSE,TRUE
клапан водяного насоса,20,12,2,1,"Video preview, related_search, Thumbnail, also_asks, Sitelinks, snip_image_thumbnail",https://220volt.com.ua/nasos/komplektuyushchie-dlya-vodosnabzheniya-i-vodootvedeniya/tip_kompl_nasos_obratnie-klapani/,FALSE,FALSE,FALSE,FALSE,FALSE,FALSE
генератори для підприємств,20,1,2,1,"AI Overview, related_search, Sitelinks, snip_url_in_aio, snip_fqdn_in_aio",https://220volt.com.ua/ua/generatory/klass_generatora_promyshlennye/,FALSE,FALSE,FALSE,FALSE,FALSE,FALSE
бензогенератор с электростартером,20,4,2,1,"Thumbnail, Sitelinks",https://220volt.com.ua/generatory/start_type_elektrostarter/,FALSE,FALSE,FALSE,FALSE,FALSE,FALSE
генератор на холодильник,20,5,2,1,"related_search, AI Overview, also_asks, Sitelinks",https://220volt.com.ua/generatory/optimal_gen_holodilnika/,FALSE,FALSE,FALSE,FALSE,FALSE,FALSE
купить стабилизатор напряжения для квартиры в украине,20,20,2,1,"related_search, also_asks, Sitelinks",https://220volt.com.ua/stabilizator.htm,FALSE,TRUE,FALSE,FALSE,FALSE,TRUE
li ion 20ah,20,1,2,1,"Thumbnail, Sitelinks",https://220volt.com.ua/ua/akkumulyatornaya-batareya-vipow-lifepo4-12-8v-20ah-s-elementami-li-ion-18679/,FALSE,FALSE,FALSE,FALSE,FALSE,FALSE
бензиновый генератор с правильной синусоидой,20,5,2,1,"related_search, also_asks, Sitelinks",https://220volt.com.ua/generatory/osnaschenie_generatora_s-pravilnoj-sinusoidoj/,FALSE,FALSE,FALSE,FALSE,FALSE,FALSE
аккумулятор csb,20,8,2,1,"also_asks, related_search, Sitelinks",https://220volt.com.ua/akkumulatornie-batarei/csb/,FALSE,FALSE,FALSE,FALSE,FALSE,FALSE
маломощные генераторы,20,26,2,1,"related_search, also_asks, Sitelinks",https://220volt.com.ua/generatory/tip_ustanovki_portativnie/,FALSE,FALSE,FALSE,FALSE,FALSE,FALSE
стабилизатор купить киев,20,56,2,1,"Local pack, related_search, Sitelinks",https://220volt.com.ua/stabilizator.htm,FALSE,TRUE,FALSE,FALSE,FALSE,TRUE
что значит емкость аккумулятора,20,15,2,1,"also_asks, related_search, AI Overview, Video preview, Sitelinks, snip_url_in_aio, snip_fqdn_in_aio",https://220volt.com.ua/news/chto-takoe-emkost-akkumulyatora-metodika-ee-rascheta/,FALSE,FALSE,FALSE,FALSE,FALSE,FALSE
генератор великої потужності,20,3,2,1,"related_search, AI Overview, Sitelinks",https://220volt.com.ua/ua/generatory/klass_generatora_promyshlennye/,FALSE,FALSE,FALSE,FALSE,FALSE,FALSE
генераторы в украине,20,47,2,1,"related_search, also_asks, Sitelinks",https://220volt.com.ua/generatory.htm,FALSE,FALSE,FALSE,FALSE,FALSE,FALSE
объём аккумулятора,20,21,2,1,"Thumbnail, AI Overview, related_search, Video preview, also_asks, Sitelinks, snip_url_in_aio, snip_fqdn_in_aio",https://220volt.com.ua/news/chto-takoe-emkost-akkumulyatora-metodika-ee-rascheta/,FALSE,FALSE,FALSE,FALSE,FALSE,FALSE
генератор на 380 в,20,10,2,1,"related_search, Sitelinks",https://220volt.com.ua/ua/generatory/faznost_generatorov_3/,FALSE,FALSE,FALSE,FALSE,FALSE,FALSE
домашняя солнечная электростанция,20,24,2,1,"related_search, also_asks, Sitelinks",https://220volt.com.ua/solnechnaya-energetika/solnechnye-elektrostantsii.htm,FALSE,FALSE,FALSE,FALSE,FALSE,FALSE
powercom bnt 400ap,20,1,2,1,"Thumbnail, Sitelinks",https://220volt.com.ua/ua/ibp-powercom-bnt-400ap/,FALSE,FALSE,FALSE,FALSE,FALSE,FALSE
система отопления теплых полов,20,5,2,1,"a_box_fsnippet, also_asks, related_search, Sitelinks, snip_featured",https://220volt.com.ua/news/kak-rabotaet-teplyj-pol-vse-chto-nuzhno-znat-o-sovremennoj-sisteme-otopleniya/,FALSE,FALSE,FALSE,FALSE,FALSE,FALSE
безщітковий генератор,20,1,2,1,"Thumbnail, related_search, also_asks, Sitelinks",https://220volt.com.ua/ua/generatory/tip_alternatora_asinhronnyj/,FALSE,FALSE,FALSE,FALSE,FALSE,FALSE
стабилизатор переменного напряжения,20,8,2,1,"related_search, Video preview, Thumbnail, AI Overview, Sitelinks, snip_image_thumbnail",https://220volt.com.ua/stabilizator.htm,FALSE,FALSE,FALSE,FALSE,FALSE,FALSE
24 pt,10,1,1,1,"Thumbnail, AI Overview, Sitelinks, snip_url_in_aio, snip_fqdn_in_aio",https://220volt.com.ua/ua/shchit-naruzhnij-raspredelitel-nij-eti-ect-24-pt-1101003/,FALSE,FALSE,FALSE,FALSE,FALSE,FALSE
axpert vm iii 5000 48,10,1,1,1,"Thumbnail, Sitelinks",https://220volt.com.ua/invertor-q-power-axpert-vm-iii-5000-48-5000vt-48v/,FALSE,FALSE,FALSE,FALSE,FALSE,FALSE
бензогенератор с электростартером купить,10,9,1,1,"Local pack, related_search, Thumbnail, Sitelinks, snip_image_thumbnail",https://220volt.com.ua/generatory/start_type_elektrostarter/,FALSE,TRUE,FALSE,FALSE,FALSE,TRUE
водяные насосы для колодцев цены,10,19,1,1,"also_asks, related_search, a_box_fsnippet, Sitelinks, snip_featured",https://220volt.com.ua/nasos/nasosi-dlya-vodosnabzheniya/nasosi-dlya-kolodtsev.htm,FALSE,FALSE,FALSE,FALSE,FALSE,FALSE
генератор для насоса отопления,10,7,1,1,"also_asks, Sitelinks",https://220volt.com.ua/generatory/optimal_gen_kotla/,FALSE,FALSE,FALSE,FALSE,FALSE,FALSE
fg wilson p50 1,10,1,1,1,"Thumbnail, Sitelinks",https://220volt.com.ua/generator-dizel-nij-fg-wilson-p50-1s-0/,FALSE,FALSE,FALSE,FALSE,FALSE,FALSE
магнитный пускатель 24 вольта,10,1,1,1,"shopping_rhs, Thumbnail, Sitelinks",https://220volt.com.ua/elektrika-i-svet/nizkovoltnoe-oborudovanie/puskateli-kontaktori/puskateli/napr_katushki_kont_i_puskateli_24/,FALSE,FALSE,FALSE,FALSE,FALSE,FALSE
eaton 5130,10,1,1,1,"related_search, Thumbnail, Sitelinks, snip_image_thumbnail",https://220volt.com.ua/ibp-eaton-5130-3000-va/,FALSE,FALSE,FALSE,FALSE,FALSE,FALSE
yuasa swl2500,10,0,1,1,"Thumbnail, Sitelinks",https://220volt.com.ua/ua/akkumulyatornaya-batareya-yuasa-swl-2500/,FALSE,FALSE,FALSE,FALSE,FALSE,FALSE
infinity 20000,10,0,1,1,"Thumbnail, Sitelinks",https://220volt.com.ua/ua/stabilizator-napryazheniya-ukrtehnologiya-nsn-20000-infinity/,FALSE,FALSE,FALSE,FALSE,FALSE,FALSE
погружной насос инструкция по эксплуатации,10,1,1,1,"Thumbnail, also_asks, Sitelinks",https://220volt.com.ua/storage/catalog_products/154673/instruction/738.pdf,FALSE,FALSE,FALSE,FALSE,FALSE,FALSE
генератор старк 6500,10,1,1,1,"Thumbnail, Sitelinks",https://220volt.com.ua/generator-benzinovij-stark-6500-eco/,FALSE,FALSE,FALSE,FALSE,FALSE,FALSE
ultra 9000,10,1,1,1,"Thumbnail, Sitelinks",https://220volt.com.ua/ua/stabilizator-napryazheniya-ukrtehnologiya-universal-ultra-9000/,FALSE,FALSE,FALSE,FALSE,FALSE,FALSE
tmg power dg7500me,10,0,1,1,"Thumbnail, Sitelinks",https://220volt.com.ua/generator-dizel-nij-tmg-power-dg7500me/,FALSE,FALSE,FALSE,FALSE,FALSE,FALSE
fg wilson xp150e,10,0,1,1,"Thumbnail, Sitelinks, snip_image_thumbnail",https://220volt.com.ua/generator-dizel-nij-fg-wilson-p150-1/,FALSE,FALSE,FALSE,FALSE,FALSE,FALSE
как измерить ампер часы в аккумуляторе,10,11,1,1,"related_search, also_asks, a_box_fsnippet, Sitelinks, snip_featured",https://220volt.com.ua/news/chto-otobrazhaet-emkost-akkumulyatora-i-kak-ee-izmerit/,FALSE,FALSE,FALSE,TRUE,FALSE,FALSE
63l,10,1,1,1,"Thumbnail, AI Overview, Sitelinks",https://220volt.com.ua/ua/0-172835/,FALSE,FALSE,FALSE,FALSE,FALSE,FALSE
стабилизатор напряжения укртехнология нсн 9000 optimum,10,1,1,1,"Video preview, related_search, Sitelinks",https://220volt.com.ua/stabilizator-napryazheniya-ukrtehnologiya-nsn-9000-optimum/,TRUE,FALSE,TRUE,FALSE,FALSE,FALSE
аккумулятор из графена,10,10,1,1,"AI Overview, Video preview, related_search, also_asks, Sitelinks, snip_url_in_aio, snip_fqdn_in_aio",https://220volt.com.ua/akkumulatornie-batarei/tip_elementa_svintsovo-uglerodnie/,FALSE,FALSE,FALSE,FALSE,FALSE,FALSE
мини стабилизатор напряжения 220в,10,4,1,1,"Thumbnail, also_asks, related_search, Sitelinks",https://220volt.com.ua/stabilizator/ispolnenie_stabilizatorov_perenosnie/,FALSE,FALSE,FALSE,FALSE,FALSE,FALSE
п6 123,10,0,1,1,"Thumbnail, Sitelinks",https://220volt.com.ua/ua/puskatel-p6-113/,FALSE,FALSE,FALSE,FALSE,FALSE,FALSE
снпто 11,10,1,1,1,"Video preview, Thumbnail, Sitelinks",https://220volt.com.ua/ua/stabilizator-napryazheniya-volter-snpto-11-pt/,FALSE,FALSE,FALSE,FALSE,FALSE,FALSE
sh201 b16,10,1,1,1,"Thumbnail, Sitelinks",https://220volt.com.ua/avtomaticheskij-viklyuchatel-abb-sh201-b16-2cds211001r0165/,FALSE,FALSE,FALSE,FALSE,FALSE,FALSE
6 dzm 32,10,0,1,1,"Thumbnail, related_search, Sitelinks",https://220volt.com.ua/ua/akkumulyatornaya-batareya-tyagovaya-merlion-6-dzm-32-12v-32ah-m5-16726/,FALSE,FALSE,FALSE,FALSE,FALSE,FALSE
купить электрический пускатель,10,9,1,1,"related_search, Thumbnail, Sitelinks",https://220volt.com.ua/ua/elektrika-i-svet/nizkovoltnoe-oborudovanie/puskateli-kontaktori/puskateli.htm,FALSE,TRUE,FALSE,FALSE,FALSE,TRUE
блок запуска генератора,10,13,1,1,"Thumbnail, related_search, also_asks, Sitelinks",https://220volt.com.ua/avtomaticheskij-zapusk-generatora.htm,FALSE,FALSE,FALSE,FALSE,FALSE,FALSE
challenger а12 65,10,0,1,1,"Thumbnail, AI Overview, Sitelinks",https://220volt.com.ua/ua/akkumulyatornaya-batareya-challenger-a12-65/,FALSE,FALSE,FALSE,FALSE,FALSE,FALSE
электрогенератор бензиновый huter dy3000l,10,2,1,1,"also_asks, Video preview, Thumbnail, Sitelinks",https://220volt.com.ua/generator-benzinovij-huter-dy-3000-l/,FALSE,FALSE,FALSE,FALSE,FALSE,FALSE
купить стабилизатор 220,10,3,1,1,"related_search, also_asks, Local pack, Thumbnail, Sitelinks",https://220volt.com.ua/stabilizator/phases_stab_odnofaznie/,FALSE,TRUE,FALSE,FALSE,FALSE,TRUE
электростанция на солнечных батареях купить,10,23,1,1,"related_search, Thumbnail, Sitelinks",https://220volt.com.ua/solnechnaya-energetika/solnechnye-elektrostantsii.htm,FALSE,TRUE,FALSE,FALSE,FALSE,TRUE
генератор хитачи е 57 отзывы,10,1,1,1,"Thumbnail, also_asks, related_search, Sitelinks",https://220volt.com.ua/generator-benzinovij-hitachi-e57s/,FALSE,FALSE,FALSE,FALSE,TRUE,FALSE
3000 s,10,1,1,1,"Thumbnail, Sitelinks, snip_image_thumbnail",https://220volt.com.ua/ibp-challenger-homepro-3000-s/,FALSE,FALSE,FALSE,FALSE,FALSE,FALSE
промфактор цена,10,0,1,1,"related_search, Thumbnail, Sitelinks, snip_image_thumbnail",https://220volt.com.ua/elektrika-i-svet/nizkovoltnoe-oborudovanie/avtomati/silovie-avtomati/promfaktor/,FALSE,TRUE,FALSE,FALSE,FALSE,TRUE
получение постоянного тока,10,1,1,1,"Thumbnail, also_asks, related_search, a_box_fsnippet, Sitelinks, snip_featured",https://220volt.com.ua/news/kak-voznikaet-elektricheskij-tok-v-generatornih-stantsiyah/,FALSE,FALSE,FALSE,FALSE,FALSE,FALSE
ибп ippon smart winner,10,2,1,1,"Thumbnail, Sitelinks",https://220volt.com.ua/ibp-ippon-smart-winner-1500/,FALSE,FALSE,FALSE,FALSE,FALSE,FALSE
gesan dpas 25 e,10,1,1,1,"Thumbnail, Sitelinks",https://220volt.com.ua/generator-dizel-nij-gesan-dpas-25e-ab/,FALSE,FALSE,FALSE,FALSE,FALSE,FALSE
электрогенератор бензиновый huter dy3000l,10,2,1,1,"also_asks, Video preview, Thumbnail, Sitelinks",https://220volt.com.ua/generator-benzinovij-huter-dy-3000-l/,FALSE,FALSE,FALSE,FALSE,FALSE,FALSE
etalon xks 250p,10,0,1,1,"Thumbnail, Sitelinks",https://220volt.com.ua/nasos-drenazhnij-aquatica-xks-250p-773125/,FALSE,FALSE,FALSE,FALSE,FALSE,FALSE
huter ht 950 a,10,1,1,1,"Thumbnail, Sitelinks",https://220volt.com.ua/ua/generator-benzinovij-huter-ht-950-a/,FALSE,FALSE,FALSE,FALSE,FALSE,FALSE
солнечные батареи для дома 220 вольт,10,10,1,1,"also_asks, related_search, Thumbnail, Sitelinks",https://220volt.com.ua/solnechnaya-energetika/solnechnye-paneli-batarei.htm,FALSE,FALSE,FALSE,FALSE,FALSE,FALSE
ok google насос,10,11,1,1,"also_asks, related_search, Thumbnail, Sitelinks",https://220volt.com.ua/nasos/nasosi-dlya-vodosnabzheniya/tsentrobezhnie/tipvsas_samovsasivayushchie/,FALSE,FALSE,FALSE,FALSE,FALSE,FALSE
huter dy6500lx,10,1,1,1,"related_search, Thumbnail, Sitelinks",https://220volt.com.ua/generator-benzinovij-huter-dy-6500-lxs/,FALSE,FALSE,FALSE,FALSE,FALSE,FALSE
портативная батарея резервного питания,10,0,1,1,"Thumbnail, related_search, also_asks, Sitelinks",https://220volt.com.ua/istochniki-besperebojnogo-pitaniya/akkumulyatornaya_batareya_vneshnyaya/,FALSE,FALSE,FALSE,FALSE,FALSE,FALSE
бензогенераторы 380,10,15,1,1,"related_search, Thumbnail, Sitelinks",https://220volt.com.ua/generatory/faznost_generatorov_3/,FALSE,FALSE,FALSE,FALSE,FALSE,FALSE
сэс купить,10,5,1,1,"related_search, Thumbnail, also_asks, Sitelinks",https://220volt.com.ua/ua/solnechnaya-energetika/solnechnye-elektrostantsii.htm,FALSE,TRUE,FALSE,FALSE,FALSE,TRUE
esc 25a,10,0,1,1,"Thumbnail, Sitelinks, snip_image_thumbnail",https://220volt.com.ua/kontaktor-silovoe-rele-hager-esc-125-230v-25a-1n-o/,FALSE,FALSE,FALSE,FALSE,FALSE,FALSE
таймер включения электричества,10,27,1,1,"related_search, Sitelinks",https://220volt.com.ua/elektrika-i-svet/nizkovoltnoe-oborudovanie/rele-tajmeri-fotokontrolleri/tajmeri.htm,FALSE,FALSE,FALSE,FALSE,FALSE,FALSE
1sam401901r1001,10,0,1,1,"Thumbnail, Sitelinks, snip_image_thumbnail",https://220volt.com.ua/dopolnitel-nij-kontakt-abb-hk4-11-1sam401901r1001/,FALSE,FALSE,FALSE,FALSE,FALSE,FALSE
синхронный генератор цена,10,2,1,1,"related_search, also_asks, Sitelinks",https://220volt.com.ua/generatory/tip_alternatora_sinhronnyj/,FALSE,TRUE,FALSE,FALSE,FALSE,TRUE
стабилизатор напряжения на 380 вольт,10,5,1,1,"also_asks, related_search, Thumbnail, Sitelinks",https://220volt.com.ua/stabilizator/phases_stab_trehfaznie/,FALSE,FALSE,FALSE,FALSE,FALSE,FALSE
магнитный пускатель с дополнительными контактами,10,2,1,1,"Thumbnail, also_asks, Video preview, related_search, Sitelinks",https://220volt.com.ua/elektrika-i-svet/nizkovoltnoe-oborudovanie/puskateli-kontaktori/puskateli/kontakti_puskat_1no-1nz/,FALSE,FALSE,FALSE,FALSE,FALSE,FALSE
автоматический выключатель ав 2000,10,0,1,1,"Thumbnail, also_asks, Sitelinks, snip_image_thumbnail",https://220volt.com.ua/avtomaticheskij-viklyuchatel-promfaktor-av2000-3r-d-80a-10ka/,FALSE,FALSE,FALSE,FALSE,FALSE,FALSE
генератор forte fg3800 инструкция,10,2,1,1,"Video preview, AI Overview, also_asks, related_search, Thumbnail, Sitelinks, snip_url_in_aio, snip_fqdn_in_aio",https://220volt.com.ua/storage/catalog_products/127592/instruction/738.pdf,FALSE,FALSE,FALSE,FALSE,FALSE,FALSE
nph5,10,1,1,1,"Thumbnail, Sitelinks",https://220volt.com.ua/akkumulyatornaya-batareya-yuasa-nph-5-12/,FALSE,FALSE,FALSE,FALSE,FALSE,FALSE
nph5 12 battery,10,1,1,1,"Thumbnail, Sitelinks",https://220volt.com.ua/akkumulyatornaya-batareya-yuasa-nph-5-12/,FALSE,FALSE,FALSE,FALSE,FALSE,FALSE
внешний аккумулятор для ибп,10,27,1,1,"related_search, also_asks, Thumbnail, Sitelinks",https://220volt.com.ua/istochniki-besperebojnogo-pitaniya/akkumulyatornaya_batareya_vneshnyaya/,FALSE,FALSE,FALSE,FALSE,FALSE,FALSE
стабилизатор 380 в,10,5,1,1,"shopping_rhs, related_search, Sitelinks",https://220volt.com.ua/stabilizator/phases_stab_trehfaznie/,FALSE,FALSE,FALSE,FALSE,FALSE,FALSE
стабилизатор напряжения вольт eco 600,10,1,1,1,"Thumbnail, also_asks, Sitelinks",https://220volt.com.ua/stabilizator-napryazheniya-volt-eco-600/,FALSE,FALSE,FALSE,FALSE,FALSE,FALSE
ups 2 kwh,10,15,1,1,"Thumbnail, related_search, AI Overview, Sitelinks, snip_url_in_aio, snip_fqdn_in_aio",https://220volt.com.ua/sistema_bespereboinogo_pitaniya_ecoflow_power_get_set_kit_2_kwh/,FALSE,FALSE,FALSE,FALSE,FALSE,FALSE
реле плавного пуска электродвигателя,10,7,1,1,"Thumbnail, related_search, also_asks, Sitelinks, snip_image_thumbnail",https://220volt.com.ua/preobrazovateli_chastoty_ustr_plavnogo_puska/ustrojstva-plavnogo-puska-i-tormozheniya.htm,FALSE,FALSE,FALSE,FALSE,FALSE,FALSE
armstart,10,0,1,1,Sitelinks,https://220volt.com.ua/information/proizvoditeli/arm-start/,FALSE,FALSE,FALSE,FALSE,FALSE,FALSE
источник бесперебойного питания стоечный,10,2,1,1,"Thumbnail, Sitelinks",https://220volt.com.ua/istochniki-besperebojnogo-pitaniya/typeispolnenia_montiruemij-v-stojku/,FALSE,FALSE,FALSE,FALSE,FALSE,FALSE
реле протока воды купить в украине,10,3,1,1,"related_search, Thumbnail, Local pack, Sitelinks",https://220volt.com.ua/nasos/komplektuyushchie-dlya-vodosnabzheniya-i-vodootvedeniya/tip_kompl_nasos_rele_protoka__zashchita_ot_suhogo_hoda/,FALSE,TRUE,FALSE,FALSE,FALSE,TRUE
аккумуляторная батарея cs3,10,8,1,1,"related_search, shopping_top, Thumbnail, also_asks, Sitelinks",https://220volt.com.ua/akkumulatornie-batarei/csb/,FALSE,FALSE,FALSE,FALSE,FALSE,FALSE
fg wilson p200 2,10,1,1,1,"Thumbnail, Sitelinks",https://220volt.com.ua/generator-dizel-nij-fg-wilson-p200-2/,FALSE,FALSE,FALSE,FALSE,FALSE,FALSE
форт ибп,10,8,1,1,"related_search, Sitelinks",https://220volt.com.ua/istochniki-besperebojnogo-pitaniya/fort/,FALSE,FALSE,FALSE,FALSE,FALSE,FALSE
насосные станции ebara,10,0,1,1,"Thumbnail, Sitelinks",https://220volt.com.ua/nasos/nasosi-dlya-vodosnabzheniya/nasosnie-ustanovki/ebara/,FALSE,FALSE,FALSE,FALSE,FALSE,FALSE
miol 83 250,10,1,1,1,"Thumbnail, Sitelinks, snip_image_thumbnail",https://220volt.com.ua/generator-benzinovij-miol-83-250/,FALSE,FALSE,FALSE,FALSE,FALSE,FALSE
vgd 1000 rm,10,1,1,1,"Thumbnail, Sitelinks, snip_image_thumbnail",https://220volt.com.ua/ibp-powercom-vgd-1000-rm-1u/,FALSE,FALSE,FALSE,FALSE,FALSE,FALSE
мотопомпа hitachi a160e,10,0,1,1,"Thumbnail, Sitelinks, snip_image_thumbnail",https://220volt.com.ua/motopompa-hitachi-a160e/,FALSE,FALSE,FALSE,FALSE,FALSE,FALSE
ибп с внешними батареями,10,26,1,1,"related_search, Sitelinks",https://220volt.com.ua/istochniki-besperebojnogo-pitaniya/akkumulyatornaya_batareya_vneshnyaya/,FALSE,FALSE,FALSE,FALSE,FALSE,FALSE
generac guardian 8kw,10,1,1,1,"Thumbnail, Sitelinks",https://220volt.com.ua/ua/generator-gazovij-generac-6269-8kw/,FALSE,FALSE,FALSE,FALSE,FALSE,FALSE
smart winner 1500 new,10,1,1,1,"Thumbnail, Sitelinks",https://220volt.com.ua/ibp-ippon-smart-winner-1500/,FALSE,FALSE,FALSE,FALSE,FALSE,FALSE
установка генератора на улице,10,1,1,1,"related_search, also_asks, Thumbnail, Sitelinks",https://220volt.com.ua/news/ustanovka-generatora-na-ulitse/,FALSE,FALSE,FALSE,FALSE,FALSE,FALSE
sven home 800,10,1,1,1,"related_search, Thumbnail, Sitelinks",https://220volt.com.ua/ibp-sven-reserve-home-800/,FALSE,FALSE,FALSE,FALSE,FALSE,FALSE
портативная электростанция купить киев,10,22,1,1,"Thumbnail, Sitelinks",https://220volt.com.ua/portativnye-zaryadnye-stantsii/portativnye-elektrostantsii.htm,FALSE,TRUE,FALSE,FALSE,FALSE,TRUE
портативный генератор 220 вольт,10,2,1,1,"also_asks, related_search, AI Overview, Thumbnail, Sitelinks",https://220volt.com.ua/generatory/tip_ustanovki_portativnie/,FALSE,FALSE,FALSE,FALSE,FALSE,FALSE
ws150,10,1,1,1,"Thumbnail, Sitelinks",https://220volt.com.ua/generator-dizel-nij-wattstream-ws150-ps-o/,FALSE,FALSE,FALSE,FALSE,FALSE,FALSE
бензогенератор forte fg8000e,10,1,1,1,"related_search, Thumbnail, Sitelinks",https://220volt.com.ua/generator-benzinovij-forte-fg8000e/,FALSE,FALSE,FALSE,FALSE,FALSE,FALSE
насос циркуляционный малой мощности,10,17,1,1,"shopping_rhs, also_asks, Thumbnail, related_search, Sitelinks",https://220volt.com.ua/nasos/nasosi-dlya-vodosnabzheniya/tsirkulyatsionnie.htm,FALSE,FALSE,FALSE,FALSE,FALSE,FALSE
альтернатор асинхронный купить,10,3,1,1,"also_asks, Thumbnail, Sitelinks",https://220volt.com.ua/generatory/tip_alternatora_asinhronnyj/,FALSE,TRUE,FALSE,FALSE,FALSE,TRUE
электрогенератор huter dy6500l,10,1,1,1,"related_search, Sitelinks",https://220volt.com.ua/generator-benzinovij-huter-dy-6500-l/,FALSE,FALSE,FALSE,FALSE,FALSE,FALSE
упс от аккумулятора,10,20,1,1,"Thumbnail, also_asks, related_search, Sitelinks",https://220volt.com.ua/istochniki-besperebojnogo-pitaniya/akkumulyatornaya_batareya_vneshnyaya/,FALSE,FALSE,FALSE,FALSE,FALSE,FALSE
ups lcd display,10,0,1,1,"Thumbnail, also_asks, Sitelinks",https://220volt.com.ua/ua/istochniki-besperebojnogo-pitaniya/indikatsiya_ibp_lcd-displej/,FALSE,FALSE,FALSE,FALSE,FALSE,FALSE
сервис центр 220 вольт,10,1,1,1,"related_search, Thumbnail, also_asks, kn_graph_local, Sitelinks",https://220volt.com.ua/,FALSE,FALSE,FALSE,FALSE,FALSE,FALSE
sdmo sh 7500 te,10,1,1,1,"Thumbnail, Sitelinks",https://220volt.com.ua/generator-benzinovij-sdmo-sh-7500-te-s/,FALSE,FALSE,FALSE,FALSE,FALSE,FALSE
ups 120v,10,1,1,1,"Thumbnail, Sitelinks",https://220volt.com.ua/istochniki-besperebojnogo-pitaniya/voltaj_batarei_120-v/,FALSE,FALSE,FALSE,FALSE,FALSE,FALSE
ritar rt1245,10,1,1,1,"Thumbnail, Sitelinks",https://220volt.com.ua/akkumulyatornaya-batareya-ritar-rt1245-12v-4-5ah/,FALSE,FALSE,FALSE,FALSE,FALSE,FALSE
насосная станция sprut,10,1,1,1,Sitelinks,https://220volt.com.ua/nasos/nasosi-dlya-vodosnabzheniya/nasosnie-ustanovki/sprut/,FALSE,FALSE,FALSE,FALSE,FALSE,FALSE
реле отключения водяного насоса,10,25,1,1,"Thumbnail, related_search, also_asks, Sitelinks, snip_image_thumbnail",https://220volt.com.ua/nasos/komplektuyushchie-dlya-vodosnabzheniya-i-vodootvedeniya/tip_kompl_nasos_rele-davleniya/,FALSE,FALSE,FALSE,FALSE,FALSE,FALSE
sth 50x,10,1,1,1,"Thumbnail, Video preview, Sitelinks",https://220volt.com.ua/motopompa-koshin-sth-50x/,FALSE,FALSE,FALSE,FALSE,FALSE,FALSE
pylontech hub,10,1,1,1,"Thumbnail, Sitelinks",https://220volt.com.ua/ua/blok-parallel-nogo-podklyucheniya-pylontech-lv-hub-bol-she-8-akb/,FALSE,FALSE,FALSE,FALSE,FALSE,FALSE
rt12120,10,1,1,1,"Thumbnail, Sitelinks, snip_image_thumbnail",https://220volt.com.ua/akkumulyatornaya-batareya-ritar-rt12120-12v-12-0ah/,FALSE,FALSE,FALSE,FALSE,FALSE,FALSE
pcm powercom war 600a,10,1,1,1,"related_search, Thumbnail, Sitelinks",https://220volt.com.ua/ibp-powercom-war-600a/,FALSE,FALSE,FALSE,FALSE,FALSE,FALSE
форт бесперебойник,10,8,1,1,"also_asks, Thumbnail, Sitelinks",https://220volt.com.ua/istochniki-besperebojnogo-pitaniya/fort/,FALSE,FALSE,FALSE,FALSE,FALSE,FALSE
lp lph 2500rl,10,0,1,1,Sitelinks,https://220volt.com.ua/stabilizator-napryazheniya-logicpower-lph-2500rl/,FALSE,FALSE,FALSE,FALSE,FALSE,FALSE
бензиновый генератор huter ht1000l,10,1,1,1,"Thumbnail, also_asks, Sitelinks",https://220volt.com.ua/generator-benzinovij-huter-ht-1000-l/,FALSE,FALSE,FALSE,FALSE,FALSE,FALSE
ибп ippon pro 600,10,1,1,1,"Thumbnail, Sitelinks, snip_image_thumbnail",https://220volt.com.ua/ibp-ippon-new-back-power-pro-600/,FALSE,FALSE,FALSE,FALSE,FALSE,FALSE
eaton plht c125 3,10,1,1,1,"Thumbnail, Sitelinks, snip_image_thumbnail",https://220volt.com.ua/avtomaticheskij-viklyuchatel-eaton-moeller-plht-c125-3-248041/,FALSE,FALSE,FALSE,FALSE,FALSE,FALSE
генератор ціна київ,10,25,1,1,"related_search, also_asks, Sitelinks",https://220volt.com.ua/ua/generatory.htm,FALSE,TRUE,FALSE,FALSE,FALSE,TRUE
ибп с выносными аккумуляторами,10,28,1,1,"related_search, also_asks, Thumbnail, Sitelinks",https://220volt.com.ua/istochniki-besperebojnogo-pitaniya/akkumulyatornaya_batareya_vneshnyaya/,FALSE,FALSE,FALSE,FALSE,FALSE,FALSE
tpr20,10,1,1,1,"Thumbnail, Sitelinks, snip_image_thumbnail",https://220volt.com.ua/otvertka-probnik-iek-op-2e/,FALSE,FALSE,FALSE,FALSE,FALSE,FALSE
sprut gpd 8 8 400 dn40,10,0,1,1,"Thumbnail, Sitelinks",https://220volt.com.ua/nasos-tsirkulyatsionnij-sprut-gpd-8-8-400-dn40/,FALSE,FALSE,FALSE,FALSE,FALSE,FALSE
реле давления для водяного насоса,10,27,1,1,"Thumbnail, also_asks, related_search, Sitelinks, snip_image_thumbnail",https://220volt.com.ua/nasos/komplektuyushchie-dlya-vodosnabzheniya-i-vodootvedeniya/tip_kompl_nasos_rele-davleniya/,FALSE,FALSE,FALSE,FALSE,FALSE,FALSE
278452,10,1,1,1,"Thumbnail, kn_graph_card, Sitelinks, snip_image_thumbnail",https://220volt.com.ua/rele-elektroteplovoe-eaton-moeller-zb32-16-278452/,FALSE,FALSE,FALSE,FALSE,FALSE,FALSE
рубильник 220 вольт,10,7,1,1,"Thumbnail, related_search, also_asks, Sitelinks",https://220volt.com.ua/elektrika-i-svet/nizkovoltnoe-oborudovanie/rubilniki.htm,FALSE,FALSE,FALSE,FALSE,FALSE,FALSE
домашняя сэс,10,8,1,1,"AI Overview, related_search, Thumbnail, Video preview, also_asks, Sitelinks",https://220volt.com.ua/solnechnaya-energetika/solnechnye-elektrostantsii.htm,FALSE,FALSE,FALSE,FALSE,FALSE,FALSE
mas 2000,10,0,1,1,"Thumbnail, Sitelinks, snip_image_thumbnail",https://220volt.com.ua/ua/ibp-powercom-mas-2000/,FALSE,FALSE,FALSE,FALSE,FALSE,FALSE
generator 800w,10,5,1,1,"related_search, also_asks, Thumbnail, Sitelinks",https://220volt.com.ua/ua/generatory/maksimalnaya_moschnost_block_0_8/,FALSE,FALSE,FALSE,FALSE,FALSE,FALSE
генератор купить киев цена,10,45,1,1,"related_search, also_asks, Sitelinks",https://220volt.com.ua/generatory.htm,FALSE,TRUE,FALSE,FALSE,FALSE,TRUE
аккумуляторная батарея ventura,10,6,1,1,"also_asks, related_search, Sitelinks",https://220volt.com.ua/akkumulatornie-batarei/ventura/,FALSE,FALSE,FALSE,FALSE,FALSE,FALSE
generac 13kw generator,10,1,1,1,"related_search, also_asks, Thumbnail, Sitelinks",https://220volt.com.ua/ua/generator-gazovij-generac-6271-13kw/,FALSE,FALSE,FALSE,FALSE,FALSE,FALSE
насос реле,10,25,1,1,"related_search, also_asks, Thumbnail, Sitelinks, snip_image_thumbnail",https://220volt.com.ua/nasos/komplektuyushchie-dlya-vodosnabzheniya-i-vodootvedeniya/tip_kompl_nasos_rele-davleniya/,FALSE,FALSE,FALSE,FALSE,FALSE,FALSE
солнечная электростанция 380 вольт,10,1,1,1,"Thumbnail, Sitelinks",https://220volt.com.ua/solnechnaya-energetika/solnechnye-elektrostantsii/faznost_rele_kontr_napr_3/,FALSE,FALSE,FALSE,FALSE,FALSE,FALSE
ventura vg 12 9,10,0,1,1,"Sitelinks, snip_image_thumbnail",https://220volt.com.ua/ua/akkumulyatornaya-batareya-ventura-vg-12-9-gel/,FALSE,FALSE,FALSE,FALSE,FALSE,FALSE
ra12 55,10,0,1,1,Sitelinks,https://220volt.com.ua/ua/akkumulyatornaya-batareya-ritar-ra12-55-12v-55-0ah/,FALSE,FALSE,FALSE,FALSE,FALSE,FALSE
ippon pro 600,10,2,1,1,"Thumbnail, Sitelinks",https://220volt.com.ua/ua/ibp-ippon-new-back-power-pro-600/,FALSE,FALSE,FALSE,FALSE,FALSE,FALSE
moeller c20,10,1,1,1,Sitelinks,https://220volt.com.ua/avtomaticheskij-viklyuchatel-eaton-moeller-pl6-c20-1/,FALSE,FALSE,FALSE,FALSE,FALSE,FALSE
sdtg2400501,10,0,1,1,"Thumbnail, Sitelinks, snip_image_thumbnail",https://220volt.com.ua/zaryadnoe-ustrojstvo-victron-energy-skylla-tg-24-50-1-1/,FALSE,FALSE,FALSE,FALSE,FALSE,FALSE
поставка аккумуляторных батарей,10,1,1,1,"Thumbnail, also_asks, related_search, Sitelinks",https://220volt.com.ua/akkumulatornie-batarei.htm,FALSE,FALSE,FALSE,FALSE,FALSE,FALSE
генератор с алюминиевой обмоткой,10,1,1,1,"Thumbnail, also_asks, Sitelinks",https://220volt.com.ua/generatory/material_alternatora_alyuminij/,FALSE,FALSE,FALSE,FALSE,FALSE,FALSE
bmer,10,1,1,1,"Thumbnail, Sitelinks",https://220volt.com.ua/benzinovij-generator-alen-bmer-10000-1/,FALSE,FALSE,FALSE,FALSE,FALSE,FALSE
аккумуляторная батарея everexceed,10,1,1,1,"Thumbnail, Sitelinks",https://220volt.com.ua/akkumulatornie-batarei/everexeed/,FALSE,FALSE,FALSE,FALSE,FALSE,FALSE
itc power gg20i,10,1,1,1,"Thumbnail, Sitelinks, snip_image_thumbnail",https://220volt.com.ua/ua/generator-invertornij-itc-power-gg20i-6807071/,FALSE,FALSE,FALSE,FALSE,FALSE,FALSE
apc 10000 rt smart ups,10,1,1,1,"Thumbnail, Sitelinks",https://220volt.com.ua/ibp-apc-smart-ups-rt-10000va/,FALSE,FALSE,FALSE,FALSE,FALSE,FALSE
ибп eaton 9130 1500,10,1,1,1,"Thumbnail, Sitelinks",https://220volt.com.ua/ibp-eaton-9130-1500-va/,FALSE,FALSE,FALSE,FALSE,FALSE,FALSE
ибп ippon innova rt 1500,10,0,1,1,"Thumbnail, Sitelinks",https://220volt.com.ua/ibp-ippon-innova-rt-1500/,FALSE,FALSE,FALSE,FALSE,FALSE,FALSE
генератор pramac p12000,10,1,1,1,"Thumbnail, Sitelinks",https://220volt.com.ua/generator-benzinovij-pramac-p12000/,FALSE,FALSE,FALSE,FALSE,FALSE,FALSE
everexceed dp 12200,10,1,1,1,"Thumbnail, Sitelinks",https://220volt.com.ua/ua/akkumulyatornaya-batareya-everexceed-dp-12200/,FALSE,FALSE,FALSE,FALSE,FALSE,FALSE
ибп on-line,10,11,1,1,"related_search, Video preview, also_asks, Sitelinks",https://220volt.com.ua/istochniki-besperebojnogo-pitaniya/typearhetekturi_neprerivnogo-dejstviya/,FALSE,FALSE,FALSE,FALSE,FALSE,FALSE
rt1250,10,1,1,1,"Thumbnail, Sitelinks",https://220volt.com.ua/akkumulyatornaya-batareya-ritar-rt1250-12v-5-0ah/,FALSE,FALSE,FALSE,FALSE,FALSE,FALSE
генератор itc power gg20i,10,1,1,1,"shopping_rhs, Thumbnail, Sitelinks",https://220volt.com.ua/generator-invertornij-itc-power-gg20i-6807071/,FALSE,FALSE,FALSE,FALSE,FALSE,FALSE
dvd 3000,10,1,1,1,"Thumbnail, Sitelinks",https://220volt.com.ua/ibp-riello-dvd-3000/,FALSE,FALSE,FALSE,FALSE,FALSE,FALSE
1но,10,1,1,1,"Thumbnail, Sitelinks",https://220volt.com.ua/elektrika-i-svet/nizkovoltnoe-oborudovanie/puskateli-kontaktori/puskateli/kontakty_puskateli_1no-1nz/,FALSE,FALSE,FALSE,FALSE,FALSE,FALSE
системы бесперебойного питания киев,10,49,1,1,"related_search, Local pack, Sitelinks",https://220volt.com.ua/istochniki-besperebojnogo-pitaniya.htm,FALSE,TRUE,FALSE,FALSE,FALSE,FALSE
режим green mode,10,2,1,1,"a_box_fsnippet, also_asks, Thumbnail, Sitelinks, snip_featured",https://220volt.com.ua/storage/catalog_products/153766/instruction/738.pdf,FALSE,FALSE,FALSE,FALSE,FALSE,FALSE
innova rt 1000,10,1,1,1,"Thumbnail, Video preview, related_search, Sitelinks",https://220volt.com.ua/ibp-ippon-innova-rt-1000/,FALSE,FALSE,FALSE,FALSE,FALSE,FALSE
виды учета электроэнергии,10,3,1,1,"related_search, also_asks, a_box_fsnippet, Sitelinks, snip_featured",https://220volt.com.ua/news/schetchiki-elektricheskoj-energii-kakie-byvayut/,FALSE,FALSE,FALSE,FALSE,FALSE,FALSE
батарея 150,10,6,1,1,"related_search, Thumbnail, Sitelinks",https://220volt.com.ua/akkumulatornie-batarei/emkost_ab_block_150/,FALSE,FALSE,FALSE,FALSE,FALSE,FALSE
matari m3800e,10,1,1,1,"Thumbnail, Sitelinks, snip_image_thumbnail",https://220volt.com.ua/ua/generator-benzinovij-matari-m3800e/,FALSE,FALSE,FALSE,FALSE,FALSE,FALSE
таймер отключения электричества,10,5,1,1,"related_search, Thumbnail, also_asks, Sitelinks",https://220volt.com.ua/elektrika-i-svet/nizkovoltnoe-oborudovanie/rele-tajmeri-fotokontrolleri/tajmeri.htm,FALSE,FALSE,FALSE,FALSE,FALSE,FALSE
стабилизатор напряжения настенный 10000 вт,10,1,1,1,"Thumbnail, also_asks, Sitelinks",https://220volt.com.ua/stabilizator/moshnost_stab_block_10/,FALSE,FALSE,FALSE,FALSE,FALSE,FALSE
ritar rt1250 12v5 0ah 20hr,10,1,1,1,"Thumbnail, Sitelinks",https://220volt.com.ua/akkumulyatornaya-batareya-ritar-rt1250-12v-5-0ah/,FALSE,FALSE,FALSE,FALSE,FALSE,FALSE
реле протока воды купить,10,11,1,1,"related_search, Thumbnail, also_asks, Sitelinks",https://220volt.com.ua/nasos/komplektuyushchie-dlya-vodosnabzheniya-i-vodootvedeniya/tip_kompl_nasos_rele_protoka__zashchita_ot_suhogo_hoda/,FALSE,TRUE,FALSE,FALSE,FALSE,TRUE
kstar ksg 3k sm,10,0,1,1,"Thumbnail, Sitelinks",https://220volt.com.ua/invertor-kstar-ksg-3-sm/,FALSE,FALSE,FALSE,FALSE,FALSE,FALSE
500 ah,10,1,1,1,"Thumbnail, AI Overview, also_asks, related_search, Sitelinks, snip_image_thumbnail, snip_url_in_aio, snip_fqdn_in_aio",https://220volt.com.ua/ua/akkumulatornie-batarei/emkost_ab_block_500/,FALSE,FALSE,FALSE,FALSE,FALSE,FALSE
dilm225,10,1,1,1,"Thumbnail, Sitelinks, snip_image_thumbnail",https://220volt.com.ua/kontaktor-otkritij-eaton-moeller-dilm-225-22-ra250/,FALSE,FALSE,FALSE,FALSE,FALSE,FALSE
аккумуляторная батарея 6v,10,18,1,1,"related_search, Thumbnail, Sitelinks",https://220volt.com.ua/akkumulatornie-batarei/napryagenie_batarei_block_6/,FALSE,FALSE,FALSE,FALSE,FALSE,FALSE
таймер включения электроприборов,10,25,1,1,"related_search, Sitelinks",https://220volt.com.ua/elektrika-i-svet/nizkovoltnoe-oborudovanie/rele-tajmeri-fotokontrolleri/tajmeri.htm,FALSE,FALSE,FALSE,FALSE,FALSE,FALSE
vfd4a8ms21afsaa,10,1,1,1,"Thumbnail, Sitelinks, snip_image_thumbnail",https://220volt.com.ua/ua/preobrazovatel-chastoti-delta-electronics-vfd4a8ms21afsaa/,FALSE,FALSE,FALSE,FALSE,FALSE,FALSE
pl6 b16 1,10,0,1,1,"Thumbnail, Sitelinks, snip_image_thumbnail",https://220volt.com.ua/avtomaticheskij-viklyuchatel-eaton-moeller-pl6-b16-1-286521/,FALSE,FALSE,FALSE,FALSE,FALSE,FALSE
csb gp,10,7,1,1,"related_search, Sitelinks",https://220volt.com.ua/akkumulyatornaya-batareya-csb-gp1272f2/,FALSE,FALSE,FALSE,FALSE,FALSE,FALSE
купить стабилизаторы напряжения 220в,10,8,1,1,"Thumbnail, related_search, Sitelinks",https://220volt.com.ua/stabilizator/phases_stab_odnofaznie/,FALSE,TRUE,FALSE,FALSE,FALSE,TRUE
купить насосную станцию спрут,10,1,1,1,"Thumbnail, also_asks, Sitelinks",https://220volt.com.ua/nasos/nasosi-dlya-vodosnabzheniya/nasosnie-ustanovki/sprut/,FALSE,TRUE,FALSE,FALSE,FALSE,TRUE
dalgakiran dj 5500 bg e,10,0,1,1,"Thumbnail, Sitelinks",https://220volt.com.ua/generator-benzinovij-dalgakiran-dj-5500-bg-e/,FALSE,FALSE,FALSE,FALSE,FALSE,FALSE
генератор чистая синусоида,10,5,1,1,"related_search, Thumbnail, also_asks, Sitelinks",https://220volt.com.ua/generatory/osnaschenie_generatora_s-pravilnoj-sinusoidoj/,FALSE,FALSE,FALSE,FALSE,FALSE,FALSE
fronius primo 5 kw,10,1,1,1,"Thumbnail, related_search, Sitelinks",https://220volt.com.ua/invertor-fronius-primo-5-0-1/,FALSE,FALSE,FALSE,FALSE,FALSE,FALSE
mr range,10,0,1,1,"Thumbnail, Sitelinks",https://220volt.com.ua/akkumulyatornaya-batareya-everexceed-modular-max-range-mr-2-300/,FALSE,FALSE,FALSE,FALSE,FALSE,FALSE
ибп ippon 3000,10,1,1,1,"Thumbnail, Sitelinks, snip_image_thumbnail",https://220volt.com.ua/ibp-ippon-smart-winner-3000/,FALSE,FALSE,FALSE,FALSE,FALSE,FALSE
riello vst 1100,10,1,1,1,"Thumbnail, Sitelinks",https://220volt.com.ua/ua/ibp-riello-vst-1100/,FALSE,FALSE,FALSE,FALSE,TRUE,FALSE
sprut gpd 15 12а,10,1,1,1,"Thumbnail, Sitelinks",https://220volt.com.ua/nasos-tsirkulyatsionnij-sprut-gpd-15-12a/,FALSE,FALSE,FALSE,FALSE,FALSE,FALSE
электростанция 3 квт купить,10,35,1,1,"related_search, Thumbnail, also_asks, Sitelinks, snip_image_thumbnail",https://220volt.com.ua/generatory/maksimalnaya_moschnost_block__3/,FALSE,TRUE,FALSE,FALSE,FALSE,TRUE
ritar 1270,10,1,1,1,"shopping_rhs, Thumbnail, Sitelinks",https://220volt.com.ua/akkumulyatornaya-batareya-ritar-rt1270-12v-7-0ah/,FALSE,FALSE,FALSE,FALSE,FALSE,FALSE
автоматический выключатель ап50б,10,1,1,1,"Thumbnail, related_search, Sitelinks",https://220volt.com.ua/avtomaticheskij-viklyuchatel-ap50b-3mt-6-3a-10in/,FALSE,FALSE,FALSE,FALSE,FALSE,FALSE
вольт 220 магазин,10,21,1,1,"Local pack, related_search, kn_graph_card, Thumbnail, Sitelinks, snip_image_thumbnail",https://220volt.com.ua/,FALSE,TRUE,FALSE,FALSE,FALSE,FALSE
купить защитное реле напряжения,10,40,1,1,"related_search, also_asks, Thumbnail, Sitelinks",https://220volt.com.ua/elektrika-i-svet/nizkovoltnoe-oborudovanie/rele-tajmeri-fotokontrolleri/rele/rele_kontrolya_napryajeniya.htm,FALSE,TRUE,FALSE,FALSE,FALSE,TRUE
mg26,10,1,1,1,"Thumbnail, Sitelinks",https://220volt.com.ua/akkumulyatornaya-batareya-logicpower-lp-mg-26/,FALSE,FALSE,FALSE,FALSE,FALSE,FALSE
hg55,10,1,1,1,"Thumbnail, Sitelinks",https://220volt.com.ua/generator-dizel-nij-hertz-hg-55-rc/,FALSE,FALSE,FALSE,FALSE,FALSE,FALSE
генератор форте 9000е,10,1,1,1,"Thumbnail, also_asks, Sitelinks",https://220volt.com.ua/generator-benzinovij-forte-fg9000e/,FALSE,FALSE,FALSE,FALSE,FALSE,FALSE
udc9103s,10,0,1,1,"Thumbnail, Sitelinks, snip_image_thumbnail",https://220volt.com.ua/ibp-kstar-udc9103s/,FALSE,FALSE,FALSE,FALSE,FALSE,FALSE
цена дизельные генераторы,10,27,1,1,"also_asks, related_search, AI Overview, Sitelinks",https://220volt.com.ua/generatory/tip_generatora_dizelnie_generatori/,FALSE,TRUE,FALSE,FALSE,FALSE,TRUE
реле давления для воды,10,25,1,1,"Video preview, related_search, Thumbnail, Sitelinks",https://220volt.com.ua/nasos/komplektuyushchie-dlya-vodosnabzheniya-i-vodootvedeniya/tip_kompl_nasos_rele-davleniya/,FALSE,FALSE,FALSE,FALSE,FALSE,FALSE
stark psg 6500el,10,1,1,1,"Thumbnail, Sitelinks",https://220volt.com.ua/ua/generator-benzinovij-stark-psg-6500el-profi/,FALSE,FALSE,FALSE,FALSE,FALSE,FALSE
пускатель 220в,10,8,1,1,"Thumbnail, also_asks, related_search, Sitelinks",https://220volt.com.ua/elektrika-i-svet/nizkovoltnoe-oborudovanie/puskateli-kontaktori/puskateli.htm,FALSE,FALSE,FALSE,FALSE,FALSE,FALSE
купить реле давления для скважинного насоса,10,27,1,1,"Thumbnail, related_search, Sitelinks",https://220volt.com.ua/nasos/komplektuyushchie-dlya-vodosnabzheniya-i-vodootvedeniya/tip_kompl_nasos_rele-davleniya/,FALSE,TRUE,FALSE,FALSE,FALSE,TRUE
батарея csb gp 1272 f2,10,9,1,1,"shopping_rhs, Video preview, Sitelinks",https://220volt.com.ua/akkumulyatornaya-batareya-csb-gp1272f2/,FALSE,FALSE,FALSE,FALSE,FALSE,FALSE
sdmo 2500 generator,10,0,1,1,"Thumbnail, Sitelinks",https://220volt.com.ua/ua/generator-benzinovij-sdmo-ranger-2500/,FALSE,FALSE,FALSE,FALSE,FALSE,FALSE
sma tripower 10kw,10,1,1,1,"Thumbnail, related_search, Sitelinks, snip_image_thumbnail",https://220volt.com.ua/invertor-sma-sunny-tripower-10000tl/,FALSE,FALSE,FALSE,FALSE,FALSE,FALSE
дизельный генератор forte fgd6500e інструкція,10,3,1,1,"related_search, AI Overview, also_asks, Sitelinks, snip_url_in_aio, snip_fqdn_in_aio",https://220volt.com.ua/storage/catalog_products/127597/instruction/738.pdf,FALSE,FALSE,FALSE,FALSE,FALSE,FALSE
8000 r,10,1,1,1,"Thumbnail, Sitelinks, snip_image_thumbnail",https://220volt.com.ua/generator-benzinovij-fogo-fh-8000-r/,FALSE,FALSE,FALSE,FALSE,FALSE,FALSE
life 3000,10,1,1,1,"Thumbnail, Sitelinks",https://220volt.com.ua/ua/portativnaya_zaryadnaya_stanciya_life_ps_3000/,FALSE,FALSE,FALSE,FALSE,FALSE,FALSE
купить электромагнитный пускатель,10,12,1,1,"also_asks, related_search, Thumbnail, Sitelinks",https://220volt.com.ua/elektrika-i-svet/nizkovoltnoe-oborudovanie/puskateli-kontaktori/puskateli.htm,FALSE,TRUE,FALSE,FALSE,FALSE,TRUE
general electric vh series 3000,10,1,1,1,"shopping_rhs, Thumbnail, Sitelinks",https://220volt.com.ua/ua/ibp-general-electric-vh-3000/,FALSE,FALSE,FALSE,FALSE,FALSE,FALSE
t105 plus,10,0,1,1,"related_search, Thumbnail, Sitelinks",https://220volt.com.ua/akkumulyatornaya-batareya-trojan-t105-plus/,FALSE,FALSE,FALSE,FALSE,FALSE,FALSE
конструкция акб,10,5,1,1,"related_search, also_asks, AI Overview, Thumbnail, Video preview, Sitelinks",https://220volt.com.ua/news/ustrojstvo-avtomobilnogo-akkumulyatora/,FALSE,FALSE,FALSE,FALSE,FALSE,FALSE
csb аккумулятор,10,8,1,1,"related_search, also_asks, Sitelinks",https://220volt.com.ua/akkumulatornie-batarei/csb/,FALSE,FALSE,FALSE,FALSE,FALSE,FALSE
eaton 9130 ups 700va,10,1,1,1,Sitelinks,https://220volt.com.ua/ibp-eaton-9130-700-va/,FALSE,FALSE,FALSE,FALSE,FALSE,FALSE
насосы колодезные цена,10,19,1,1,"related_search, also_asks, a_box_fsnippet, Thumbnail, Sitelinks, snip_featured",https://220volt.com.ua/nasos/nasosi-dlya-vodosnabzheniya/nasosi-dlya-kolodtsev.htm,FALSE,TRUE,FALSE,FALSE,FALSE,TRUE
электрогенератор huter dy3000lx,10,1,1,1,Sitelinks,https://220volt.com.ua/generator-benzinovij-huter-dy-3000-lx/,FALSE,FALSE,FALSE,FALSE,FALSE,FALSE
ritar rtsw 600 характеристики,10,6,1,1,"related_search, a_box_fsnippet, Sitelinks, snip_featured, snip_image_thumbnail",https://220volt.com.ua/ibp-ritar-rtsw-600-12v-q4/,FALSE,FALSE,FALSE,FALSE,FALSE,FALSE
в чем измеряется объем аккумулятора,10,23,1,1,"related_search, AI Overview, Thumbnail, also_asks, Sitelinks, snip_fqdn_in_aio",https://220volt.com.ua/news/chto-takoe-emkost-akkumulyatora-metodika-ee-rascheta/,FALSE,FALSE,FALSE,FALSE,FALSE,FALSE
sdh 1500,10,1,1,1,"Thumbnail, Sitelinks",https://220volt.com.ua/ua/ibp-riello-sdh-1500/,FALSE,FALSE,FALSE,FALSE,FALSE,FALSE
ибп ippon 800,10,1,1,1,"Thumbnail, Sitelinks",https://220volt.com.ua/ibp-ippon-back-comfo-pro-800-black/,FALSE,FALSE,FALSE,FALSE,FALSE,FALSE
24 voltage,10,1,1,1,"also_asks, related_search, Thumbnail, Sitelinks",https://220volt.com.ua/istochniki-besperebojnogo-pitaniya/voltaj_batarei_24-v/,FALSE,FALSE,FALSE,FALSE,FALSE,FALSE
ап50б цена,10,1,1,1,"related_search, Thumbnail, Sitelinks",https://220volt.com.ua/ua/avtomaticheskij-viklyuchatel-ap50b-3mt-6-3a-10in/,FALSE,TRUE,FALSE,FALSE,FALSE,TRUE
csb battery hr 1221w f2,10,2,1,1,"Thumbnail, Sitelinks",https://220volt.com.ua/akkumulyatornaya-batareya-csb-hr1221wf2/,FALSE,FALSE,FALSE,FALSE,FALSE,FALSE
yuasa npw36 12 12v 36w cell 10 min,10,3,1,1,Sitelinks,https://220volt.com.ua/ua/akkumulyatornaya-batareya-yuasa-npw36-12-06366/,FALSE,FALSE,FALSE,FALSE,FALSE,FALSE
220 вольт стабилизатор напряжения,10,14,1,1,"related_search, also_asks, Thumbnail, Sitelinks",https://220volt.com.ua/stabilizator/phases_stab_odnofaznie/,FALSE,FALSE,FALSE,FALSE,FALSE,FALSE
swl2500,10,1,1,1,"Thumbnail, Sitelinks, snip_image_thumbnail",https://220volt.com.ua/ua/akkumulyatornaya-batareya-yuasa-swl-2500/,FALSE,FALSE,FALSE,FALSE,FALSE,FALSE
бесперебойники ибп с внешним аккумулятором,10,28,1,1,"also_asks, related_search, Thumbnail, Sitelinks",https://220volt.com.ua/istochniki-besperebojnogo-pitaniya/akkumulyatornaya_batareya_vneshnyaya/,FALSE,FALSE,FALSE,FALSE,FALSE,FALSE
купить солнечные станции,10,22,1,1,"Thumbnail, related_search, Sitelinks",https://220volt.com.ua/solnechnaya-energetika/solnechnye-elektrostantsii.htm,FALSE,TRUE,FALSE,FALSE,FALSE,TRUE
узо на 20 ампер,10,2,1,1,"also_asks, Thumbnail, Sitelinks",https://220volt.com.ua/elektrika-i-svet/nizkovoltnoe-oborudovanie/ustrojstva-zashchitnogo-otklyucheniya-uzo-difavtomati/tok_v_uzo_20-a/,FALSE,FALSE,FALSE,FALSE,FALSE,FALSE
переносные мини генераторы,10,4,1,1,"also_asks, Thumbnail, related_search, Sitelinks",https://220volt.com.ua/generatory/tip_ustanovki_portativnie/,FALSE,FALSE,FALSE,FALSE,FALSE,FALSE
источник бесперебойного питания powercom war 600a,10,2,1,1,"related_search, Thumbnail, Sitelinks",https://220volt.com.ua/ibp-powercom-war-600a/,FALSE,FALSE,FALSE,FALSE,FALSE,FALSE
пускатель 24 вольта,10,1,1,1,"Thumbnail, Sitelinks",https://220volt.com.ua/elektrika-i-svet/nizkovoltnoe-oborudovanie/puskateli-kontaktori/puskateli/napr_katushki_kont_i_puskateli_24/,FALSE,FALSE,FALSE,FALSE,FALSE,FALSE
виды аккумуляторов авто,10,12,1,1,"related_search, a_box_fsnippet, also_asks, Sitelinks, snip_featured, snip_image_thumbnail",https://220volt.com.ua/news/raznovidnosti-akkumulyatornih-batarej-soglasno-tipu-rabochih-elementov-i-naznacheniyu/,FALSE,FALSE,FALSE,FALSE,FALSE,FALSE
pl6 c10 3,10,1,1,1,"Thumbnail, Sitelinks, snip_image_thumbnail",https://220volt.com.ua/avtomaticheskij-viklyuchatel-eaton-moeller-pl6-c10-3/,FALSE,FALSE,FALSE,FALSE,FALSE,FALSE
pkzm4 40,10,1,1,1,"Thumbnail, Sitelinks, snip_image_thumbnail",https://220volt.com.ua/avtomaticheskij-viklyuchatel-eaton-moeller-pkzm4-40-222354/,FALSE,FALSE,FALSE,FALSE,FALSE,FALSE
vgd 10k,10,1,1,1,"Thumbnail, Sitelinks",https://220volt.com.ua/ua/ibp-powercom-vgd-10k-rm-chain-6u/,FALSE,FALSE,FALSE,FALSE,FALSE,FALSE
реле промежуточное 220в 16а,10,1,1,1,"related_search, Thumbnail, Sitelinks, snip_image_thumbnail",https://220volt.com.ua/elektrika-i-svet/nizkovoltnoe-oborudovanie/rele-tajmeri-fotokontrolleri/rele/promejutochnie_rele/tok_rele_0-25-16-a/,FALSE,FALSE,FALSE,FALSE,FALSE,FALSE
аккумулятор hr 1234w f2,10,8,1,1,"related_search, Sitelinks",https://220volt.com.ua/akkumulyatornaya-batareya-csb-hr1234wf2/,FALSE,FALSE,FALSE,FALSE,FALSE,FALSE
генератор газовый green power,10,1,1,1,"Thumbnail, related_search, Sitelinks",https://220volt.com.ua/information/proizvoditeli/greenpower/,FALSE,FALSE,FALSE,FALSE,FALSE,FALSE
инвертор energy,10,0,1,1,"Video preview, related_search, Sitelinks",https://220volt.com.ua/ua/inverter/victron-energy/,FALSE,FALSE,FALSE,FALSE,FALSE,FALSE
купить генератор бензиновый forte fg6500e,10,5,1,1,"shopping_rhs, related_search, Sitelinks, snip_image_thumbnail",https://220volt.com.ua/generator-benzinovij-forte-fg6500e/,FALSE,TRUE,FALSE,FALSE,FALSE,TRUE
victron energy phoenix inverter 12 350,10,1,1,1,"Thumbnail, Sitelinks, snip_image_thumbnail",https://220volt.com.ua/invertor-victron-energy-phoenix-inverter-12-350-schuko-outlet/,FALSE,FALSE,FALSE,FALSE,FALSE,FALSE
293124,10,1,1,1,"Thumbnail, Sitelinks, snip_image_thumbnail",https://220volt.com.ua/avtomaticheskij-viklyuchatel-eaton-moeller-pl4-c16-1/,FALSE,FALSE,FALSE,FALSE,FALSE,FALSE
powercom war 500a цена,10,0,1,1,"Thumbnail, Sitelinks",https://220volt.com.ua/ibp-powercom-war-500a/,FALSE,TRUE,FALSE,FALSE,FALSE,TRUE
бензогенератор huter dy3000l,10,2,1,1,Sitelinks,https://220volt.com.ua/generator-benzinovij-huter-dy-3000-l/,FALSE,FALSE,FALSE,FALSE,FALSE,FALSE
мотопомпа stark wp 80,10,1,1,1,"Thumbnail, Sitelinks, snip_image_thumbnail",https://220volt.com.ua/motopompa-stark-wp80/,FALSE,FALSE,FALSE,FALSE,FALSE,FALSE
стабилизатор напряжения для дома 380 вольт,10,1,1,1,"AI Overview, also_asks, related_search, Sitelinks, snip_url_in_aio, snip_fqdn_in_aio",https://220volt.com.ua/stabilizator/phases_stab_trehfaznie/,FALSE,FALSE,FALSE,FALSE,FALSE,FALSE
какие виды аккумуляторов существуют,10,14,1,1,"a_box_fsnippet, also_asks, related_search, Video preview, Sitelinks, snip_featured, snip_image_thumbnail",https://220volt.com.ua/news/raznovidnosti-akkumulyatornih-batarej-soglasno-tipu-rabochih-elementov-i-naznacheniyu/,FALSE,FALSE,FALSE,FALSE,FALSE,FALSE
ящик с дин рейкой,10,2,1,1,"related_search, Thumbnail, Sitelinks, snip_image_thumbnail",https://220volt.com.ua/elektrika-i-svet/shitovoe/shchiti/nalicie_dinreyki_est/,FALSE,FALSE,FALSE,FALSE,FALSE,FALSE
eh110,10,1,1,1,"Thumbnail, Sitelinks",https://220volt.com.ua/ua/tajmer-analogovij-sutochnij-16a-1-pereklyuchaemij-kontakt-hager-eh110/,FALSE,FALSE,FALSE,FALSE,FALSE,FALSE
battery gp1272f2,10,3,1,1,"related_search, Thumbnail, Sitelinks",https://220volt.com.ua/ua/akkumulyatornaya-batareya-csb-gp1272f2/,FALSE,FALSE,FALSE,FALSE,FALSE,FALSE
eaton 5110 700va,10,0,1,1,"Thumbnail, Sitelinks",https://220volt.com.ua/ibp-eaton-5110-700-va/,FALSE,FALSE,FALSE,FALSE,FALSE,FALSE
емкость аккумулятора от напряжения,10,25,1,1,"Thumbnail, Video preview, related_search, also_asks, Sitelinks",https://220volt.com.ua/news/chto-takoe-emkost-akkumulyatora-metodika-ee-rascheta/,FALSE,FALSE,FALSE,FALSE,FALSE,FALSE
5px3000,10,1,1,1,"Thumbnail, Sitelinks, snip_image_thumbnail",https://220volt.com.ua/ibp-eaton-5px-3000-rt3u/,FALSE,FALSE,FALSE,FALSE,FALSE,FALSE
22 вольт,10,1,1,1,"Thumbnail, related_search, also_asks, Sitelinks, snip_image_thumbnail",https://220volt.com.ua/,FALSE,FALSE,FALSE,FALSE,FALSE,FALSE
купить реле защиты от перенапряжения,10,21,1,1,"also_asks, related_search, Thumbnail, Sitelinks",https://220volt.com.ua/elektrika-i-svet/nizkovoltnoe-oborudovanie/rele-tajmeri-fotokontrolleri/rele/rele_kontrolya_napryajeniya.htm,FALSE,TRUE,FALSE,FALSE,FALSE,TRUE
hitachi generator,10,2,1,1,"Thumbnail, Sitelinks",https://220volt.com.ua/ua/generatory/hitachii/,FALSE,FALSE,FALSE,FALSE,FALSE,FALSE
matari кто производитель,10,7,1,1,"Thumbnail, related_search, a_box_fsnippet, also_asks, Sitelinks, snip_featured",https://220volt.com.ua/information/proizvoditeli/matari/,FALSE,FALSE,FALSE,FALSE,FALSE,FALSE
емкость аккумулятора в чем измеряется,10,23,1,1,"related_search, Video preview, Thumbnail, AI Overview, also_asks, Sitelinks",https://220volt.com.ua/news/chto-takoe-emkost-akkumulyatora-metodika-ee-rascheta/,FALSE,FALSE,FALSE,FALSE,FALSE,FALSE
ritar ибп,10,4,1,1,"related_search, Video preview, Sitelinks",https://220volt.com.ua/istochniki-besperebojnogo-pitaniya/ritar/,FALSE,FALSE,FALSE,FALSE,FALSE,FALSE
ибп 10,10,6,1,1,"Thumbnail, also_asks, Sitelinks",https://220volt.com.ua/istochniki-besperebojnogo-pitaniya/fullpower_ibp_svishe-10000/,FALSE,FALSE,FALSE,FALSE,FALSE,FALSE
mh power mpu 1200 12,10,1,1,1,"Thumbnail, Sitelinks",https://220volt.com.ua/ua/ibp-mhpower-mpu-1200-12/,FALSE,FALSE,FALSE,FALSE,FALSE,FALSE
fsp750,10,0,1,1,"Thumbnail, Sitelinks, snip_image_thumbnail",https://220volt.com.ua/nasos-skvazhinnij-aquatica-fsp750-25-772602/,FALSE,FALSE,FALSE,FALSE,FALSE,FALSE
циркуляционный насос 10,10,1,1,1,"Thumbnail, also_asks, Sitelinks",https://220volt.com.ua/nasos/nasosi-dlya-vodosnabzheniya/tsirkulyatsionnie/napor_nasos_10_1-20/,FALSE,FALSE,FALSE,FALSE,FALSE,FALSE
купить 6 вольт аккумулятор,10,18,1,1,"related_search, Thumbnail, also_asks, Sitelinks, snip_image_thumbnail",https://220volt.com.ua/akkumulatornie-batarei/napryagenie_batarei_block_6/,FALSE,TRUE,FALSE,FALSE,FALSE,TRUE
ups ippon smart winner 3000,10,2,1,1,Sitelinks,https://220volt.com.ua/ua/ibp-ippon-smart-winner-3000/,FALSE,FALSE,FALSE,FALSE,FALSE,FALSE
riello ups vst 1500,10,1,1,1,"Thumbnail, Sitelinks",https://220volt.com.ua/ibp-riello-vst-1500/,FALSE,FALSE,FALSE,FALSE,TRUE,FALSE
s15000,10,0,1,1,"Thumbnail, Sitelinks",https://220volt.com.ua/generator-dizel-nij-pramac-s15000/,FALSE,FALSE,FALSE,FALSE,FALSE,FALSE
challenger 150,10,1,1,1,"Thumbnail, Sitelinks",https://220volt.com.ua/ua/akkumulyatornaya-batareya-challenger-a12-150/,FALSE,FALSE,FALSE,FALSE,FALSE,FALSE
электрическая схема подключения реле давления,10,2,1,1,"also_asks, related_search, Thumbnail, Sitelinks",https://220volt.com.ua/storage/catalog_products/156470/instruction/738.pdf,FALSE,FALSE,FALSE,FALSE,FALSE,FALSE
agm аккумуляторы киев,10,21,1,1,"Thumbnail, Local pack, related_search, Sitelinks",https://220volt.com.ua/akkumulatornie-batarei/tip_elementa_agm/,FALSE,TRUE,FALSE,FALSE,FALSE,FALSE
реле контроля тока купить,10,5,1,1,"related_search, Thumbnail, Sitelinks",https://220volt.com.ua/elektrika-i-svet/nizkovoltnoe-oborudovanie/rele-tajmeri-fotokontrolleri/rele/rele_kontrolya_toka.htm,FALSE,TRUE,FALSE,FALSE,FALSE,TRUE
реле давления воды схема,10,3,1,1,"Thumbnail, related_search, Sitelinks",https://220volt.com.ua/storage/catalog_products/156314/instruction/738.pdf,FALSE,FALSE,FALSE,FALSE,FALSE,FALSE
магазин 220 вольт телефон,10,6,1,1,"Local pack, Thumbnail, also_asks, related_search, Sitelinks",https://220volt.com.ua/contact/,FALSE,TRUE,FALSE,FALSE,FALSE,FALSE
купить стабилизатор 380,10,7,1,1,"Thumbnail, related_search, Sitelinks",https://220volt.com.ua/ua/stabilizator/phases_stab_trehfaznie/,FALSE,TRUE,FALSE,FALSE,FALSE,TRUE
md 120,10,0,1,1,"Thumbnail, Sitelinks",https://220volt.com.ua/generator-dizel-nij-matari-md120/,FALSE,FALSE,FALSE,FALSE,FALSE,FALSE
ибп 500 вт купить,10,9,1,1,"Thumbnail, Sitelinks",https://220volt.com.ua/istochniki-besperebojnogo-pitaniya/fullpower_ibp_do-500/,FALSE,TRUE,FALSE,FALSE,FALSE,TRUE
пускатель 24в,10,0,1,1,"Thumbnail, Sitelinks",https://220volt.com.ua/elektrika-i-svet/nizkovoltnoe-oborudovanie/puskateli-kontaktori/puskateli/napr_katushki_kont_i_puskateli_24/,FALSE,FALSE,FALSE,FALSE,FALSE,FALSE
ограничитель напряжения 220,10,1,1,1,"also_asks, shopping_rhs, Thumbnail, Sitelinks",https://220volt.com.ua/elektrika-i-svet/nizkovoltnoe-oborudovanie/ogranichiteli-perenapryazheniya/napryagenie_v_ogranichitelyah_220_v/,FALSE,FALSE,FALSE,FALSE,FALSE,FALSE
eaton 9130 2kva,10,1,1,1,"also_asks, Thumbnail, Sitelinks",https://220volt.com.ua/ibp-eaton-9130-2000-va/,FALSE,FALSE,FALSE,FALSE,FALSE,FALSE
logicpower lph 2500rv,10,0,1,1,"Thumbnail, Sitelinks",https://220volt.com.ua/ua/stabilizator-napryazheniya-logicpower-lph-2500rv/,FALSE,FALSE,FALSE,FALSE,FALSE,FALSE
дифференциальный автомат iek 16а,10,1,1,1,"Thumbnail, Sitelinks, snip_image_thumbnail",https://220volt.com.ua/differentsial-nij-avtomat-iek-avdt-32-s16-16-0-03a-6ka/,FALSE,FALSE,FALSE,FALSE,FALSE,FALSE
глубинный насос needle,10,1,1,1,"related_search, Thumbnail, Sitelinks, snip_image_thumbnail",https://220volt.com.ua/nasos/nasosi-dlya-vodosnabzheniya/skvazhinnie-nasosi/needle/,FALSE,FALSE,FALSE,FALSE,FALSE,FALSE
smk 1500a,10,1,1,1,"Thumbnail, Sitelinks, snip_image_thumbnail",https://220volt.com.ua/ibp-powercom-smk-1500a-lcd-rm/,FALSE,FALSE,FALSE,FALSE,FALSE,FALSE
электрогенератор ht1000l,10,1,1,1,"also_asks, Sitelinks",https://220volt.com.ua/generator-benzinovij-huter-ht-1000-l/,FALSE,FALSE,FALSE,FALSE,FALSE,FALSE
купить автономную солнечную электростанцию,10,9,1,1,"related_search, Sitelinks",https://220volt.com.ua/solnechnaya-energetika/solnechnye-elektrostantsii.htm,FALSE,TRUE,FALSE,FALSE,FALSE,TRUE
гелевый аккумулятор 220 вольт,10,1,1,1,"related_search, also_asks, Thumbnail, Sitelinks",https://220volt.com.ua/akkumulatornie-batarei/tip_elementa_gelevie/,FALSE,FALSE,FALSE,FALSE,FALSE,FALSE
ge vh 1000,10,1,1,1,Sitelinks,https://220volt.com.ua/ua/ibp-general-electric-vh-1000/,FALSE,FALSE,FALSE,FALSE,FALSE,FALSE
какое узо поставить на стиральную машину,10,1,1,1,"related_search, Thumbnail, also_asks, a_box_fsnippet, Sitelinks, snip_featured",https://220volt.com.ua/news/kak-vibrat-uzo/,FALSE,FALSE,FALSE,FALSE,FALSE,FALSE
реле управления и защиты,10,0,1,1,"Thumbnail, AI Overview, related_search, also_asks, Sitelinks, snip_image_thumbnail",https://220volt.com.ua/elektrika-i-svet/nizkovoltnoe-oborudovanie/rele-tajmeri-fotokontrolleri/rele/rele_kontrolya_napryajeniya.htm,FALSE,FALSE,FALSE,FALSE,FALSE,FALSE
бензогенератор купити в україні,10,33,1,1,"related_search, Sitelinks",https://220volt.com.ua/ua/generatory/tip_generatora_benzogeneratori/,FALSE,TRUE,FALSE,FALSE,FALSE,TRUE
avr basic,10,1,1,1,"related_search, Thumbnail, Sitelinks",https://220volt.com.ua/avr-basic-3f-63-63/,FALSE,FALSE,FALSE,FALSE,FALSE,FALSE
продажа генераторов киев,10,37,1,1,"related_search, Local pack, Sitelinks",https://220volt.com.ua/ua/generatory.htm,FALSE,TRUE,FALSE,FALSE,FALSE,FALSE
inverter huawei,10,9,1,1,"AI Overview, related_search, also_asks, Sitelinks",https://220volt.com.ua/ua/inverter/huawei/,FALSE,FALSE,FALSE,FALSE,FALSE,FALSE
електрогенератор купити київ,10,16,1,1,"Thumbnail, related_search, Sitelinks",https://220volt.com.ua/ua/generatory.htm,FALSE,TRUE,FALSE,FALSE,FALSE,TRUE
контакторы moeller,10,1,1,1,"Thumbnail, also_asks, Sitelinks",https://220volt.com.ua/elektrika-i-svet/nizkovoltnoe-oborudovanie/puskateli-kontaktori/puskateli/moeller/,FALSE,FALSE,FALSE,FALSE,FALSE,FALSE
gee 3,10,0,1,1,"Thumbnail, AI Overview, Sitelinks",https://220volt.com.ua/ua/generator-benzinovij-glendale-gp7500l-gee-3-0/,FALSE,FALSE,FALSE,FALSE,FALSE,FALSE
pf6 40 4 03,10,1,1,1,"Thumbnail, Sitelinks",https://220volt.com.ua/differentsial-noe-rele-eaton-moeller-pf6-40-4-003-286508/,FALSE,FALSE,FALSE,FALSE,FALSE,FALSE
таймеры выключения,10,9,1,1,"related_search, also_asks, Thumbnail, Sitelinks",https://220volt.com.ua/elektrika-i-svet/nizkovoltnoe-oborudovanie/rele-tajmeri-fotokontrolleri/tajmeri.htm,FALSE,FALSE,FALSE,FALSE,FALSE,FALSE
220 вольт ком юа,10,6,1,1,"related_search, Thumbnail, Sitelinks, snip_sitelinks",https://220volt.com.ua/,FALSE,FALSE,FALSE,FALSE,FALSE,FALSE
matari ats 40,10,3,1,1,"Thumbnail, Sitelinks, snip_image_thumbnail",https://220volt.com.ua/ua/avr-matari-ats-40/,FALSE,FALSE,FALSE,FALSE,FALSE,FALSE
насосная станция спрут отзывы,10,1,1,1,"also_asks, Thumbnail, Sitelinks",https://220volt.com.ua/nasosnaya-stantsiya-sprut-aumrs3-50l-ua/,FALSE,FALSE,FALSE,FALSE,TRUE,FALSE
standby ups,10,1,1,1,"also_asks, Thumbnail, Sitelinks",https://220volt.com.ua/ibp-ritar-rtp500-standby-l/,FALSE,FALSE,FALSE,FALSE,FALSE,FALSE
csb ups 12580,10,0,1,1,"Thumbnail, Sitelinks, snip_image_thumbnail",https://220volt.com.ua/akkumulyatornaya-batareya-csb-ups12580/,FALSE,FALSE,FALSE,FALSE,FALSE,FALSE
стабилизатор напряжения сн 600,10,1,1,1,"also_asks, a_box_fsnippet, Thumbnail, Sitelinks, snip_featured",https://220volt.com.ua/stabilizator-napryazheniya-dia-n-sn-600-h/,FALSE,FALSE,FALSE,FALSE,FALSE,FALSE
насосы отопления маленькой мощности,10,1,1,1,"Thumbnail, also_asks, related_search, Sitelinks",https://220volt.com.ua/nasos/nasosi-dlya-vodosnabzheniya/tsirkulyatsionnie.htm,FALSE,FALSE,FALSE,FALSE,FALSE,FALSE
ippon back comfo pro 600 инструкция,10,1,1,1,"related_search, Thumbnail, Sitelinks",https://220volt.com.ua/storage/catalog_products/146603/instruction/738.pdf,FALSE,FALSE,FALSE,FALSE,FALSE,FALSE
fg wilson цена,10,1,1,1,"Thumbnail, related_search, Sitelinks",https://220volt.com.ua/generatory/fg-wilson/,FALSE,TRUE,FALSE,FALSE,FALSE,TRUE
fd125,10,1,1,1,"Thumbnail, Sitelinks, snip_image_thumbnail",https://220volt.com.ua/ua/generator_dizelnii_fogo_fd_125_i_st/,FALSE,FALSE,FALSE,FALSE,FALSE,FALSE
автомобильный аккумулятор устройство,10,3,1,1,"related_search, also_asks, Thumbnail, Sitelinks",https://220volt.com.ua/news/ustrojstvo-avtomobilnogo-akkumulyatora/,FALSE,FALSE,FALSE,FALSE,FALSE,FALSE
deca smart 1115,10,0,1,1,"Thumbnail, Sitelinks, snip_image_thumbnail",https://220volt.com.ua/zaryadnoe-ustrojstvo-deca-smart-1115/,FALSE,FALSE,FALSE,FALSE,FALSE,FALSE
батарея gp 1272 f2,10,4,1,1,"related_search, Sitelinks",https://220volt.com.ua/akkumulyatornaya-batareya-csb-gp1272f2/,FALSE,FALSE,FALSE,FALSE,FALSE,FALSE
jcb st14 5jp,10,1,1,1,"Thumbnail, kn_graph_local, Sitelinks",https://220volt.com.ua/storage/catalog_products/138545/instruction/738.pdf,FALSE,FALSE,FALSE,FALSE,FALSE,FALSE
yuasa swl 1800,10,1,1,1,"Thumbnail, also_asks, Sitelinks",https://220volt.com.ua/akkumulyatornaya-batareya-yuasa-swl-1800/,FALSE,FALSE,FALSE,FALSE,FALSE,FALSE
riello sdl 5000,10,1,1,1,"Thumbnail, Sitelinks",https://220volt.com.ua/ibp-riello-sdl-5000/,FALSE,FALSE,FALSE,FALSE,FALSE,FALSE
fd 125,10,1,1,1,"Thumbnail, Sitelinks",https://220volt.com.ua/generator_dizelnii_fogo_fd_125_i_st/,FALSE,FALSE,FALSE,FALSE,FALSE,FALSE
источники бесперебойного питания 500,10,8,1,1,"related_search, Sitelinks",https://220volt.com.ua/istochniki-besperebojnogo-pitaniya/fullpower_ibp_do-500/,FALSE,FALSE,FALSE,FALSE,FALSE,FALSE
ибп и акб,10,35,1,1,"related_search, Video preview, Thumbnail, also_asks, Sitelinks",https://220volt.com.ua/istochniki-besperebojnogo-pitaniya/akkumulyatornaya_batareya_vstroennaya/,FALSE,FALSE,FALSE,FALSE,FALSE,FALSE
как греет теплый пол,10,7,1,1,"Thumbnail, also_asks, related_search, AI Overview, Sitelinks, snip_url_in_aio",https://220volt.com.ua/news/kak-rabotaet-teplyj-pol-vse-chto-nuzhno-znat-o-sovremennoj-sisteme-otopleniya/,FALSE,FALSE,FALSE,TRUE,FALSE,FALSE
12 / 800,10,0,1,1,"Thumbnail, Sitelinks, snip_image_thumbnail",https://220volt.com.ua/ua/ibp-elim-ukraina-pnk-12-800/,FALSE,FALSE,FALSE,FALSE,FALSE,FALSE
15 кіловатний генератор,10,3,1,1,"ads_top, related_search, shopping_top, Thumbnail, Sitelinks",https://220volt.com.ua/ua/generatory/maksimalnaya_moschnost_block__15/,FALSE,FALSE,FALSE,FALSE,FALSE,FALSE
gp12200,10,0,1,1,"Thumbnail, Sitelinks, snip_image_thumbnail",https://220volt.com.ua/ua/akkumulyatornaya-batareya-csb-gp12200/,FALSE,FALSE,FALSE,FALSE,FALSE,FALSE
графеновые аккумуляторы для смартфонов,10,2,1,1,"related_search, also_asks, Thumbnail, Sitelinks",https://220volt.com.ua/akkumulatornie-batarei/tip_elementa_svintsovo-uglerodnie/,FALSE,FALSE,FALSE,FALSE,FALSE,FALSE
gesan dvas 140e,10,0,1,1,"Thumbnail, Sitelinks, snip_image_thumbnail",https://220volt.com.ua/generator-dizel-nij-gesan-dvas-140e-ab/,FALSE,FALSE,FALSE,FALSE,FALSE,FALSE
ups 10000 watt,10,1,1,1,"Thumbnail, Sitelinks",https://220volt.com.ua/istochniki-besperebojnogo-pitaniya/fullpower_ibp_6001-10000/,FALSE,FALSE,FALSE,FALSE,FALSE,FALSE
стабилизатор напряжения компактный,10,3,1,1,"related_search, also_asks, Thumbnail, Sitelinks",https://220volt.com.ua/stabilizator/ispolnenie_stabilizatorov_perenosnie/,FALSE,FALSE,FALSE,FALSE,FALSE,FALSE
powercom wow 300,10,1,1,1,"related_search, Thumbnail, Sitelinks",https://220volt.com.ua/ua/ibp-powercom-wow-300/,FALSE,FALSE,FALSE,FALSE,FALSE,FALSE
vgd 1000,10,1,1,1,"Thumbnail, Sitelinks",https://220volt.com.ua/ua/ibp-powercom-vgd-1000/,FALSE,FALSE,FALSE,FALSE,FALSE,FALSE
0 5x10,10,0,1,1,"Thumbnail, Sitelinks, snip_image_thumbnail",https://220volt.com.ua/teplij-pol-devi-dvuzhil-nij-tonkij-mat-devicomfort-dtir-150-685vt-0-5x10/,FALSE,FALSE,FALSE,FALSE,FALSE,FALSE
europower psw ep5000wm24,10,1,1,1,"Thumbnail, Sitelinks",https://220volt.com.ua/ibp-europower-europower-psw-ep5000wm24/,FALSE,FALSE,FALSE,FALSE,FALSE,FALSE
стабилизатор напряжения перед счетчиком,10,1,1,1,"related_search, Video preview, also_asks, Thumbnail, Sitelinks",https://220volt.com.ua/news/osnovnie-nyuansi-ustanovki-i-shemi-podklyucheniya-stabilizatora-napryazheniya/,FALSE,FALSE,FALSE,FALSE,FALSE,FALSE
ups 220,10,11,1,1,"Thumbnail, related_search, AI Overview, Sitelinks, snip_image_thumbnail",https://220volt.com.ua/ua/istochniki-besperebojnogo-pitaniya.htm,FALSE,FALSE,FALSE,FALSE,FALSE,FALSE
пускатель купить,10,7,1,1,"also_asks, related_search, Thumbnail, Sitelinks",https://220volt.com.ua/elektrika-i-svet/nizkovoltnoe-oborudovanie/puskateli-kontaktori/puskateli.htm,FALSE,TRUE,FALSE,FALSE,FALSE,TRUE
дгу wilson цена,10,0,1,1,"Thumbnail, Sitelinks",https://220volt.com.ua/generatory/fg-wilson/,FALSE,TRUE,FALSE,FALSE,FALSE,TRUE
vsd 3000,10,1,1,1,"Thumbnail, related_search, Sitelinks",https://220volt.com.ua/ua/ibp-riello-vsd-3000/,FALSE,FALSE,FALSE,FALSE,TRUE,FALSE
пускатель магнитный катушка 24в,10,1,1,1,"Thumbnail, Sitelinks",https://220volt.com.ua/elektrika-i-svet/nizkovoltnoe-oborudovanie/puskateli-kontaktori/puskateli/napr_katushki_kont_i_puskateli_24/,FALSE,FALSE,FALSE,FALSE,FALSE,FALSE
насос для скважины грундфос цена,10,10,1,1,"related_search, also_asks, a_box_fsnippet, Thumbnail, Sitelinks, snip_featured",https://220volt.com.ua/nasos/nasosi-dlya-vodosnabzheniya/skvazhinnie-nasosi/grundfos/,FALSE,TRUE,FALSE,FALSE,FALSE,TRUE
реверсивный пускатель на 380,10,1,1,1,"Thumbnail, Sitelinks",https://220volt.com.ua/magnitnij-puskatel-etal-pml-1501b-10a-380v-revers/,FALSE,FALSE,FALSE,FALSE,FALSE,FALSE
электрогенератор dy6500l,10,1,1,1,"Thumbnail, Sitelinks",https://220volt.com.ua/generator-benzinovij-huter-dy-6500-l/,FALSE,FALSE,FALSE,FALSE,FALSE,FALSE
п6 122,10,0,1,1,"Thumbnail, Sitelinks, snip_image_thumbnail",https://220volt.com.ua/puskatel-p6-122/,FALSE,FALSE,FALSE,FALSE,FALSE,FALSE
солнечная электростанция купить в украине,10,20,1,1,"Thumbnail, related_search, Sitelinks",https://220volt.com.ua/solnechnaya-energetika/solnechnye-elektrostantsii.htm,FALSE,TRUE,FALSE,FALSE,FALSE,TRUE
автоматика на бензиновый генератор,10,8,1,1,"also_asks, related_search, Thumbnail, Sitelinks",https://220volt.com.ua/avtomaticheskij-zapusk-generatora.htm,FALSE,FALSE,FALSE,FALSE,FALSE,FALSE
вш30 в а 25 380,10,0,1,1,Sitelinks,https://220volt.com.ua/ua/razedinitel-rsh-vsh-30-25a-380v/,FALSE,FALSE,FALSE,FALSE,FALSE,FALSE
riello ups инструкция,10,1,1,1,"Thumbnail, Sitelinks",https://220volt.com.ua/storage/catalog_products/155041/instruction/738.pdf,FALSE,FALSE,FALSE,FALSE,FALSE,FALSE
homeline 2000w24,10,0,1,1,"Thumbnail, Sitelinks",https://220volt.com.ua/ibp-challenger-homeline-2000w24/,FALSE,FALSE,FALSE,FALSE,FALSE,FALSE
энергетическая безопасность украины,10,0,1,1,"also_asks, Thumbnail, Sitelinks",https://220volt.com.ua/news/energeticheskaya-bezopasnost-kak-ukraina-obnovlyaet-svoyu-energeticheskuyu-infrastrukturu-i-tehnologii/,FALSE,FALSE,FALSE,FALSE,FALSE,FALSE
генератор с электростартером купить,10,9,1,1,"related_search, Sitelinks",https://220volt.com.ua/generatory/start_type_elektrostarter/,FALSE,TRUE,FALSE,FALSE,FALSE,TRUE
46988,10,0,1,1,"Thumbnail, Sitelinks, snip_image_thumbnail",https://220volt.com.ua/avtomaticheskij-viklyuchatel-eaton-moeller-pkzm0-20-046988/,FALSE,FALSE,FALSE,FALSE,FALSE,FALSE
однофазные глубинные насосы,10,2,1,1,"related_search, also_asks, Thumbnail, Sitelinks",https://220volt.com.ua/nasos/nasosi-dlya-vodosnabzheniya/skvazhinnie-nasosi/kol_f_nas_odnofaznij/,FALSE,FALSE,FALSE,FALSE,FALSE,FALSE
магний графеновый аккумулятор,10,1,1,1,"Thumbnail, also_asks, related_search, Sitelinks",https://220volt.com.ua/akkumulatornie-batarei/tip_elementa_svintsovo-uglerodnie/,FALSE,FALSE,FALSE,FALSE,FALSE,FALSE
5k lcd,10,0,1,1,"Thumbnail, Sitelinks, snip_image_thumbnail",https://220volt.com.ua/stabilizator-napryazheniya-powercom-ar-5k-lcd/,FALSE,FALSE,FALSE,FALSE,FALSE,FALSE
переносной бензиновый генератор,10,12,1,1,"Thumbnail, also_asks, related_search, Sitelinks",https://220volt.com.ua/generatory/tip_ustanovki_portativnie/,FALSE,FALSE,FALSE,FALSE,FALSE,FALSE
ls 10000,10,1,1,1,"Thumbnail, Sitelinks",https://220volt.com.ua/ua/stabilizator-napryazheniya-lorenz-electric-ls-10000t/,FALSE,FALSE,FALSE,FALSE,FALSE,FALSE
солнечные станции цена,10,20,1,1,"related_search, also_asks, Thumbnail, Video preview, Sitelinks",https://220volt.com.ua/solnechnaya-energetika/solnechnye-elektrostantsii.htm,FALSE,TRUE,FALSE,FALSE,FALSE,TRUE
сравнение светодиодных ламп,10,6,1,1,"Thumbnail, related_search, Sitelinks",https://220volt.com.ua/news/sravnenie-lamp/,FALSE,FALSE,FALSE,FALSE,TRUE,FALSE
swl1800 yuasa,10,0,1,1,"shopping_rhs, Thumbnail, Sitelinks",https://220volt.com.ua/ua/akkumulyatornaya-batareya-yuasa-swl-1800/,FALSE,FALSE,FALSE,FALSE,FALSE,FALSE
генератор бензиновый honda цена,10,17,1,1,"related_search, also_asks, a_box_fsnippet, Thumbnail, Sitelinks, snip_featured",https://220volt.com.ua/generatory/honda/,FALSE,TRUE,FALSE,FALSE,FALSE,TRUE
устройство плавного пуска и торможения,10,1,1,1,"Thumbnail, also_asks, related_search, Sitelinks, snip_image_thumbnail",https://220volt.com.ua/preobrazovateli_chastoty_ustr_plavnogo_puska/ustrojstva-plavnogo-puska-i-tormozheniya.htm,FALSE,FALSE,FALSE,FALSE,FALSE,FALSE
hitachi генераторы,10,3,1,1,"Thumbnail, Sitelinks",https://220volt.com.ua/generatory/hitachii/,FALSE,FALSE,FALSE,FALSE,FALSE,FALSE
как проверить мощность генератора,10,5,1,1,"also_asks, related_search, Video preview, Thumbnail, Sitelinks",https://220volt.com.ua/news/kak-opredelit-moschnost-benzinovogo-generatora-dlya-sobstvennyh-nuzhd/,FALSE,FALSE,FALSE,TRUE,FALSE,FALSE
магнитный пускатель schneider electric цена,10,1,1,1,"Thumbnail, Sitelinks",https://220volt.com.ua/elektrika-i-svet/nizkovoltnoe-oborudovanie/puskateli-kontaktori/puskateli/schneider/,FALSE,TRUE,FALSE,FALSE,FALSE,TRUE
ups ippon back comfo pro 600,10,1,1,1,"Thumbnail, Sitelinks",https://220volt.com.ua/storage/catalog_products/146603/instruction/738.pdf,FALSE,FALSE,FALSE,FALSE,FALSE,FALSE
акб ventura gpl 12 200,10,1,1,1,"related_search, Thumbnail, Sitelinks, snip_image_thumbnail",https://220volt.com.ua/akkumulyatornaya-batareya-ventura-gpl-12-200/,FALSE,FALSE,FALSE,FALSE,FALSE,FALSE
rt 10kl lcd,10,0,1,1,Sitelinks,https://220volt.com.ua/ua/ibp-ritar-rt-10kl-lcd-1189/,FALSE,FALSE,FALSE,FALSE,FALSE,FALSE
электрогенератор huter dy3000l,10,1,1,1,"also_asks, Thumbnail, Sitelinks",https://220volt.com.ua/generator-benzinovij-huter-dy-3000-l/,FALSE,FALSE,FALSE,FALSE,FALSE,FALSE
aksa ajd 33,10,0,1,1,"Thumbnail, Sitelinks",https://220volt.com.ua/ua/generator-dizel-nij-aksa-ajd-33/,FALSE,FALSE,FALSE,FALSE,FALSE,FALSE
генератори київ купити,10,33,1,1,"Local pack, related_search, Sitelinks",https://220volt.com.ua/ua/generatory.htm,FALSE,TRUE,FALSE,FALSE,FALSE,TRUE
eaton pl6 c32 3,10,1,1,1,"Thumbnail, Sitelinks, snip_image_thumbnail",https://220volt.com.ua/avtomaticheskij-viklyuchatel-eaton-moeller-pl6-c32-3-286604/,FALSE,FALSE,FALSE,FALSE,FALSE,FALSE
магнитный пускатель купить киев,10,5,1,1,"related_search, Thumbnail, Local pack, Sitelinks",https://220volt.com.ua/elektrika-i-svet/nizkovoltnoe-oborudovanie/puskateli-kontaktori/puskateli.htm,FALSE,TRUE,FALSE,FALSE,FALSE,TRUE
220 вольт электроинструмент,10,3,1,1,"Thumbnail, Local pack, related_search, Sitelinks, snip_image_thumbnail",https://220volt.com.ua/,FALSE,FALSE,FALSE,FALSE,FALSE,FALSE
c6 3,10,1,1,1,"related_search, also_asks, Thumbnail, Sitelinks, snip_image_thumbnail",https://220volt.com.ua/avtomaticheskij-viklyuchatel-eaton-moeller-pl6-c6-3-286598/,FALSE,FALSE,FALSE,FALSE,FALSE,FALSE
как правильно подключить бензогенератор к сети дома,10,18,1,1,"Video preview, related_search, AI Overview, also_asks, Sitelinks, snip_url_in_aio, snip_fqdn_in_aio",https://220volt.com.ua/news/kak-podklyuchit-generator-k-domashnej-elektroseti-instruktsiya-po-bezopasnosti-i-tehnike/,FALSE,FALSE,FALSE,TRUE,FALSE,FALSE
контакторы в оболочке,10,1,1,1,"Thumbnail, also_asks, Sitelinks",https://220volt.com.ua/elektrika-i-svet/nizkovoltnoe-oborudovanie/puskateli-kontaktori/puskateli/ispolnenie_puskateley_v-obolochke/,FALSE,FALSE,FALSE,FALSE,FALSE,FALSE
дизельный генератор forte fgd6500e3 инструкция,10,2,1,1,"related_search, Thumbnail, Sitelinks",https://220volt.com.ua/storage/catalog_products/127597/instruction/738.pdf,FALSE,FALSE,FALSE,FALSE,FALSE,FALSE
электростанции генераторы киев,10,27,1,1,"related_search, Local pack, Sitelinks",https://220volt.com.ua/generatory.htm,FALSE,TRUE,FALSE,FALSE,FALSE,FALSE
lv hub pylontech,10,1,1,1,"Thumbnail, Sitelinks",https://220volt.com.ua/ua/blok-parallel-nogo-podklyucheniya-pylontech-lv-hub-bol-she-8-akb/,FALSE,FALSE,FALSE,FALSE,FALSE,FALSE
аккумуляторная батарея 220 вольт,10,13,1,1,"related_search, also_asks, Sitelinks, snip_image_thumbnail",https://220volt.com.ua/akkumulatornie-batarei.htm,FALSE,FALSE,FALSE,FALSE,FALSE,FALSE
стабилизатор напряжения для акустики,10,1,1,1,"also_asks, related_search, AI Overview, Sitelinks, snip_url_in_aio, snip_fqdn_in_aio",https://220volt.com.ua/stabilizator/optimal_stab_audio-tehniki-hi-fi/,FALSE,FALSE,FALSE,FALSE,FALSE,FALSE
вихревой электронасос,10,9,1,1,"Video preview, also_asks, related_search, Thumbnail, Sitelinks",https://220volt.com.ua/nasos/nasosi-dlya-vodosnabzheniya/tsentrobezhnie/tipvsas_vihrevoj/,FALSE,FALSE,FALSE,FALSE,FALSE,FALSE
автономная солнечная панель,10,6,1,1,"Thumbnail, also_asks, related_search, Sitelinks",https://220volt.com.ua/avtonomnaya-solnechnaya-stantsiya-na-5kvt/,FALSE,FALSE,FALSE,FALSE,FALSE,FALSE
challenger 3000,10,1,1,1,"Thumbnail, Sitelinks, snip_image_thumbnail",https://220volt.com.ua/ibp-challenger-homepro-3000/,FALSE,FALSE,FALSE,FALSE,FALSE,FALSE
innova rt 2k,10,1,1,1,"Thumbnail, Sitelinks",https://220volt.com.ua/ibp-voltitronic-innova-rt-2k/,FALSE,FALSE,FALSE,FALSE,FALSE,FALSE
электро рубильники,10,2,1,1,"related_search, also_asks, Thumbnail, Sitelinks, snip_image_thumbnail",https://220volt.com.ua/elektrika-i-svet/nizkovoltnoe-oborudovanie/rubilniki.htm,FALSE,FALSE,FALSE,FALSE,FALSE,FALSE
ritar rtp600 proxima l,10,0,1,1,"Thumbnail, Sitelinks",https://220volt.com.ua/ua/ibp-ritar-rtp600-proxima-l/,FALSE,FALSE,FALSE,FALSE,FALSE,FALSE
bs bb,10,0,1,1,"Thumbnail, AI Overview, Sitelinks, snip_url_in_aio, snip_fqdn_in_aio",https://220volt.com.ua/ua/akkumulyatornaya-batareya-bb-battery-bs-17-12-fr/,FALSE,FALSE,FALSE,FALSE,FALSE,FALSE
jp 4 47,10,1,1,1,"Thumbnail, a_box_fsnippet, Sitelinks, snip_featured",https://220volt.com.ua/nasos-poverhnostnij-grundfos-jp-4-47-99458767/,FALSE,FALSE,FALSE,FALSE,FALSE,FALSE
стабилизатор напряжения 220в 6квт,10,0,1,1,"also_asks, Thumbnail, related_search, Sitelinks",https://220volt.com.ua/stabilizator/moshnost_stab_block_6/,FALSE,FALSE,FALSE,FALSE,FALSE,FALSE
212 вольт,10,0,1,1,"Thumbnail, related_search, also_asks, Sitelinks, snip_image_thumbnail",https://220volt.com.ua/,FALSE,FALSE,FALSE,FALSE,FALSE,FALSE
генератор хутер 3000,10,2,1,1,Sitelinks,https://220volt.com.ua/generator-benzinovij-huter-dy-3000-l/,FALSE,FALSE,FALSE,FALSE,FALSE,FALSE
gps 3000,10,1,1,1,"Thumbnail, Sitelinks, snip_image_thumbnail",https://220volt.com.ua/generator-benzinovij-sadko-gps-3000/,FALSE,FALSE,FALSE,FALSE,FALSE,FALSE
csb hrl 634w f2,10,1,1,1,"shopping_rhs, Thumbnail, Sitelinks",https://220volt.com.ua/ua/akkumulyatornaya-batareya-csb-hrl634wf2/,FALSE,FALSE,FALSE,FALSE,FALSE,FALSE
стартмастер,10,1,1,1,"kn_graph_local, Sitelinks, snip_image_thumbnail",https://220volt.com.ua/information/proizvoditeli/startmaster/,FALSE,FALSE,FALSE,FALSE,FALSE,FALSE
ибп ippon innova rt 2000,10,1,1,1,"Video preview, Thumbnail, Sitelinks",https://220volt.com.ua/ibp-ippon-innova-rt-2000/,FALSE,FALSE,FALSE,FALSE,FALSE,FALSE
купить генератор киев цены,10,45,1,1,"also_asks, related_search, Sitelinks",https://220volt.com.ua/generatory.htm,FALSE,TRUE,FALSE,FALSE,FALSE,TRUE
victron energy производитель,10,0,1,1,"AI Overview, also_asks, related_search, Sitelinks",https://220volt.com.ua/information/proizvoditeli/victron-energy/,FALSE,FALSE,FALSE,FALSE,FALSE,FALSE
229 вольт,10,2,1,1,"related_search, also_asks, Thumbnail, Sitelinks, snip_image_thumbnail",https://220volt.com.ua/,FALSE,FALSE,FALSE,FALSE,FALSE,FALSE
магазин вольт 220,10,21,1,1,"Thumbnail, Local pack, related_search, Sitelinks",https://220volt.com.ua/,FALSE,TRUE,FALSE,FALSE,FALSE,FALSE
магний графеновый аккумулятор купить,10,1,1,1,"Thumbnail, also_asks, related_search, Sitelinks",https://220volt.com.ua/akkumulatornie-batarei/tip_elementa_svintsovo-uglerodnie/,FALSE,TRUE,FALSE,FALSE,FALSE,TRUE
moeller pkzm0 2.5,10,1,1,1,"Thumbnail, Sitelinks",https://220volt.com.ua/avtomaticheskij-viklyuchatel-eaton-moeller-pkzm0-2-5-072736/,FALSE,FALSE,FALSE,FALSE,FALSE,FALSE
магазин интернет 220 вольт,10,21,1,1,"Thumbnail, related_search, Sitelinks",https://220volt.com.ua/,FALSE,TRUE,FALSE,FALSE,FALSE,FALSE
invt gd20 2r2g 4,10,1,1,1,"Thumbnail, Sitelinks",https://220volt.com.ua/preobrazovatel-chastoti-invt-gd20-2r2g-4/,FALSE,FALSE,FALSE,FALSE,FALSE,FALSE
generac 13 квт,10,1,1,1,"Thumbnail, Sitelinks",https://220volt.com.ua/ua/generator-gazovij-generac-6271-13kw/,FALSE,FALSE,FALSE,FALSE,FALSE,FALSE
таймер выключения механический,10,14,1,1,"related_search, Thumbnail, Sitelinks",https://220volt.com.ua/elektrika-i-svet/nizkovoltnoe-oborudovanie/rele-tajmeri-fotokontrolleri/tajmeri.htm,FALSE,FALSE,FALSE,FALSE,FALSE,FALSE
пускатель реверсивный 380в,10,1,1,1,"Thumbnail, Sitelinks",https://220volt.com.ua/magnitnij-puskatel-etal-pml-1501b-10a-380v-revers/,FALSE,FALSE,FALSE,FALSE,FALSE,FALSE
защитное реле от перенапряжения,10,25,1,1,"Thumbnail, related_search, also_asks, Sitelinks, snip_image_thumbnail",https://220volt.com.ua/elektrika-i-svet/nizkovoltnoe-oborudovanie/rele-tajmeri-fotokontrolleri/rele/rele_kontrolya_napryajeniya.htm,FALSE,FALSE,FALSE,FALSE,FALSE,FALSE
ups 10,10,6,1,1,"Thumbnail, AI Overview, Sitelinks, snip_image_thumbnail",https://220volt.com.ua/ua/istochniki-besperebojnogo-pitaniya/fullpower_ibp_svishe-10000/,FALSE,FALSE,FALSE,FALSE,FALSE,FALSE
перекидной рубильник 220 вольт,10,10,1,1,"also_asks, Thumbnail, related_search, Sitelinks",https://220volt.com.ua/elektrika-i-svet/nizkovoltnoe-oborudovanie/rubilniki/tip_rubilnika_perekidnoj/,FALSE,FALSE,FALSE,FALSE,FALSE,FALSE
таймер электрический программируемый,10,2,1,1,"also_asks, Video preview, related_search, Sitelinks",https://220volt.com.ua/elektrika-i-svet/nizkovoltnoe-oborudovanie/rele-tajmeri-fotokontrolleri/tajmeri.htm,FALSE,FALSE,FALSE,FALSE,FALSE,FALSE
ритар 500,10,1,1,1,"Thumbnail, related_search, Sitelinks, snip_image_thumbnail",https://220volt.com.ua/ua/ibp-ritar-rtsw-500-led-12v-q4-9562/,FALSE,FALSE,FALSE,FALSE,FALSE,FALSE
q power axpert max 3600 24,10,1,1,1,"shopping_rhs, Thumbnail, Sitelinks",https://220volt.com.ua/ua/invertor-q-power-axpert-max-3600-24-230-3600vt-24v/,FALSE,FALSE,FALSE,FALSE,FALSE,FALSE
генератор stark 6500,10,1,1,1,"Thumbnail, Sitelinks",https://220volt.com.ua/generator-benzinovij-stark-6500-eco/,FALSE,FALSE,FALSE,FALSE,FALSE,FALSE
ибп challenger,10,1,1,1,"Thumbnail, related_search, Sitelinks",https://220volt.com.ua/istochniki-besperebojnogo-pitaniya/challenger/,FALSE,FALSE,FALSE,FALSE,FALSE,FALSE
ибп invt,10,0,1,1,"Thumbnail, Sitelinks",https://220volt.com.ua/istochniki-besperebojnogo-pitaniya/invt/,FALSE,FALSE,FALSE,FALSE,FALSE,FALSE
back comfo pro 600,10,1,1,1,"Thumbnail, Sitelinks",https://220volt.com.ua/ua/ibp-ippon-back-comfo-pro-600-black/,FALSE,FALSE,FALSE,FALSE,FALSE,FALSE
apc smart ups rt 10000va,10,1,1,1,"Thumbnail, Sitelinks",https://220volt.com.ua/ibp-apc-smart-ups-rt-10000va/,FALSE,FALSE,FALSE,FALSE,FALSE,FALSE
упс 10 квт,10,6,1,1,"Thumbnail, also_asks, related_search, Sitelinks",https://220volt.com.ua/istochniki-besperebojnogo-pitaniya/fullpower_ibp_svishe-10000/,FALSE,FALSE,FALSE,FALSE,FALSE,FALSE
генератор для водяного насоса,10,2,1,1,"Video preview, Thumbnail, related_search, also_asks, AI Overview, Sitelinks, snip_url_in_aio, snip_fqdn_in_aio",https://220volt.com.ua/generatory/optimal_gen_nasosnoj-stantsii/,FALSE,FALSE,FALSE,FALSE,FALSE,FALSE
ups 24,10,7,1,1,"related_search, kn_graph_local, also_asks, Thumbnail, Sitelinks, snip_image_thumbnail",https://220volt.com.ua/istochniki-besperebojnogo-pitaniya/voltaj_batarei_24-v/,FALSE,FALSE,FALSE,FALSE,FALSE,FALSE
таймер 220в купить,10,6,1,1,"related_search, also_asks, Thumbnail, Sitelinks",https://220volt.com.ua/elektrika-i-svet/nizkovoltnoe-oborudovanie/rele-tajmeri-fotokontrolleri/tajmeri.htm,FALSE,TRUE,FALSE,FALSE,FALSE,TRUE
fst 110,10,0,1,1,"Thumbnail, Sitelinks",https://220volt.com.ua/ua/nasos-dlya-fontana-sprut-fst-110/,FALSE,FALSE,FALSE,FALSE,FALSE,FALSE
купить таймер включения выключения,10,16,1,1,"shopping_rhs, also_asks, related_search, Thumbnail, Sitelinks",https://220volt.com.ua/elektrika-i-svet/nizkovoltnoe-oborudovanie/rele-tajmeri-fotokontrolleri/tajmeri.htm,FALSE,TRUE,FALSE,FALSE,FALSE,TRUE
agm аккумулятор киев,10,19,1,1,"related_search, Thumbnail, Local pack, Sitelinks",https://220volt.com.ua/akkumulatornie-batarei/tip_elementa_agm/,FALSE,TRUE,FALSE,FALSE,FALSE,FALSE
ippon smart winner ii 1500,10,1,1,1,"related_search, Thumbnail, Sitelinks",https://220volt.com.ua/ibp-ippon-smart-winner-1500/,FALSE,FALSE,FALSE,FALSE,FALSE,FALSE
genmac combiplus,10,1,1,1,"Thumbnail, Sitelinks",https://220volt.com.ua/ua/generator-benzinovij-genmac-combiplus-g15000heo/,FALSE,FALSE,FALSE,FALSE,FALSE,FALSE
pl6 c10 2,10,1,1,1,"Thumbnail, Sitelinks, snip_image_thumbnail",https://220volt.com.ua/avtomaticheskij-viklyuchatel-eaton-moeller-pl6-c10-2/,FALSE,FALSE,FALSE,FALSE,FALSE,FALSE
использование ибп,10,1,1,1,"also_asks, Thumbnail, Video preview, Sitelinks",https://220volt.com.ua/news/pravila-i-rekomendatsii-po-ekspluatatsii-ibp/,FALSE,FALSE,FALSE,FALSE,FALSE,FALSE
ats40,10,1,1,1,"Thumbnail, Sitelinks, snip_image_thumbnail",https://220volt.com.ua/ua/avr-matari-ats-40/,FALSE,FALSE,FALSE,FALSE,FALSE,FALSE
купить стабилизатор инверторный,10,14,1,1,"related_search, also_asks, Sitelinks",https://220volt.com.ua/stabilizator/control_invertornyi/,FALSE,TRUE,FALSE,FALSE,FALSE,TRUE
пускатель 110 в,10,1,1,1,"Thumbnail, Sitelinks",https://220volt.com.ua/elektrika-i-svet/nizkovoltnoe-oborudovanie/puskateli-kontaktori/puskateli/napr_katushki_kont_i_puskateli_110/,FALSE,FALSE,FALSE,FALSE,FALSE,FALSE
ups с внешней батареей,10,28,1,1,"also_asks, related_search, Thumbnail, Sitelinks",https://220volt.com.ua/istochniki-besperebojnogo-pitaniya/akkumulyatornaya_batareya_vneshnyaya/,FALSE,FALSE,FALSE,FALSE,FALSE,FALSE
адаптер с узо,10,1,1,1,"also_asks, Thumbnail, Sitelinks",https://220volt.com.ua/adapter-s-zashchitnim-otklyucheniem-iek-uzo-dpa16-16-0-03a/,FALSE,FALSE,FALSE,FALSE,FALSE,FALSE
разрядник на дин рейку,10,1,1,1,"Thumbnail, related_search, also_asks, Sitelinks",https://220volt.com.ua/elektrika-i-svet/nizkovoltnoe-oborudovanie/ogranichiteli-perenapryazheniya/sposob_ustanovki_na-din-rejku/,FALSE,FALSE,FALSE,FALSE,FALSE,FALSE
инверторный стабилизатор напряжения 220в,10,4,1,1,"related_search, AI Overview, also_asks, Sitelinks, snip_url_in_aio, snip_fqdn_in_aio",https://220volt.com.ua/stabilizator/control_invertornyi/,FALSE,FALSE,FALSE,FALSE,FALSE,FALSE
c900d5,10,1,1,1,"Thumbnail, Sitelinks, snip_image_thumbnail",https://220volt.com.ua/generator-dizel-nij-cummins-c900-d5/,FALSE,FALSE,FALSE,FALSE,FALSE,FALSE
электростанция хитачи,10,2,1,1,"Thumbnail, also_asks, Sitelinks",https://220volt.com.ua/generatory/hitachii/,FALSE,FALSE,FALSE,FALSE,FALSE,FALSE
sdmo ineo 3000,10,1,1,1,"Thumbnail, Sitelinks",https://220volt.com.ua/generator-benzinovij-sdmo-ineo-3000/,FALSE,FALSE,FALSE,FALSE,FALSE,FALSE
сонячні батареї в квартиру,10,35,1,1,"also_asks, related_search, Video preview, Sitelinks",https://220volt.com.ua/ua/solnechnaya-energetika/solnechnye-paneli-batarei/naznachenie_dlya_fotomoduli__kvartiry/,FALSE,FALSE,FALSE,FALSE,FALSE,FALSE
220 вольт адреса,10,1,1,1,"also_asks, related_search, Thumbnail, Local pack, Sitelinks, snip_image_thumbnail",https://220volt.com.ua/contact/,FALSE,FALSE,FALSE,FALSE,FALSE,FALSE
powercom bnt 400,10,1,1,1,"related_search, Thumbnail, Sitelinks",https://220volt.com.ua/ibp-powercom-bnt-400a/,FALSE,FALSE,FALSE,FALSE,FALSE,FALSE
тепловое реле рт,10,1,1,1,"also_asks, Thumbnail, Sitelinks",https://220volt.com.ua/elektrika-i-svet/nizkovoltnoe-oborudovanie/rele-tajmeri-fotokontrolleri/rele/teplovie_rele.htm,FALSE,FALSE,FALSE,FALSE,FALSE,FALSE
генератор energy power 2500,10,1,1,1,"Thumbnail, Sitelinks",https://220volt.com.ua/generator-benzinovij-energy-power-2500/,FALSE,FALSE,FALSE,FALSE,FALSE,FALSE
стабилизатор напряжения однофазный 220в,10,2,1,1,"related_search, Thumbnail, also_asks, Sitelinks",https://220volt.com.ua/stabilizator/phases_stab_odnofaznie/,FALSE,FALSE,FALSE,FALSE,FALSE,FALSE
электро станция солнечных батарей,10,21,1,1,"related_search, Thumbnail, also_asks, Sitelinks",https://220volt.com.ua/solnechnaya-energetika/solnechnye-elektrostantsii.htm,FALSE,FALSE,FALSE,FALSE,FALSE,FALSE
графеновые аккумуляторы 18650,10,0,1,1,"also_asks, Thumbnail, related_search, Sitelinks",https://220volt.com.ua/akkumulatornie-batarei/tip_elementa_svintsovo-uglerodnie/,FALSE,FALSE,FALSE,FALSE,FALSE,FALSE
генератор forte fg2500,10,1,1,1,"Thumbnail, Sitelinks",https://220volt.com.ua/generator-benzinovij-forte-fg2500/,FALSE,FALSE,FALSE,FALSE,FALSE,FALSE
axpert vm iii 3000w 24v,10,1,1,1,"Thumbnail, Sitelinks",https://220volt.com.ua/ua/invertor-q-power-axpert-vm-iii-3000-24-3000vt-24v/,FALSE,FALSE,FALSE,FALSE,FALSE,FALSE
генератор fogo fh 3001 отзывы,10,3,1,1,"also_asks, Video preview, Thumbnail, Sitelinks",https://220volt.com.ua/generator-benzinovij-fogo-fh-3001/,FALSE,FALSE,FALSE,FALSE,TRUE,FALSE
pramac p11000,10,1,1,1,"Thumbnail, Sitelinks",https://220volt.com.ua/generator-dizel-nij-pramac-p11000/,FALSE,FALSE,FALSE,FALSE,FALSE,FALSE
220вк вольт,10,7,1,1,"related_search, Thumbnail, Video preview, Sitelinks",https://220volt.com.ua/,FALSE,FALSE,FALSE,FALSE,FALSE,FALSE
ups устройства,10,30,1,1,"also_asks, Thumbnail, related_search, Sitelinks",https://220volt.com.ua/istochniki-besperebojnogo-pitaniya/nalichie_zaryad_ustr_ibp_est/,FALSE,FALSE,FALSE,FALSE,FALSE,FALSE
rt655,10,0,1,1,"Thumbnail, Sitelinks, snip_image_thumbnail",https://220volt.com.ua/akkumulyatornaya-batareya-ritar-rt655-6v-5-5ah-8210/,FALSE,FALSE,FALSE,FALSE,FALSE,FALSE
сварочный бензиновый генератор huter dy6500lxw,10,0,1,1,"Video preview, related_search, Thumbnail, Sitelinks",https://220volt.com.ua/generator-benzinovij-huter-dy-6500-lxw/,FALSE,FALSE,FALSE,FALSE,FALSE,FALSE
бесперебойник ippon 600,10,1,1,1,"Video preview, Thumbnail, Sitelinks, snip_image_thumbnail",https://220volt.com.ua/ibp-ippon-new-back-power-pro-600/,FALSE,FALSE,FALSE,FALSE,FALSE,FALSE
ra12 55 battery,10,1,1,1,"Thumbnail, Sitelinks",https://220volt.com.ua/ua/akkumulyatornaya-batareya-ritar-ra12-55-12v-55-0ah/,FALSE,FALSE,FALSE,FALSE,FALSE,FALSE
автоматика запуска генератора,10,10,1,1,"Video preview, Thumbnail, related_search, AI Overview, also_asks, Sitelinks, snip_fqdn_in_aio",https://220volt.com.ua/avtomaticheskij-zapusk-generatora.htm,FALSE,FALSE,FALSE,FALSE,FALSE,FALSE
купить аккумулятор ventura,10,5,1,1,"related_search, Local pack, Sitelinks",https://220volt.com.ua/akkumulatornie-batarei/ventura/,FALSE,TRUE,FALSE,FALSE,FALSE,TRUE
kstar ubr10,10,0,1,1,"Thumbnail, Sitelinks, snip_image_thumbnail",https://220volt.com.ua/ua/ibp-kstar-ubr10/,FALSE,FALSE,FALSE,FALSE,FALSE,FALSE
victron orion 30a,10,0,1,1,"Thumbnail, snip_image_thumbnail, Sitelinks",https://220volt.com.ua/zaryadnoe-ustrojstvo-victron-energy-orion-tr-smart-12-12-30a-360w-non-isolated-ori121236140/,FALSE,FALSE,FALSE,FALSE,FALSE,FALSE
стабилизаторы напряжения vega,10,1,1,1,"Thumbnail, AI Overview, also_asks, Sitelinks, snip_url_in_aio, snip_fqdn_in_aio",https://220volt.com.ua/stabilizator-napryazheniya-ortea-vega-400-15-25/,FALSE,FALSE,FALSE,FALSE,FALSE,FALSE
led ups,10,1,1,1,"related_search, Thumbnail, Sitelinks",https://220volt.com.ua/istochniki-besperebojnogo-pitaniya/indikatsiya_ibp_led-indikatsiya/,FALSE,FALSE,FALSE,FALSE,FALSE,FALSE
121250,10,0,1,1,"Thumbnail, Sitelinks, snip_image_thumbnail",https://220volt.com.ua/ua/akkumulyatornaya-batareya-csb-tpl-121250/,FALSE,FALSE,FALSE,FALSE,FALSE,FALSE
мини генератор на 220 вольт,10,17,1,1,"related_search, Thumbnail, also_asks, Sitelinks",https://220volt.com.ua/generatory/tip_ustanovki_portativnie/,FALSE,FALSE,FALSE,FALSE,FALSE,FALSE
pf4 25 2 003,10,0,1,1,"Thumbnail, Sitelinks",https://220volt.com.ua/differentsial-noe-rele-eaton-moeller-pf4-25-2-003-293167/,FALSE,FALSE,FALSE,FALSE,FALSE,FALSE
gd100 004g 4,10,1,1,1,"Thumbnail, Sitelinks",https://220volt.com.ua/preobrazovatel-chastoti-invt-gd100-004g-4/,FALSE,FALSE,FALSE,FALSE,FALSE,FALSE
переносная электростанция купить,10,22,1,1,"related_search, Thumbnail, Sitelinks",https://220volt.com.ua/portativnye-zaryadnye-stantsii/portativnye-elektrostantsii.htm,FALSE,TRUE,FALSE,FALSE,FALSE,TRUE
квант купить,10,1,1,1,"related_search, Thumbnail, Sitelinks",https://220volt.com.ua/ua/stabilizator/quant/,FALSE,TRUE,FALSE,FALSE,FALSE,TRUE
стабилизатор тока 220в,10,3,1,1,"related_search, also_asks, Thumbnail, Sitelinks",https://220volt.com.ua/stabilizator/phases_stab_odnofaznie/,FALSE,FALSE,FALSE,FALSE,FALSE,FALSE
europower ep13500te,10,1,1,1,"Thumbnail, Sitelinks, snip_image_thumbnail",https://220volt.com.ua/ua/generator-benzinovij-europower-ep13500te/,FALSE,FALSE,FALSE,FALSE,FALSE,FALSE
адаптер узо,10,1,1,1,"Thumbnail, also_asks, Sitelinks, snip_image_thumbnail",https://220volt.com.ua/adapter-s-zashchitnim-otklyucheniem-iek-uzo-dpa16-16-0-03a/,FALSE,FALSE,FALSE,FALSE,FALSE,FALSE
автоматические выключатели силовые,10,2,1,1,"also_asks, Thumbnail, related_search, AI Overview, Sitelinks",https://220volt.com.ua/elektrika-i-svet/nizkovoltnoe-oborudovanie/avtomati/silovie-avtomati.htm,FALSE,FALSE,FALSE,FALSE,FALSE,FALSE
счетчик энергомера се,10,1,1,1,"Thumbnail, Sitelinks, snip_image_thumbnail",https://220volt.com.ua/pribori-dlya-kontrolya-i-izmereniya/schetchiki/schetchiki-elektricheskoj-energii/energomera/,FALSE,FALSE,FALSE,FALSE,FALSE,FALSE
купить аккумуляторную батарею 6 вольт,10,18,1,1,"also_asks, Thumbnail, related_search, Sitelinks, snip_image_thumbnail",https://220volt.com.ua/akkumulatornie-batarei/napryagenie_batarei_block_6/,FALSE,TRUE,FALSE,FALSE,FALSE,TRUE
energy power 2500,10,1,1,1,"Thumbnail, Sitelinks",https://220volt.com.ua/generator-benzinovij-energy-power-2500/,FALSE,FALSE,FALSE,FALSE,FALSE,FALSE
csb battery gp1272f2,10,1,1,1,"Thumbnail, related_search, Sitelinks",https://220volt.com.ua/ua/akkumulyatornaya-batareya-csb-gp1272f2/,FALSE,FALSE,FALSE,FALSE,FALSE,FALSE
life 2000,10,1,1,1,"Thumbnail, related_search, AI Overview, Sitelinks, snip_image_thumbnail",https://220volt.com.ua/ua/portativnaya_zaryadnaya_stanciya_life_ps_2000/,FALSE,FALSE,FALSE,FALSE,FALSE,FALSE
gesan dpas 65 e,10,0,1,1,"Thumbnail, Sitelinks",https://220volt.com.ua/generator-dizel-nij-gesan-dpas-65e-ab/,FALSE,FALSE,FALSE,FALSE,FALSE,FALSE
как рассчитать мощность электрокотла отопления,10,1,1,1,"Thumbnail, also_asks, related_search, a_box_fsnippet, Sitelinks, snip_featured",https://220volt.com.ua/news/osnovnie-printsipi-vibora-elektricheskih-kotlov/,FALSE,FALSE,FALSE,TRUE,FALSE,FALSE
eps ii 22a инструкция,10,1,1,1,"Thumbnail, Sitelinks",https://220volt.com.ua/storage/catalog_products/164065/instruction/738.pdf,FALSE,FALSE,FALSE,FALSE,FALSE,FALSE
ippon smart winner 1500,10,1,1,1,"Thumbnail, Sitelinks",https://220volt.com.ua/ibp-ippon-smart-winner-1500/,FALSE,FALSE,FALSE,FALSE,FALSE,FALSE
forte fg6500ew,10,0,1,1,"Thumbnail, Sitelinks, snip_image_thumbnail",https://220volt.com.ua/generator-benzinovij-forte-fg6500ew/,FALSE,FALSE,FALSE,FALSE,FALSE,FALSE
пускатель двигателя,10,13,1,1,"also_asks, Thumbnail, related_search, Sitelinks, snip_image_thumbnail",https://220volt.com.ua/elektrika-i-svet/nizkovoltnoe-oborudovanie/puskateli-kontaktori/puskateli.htm,FALSE,FALSE,FALSE,FALSE,FALSE,FALSE
220 вольт каталог товаров,10,19,1,1,"Thumbnail, related_search, Sitelinks",https://220volt.com.ua/,FALSE,FALSE,FALSE,FALSE,FALSE,FALSE
ippon back power pro 600 батарея,10,1,1,1,"Thumbnail, Video preview, AI Overview, also_asks, Sitelinks, snip_url_in_aio, snip_fqdn_in_aio",https://220volt.com.ua/ibp-ippon-new-back-power-pro-600/,FALSE,FALSE,FALSE,FALSE,FALSE,FALSE
pw9130,10,1,1,1,"Thumbnail, Sitelinks, snip_image_thumbnail",https://220volt.com.ua/ibp-eaton-9130-3000-va-0/,FALSE,FALSE,FALSE,FALSE,FALSE,FALSE
swl 750,10,1,1,1,"Thumbnail, Sitelinks",https://220volt.com.ua/akkumulyatornaya-batareya-yuasa-swl-750/,FALSE,FALSE,FALSE,FALSE,FALSE,FALSE
ибп для насосной станции,10,1,1,1,"Thumbnail, Sitelinks",https://220volt.com.ua/istochniki-besperebojnogo-pitaniya/opt_reshenie_ibp_nasosov/,FALSE,FALSE,FALSE,FALSE,FALSE,FALSE
eaton 072737,10,1,1,1,"Thumbnail, Sitelinks, snip_image_thumbnail",https://220volt.com.ua/avtomaticheskij-viklyuchatel-eaton-moeller-pkzm0-4-072737/,FALSE,FALSE,FALSE,FALSE,FALSE,FALSE
220 volt киев,10,2,1,1,"Thumbnail, related_search, Sitelinks",https://220volt.com.ua/ua/,FALSE,TRUE,FALSE,FALSE,FALSE,FALSE
упс и аккумулятор,10,27,1,1,"related_search, also_asks, Thumbnail, Video preview, Sitelinks",https://220volt.com.ua/istochniki-besperebojnogo-pitaniya/akkumulyatornaya_batareya_vneshnyaya/,FALSE,FALSE,FALSE,FALSE,FALSE,FALSE
merlion gl12650m6,10,1,1,1,"Sitelinks, snip_image_thumbnail",https://220volt.com.ua/ua/akkumulyatornaya-batareya-merlion-gl12650m6/,FALSE,FALSE,FALSE,FALSE,FALSE,FALSE
бесперебойник on line,10,11,1,1,"Thumbnail, also_asks, related_search, Sitelinks",https://220volt.com.ua/istochniki-besperebojnogo-pitaniya/typearhetekturi_neprerivnogo-dejstviya/,FALSE,FALSE,FALSE,FALSE,FALSE,FALSE
рти иэк,10,1,1,1,"Thumbnail, Sitelinks, snip_image_thumbnail",https://220volt.com.ua/elektrika-i-svet/nizkovoltnoe-oborudovanie/rele-tajmeri-fotokontrolleri/rele/teplovie_rele/iek/,FALSE,FALSE,FALSE,FALSE,FALSE,FALSE
узо на 380,10,1,1,1,"Thumbnail, related_search, Sitelinks, snip_image_thumbnail",https://220volt.com.ua/elektrika-i-svet/nizkovoltnoe-oborudovanie/ustrojstva-zashchitnogo-otklyucheniya-uzo-difavtomati/napryagenie_v_uzo_380_v/,FALSE,FALSE,FALSE,FALSE,FALSE,FALSE
ritar rt12140,10,1,1,1,"Thumbnail, shopping_top, Sitelinks",https://220volt.com.ua/akkumulyatornaya-batareya-ritar-rt12140-12v-14-0ah/,FALSE,FALSE,FALSE,FALSE,FALSE,FALSE
насос центробежный самовсасывающий купить,10,9,1,1,"Thumbnail, related_search, Sitelinks",https://220volt.com.ua/nasos/nasosi-dlya-vodosnabzheniya/tsentrobezhnie/tipvsas_samovsasivayushchie/,FALSE,TRUE,FALSE,FALSE,FALSE,TRUE
cs3 gp 1272 f2,10,3,1,1,"Thumbnail, related_search, Sitelinks",https://220volt.com.ua/ua/akkumulyatornaya-batareya-csb-gp1272f2/,FALSE,FALSE,FALSE,FALSE,FALSE,FALSE
система запуска генератора,10,9,1,1,"also_asks, Thumbnail, related_search, Sitelinks, snip_image_thumbnail",https://220volt.com.ua/avtomaticheskij-zapusk-generatora.htm,FALSE,FALSE,FALSE,FALSE,FALSE,FALSE
кнопки управления и переключатели,10,1,1,1,"related_search, also_asks, Thumbnail, Sitelinks, snip_image_thumbnail",https://220volt.com.ua/elektrika-i-svet/nizkovoltnoe-oborudovanie/viklyuchateli-knopki-pereklyuchateli.htm,FALSE,FALSE,FALSE,FALSE,FALSE,FALSE
насос для скважины мощность,10,4,1,1,"also_asks, Thumbnail, related_search, Sitelinks",https://220volt.com.ua/nasos/nasosi-dlya-vodosnabzheniya/skvazhinnie-nasosi/moshnost_nasosa_skvaginnogo_do-2-kvt/,FALSE,FALSE,FALSE,FALSE,FALSE,FALSE
мис 2100,10,1,1,1,"Thumbnail, Sitelinks, snip_image_thumbnail",https://220volt.com.ua/ua/elektromagnit-mis-2100/,FALSE,FALSE,FALSE,FALSE,FALSE,FALSE
weekender pro3600i,10,1,1,1,"Thumbnail, Sitelinks",https://220volt.com.ua/generator-invertornij-weekender-3600pro/,FALSE,FALSE,FALSE,FALSE,FALSE,FALSE
узо 4 полюсное,10,0,1,1,"Thumbnail, also_asks, Sitelinks",https://220volt.com.ua/elektrika-i-svet/nizkovoltnoe-oborudovanie/ustrojstva-zashchitnogo-otklyucheniya-uzo-difavtomati/polusa_v_uzo_4/,FALSE,FALSE,FALSE,FALSE,FALSE,FALSE
электрический пускатель,10,17,1,1,"also_asks, related_search, Thumbnail, Sitelinks, snip_image_thumbnail",https://220volt.com.ua/elektrika-i-svet/nizkovoltnoe-oborudovanie/puskateli-kontaktori/puskateli.htm,FALSE,FALSE,FALSE,FALSE,FALSE,FALSE
ибп киев купить,10,49,1,1,"Thumbnail, Local pack, also_asks, related_search, Sitelinks",https://220volt.com.ua/istochniki-besperebojnogo-pitaniya.htm,FALSE,TRUE,FALSE,FALSE,FALSE,TRUE
аккумуляторная батарея ventura gpl 12-100,10,5,1,1,"related_search, Sitelinks, snip_image_thumbnail",https://220volt.com.ua/akkumulyatornaya-batareya-ventura-gpl-12-100/,FALSE,FALSE,FALSE,FALSE,FALSE,FALSE
generac 10k,10,0,1,1,"also_asks, shopping_rhs, Sitelinks",https://220volt.com.ua/generator-gazovij-generac-6270-10kw/,FALSE,FALSE,FALSE,FALSE,FALSE,FALSE
магазин 220 вольт сайт,10,19,1,1,"related_search, Sitelinks",https://220volt.com.ua/,FALSE,TRUE,TRUE,FALSE,FALSE,FALSE
чем отличается зарядное устройство от пуско зарядного,10,1,1,1,"Thumbnail, a_box_fsnippet, also_asks, Sitelinks, snip_featured, snip_image_thumbnail",https://220volt.com.ua/news/vibiraem-zaryadnie-ustrojstva/,FALSE,FALSE,FALSE,FALSE,FALSE,FALSE
осм 0.1,10,1,1,1,"Thumbnail, Sitelinks",https://220volt.com.ua/ua/transformator-upp-utos-osm-1-0-1-220-36/,FALSE,FALSE,FALSE,FALSE,FALSE,FALSE
powercom skp 1000a,10,1,1,1,"Thumbnail, Sitelinks",https://220volt.com.ua/ibp-powercom-skp-1000a/,FALSE,FALSE,FALSE,FALSE,FALSE,FALSE
реле давления воды насосной станции,10,27,1,1,"Thumbnail, Video preview, related_search, also_asks, Sitelinks",https://220volt.com.ua/nasos/komplektuyushchie-dlya-vodosnabzheniya-i-vodootvedeniya/tip_kompl_nasos_rele-davleniya/,FALSE,FALSE,FALSE,FALSE,FALSE,FALSE
электрогенератор цена киев,10,22,1,1,"related_search, also_asks, Sitelinks",https://220volt.com.ua/generatory.htm,FALSE,TRUE,FALSE,FALSE,FALSE,TRUE
автоматическое включение генератора,10,12,1,1,"AI Overview, Thumbnail, Video preview, related_search, also_asks, Sitelinks",https://220volt.com.ua/avtomaticheskij-zapusk-generatora.htm,FALSE,FALSE,FALSE,FALSE,FALSE,FALSE
обслуживание генераторных установок,10,4,1,1,"also_asks, Thumbnail, related_search, Video preview, Sitelinks",https://220volt.com.ua/news/pravilnoe-tehnicheskoe-obsluzhivanie-generatora/,FALSE,FALSE,FALSE,FALSE,FALSE,FALSE
sdmo dx 6000 te,10,1,1,1,"Thumbnail, Sitelinks",https://220volt.com.ua/generator-dizel-nij-sdmo-dx-6000-te/,FALSE,FALSE,FALSE,FALSE,FALSE,FALSE
400 ah,10,1,1,1,"also_asks, Thumbnail, Sitelinks, snip_image_thumbnail",https://220volt.com.ua/akkumulatornie-batarei/emkost_ab_block_400/,FALSE,FALSE,FALSE,FALSE,FALSE,FALSE
бензиновый генератор электростартер,10,9,1,1,"Thumbnail, related_search, Sitelinks",https://220volt.com.ua/generatory/start_type_elektrostarter/,FALSE,FALSE,FALSE,FALSE,FALSE,FALSE
бесперебойник с внешней батареей,10,28,1,1,"related_search, Thumbnail, Sitelinks",https://220volt.com.ua/istochniki-besperebojnogo-pitaniya/akkumulyatornaya_batareya_vneshnyaya/,FALSE,FALSE,FALSE,FALSE,FALSE,FALSE
reserve home 800,10,1,1,1,"related_search, Thumbnail, Sitelinks, snip_image_thumbnail",https://220volt.com.ua/ibp-sven-reserve-home-800/,FALSE,FALSE,FALSE,FALSE,FALSE,FALSE
dy6500l,10,1,1,1,"Thumbnail, also_asks, Sitelinks",https://220volt.com.ua/generator-benzinovij-huter-dy-6500-l/,FALSE,FALSE,FALSE,FALSE,FALSE,FALSE
купить генератор хитачи,10,3,1,1,"related_search, Thumbnail, Sitelinks, snip_image_thumbnail",https://220volt.com.ua/generatory/hitachii/,FALSE,TRUE,FALSE,FALSE,FALSE,TRUE
borri galileo,10,0,1,1,"Thumbnail, Sitelinks",https://220volt.com.ua/ua/ibp-borri-galileo-rt-3000va/,FALSE,FALSE,FALSE,FALSE,FALSE,FALSE
таймер 220 вольт купить,10,24,1,1,"related_search, Thumbnail, Sitelinks",https://220volt.com.ua/elektrika-i-svet/nizkovoltnoe-oborudovanie/rele-tajmeri-fotokontrolleri/tajmeri.htm,FALSE,TRUE,FALSE,FALSE,FALSE,TRUE
генератор характеристики,10,2,1,1,"AI Overview, also_asks, Video preview, Sitelinks",https://220volt.com.ua/news/harakteristiki-moshchnosti-generatora/,FALSE,FALSE,FALSE,FALSE,FALSE,FALSE
matari md 30,10,1,1,1,"Thumbnail, Sitelinks, snip_image_thumbnail",https://220volt.com.ua/ua/generator-dizel-nij-matari-md30/,FALSE,FALSE,FALSE,FALSE,FALSE,FALSE
каталог магазина 220 вольт,10,19,1,1,"related_search, Thumbnail, Sitelinks",https://220volt.com.ua/,FALSE,TRUE,FALSE,FALSE,FALSE,FALSE
sg 120,10,1,1,1,"Thumbnail, related_search, Sitelinks, snip_image_thumbnail",https://220volt.com.ua/generator-gazovij-generac-sg-120/,FALSE,FALSE,FALSE,FALSE,FALSE,FALSE
аккумулятор 1 квт 220 вольт,10,14,1,1,"also_asks, related_search, AI Overview, Sitelinks, snip_url_in_aio, snip_fqdn_in_aio",https://220volt.com.ua/akkumulatornie-batarei.htm,FALSE,FALSE,FALSE,FALSE,FALSE,FALSE
victron phoenix 3000,10,1,1,1,"Thumbnail, Sitelinks, snip_image_thumbnail",https://220volt.com.ua/invertor-victron-energy-phoenix-inverter-12-3000/,FALSE,FALSE,FALSE,FALSE,FALSE,FALSE
lpy c psw 3000va,10,1,1,1,"Thumbnail, related_search, shopping_rhs, Sitelinks",https://220volt.com.ua/invertor-logicpower-lpy-s-psw-3000va/,FALSE,FALSE,FALSE,FALSE,FALSE,FALSE
генератор stark 6500 eco,10,1,1,1,"Thumbnail, Sitelinks",https://220volt.com.ua/generator-benzinovij-stark-6500-eco/,FALSE,FALSE,FALSE,FALSE,FALSE,FALSE
3 х фазный генератор переменного тока,10,8,1,1,"also_asks, related_search, AI Overview, Sitelinks, snip_url_in_aio, snip_fqdn_in_aio",https://220volt.com.ua/generatory/faznost_generatorov_3/,FALSE,FALSE,FALSE,FALSE,FALSE,FALSE
регулятор напряжения 380 вольт,10,7,1,1,"Thumbnail, also_asks, related_search, Sitelinks",https://220volt.com.ua/stabilizator/phases_stab_trehfaznie/,FALSE,FALSE,FALSE,FALSE,FALSE,FALSE
диф автомат 220 вольт,10,3,1,1,"related_search, also_asks, Thumbnail, Sitelinks",https://220volt.com.ua/elektrika-i-svet/nizkovoltnoe-oborudovanie/ustrojstva-zashchitnogo-otklyucheniya-uzo-difavtomati/tip_uzo_difavtomati/,FALSE,FALSE,FALSE,FALSE,FALSE,FALSE
fronius symo advanced,10,1,1,1,"Thumbnail, a_box_fsnippet, Sitelinks, snip_featured",https://220volt.com.ua/invertor-setevoj-fronius-symo-advanced-200-3-m/,FALSE,FALSE,FALSE,FALSE,FALSE,FALSE
3000/120,10,1,1,1,"Thumbnail, related_search, Sitelinks, snip_image_thumbnail",https://220volt.com.ua/ibp-victron-energy-multiplus-12-3000-120-50/,FALSE,FALSE,FALSE,FALSE,FALSE,FALSE
стабилизатор напряжения 1000,10,5,1,1,"related_search, Sitelinks",https://220volt.com.ua/stabilizator/moshnost_stab_block_1/,FALSE,FALSE,FALSE,FALSE,FALSE,FALSE
аккумулятор челленджер,10,3,1,1,Sitelinks,https://220volt.com.ua/akkumulatornie-batarei/challenger/,FALSE,FALSE,FALSE,FALSE,FALSE,FALSE
солнечная подстанция,10,27,1,1,"Video preview, kn_graph_card, related_search, AI Overview, Sitelinks, snip_image_thumbnail",https://220volt.com.ua/solnechnaya-energetika/solnechnye-elektrostantsii.htm,FALSE,FALSE,FALSE,FALSE,FALSE,FALSE
реле низкого давления воды,10,1,1,1,"Thumbnail, Video preview, related_search, Sitelinks",https://220volt.com.ua/rele_nizkogo_davleniya_npo_lp3/,FALSE,FALSE,FALSE,FALSE,FALSE,FALSE
реле для насоса воды,10,25,1,1,"related_search, Thumbnail, also_asks, Sitelinks",https://220volt.com.ua/nasos/komplektuyushchie-dlya-vodosnabzheniya-i-vodootvedeniya/tip_kompl_nasos_rele-davleniya/,FALSE,FALSE,FALSE,FALSE,FALSE,FALSE
gp 2600,10,1,1,1,"Thumbnail, Sitelinks",https://220volt.com.ua/ua/generator-benzinovij-generac-gp2600/,FALSE,FALSE,FALSE,FALSE,FALSE,FALSE
скважинный насос с защитой от сухого хода,10,3,1,1,"related_search, also_asks, Thumbnail, Sitelinks",https://220volt.com.ua/nasos/nasosi-dlya-vodosnabzheniya/skvazhinnie-nasosi/zash_nas_est/,FALSE,FALSE,FALSE,FALSE,FALSE,FALSE
реле протока для насоса,10,2,1,1,"Thumbnail, AI Overview, Video preview, related_search, also_asks, Sitelinks, snip_image_thumbnail",https://220volt.com.ua/nasos/komplektuyushchie-dlya-vodosnabzheniya-i-vodootvedeniya/tip_kompl_nasos_rele_protoka__zashchita_ot_suhogo_hoda/,FALSE,FALSE,FALSE,FALSE,FALSE,FALSE
csb hrl634wf2,10,0,1,1,"Sitelinks, snip_image_thumbnail",https://220volt.com.ua/ua/akkumulyatornaya-batareya-csb-hrl634wf2/,FALSE,FALSE,FALSE,FALSE,FALSE,FALSE
маломощная электростанция,10,1,1,1,"Thumbnail, related_search, Sitelinks, snip_image_thumbnail",https://220volt.com.ua/generatory/ispolnenie_generatora_v-shumopogloshchayushchem-korpuse/,FALSE,FALSE,FALSE,FALSE,FALSE,FALSE
аккумуляторные батареи 6v,10,18,1,1,"related_search, also_asks, Sitelinks",https://220volt.com.ua/akkumulatornie-batarei/napryagenie_batarei_block_6/,FALSE,FALSE,FALSE,FALSE,FALSE,FALSE
газовый генератор green power cc 5000,10,1,1,1,Sitelinks,https://220volt.com.ua/generator-gazovij-greenpower-cc5000-lpg-ng-t2/,FALSE,FALSE,FALSE,FALSE,FALSE,FALSE
lps 358,10,0,1,1,"Thumbnail, Sitelinks",https://220volt.com.ua/akkumulyator_lp_lifepo4_hvm_3584v_160ah_57344_wh_24746/,FALSE,FALSE,FALSE,FALSE,FALSE,FALSE
innova rt,10,1,1,1,"Thumbnail, Video preview, Sitelinks",https://220volt.com.ua/ibp-ippon-innova-rt-1500/,FALSE,FALSE,FALSE,FALSE,FALSE,FALSE
q power axpert,10,1,1,1,"Thumbnail, Sitelinks",https://220volt.com.ua/ua/invertor-q-power-axpert-vm-iii-3000-24-3000vt-24v/,FALSE,FALSE,FALSE,FALSE,FALSE,FALSE
honda gx 70,10,0,1,1,"also_asks, related_search, Thumbnail, Sitelinks",https://220volt.com.ua/generator-benzinovij-honda-eu70isn-gt/,FALSE,FALSE,FALSE,FALSE,FALSE,FALSE
реле протока цена,10,8,1,1,"Thumbnail, related_search, also_asks, Sitelinks, snip_image_thumbnail",https://220volt.com.ua/nasos/komplektuyushchie-dlya-vodosnabzheniya-i-vodootvedeniya/tip_kompl_nasos_rele_protoka__zashchita_ot_suhogo_hoda/,FALSE,TRUE,FALSE,FALSE,FALSE,TRUE
ограничитель перенапряжения iek,10,1,1,1,"Thumbnail, Sitelinks",https://220volt.com.ua/elektrika-i-svet/nizkovoltnoe-oborudovanie/ogranichiteli-perenapryazheniya/iek/,FALSE,FALSE,FALSE,FALSE,FALSE,FALSE
стабилизатор напряжения на 24 квт,10,1,1,1,"also_asks, Thumbnail, Sitelinks",https://220volt.com.ua/stabilizator/moshnost_stab_block_24/,FALSE,FALSE,FALSE,FALSE,FALSE,FALSE
какое узо ставить на стиральную машину,10,1,1,1,"Thumbnail, related_search, a_box_fsnippet, also_asks, Sitelinks, snip_featured",https://220volt.com.ua/news/kak-vibrat-uzo/,FALSE,FALSE,FALSE,FALSE,FALSE,FALSE
offline ибп,10,2,1,1,"related_search, also_asks, Thumbnail, Sitelinks",https://220volt.com.ua/istochniki-besperebojnogo-pitaniya/typearhetekturi_rezervnij_off-line/,FALSE,FALSE,FALSE,FALSE,FALSE,FALSE
eaton 9130 700 ва,10,1,1,1,"Thumbnail, Sitelinks, snip_image_thumbnail",https://220volt.com.ua/ibp-eaton-9130-700-va/,FALSE,FALSE,FALSE,FALSE,FALSE,FALSE
battery csb gp 1272 f2,10,6,1,1,"shopping_rhs, related_search, Thumbnail, Sitelinks",https://220volt.com.ua/ua/akkumulyatornaya-batareya-csb-gp1272f2/,FALSE,FALSE,FALSE,FALSE,FALSE,FALSE
стабилизатор напряжения 220в бытовой,10,5,1,1,"related_search, Thumbnail, also_asks, Sitelinks",https://220volt.com.ua/stabilizator/phases_stab_odnofaznie/,FALSE,FALSE,FALSE,FALSE,FALSE,FALSE
imd 425ap,10,0,1,1,"Thumbnail, Sitelinks",https://220volt.com.ua/ibp-powercom-imd-425ap/,FALSE,FALSE,FALSE,FALSE,FALSE,FALSE
возбуждение генератора переменного тока,10,3,1,1,"Thumbnail, AI Overview, Video preview, related_search, also_asks, Sitelinks",https://220volt.com.ua/news/kak-voznikaet-elektricheskij-tok-v-generatornih-stantsiyah/,FALSE,FALSE,FALSE,FALSE,FALSE,FALSE
ge 1500,10,1,1,1,"Thumbnail, Sitelinks",https://220volt.com.ua/ua/ibp-general-electric-vh-1500/,FALSE,FALSE,FALSE,FALSE,FALSE,FALSE
частотный преобразователь 10 квт,10,2,1,1,"related_search, Thumbnail, also_asks, Sitelinks",https://220volt.com.ua/preobrazovateli_chastoty_ustr_plavnogo_puska/preobrazovateli-chastoti/moshnost_chastotnika_1_1-10-kvt/,FALSE,FALSE,FALSE,FALSE,FALSE,FALSE
riello sep 1500,10,1,1,1,"related_search, Thumbnail, Sitelinks",https://220volt.com.ua/ibp-riello-sep-1500/,FALSE,FALSE,FALSE,FALSE,FALSE,FALSE
встановлення безперебійного живлення,10,1,1,1,"related_search, Sitelinks",https://220volt.com.ua/ua/information/uslugi/montaj-ibp/,FALSE,FALSE,FALSE,FALSE,FALSE,FALSE
реле замыкания,10,0,1,1,"Thumbnail, related_search, also_asks, Sitelinks, snip_image_thumbnail",https://220volt.com.ua/elektrika-i-svet/nizkovoltnoe-oborudovanie/rele-tajmeri-fotokontrolleri/rele.htm,FALSE,FALSE,FALSE,FALSE,FALSE,FALSE
dy6500lxw,10,0,1,1,"Thumbnail, Video preview, also_asks, Sitelinks, snip_image_thumbnail",https://220volt.com.ua/generator-benzinovij-huter-dy-6500-lxw/,FALSE,FALSE,FALSE,FALSE,FALSE,FALSE
какие бывают акб,10,18,1,1,"related_search, Thumbnail, a_box_fsnippet, also_asks, Sitelinks, snip_featured, snip_image_thumbnail",https://220volt.com.ua/news/raznovidnosti-akkumulyatornih-batarej-soglasno-tipu-rabochih-elementov-i-naznacheniyu/,FALSE,FALSE,FALSE,FALSE,FALSE,FALSE
stark country 10000 online,10,0,1,1,"Thumbnail, Sitelinks",https://220volt.com.ua/ibp-stark-country-10000-online/,FALSE,FALSE,FALSE,FALSE,FALSE,FALSE
генератор путешествий,10,1,1,1,"Thumbnail, related_search, Sitelinks",https://220volt.com.ua/generatory/optimal_gen_turizma/,FALSE,FALSE,FALSE,FALSE,FALSE,FALSE
380 volt generator,10,9,1,1,"also_asks, related_search, Thumbnail, Sitelinks",https://220volt.com.ua/ua/generatory/faznost_generatorov_3/,FALSE,FALSE,FALSE,FALSE,FALSE,FALSE
бензогенератор huter 1000,10,1,1,1,"Thumbnail, Sitelinks",https://220volt.com.ua/generator-benzinovij-huter-ht-1000-l/,FALSE,FALSE,FALSE,FALSE,FALSE,FALSE
c6 1,10,1,1,1,"Thumbnail, Sitelinks, snip_image_thumbnail",https://220volt.com.ua/avtomaticheskij-viklyuchatel-eaton-moeller-pl6-c6-1-286530/,FALSE,FALSE,FALSE,FALSE,FALSE,FALSE
king 625,10,1,1,1,"Thumbnail, Sitelinks, snip_image_thumbnail",https://220volt.com.ua/ibp-powercom-kin-625ap/,FALSE,FALSE,FALSE,FALSE,FALSE,FALSE
dd 510,10,0,1,1,"Thumbnail, Sitelinks",https://220volt.com.ua/generator-dizel-nij-dalgakiran-dj-510-dd/,FALSE,FALSE,FALSE,FALSE,FALSE,FALSE
блок авр для генератора купить,10,23,1,1,"related_search, Sitelinks",https://220volt.com.ua/avtomaticheskij-zapusk-generatora.htm,FALSE,TRUE,FALSE,FALSE,FALSE,TRUE
ws250,10,0,1,1,"Thumbnail, AI Overview, Sitelinks",https://220volt.com.ua/ua/generator-dizel-nij-wattstream-ws250-ws/,FALSE,FALSE,FALSE,FALSE,FALSE,FALSE
стабилизатор напряжения для индукционной плиты,10,1,1,1,"AI Overview, related_search, also_asks, Thumbnail, Sitelinks",https://220volt.com.ua/stabilizator.htm,FALSE,FALSE,FALSE,FALSE,FALSE,FALSE
тепловые реле каталог,10,5,1,1,"Thumbnail, related_search, Sitelinks",https://220volt.com.ua/elektrika-i-svet/nizkovoltnoe-oborudovanie/rele-tajmeri-fotokontrolleri/rele/teplovie_rele.htm,FALSE,FALSE,FALSE,FALSE,FALSE,FALSE
psg6500el,10,1,1,1,"Thumbnail, Sitelinks, snip_image_thumbnail",https://220volt.com.ua/ua/generator-benzinovij-stark-psg-6500el-profi/,FALSE,FALSE,FALSE,FALSE,FALSE,FALSE
мини генератор переносной,10,15,1,1,"also_asks, related_search, Sitelinks",https://220volt.com.ua/generatory/tip_ustanovki_portativnie/,FALSE,FALSE,FALSE,FALSE,FALSE,FALSE
аккумулятор gp 12 7,10,1,1,1,"Thumbnail, Sitelinks",https://220volt.com.ua/akkumulyatornaya-batareya-ventura-gp-12-7/,FALSE,FALSE,FALSE,FALSE,FALSE,FALSE
powercom war600a,10,2,1,1,"related_search, Thumbnail, Sitelinks",https://220volt.com.ua/ibp-powercom-war-600a/,FALSE,FALSE,FALSE,FALSE,FALSE,FALSE
yuasa swl750,10,1,1,1,"Thumbnail, Sitelinks",https://220volt.com.ua/akkumulyatornaya-batareya-yuasa-swl-750/,FALSE,FALSE,FALSE,FALSE,FALSE,FALSE
abp для генератора,10,1,1,1,"also_asks, related_search, Sitelinks",https://220volt.com.ua/ua/avtomaticheskij-zapusk-generatora.htm,FALSE,FALSE,FALSE,FALSE,FALSE,FALSE
реле времени 220 вольт купить,10,11,1,1,"Thumbnail, related_search, Sitelinks",https://220volt.com.ua/elektrika-i-svet/nizkovoltnoe-oborudovanie/rele-tajmeri-fotokontrolleri/rele/rele_vremeni.htm,FALSE,TRUE,FALSE,FALSE,FALSE,TRUE
everexceed st 12100,10,0,1,1,"Thumbnail, Sitelinks, snip_image_thumbnail",https://220volt.com.ua/akkumulyatornaya-batareya-everexceed-st-12100/,FALSE,FALSE,FALSE,FALSE,FALSE,FALSE
vodoley pump,10,3,1,1,"related_search, also_asks, Thumbnail, Sitelinks",https://220volt.com.ua/nasos/nasosi-dlya-vodosnabzheniya/skvazhinnie-nasosi/vodolej/,FALSE,FALSE,FALSE,FALSE,FALSE,FALSE
модульные автоматические выключатели купить,10,1,1,1,"Thumbnail, Sitelinks, snip_image_thumbnail",https://220volt.com.ua/elektrika-i-svet/nizkovoltnoe-oborudovanie/avtomati/modulnie-avtomaticheskie-viklyuchateli.htm,FALSE,TRUE,FALSE,FALSE,FALSE,TRUE
daishin swt 80hx,10,0,1,1,"Thumbnail, Sitelinks",https://220volt.com.ua/ua/motopompa-daishin-swt-80hx/,FALSE,FALSE,FALSE,FALSE,FALSE,FALSE
logicpower lpy c psw 3000va,10,1,1,1,"Video preview, related_search, Thumbnail, Sitelinks",https://220volt.com.ua/invertor-logicpower-lpy-s-psw-3000va/,FALSE,FALSE,FALSE,FALSE,FALSE,FALSE
концевой выключатель для двери,10,3,1,1,"also_asks, related_search, Thumbnail, Sitelinks, snip_image_thumbnail",https://220volt.com.ua/elektrika-i-svet/nizkovoltnoe-oborudovanie/viklyuchateli-knopki-pereklyuchateli/viklyuchateli.htm,FALSE,FALSE,FALSE,FALSE,FALSE,FALSE
громко работает генератор,10,2,1,1,"AI Overview, Video preview, related_search, also_asks, Sitelinks",https://220volt.com.ua/news/kak-umenshit-shum-ot-generatora-metody-zvukoizolyatsii-i-vybor-tihih-modelej/,FALSE,FALSE,FALSE,FALSE,FALSE,FALSE
utool uig 2000,10,0,1,1,"Thumbnail, Sitelinks",https://220volt.com.ua/ua/benzinovij-invertornij-generator-utool-uig-2000/,FALSE,FALSE,FALSE,FALSE,FALSE,FALSE
стабилизаторы напряжения на 380 вольт,10,7,1,1,"Thumbnail, related_search, Sitelinks",https://220volt.com.ua/stabilizator/phases_stab_trehfaznie/,FALSE,FALSE,FALSE,FALSE,FALSE,FALSE
магазин 220 вольт каталог,10,3,1,1,"related_search, Sitelinks",https://220volt.com.ua/,FALSE,TRUE,FALSE,FALSE,FALSE,FALSE
пускатели шнайдер электрик,10,4,1,1,"related_search, Thumbnail, Sitelinks",https://220volt.com.ua/elektrika-i-svet/nizkovoltnoe-oborudovanie/puskateli-kontaktori/puskateli/schneider/,FALSE,FALSE,FALSE,FALSE,FALSE,FALSE
patriot srge 6500e,10,1,1,1,"Thumbnail, Sitelinks",https://220volt.com.ua/generator-benzinovij-patriot-srge-6500e/,FALSE,FALSE,FALSE,FALSE,FALSE,FALSE
ибп ippon smart winner 3000,10,2,1,1,"also_asks, AI Overview, Thumbnail, Sitelinks",https://220volt.com.ua/ibp-ippon-smart-winner-3000/,FALSE,FALSE,FALSE,FALSE,FALSE,FALSE
продажа реле напряжения,10,43,1,1,"Thumbnail, related_search, also_asks, Sitelinks",https://220volt.com.ua/elektrika-i-svet/nizkovoltnoe-oborudovanie/rele-tajmeri-fotokontrolleri/rele/rele_kontrolya_napryajeniya.htm,FALSE,FALSE,FALSE,FALSE,FALSE,FALSE
moeller pkzmo 10,10,1,1,1,"Thumbnail, Sitelinks, snip_image_thumbnail",https://220volt.com.ua/ua/avtomaticheskij-viklyuchatel-eaton-moeller-pkzm0-10-072739/,FALSE,FALSE,FALSE,FALSE,FALSE,FALSE
challenger a12 55,10,0,1,1,"Thumbnail, Sitelinks, snip_image_thumbnail",https://220volt.com.ua/ua/akkumulyatornaya-batareya-challenger-a12-55/,FALSE,FALSE,FALSE,FALSE,FALSE,FALSE
скважинные насосы grundfos цена,10,7,1,1,"related_search, a_box_fsnippet, also_asks, Thumbnail, Sitelinks, snip_featured",https://220volt.com.ua/nasos/nasosi-dlya-vodosnabzheniya/skvazhinnie-nasosi/grundfos/,FALSE,TRUE,FALSE,FALSE,FALSE,TRUE
обогрев теплицы солнечным коллектором,10,1,1,1,"Video preview, Thumbnail, also_asks, Sitelinks",https://220volt.com.ua/news/solnechnie-kollektori-v-sistemah-otopleniya/,FALSE,FALSE,FALSE,FALSE,FALSE,FALSE
media line генератор,10,1,1,1,"Video preview, AI Overview, Sitelinks",https://220volt.com.ua/ua/generatory/medialine/,FALSE,FALSE,FALSE,FALSE,FALSE,FALSE
портативные электростанции цена,10,19,1,1,"also_asks, Thumbnail, related_search, Sitelinks",https://220volt.com.ua/portativnye-zaryadnye-stantsii/portativnye-elektrostantsii.htm,FALSE,TRUE,FALSE,FALSE,FALSE,TRUE
ippon back power pro 600,10,2,1,1,Sitelinks,https://220volt.com.ua/ua/ibp-ippon-new-back-power-pro-600/,FALSE,FALSE,FALSE,FALSE,FALSE,FALSE
ritar rtp1200 proxima d,10,1,1,1,"shopping_rhs, Thumbnail, Sitelinks",https://220volt.com.ua/ua/ibp-ritar-rtp1200-proxima-d/,FALSE,FALSE,FALSE,FALSE,FALSE,FALSE
купить бесперебойник ритар,10,4,1,1,"related_search, Thumbnail, Sitelinks, snip_image_thumbnail",https://220volt.com.ua/ua/istochniki-besperebojnogo-pitaniya/ritar/,FALSE,TRUE,FALSE,FALSE,FALSE,TRUE
gd100 2r2g 4,10,1,1,1,"Thumbnail, Sitelinks",https://220volt.com.ua/preobrazovatel-chastoti-invt-gd100-2r2g-4/,FALSE,FALSE,FALSE,FALSE,FALSE,FALSE
ng b,10,0,1,1,"Thumbnail, related_search, Sitelinks, snip_image_thumbnail",https://220volt.com.ua/generator-gazovij-greenpower-cc3000-lpg-ng-b/,FALSE,FALSE,FALSE,FALSE,FALSE,FALSE
eaton pl6 b16 1,10,0,1,1,"Thumbnail, Sitelinks, snip_image_thumbnail",https://220volt.com.ua/avtomaticheskij-viklyuchatel-eaton-moeller-pl6-b16-1-286521/,FALSE,FALSE,FALSE,FALSE,FALSE,FALSE
емкость аккумулятора это,10,10,1,1,"Thumbnail, also_asks, related_search, AI Overview, Sitelinks, snip_url_in_aio, snip_fqdn_in_aio",https://220volt.com.ua/news/chto-takoe-emkost-akkumulyatora-metodika-ee-rascheta/,FALSE,FALSE,FALSE,FALSE,FALSE,FALSE
mzs 600,10,1,1,1,"Thumbnail, Sitelinks",https://220volt.com.ua/ua/nasos-drenazhnij-sprut-mzs-600/,FALSE,FALSE,FALSE,FALSE,FALSE,FALSE
ua 80,10,1,1,1,"Thumbnail, Sitelinks",https://220volt.com.ua/ibp-kstar-ua80/,FALSE,FALSE,FALSE,FALSE,FALSE,FALSE
стабилизатор ortea vega,10,0,1,1,"also_asks, Thumbnail, Sitelinks",https://220volt.com.ua/stabilizator-napryazheniya-ortea-vega-1000-20/,FALSE,FALSE,FALSE,FALSE,FALSE,FALSE
тепловое реле для двигателя 3 квт,10,0,1,1,"also_asks, Thumbnail, related_search, Sitelinks",https://220volt.com.ua/elektrika-i-svet/nizkovoltnoe-oborudovanie/rele-tajmeri-fotokontrolleri/rele/teplovie_rele.htm,FALSE,FALSE,FALSE,FALSE,FALSE,FALSE
obo combicontroller,10,0,1,1,"Thumbnail, Sitelinks",https://220volt.com.ua/razryadnik-obo-bettermann-combicontroller-v50-b-c-3-280-5093627/,FALSE,FALSE,FALSE,FALSE,FALSE,FALSE
stark country online 1000,10,1,1,1,"Video preview, Sitelinks",https://220volt.com.ua/ua/ibp-stark-country-1000-online/,FALSE,FALSE,FALSE,FALSE,FALSE,FALSE
вольт 220,10,6,1,1,"Local pack, related_search, also_asks, Thumbnail, Sitelinks, snip_sitelinks",https://220volt.com.ua/,FALSE,FALSE,FALSE,FALSE,FALSE,FALSE
водяные насосы высокого давления цена,10,7,1,1,"Thumbnail, related_search, a_box_fsnippet, also_asks, Sitelinks, snip_featured",https://220volt.com.ua/nasos/nasosi-dlya-vodosnabzheniya/nasosy_dlya_povysheniya_davleniya.htm,FALSE,TRUE,FALSE,FALSE,FALSE,TRUE
встановлення дбж,10,1,1,1,"related_search, also_asks, Sitelinks",https://220volt.com.ua/ua/information/uslugi/montaj-ibp/,FALSE,FALSE,FALSE,FALSE,FALSE,FALSE
бензогенераторы хитачи,10,3,1,1,"Thumbnail, also_asks, Sitelinks",https://220volt.com.ua/generatory/hitachii/,FALSE,FALSE,FALSE,FALSE,FALSE,FALSE
ippon back comfo pro 800,10,1,1,1,"Thumbnail, Sitelinks",https://220volt.com.ua/ibp-ippon-back-comfo-pro-800-black/,FALSE,FALSE,FALSE,FALSE,FALSE,FALSE
zb12 6,10,0,1,1,"Thumbnail, Sitelinks",https://220volt.com.ua/rele-elektroteplovoe-eaton-moeller-zb12-6-278439/,FALSE,FALSE,FALSE,FALSE,FALSE,FALSE
ritar rtswrl 600,10,1,1,1,"Video preview, Sitelinks",https://220volt.com.ua/ua/ibp-ritar-rtswrl-600-12312/,FALSE,FALSE,FALSE,FALSE,FALSE,FALSE
agm makelsan 6 fm 100,10,1,1,1,"Thumbnail, related_search, Sitelinks",https://220volt.com.ua/ua/akkumulyatornaya-batareya-makelsan-6-fm-100/,FALSE,FALSE,FALSE,FALSE,FALSE,FALSE
фекальный насос grundfos,10,4,1,1,"also_asks, Thumbnail, Sitelinks",https://220volt.com.ua/nasos/nasosi-dlya-vodootvedeniya/fekalnih-stokov/grundfos/,FALSE,FALSE,FALSE,FALSE,FALSE,FALSE
генератор насос,10,2,1,1,"related_search, also_asks, Thumbnail, Sitelinks",https://220volt.com.ua/generatory/optimal_gen_nasosnoj-stantsii/,FALSE,FALSE,FALSE,FALSE,FALSE,FALSE
снто,10,1,1,1,"Thumbnail, Sitelinks, snip_image_thumbnail",https://220volt.com.ua/ua/stabilizator-napryazheniya-strum-snto-7-12-home/,FALSE,FALSE,FALSE,FALSE,FALSE,FALSE
hr1221w f2 csb,10,2,1,1,"Thumbnail, Sitelinks",https://220volt.com.ua/ua/akkumulyatornaya-batareya-csb-hr1221wf2/,FALSE,FALSE,FALSE,FALSE,FALSE,FALSE
riello 2000,10,1,1,1,"Thumbnail, Sitelinks",https://220volt.com.ua/ibp-riello-vst-2000/,FALSE,FALSE,FALSE,FALSE,FALSE,FALSE
источник бесперебойного питания форт,10,8,1,1,"Thumbnail, Sitelinks",https://220volt.com.ua/istochniki-besperebojnogo-pitaniya/fort/,FALSE,FALSE,FALSE,FALSE,FALSE,FALSE
теплый пол отопление,10,8,1,1,"related_search, Video preview, AI Overview, also_asks, Sitelinks, snip_url_in_aio, snip_fqdn_in_aio",https://220volt.com.ua/news/kak-rabotaet-teplyj-pol-vse-chto-nuzhno-znat-o-sovremennoj-sisteme-otopleniya/,FALSE,FALSE,FALSE,FALSE,FALSE,FALSE
узо 220в,10,1,1,1,"Thumbnail, also_asks, Sitelinks",https://220volt.com.ua/ua/elektrika-i-svet/nizkovoltnoe-oborudovanie/ustrojstva-zashchitnogo-otklyucheniya-uzo-difavtomati/napryagenie_v_uzo_220_v/,FALSE,FALSE,FALSE,FALSE,FALSE,FALSE
аккумулятор csb gp 1272 f2,10,5,1,1,"related_search, Sitelinks",https://220volt.com.ua/akkumulyatornaya-batareya-csb-gp1272f2/,FALSE,FALSE,FALSE,FALSE,FALSE,FALSE
161205,10,0,1,1,"kn_graph_card, AI Overview, Sitelinks",https://220volt.com.ua/razvetvitel-asko-161205-chernij/,FALSE,FALSE,FALSE,FALSE,FALSE,FALSE
surt2000xli купить,10,2,1,1,"Thumbnail, Sitelinks, snip_image_thumbnail",https://220volt.com.ua/ibp-apc-smart-ups-rt-2000va-surt2000xli/,FALSE,TRUE,FALSE,FALSE,FALSE,TRUE
fronius 10kw inverter,10,2,1,1,"Thumbnail, related_search, Sitelinks",https://220volt.com.ua/invertor-fronius-symo-10-0-3-m/,FALSE,FALSE,FALSE,FALSE,FALSE,FALSE
ippon smart power pro 1000 батарея,10,1,1,1,"Thumbnail, related_search, Sitelinks",https://220volt.com.ua/ibp-ippon-smart-power-pro-1000/,FALSE,FALSE,FALSE,FALSE,FALSE,FALSE
купить генератор бесшумный,10,17,1,1,"related_search, Sitelinks",https://220volt.com.ua/generatory/ispolnenie_generatora_v-shumopogloshchayushchem-korpuse/,FALSE,TRUE,FALSE,FALSE,FALSE,TRUE
таймер включения выключения электроприборов,10,27,1,1,"also_asks, Video preview, related_search, Sitelinks",https://220volt.com.ua/elektrika-i-svet/nizkovoltnoe-oborudovanie/rele-tajmeri-fotokontrolleri/tajmeri.htm,FALSE,FALSE,FALSE,FALSE,FALSE,FALSE
внутри аккумулятора,10,4,1,1,"also_asks, Thumbnail, related_search, Sitelinks",https://220volt.com.ua/news/ustrojstvo-avtomobilnogo-akkumulyatora/,FALSE,FALSE,FALSE,FALSE,FALSE,FALSE
насос глубинный диаметр 76,10,1,1,1,"related_search, Thumbnail, Sitelinks, snip_image_thumbnail",https://220volt.com.ua/nasos/nasosi-dlya-vodosnabzheniya/skvazhinnie-nasosi/diametr_76/,FALSE,FALSE,FALSE,FALSE,FALSE,FALSE
насос ebara купить,10,3,1,1,"Sitelinks, snip_image_thumbnail",https://220volt.com.ua/nasos/nasosi-dlya-vodosnabzheniya/tsentrobezhnie/ebara/,FALSE,TRUE,FALSE,FALSE,FALSE,TRUE
аккумуляторные источники питания,10,11,1,1,"related_search, also_asks, Thumbnail, Sitelinks",https://220volt.com.ua/istochniki-besperebojnogo-pitaniya/akkumulyatornaya_batareya_vneshnyaya/,FALSE,FALSE,FALSE,FALSE,FALSE,FALSE
солнечная єлектростанция для дома,10,25,1,1,"related_search, Thumbnail, Sitelinks",https://220volt.com.ua/ua/solnechnaya-energetika/solnechnye-elektrostantsii.htm,FALSE,FALSE,FALSE,FALSE,FALSE,FALSE
автоматические выключатели дифференциального тока авдт 32,10,1,1,1,"Thumbnail, a_box_fsnippet, Sitelinks, snip_image_thumbnail, snip_featured","https://220volt.com.ua/differentsial-nij-avtomat-iek-avdt-32-s16-16-0-03a-6ka/#:~:text=%D0%90%D0%B2%D1%82%D0%BE%D0%BC%D0%B0%D1%82%D0%B8%D1%87%D0%B5%D1%81%D0%BA%D0%B8%D0%B5%20%D0%B2%D1%8B%D0%BA%D0%BB%D1%8E%D1%87%D0%B0%D1%82%D0%B5%D0%BB%D0%B8%20%D0%B4%D0%B8%D1%84%D1%84%D0%B5%D1%80%D0%B5%D0%BD%D1%86%D0%B8%D0%B0%D0%BB%D1%8C%D0%BD%D0%BE%D0%B3%D0%BE%20%D1%82%D0%BE%D0%BA%D0%B0%20%D0%90%D0%92%D0%94%D0%A232,%D0%BE%D1%82%20%D0%BF%D0%B5%D1%80%D0%B5%D0%B3%D1%80%D1%83%D0%B7%D0%BA%D0%B8%20%D0%B8%20%D0%BA%D0%BE%D1%80%D0%BE%D1%82%D0%BA%D0%BE%D0%B3%D0%BE%20%D0%B7%D0%B0%D0%BC%D1%8B%D0%BA%D0%B0%D0%BD%D0%B8%D1%8F.",FALSE,FALSE,FALSE,FALSE,FALSE,FALSE
ritar e rtm500,10,0,1,1,"related_search, Thumbnail, Sitelinks",https://220volt.com.ua/ibp-ritar-e-rtm500-elf-l-9815/,FALSE,FALSE,FALSE,FALSE,FALSE,FALSE
шкаф с дин рейкой,10,1,1,1,"related_search, Thumbnail, Sitelinks, snip_image_thumbnail",https://220volt.com.ua/elektrika-i-svet/shitovoe/shchiti/nalicie_dinreyki_est/,FALSE,FALSE,FALSE,FALSE,FALSE,FALSE
реверс пускатель,10,1,1,1,"also_asks, Thumbnail, Sitelinks, snip_image_thumbnail",https://220volt.com.ua/magnitnij-puskatel-etal-pml-1501b-10a-42v-revers/,FALSE,FALSE,FALSE,FALSE,FALSE,FALSE
купить реле промежуточное 220в,10,1,1,1,"also_asks, related_search, Thumbnail, Sitelinks",https://220volt.com.ua/elektrika-i-svet/nizkovoltnoe-oborudovanie/rele-tajmeri-fotokontrolleri/rele/promejutochnie_rele.htm,FALSE,TRUE,FALSE,FALSE,FALSE,TRUE
ибп powercom цена,10,1,1,1,"related_search, Thumbnail, Sitelinks",https://220volt.com.ua/istochniki-besperebojnogo-pitaniya/powercom/,FALSE,TRUE,FALSE,FALSE,FALSE,TRUE
мис 1200,10,1,1,1,"Thumbnail, Sitelinks",https://220volt.com.ua/elektromagnit-mis-1200/,FALSE,FALSE,FALSE,FALSE,FALSE,FALSE
stark country 1000,10,1,1,1,"Thumbnail, Sitelinks, snip_image_thumbnail",https://220volt.com.ua/ua/ibp-stark-country-1000-online/,FALSE,FALSE,FALSE,FALSE,FALSE,FALSE
power q,10,1,1,1,"Thumbnail, Sitelinks",https://220volt.com.ua/ua/information/proizvoditeli/q-power/,FALSE,FALSE,FALSE,FALSE,FALSE,FALSE
таймер выключения купить,10,25,1,1,"related_search, also_asks, Thumbnail, Sitelinks",https://220volt.com.ua/elektrika-i-svet/nizkovoltnoe-oborudovanie/rele-tajmeri-fotokontrolleri/tajmeri.htm,FALSE,TRUE,FALSE,FALSE,FALSE,TRUE
20 ah lithium battery,10,0,1,1,"Video preview, Thumbnail, related_search, also_asks, Sitelinks",https://220volt.com.ua/ua/akkumulyatornaya-batareya-vipow-lifepo4-12-8v-20ah-s-elementami-li-ion-18679/,FALSE,FALSE,FALSE,FALSE,FALSE,FALSE
купить контактор 220 вольт,10,6,1,1,"related_search, Sitelinks",https://220volt.com.ua/ua/elektrika-i-svet/nizkovoltnoe-oborudovanie/puskateli-kontaktori/puskateli/tip_puskateley_modul-nie/,FALSE,TRUE,FALSE,FALSE,FALSE,TRUE
сравнение лампочек,10,3,1,1,"Video preview, related_search, Thumbnail, also_asks, Sitelinks",https://220volt.com.ua/news/sravnenie-lamp/,FALSE,FALSE,FALSE,FALSE,TRUE,FALSE
yuasa 2500,10,1,1,1,"Thumbnail, shopping_rhs, related_search, Sitelinks",https://220volt.com.ua/ua/akkumulyatornaya-batareya-yuasa-swl-2500/,FALSE,FALSE,FALSE,FALSE,FALSE,FALSE
ah 9,10,1,1,1,"Thumbnail, Sitelinks, snip_image_thumbnail",https://220volt.com.ua/ua/akkumulatornie-batarei/emkost_ab_block_9/,FALSE,FALSE,FALSE,FALSE,FALSE,FALSE
hr1224wf2,10,0,1,1,"shopping_rhs, Thumbnail, Sitelinks, snip_image_thumbnail",https://220volt.com.ua/akkumulyatornaya-batareya-csb-hr1224wf2/,FALSE,FALSE,FALSE,FALSE,FALSE,FALSE
газовый генератор green power,10,1,1,1,"related_search, Thumbnail, Sitelinks",https://220volt.com.ua/ua/generatory/greenpower/,FALSE,FALSE,FALSE,FALSE,FALSE,FALSE
солнечная станция 3 квт под ключ,10,11,1,1,"Thumbnail, related_search, also_asks, Sitelinks",https://220volt.com.ua/solnechnaya-energetika/solnechnye-elektrostantsii/moshnost_set_stanc__3/,FALSE,FALSE,FALSE,FALSE,FALSE,FALSE
принцип работы генератора на тэц,10,8,1,1,"related_search, a_box_fsnippet, also_asks, Thumbnail, Sitelinks, snip_featured",https://220volt.com.ua/news/kak-voznikaet-elektricheskij-tok-v-generatornih-stantsiyah/,FALSE,FALSE,FALSE,FALSE,FALSE,FALSE
1000lt,10,1,1,1,"Thumbnail, Sitelinks",https://220volt.com.ua/ibp-n-power-mega-vision-1000lt/,FALSE,FALSE,FALSE,FALSE,FALSE,FALSE
насос 75,10,1,1,1,"related_search, Thumbnail, Sitelinks",https://220volt.com.ua/nasos/nasosi-dlya-vodosnabzheniya/skvazhinnie-nasosi/diametr_75-mm/,FALSE,FALSE,FALSE,FALSE,FALSE,FALSE
15000l,10,0,1,1,"Thumbnail, AI Overview, Sitelinks, snip_url_in_aio, snip_fqdn_in_aio",https://220volt.com.ua/stabilizator-napryazheniya-ferumina-status-15000l/,FALSE,FALSE,FALSE,FALSE,FALSE,FALSE
пускатель для освещения,10,7,1,1,"related_search, Thumbnail, also_asks, Sitelinks",https://220volt.com.ua/elektrika-i-svet/nizkovoltnoe-oborudovanie/puskateli-kontaktori/puskateli/tip_puskateley_modul-nie/,FALSE,FALSE,FALSE,FALSE,FALSE,FALSE
генератор для обогревателя,10,1,1,1,"also_asks, Thumbnail, Sitelinks",https://220volt.com.ua/generatory/optimal_gen_kotla/,FALSE,FALSE,FALSE,FALSE,FALSE,FALSE
теплый пол система отопления,10,8,1,1,"related_search, also_asks, a_box_fsnippet, Sitelinks, snip_featured, snip_image_thumbnail",https://220volt.com.ua/news/kak-rabotaet-teplyj-pol-vse-chto-nuzhno-znat-o-sovremennoj-sisteme-otopleniya/,FALSE,FALSE,FALSE,FALSE,FALSE,FALSE
зубр 220 вольт,10,0,1,1,"Thumbnail, shopping_top, related_search, also_asks, Sitelinks",https://220volt.com.ua/elektrika-i-svet/nizkovoltnoe-oborudovanie/rele-tajmeri-fotokontrolleri/rele/rele_kontrolya_napryajeniya/zubr/,FALSE,FALSE,FALSE,FALSE,FALSE,FALSE
5px 3000,10,1,1,1,"Thumbnail, Sitelinks, snip_image_thumbnail",https://220volt.com.ua/ibp-eaton-5px-3000-rt3u/,FALSE,FALSE,FALSE,FALSE,FALSE,FALSE
тексан каталог продукции,10,1,1,1,"Thumbnail, Sitelinks",https://220volt.com.ua/information/proizvoditeli/teksan/,FALSE,FALSE,FALSE,FALSE,FALSE,FALSE
компактный генератор 220,10,17,1,1,"related_search, Thumbnail, also_asks, Sitelinks",https://220volt.com.ua/generatory/tip_ustanovki_portativnie/,FALSE,FALSE,FALSE,FALSE,FALSE,FALSE
контроллер инвертор для солнечных батарей,10,3,1,1,"also_asks, related_search, Video preview, Sitelinks",https://220volt.com.ua/solnechnaya-energetika/kontrollery-zaryada.htm,FALSE,FALSE,FALSE,FALSE,FALSE,FALSE
pkzm4 40 moeller,10,0,1,1,"Thumbnail, Sitelinks",https://220volt.com.ua/avtomaticheskij-viklyuchatel-eaton-moeller-pkzm4-40-222354/,FALSE,FALSE,FALSE,FALSE,FALSE,FALSE
глубинные насосы спрут цена,10,1,1,1,"also_asks, a_box_fsnippet, related_search, Thumbnail, Sitelinks, snip_featured",https://220volt.com.ua/nasos/nasosi-dlya-vodosnabzheniya/skvazhinnie-nasosi/sprut/,FALSE,TRUE,FALSE,FALSE,FALSE,TRUE
ineo 1000,10,1,1,1,"Thumbnail, Sitelinks",https://220volt.com.ua/ua/generator-benzinovij-sdmo-ineo-1000/,FALSE,FALSE,FALSE,FALSE,FALSE,FALSE
ups forte,10,3,1,1,"Thumbnail, related_search, also_asks, Sitelinks",https://220volt.com.ua/istochniki-besperebojnogo-pitaniya/fort/,FALSE,FALSE,FALSE,FALSE,FALSE,FALSE
водяное реле давления,10,24,1,1,"Thumbnail, also_asks, related_search, Sitelinks, snip_image_thumbnail",https://220volt.com.ua/nasos/komplektuyushchie-dlya-vodosnabzheniya-i-vodootvedeniya/tip_kompl_nasos_rele-davleniya/,FALSE,FALSE,FALSE,FALSE,FALSE,FALSE
купить частотный преобразователь invt,10,1,1,1,"related_search, Thumbnail, Sitelinks",https://220volt.com.ua/preobrazovateli_chastoty_ustr_plavnogo_puska/preobrazovateli-chastoti/invt-electric/,FALSE,TRUE,FALSE,FALSE,FALSE,TRUE
снпто 7 птс,10,0,1,1,"Thumbnail, Sitelinks",https://220volt.com.ua/stabilizator-napryazheniya-volter-snpto-7-pts/,FALSE,FALSE,FALSE,FALSE,FALSE,FALSE
eaton pkzm0 32,10,1,1,1,"Thumbnail, Sitelinks, snip_image_thumbnail",https://220volt.com.ua/avtomaticheskij-viklyuchatel-eaton-moeller-pkzm0-32-278489/,FALSE,FALSE,FALSE,FALSE,FALSE,FALSE
обслуживание электрогенераторов,10,5,1,1,"AI Overview, also_asks, Thumbnail, Sitelinks",https://220volt.com.ua/news/pravilnoe-tehnicheskoe-obsluzhivanie-generatora/,FALSE,FALSE,FALSE,FALSE,FALSE,FALSE
yuasa swl 4250,10,1,1,1,"Thumbnail, Sitelinks",https://220volt.com.ua/akkumulyatornaya-batareya-yuasa-swl-4250/,FALSE,FALSE,FALSE,FALSE,FALSE,FALSE
проект использование солнечной энергии,10,1,1,1,"also_asks, related_search, Thumbnail, Sitelinks",https://220volt.com.ua/news/top-10-proektov-s-ispolzovaniem-solnechnyh-panelej-v-mire/,FALSE,FALSE,FALSE,FALSE,FALSE,FALSE
купить реле напряжения новатек,10,2,1,1,"Thumbnail, also_asks, related_search, Sitelinks",https://220volt.com.ua/elektrika-i-svet/nizkovoltnoe-oborudovanie/rele-tajmeri-fotokontrolleri/rele/rele_kontrolya_napryajeniya/novatek/,FALSE,TRUE,FALSE,FALSE,FALSE,TRUE
eg650,10,0,1,1,"Thumbnail, Sitelinks, snip_image_thumbnail",https://220volt.com.ua/ibp-gemix-eg650-shucko/,FALSE,FALSE,FALSE,FALSE,FALSE,FALSE
pylontech 48v us3000c,10,4,1,1,"Thumbnail, related_search, Sitelinks",https://220volt.com.ua/akkumulyatornaya-batareya-pylontech-us3000c-3-5-kvt-ch-48v-2/,FALSE,FALSE,FALSE,FALSE,FALSE,FALSE
moeller контактор,10,2,1,1,"Thumbnail, Sitelinks, snip_image_thumbnail",https://220volt.com.ua/elektrika-i-svet/nizkovoltnoe-oborudovanie/puskateli-kontaktori/puskateli/moeller/,FALSE,FALSE,FALSE,FALSE,FALSE,FALSE
gd20 1r5g s2,10,1,1,1,"Thumbnail, Sitelinks",https://220volt.com.ua/preobrazovatel-chastoti-invt-gd20-1r5g-s2/,FALSE,FALSE,FALSE,FALSE,FALSE,FALSE
циркуляционный насос sprut lrs 25 4s 180,10,1,1,1,Sitelinks,https://220volt.com.ua/nasos-tsirkulyatsionnij-sprut-lrs-25-4s-180/,FALSE,FALSE,FALSE,FALSE,FALSE,FALSE
электрогенератор huter ht1000l,10,1,1,1,"Thumbnail, also_asks, Sitelinks",https://220volt.com.ua/generator-benzinovij-huter-ht-1000-l/,FALSE,FALSE,FALSE,FALSE,FALSE,FALSE
индикатор глаз,10,0,1,1,"Thumbnail, also_asks, AI Overview, Sitelinks, snip_image_thumbnail",https://220volt.com.ua/indikator-napryazheniya-zubr-glaz-v3/,FALSE,FALSE,FALSE,FALSE,FALSE,FALSE
battery 10,10,1,1,1,"Thumbnail, related_search, Sitelinks",https://220volt.com.ua/ua/akkumulyatornaya-batareya-bms-eco-battery-e-wall-10-kvt/,FALSE,FALSE,FALSE,FALSE,FALSE,FALSE
бензогенератор huter dy6500l,10,2,1,1,"Thumbnail, Sitelinks",https://220volt.com.ua/generator-benzinovij-huter-dy-6500-l/,FALSE,FALSE,FALSE,FALSE,FALSE,FALSE
стабилизатор напряжения 380 вольт купить,10,7,1,1,"Thumbnail, also_asks, related_search, Sitelinks",https://220volt.com.ua/stabilizator/phases_stab_trehfaznie/,FALSE,TRUE,FALSE,FALSE,FALSE,TRUE
суммарная емкость аккумуляторов,10,9,1,1,"Thumbnail, also_asks, related_search, Sitelinks",https://220volt.com.ua/news/chto-takoe-emkost-akkumulyatora-metodika-ee-rascheta/,FALSE,FALSE,FALSE,FALSE,FALSE,FALSE
361000,10,0,1,1,"Thumbnail, Sitelinks, snip_image_thumbnail",https://220volt.com.ua/ibp-elim-ukraina-inpo-36-1000/,FALSE,FALSE,FALSE,FALSE,FALSE,FALSE
ибп on line,10,11,1,1,"also_asks, related_search, Sitelinks",https://220volt.com.ua/istochniki-besperebojnogo-pitaniya/typearhetekturi_neprerivnogo-dejstviya/,FALSE,FALSE,FALSE,FALSE,FALSE,FALSE
строение генератора,10,12,1,1,"also_asks, Thumbnail, related_search, Sitelinks, snip_image_thumbnail",https://220volt.com.ua/news/ustrojstvo-generatora/,FALSE,FALSE,FALSE,FALSE,FALSE,FALSE
бензогенератор 3 квт купить киев,10,36,1,1,"related_search, Thumbnail, also_asks, Local pack, Sitelinks",https://220volt.com.ua/generatory/maksimalnaya_moschnost_block__3/,FALSE,TRUE,FALSE,FALSE,FALSE,TRUE
riello vst 2000,10,1,1,1,"Thumbnail, Sitelinks",https://220volt.com.ua/ibp-riello-vst-2000/,FALSE,FALSE,FALSE,FALSE,TRUE,FALSE
csb hr1290w,10,1,1,1,"Thumbnail, Sitelinks, snip_image_thumbnail",https://220volt.com.ua/akkumulyatornaya-batareya-csb-hr1290w/,FALSE,FALSE,FALSE,FALSE,FALSE,FALSE
стабилизатор напряжения для квартиры настенный,10,7,1,1,"Video preview, AI Overview, also_asks, Sitelinks, snip_url_in_aio, snip_fqdn_in_aio",https://220volt.com.ua/stabilizator/ispolnenie_stabilizatorov_navesnie/,FALSE,FALSE,FALSE,FALSE,FALSE,FALSE
ra12 40,10,1,1,1,"Thumbnail, Sitelinks",https://220volt.com.ua/ua/akkumulyatornaya-batareya-ritar-ra12-40-12v-40-0ah/,FALSE,FALSE,FALSE,FALSE,FALSE,FALSE
газовый генератор 30 квт цена,10,2,1,1,"related_search, AI Overview, also_asks, Sitelinks, snip_url_in_aio, snip_fqdn_in_aio",https://220volt.com.ua/generatory/tip_generatora_gazovie_generatori;maksimalnaya_moschnost_block__30/,FALSE,TRUE,FALSE,FALSE,FALSE,TRUE
abb at1 r,10,0,1,1,"Thumbnail, Sitelinks",https://220volt.com.ua/ua/rele-tajmer-sutochnij-abb-at1-r-2csm204215r0601/,FALSE,FALSE,FALSE,FALSE,FALSE,FALSE
в чем измеряется ёмкость аккумулятора,10,21,1,1,"also_asks, AI Overview, Video preview, related_search, Thumbnail, Sitelinks",https://220volt.com.ua/news/chto-takoe-emkost-akkumulyatora-metodika-ee-rascheta/,FALSE,FALSE,FALSE,FALSE,FALSE,FALSE
бесшумный генератор 2 квт,10,12,1,1,"Thumbnail, also_asks, Sitelinks",https://220volt.com.ua/generatory/ispolnenie_generatora_v-shumopogloshchayushchem-korpuse/,FALSE,FALSE,FALSE,FALSE,FALSE,FALSE
ибп с внешними акб,10,28,1,1,"Thumbnail, related_search, Sitelinks",https://220volt.com.ua/istochniki-besperebojnogo-pitaniya/akkumulyatornaya_batareya_vneshnyaya/,FALSE,FALSE,FALSE,FALSE,FALSE,FALSE
центробежный самовсасывающий насос купить,10,9,1,1,"Thumbnail, related_search, also_asks, Sitelinks",https://220volt.com.ua/nasos/nasosi-dlya-vodosnabzheniya/tsentrobezhnie/tipvsas_samovsasivayushchie/,FALSE,TRUE,FALSE,FALSE,FALSE,TRUE
система обогрева теплый пол,10,4,1,1,"a_box_fsnippet, related_search, Thumbnail, Video preview, also_asks, Sitelinks, snip_featured, snip_image_thumbnail",https://220volt.com.ua/news/kak-rabotaet-teplyj-pol-vse-chto-nuzhno-znat-o-sovremennoj-sisteme-otopleniya/,FALSE,FALSE,FALSE,FALSE,FALSE,FALSE
стабилизатор напряжения gemix gmx 500,10,1,1,1,"also_asks, Thumbnail, Sitelinks",https://220volt.com.ua/stabilizator-napryazheniya-gemix-gmx-500/,FALSE,FALSE,FALSE,FALSE,FALSE,FALSE
аккумулятор ventura gpl 12-40,10,1,1,1,"Thumbnail, Sitelinks",https://220volt.com.ua/akkumulyatornaya-batareya-ventura-gpl-12-40/,FALSE,FALSE,FALSE,FALSE,FALSE,FALSE
huter dy 3000 lx,10,1,1,1,"related_search, Sitelinks",https://220volt.com.ua/generator-benzinovij-huter-dy-3000-lx/,FALSE,FALSE,FALSE,FALSE,FALSE,FALSE
солнечные батареи на окно,10,1,1,1,"related_search, Thumbnail, also_asks, Sitelinks",https://220volt.com.ua/solnechnaya-energetika/solnechnye-paneli-batarei/naznachenie_dlya_fotomoduli__okna/,FALSE,FALSE,FALSE,FALSE,FALSE,FALSE
авр arm start,10,0,1,1,"Thumbnail, Sitelinks",https://220volt.com.ua/ua/avtomaticheskij-zapusk-generatora/arm-start/,FALSE,FALSE,FALSE,FALSE,FALSE,FALSE
ippon 3000,10,1,1,1,"Thumbnail, Sitelinks",https://220volt.com.ua/ua/ibp-ippon-smart-winner-3000/,FALSE,FALSE,FALSE,FALSE,FALSE,FALSE
купить стабилизатор напряжения 380 в,10,7,1,1,"related_search, also_asks, Local pack, Thumbnail, Sitelinks",https://220volt.com.ua/stabilizator/phases_stab_trehfaznie/,FALSE,TRUE,FALSE,FALSE,FALSE,TRUE
насос для скважины нидл,10,2,1,1,"Thumbnail, also_asks, related_search, Sitelinks",https://220volt.com.ua/nasos/nasosi-dlya-vodosnabzheniya/skvazhinnie-nasosi/needle/,FALSE,FALSE,FALSE,FALSE,FALSE,FALSE
энергомера счетчик цена,10,4,1,1,"related_search, a_box_fsnippet, also_asks, Thumbnail, Sitelinks, snip_featured",https://220volt.com.ua/pribori-dlya-kontrolya-i-izmereniya/schetchiki/schetchiki-elektricheskoj-energii/energomera/,FALSE,TRUE,FALSE,FALSE,FALSE,TRUE
agt 6501 msbe,10,1,1,1,"Thumbnail, Sitelinks",https://220volt.com.ua/generator-benzinovij-agt-6501-msbe/,FALSE,FALSE,FALSE,FALSE,FALSE,FALSE
ибп форт,10,6,1,1,"Thumbnail, Sitelinks",https://220volt.com.ua/istochniki-besperebojnogo-pitaniya/fort/,FALSE,FALSE,FALSE,FALSE,FALSE,FALSE
сонячні панелі для балкону,10,14,1,1,"Video preview, related_search, Sitelinks",https://220volt.com.ua/ua/solnechnaya-energetika/solnechnye-paneli-batarei/naznachenie_dlya_fotomoduli__balkona/,FALSE,FALSE,FALSE,FALSE,FALSE,FALSE
реле включения водяного насоса,10,25,1,1,"also_asks, Thumbnail, related_search, Sitelinks, snip_image_thumbnail",https://220volt.com.ua/nasos/komplektuyushchie-dlya-vodosnabzheniya-i-vodootvedeniya/tip_kompl_nasos_rele-davleniya/,FALSE,FALSE,FALSE,FALSE,FALSE,FALSE
выпрямитель 220 вольт,10,8,1,1,"Thumbnail, also_asks, related_search, Sitelinks",https://220volt.com.ua/stabilizator/phases_stab_odnofaznie/,FALSE,FALSE,FALSE,FALSE,FALSE,FALSE
аккумуляторный генератор купить,10,9,1,1,"related_search, also_asks, Sitelinks, snip_image_thumbnail",https://220volt.com.ua/generatory/osnaschenie_generatora_s-akkumulyatornoj-batareej/,FALSE,TRUE,FALSE,FALSE,FALSE,TRUE
ritar rtp1500,10,0,1,1,"Thumbnail, Sitelinks",https://220volt.com.ua/ibp-ritar-rtp1500-proxima-d/,FALSE,FALSE,FALSE,FALSE,FALSE,FALSE
схема включения стабилизатора напряжения,10,6,1,1,"also_asks, related_search, Thumbnail, Sitelinks, snip_image_thumbnail",https://220volt.com.ua/news/osnovnie-nyuansi-ustanovki-i-shemi-podklyucheniya-stabilizatora-napryazheniya/,FALSE,FALSE,FALSE,FALSE,FALSE,FALSE
ибп с возможностью подключения внешнего аккумулятора,10,28,1,1,"Thumbnail, related_search, also_asks, Sitelinks",https://220volt.com.ua/istochniki-besperebojnogo-pitaniya/akkumulyatornaya_batareya_vneshnyaya/,FALSE,FALSE,FALSE,FALSE,FALSE,FALSE
sprut gpd 8-8-400 dn40,10,0,1,1,"Thumbnail, shopping_top, Sitelinks",https://220volt.com.ua/nasos-tsirkulyatsionnij-sprut-gpd-8-8-400-dn40/,FALSE,FALSE,FALSE,FALSE,FALSE,FALSE
домашние сэс,10,1,1,1,"Video preview, also_asks, AI Overview, related_search, Thumbnail, Sitelinks",https://220volt.com.ua/solnechnaya-energetika/solnechnye-elektrostantsii.htm,FALSE,FALSE,FALSE,FALSE,FALSE,FALSE
какие бывают источники бесперебойного питания,10,6,1,1,"Thumbnail, Video preview, related_search, a_box_fsnippet, also_asks, Sitelinks, snip_featured, snip_image_thumbnail",https://220volt.com.ua/news/vidi-istochnikov-besperebojnogo-pitaniya/,FALSE,FALSE,FALSE,FALSE,FALSE,FALSE
бесперебойник элим,10,2,1,1,"Thumbnail, also_asks, related_search, Sitelinks",https://220volt.com.ua/istochniki-besperebojnogo-pitaniya/elim-ukraina/,FALSE,FALSE,FALSE,FALSE,FALSE,FALSE
n 7500,10,1,1,1,"related_search, Thumbnail, Sitelinks",https://220volt.com.ua/ua/stabilizator-napryazheniya-ukrtehnologiya-nsn-7500-norma-n/,FALSE,FALSE,FALSE,FALSE,FALSE,FALSE
ritar rt640,10,1,1,1,"Thumbnail, shopping_rhs, Sitelinks",https://220volt.com.ua/akkumulyatornaya-batareya-ritar-rt640-6v-4ah-8208/,FALSE,FALSE,FALSE,FALSE,FALSE,FALSE
230 вольт магазин,10,1,1,1,"related_search, also_asks, Thumbnail, Sitelinks, snip_image_thumbnail",https://220volt.com.ua/,FALSE,TRUE,FALSE,FALSE,FALSE,FALSE
stark wp 80,10,1,1,1,"Thumbnail, Sitelinks",https://220volt.com.ua/motopompa-stark-wp80/,FALSE,FALSE,FALSE,FALSE,FALSE,FALSE
22volt,10,1,1,1,"related_search, Thumbnail, Sitelinks",https://220volt.com.ua/,FALSE,FALSE,FALSE,FALSE,FALSE,FALSE
ra12 45,10,0,1,1,"Thumbnail, Sitelinks",https://220volt.com.ua/ua/akkumulyatornaya-batareya-ritar-ra12-45-12v-45ah-8223/,FALSE,FALSE,FALSE,FALSE,FALSE,FALSE
генератор электричества купить киев,10,27,1,1,"also_asks, Thumbnail, Local pack, related_search, Sitelinks, snip_image_thumbnail",https://220volt.com.ua/generatory.htm,FALSE,TRUE,FALSE,FALSE,FALSE,TRUE
компьютерный упс для котла,10,22,1,1,"related_search, also_asks, Video preview, AI Overview, Sitelinks, snip_url_in_aio, snip_fqdn_in_aio",https://220volt.com.ua/istochniki-besperebojnogo-pitaniya/opt_reshenie_ibp_sistem-otopleniya/,FALSE,FALSE,FALSE,FALSE,FALSE,FALSE
таймер отключения питания 220в,10,8,1,1,"Thumbnail, related_search, also_asks, Sitelinks",https://220volt.com.ua/elektrika-i-svet/nizkovoltnoe-oborudovanie/rele-tajmeri-fotokontrolleri/tajmeri.htm,FALSE,FALSE,FALSE,FALSE,FALSE,FALSE
arm start,10,1,1,1,"Thumbnail, Sitelinks",https://220volt.com.ua/information/proizvoditeli/arm-start/,FALSE,FALSE,FALSE,FALSE,FALSE,FALSE
bnt400a,10,1,1,1,"Video preview, Thumbnail, Sitelinks, snip_image_thumbnail",https://220volt.com.ua/ua/ibp-powercom-bnt-400a/,FALSE,FALSE,FALSE,FALSE,FALSE,FALSE
ups charger,10,4,1,1,"Thumbnail, related_search, also_asks, Sitelinks",https://220volt.com.ua/istochniki-besperebojnogo-pitaniya/nalichie_zaryad_ustr_ibp_est/,FALSE,FALSE,FALSE,FALSE,FALSE,FALSE
акумулятори merlion,10,1,1,1,"related_search, Thumbnail, Video preview, also_asks, Sitelinks, snip_image_thumbnail",https://220volt.com.ua/ua/akkumulatornie-batarei/merlion/,FALSE,FALSE,FALSE,FALSE,FALSE,FALSE
генератор honda eu101k1 g,10,1,1,1,Sitelinks,https://220volt.com.ua/generator-benzinovij-honda-eu10it1-g/,FALSE,FALSE,FALSE,FALSE,FALSE,FALSE
цены сэс,10,8,1,1,"AI Overview, related_search, Thumbnail, also_asks, Sitelinks",https://220volt.com.ua/ua/solnechnaya-energetika/solnechnye-elektrostantsii.htm,FALSE,FALSE,FALSE,FALSE,FALSE,FALSE
3tl,10,0,1,1,"Thumbnail, AI Overview, Sitelinks, snip_image_thumbnail, snip_url_in_aio, snip_fqdn_in_aio",https://220volt.com.ua/ua/ibp-cover-core-3tl/,FALSE,FALSE,FALSE,FALSE,FALSE,FALSE
как выбрать контроллер заряда,10,3,1,1,"related_search, Thumbnail, Video preview, also_asks, AI Overview, Sitelinks",https://220volt.com.ua/news/kak-vibrat-kontroller-zaryada-dlya-solnechnih-batarej/,FALSE,FALSE,FALSE,TRUE,FALSE,FALSE
battery cs3 hr1234w f2,10,8,1,1,"related_search, Sitelinks",https://220volt.com.ua/ua/akkumulyatornaya-batareya-csb-hr1234wf2/,FALSE,FALSE,FALSE,FALSE,FALSE,FALSE
магазин электроинструментов 220 вольт,10,0,1,1,"Local pack, Thumbnail, related_search, Sitelinks, snip_image_thumbnail",https://220volt.com.ua/,FALSE,TRUE,FALSE,FALSE,FALSE,FALSE
ибп off line,10,2,1,1,"also_asks, Thumbnail, related_search, Sitelinks",https://220volt.com.ua/istochniki-besperebojnogo-pitaniya/typearhetekturi_rezervnij_off-line/,FALSE,FALSE,FALSE,FALSE,FALSE,FALSE
узо на 380 вольт,10,2,1,1,"related_search, Thumbnail, also_asks, Sitelinks",https://220volt.com.ua/elektrika-i-svet/nizkovoltnoe-oborudovanie/ustrojstva-zashchitnogo-otklyucheniya-uzo-difavtomati/napryagenie_v_uzo_380_v/,FALSE,FALSE,FALSE,FALSE,FALSE,FALSE
генератор на світлі,10,1,1,1,"Thumbnail, related_search, also_asks, Sitelinks",https://220volt.com.ua/ua/generatory/optimal_gen_sveta/,FALSE,FALSE,FALSE,FALSE,FALSE,FALSE
насос для воды поверхностный самовсасывающий,10,10,1,1,"related_search, also_asks, Thumbnail, Sitelinks",https://220volt.com.ua/nasos/nasosi-dlya-vodosnabzheniya/tsentrobezhnie/tipvsas_samovsasivayushchie/,FALSE,FALSE,FALSE,FALSE,FALSE,FALSE
типы аккумуляторных батарей для авто,10,12,1,1,"also_asks, related_search, a_box_fsnippet, Sitelinks, snip_featured, snip_image_thumbnail",https://220volt.com.ua/news/raznovidnosti-akkumulyatornih-batarej-soglasno-tipu-rabochih-elementov-i-naznacheniyu/,FALSE,FALSE,FALSE,FALSE,FALSE,FALSE
бензогенераторы 220 вольт,10,13,1,1,"related_search, Thumbnail, also_asks, Sitelinks",https://220volt.com.ua/generatory.htm,FALSE,FALSE,FALSE,FALSE,FALSE,FALSE
invt gd100 инструкция,10,1,1,1,"Thumbnail, Sitelinks",https://220volt.com.ua/storage/catalog_products/146921/instruction/738.pdf,FALSE,FALSE,FALSE,FALSE,FALSE,FALSE
центробежный самовсасывающий электрический насос,10,1,1,1,"Thumbnail, also_asks, related_search, Sitelinks",https://220volt.com.ua/nasos/nasosi-dlya-vodosnabzheniya/tsentrobezhnie/tipvsas_samovsasivayushchie/,FALSE,FALSE,FALSE,FALSE,FALSE,FALSE
сонячна батарея в квартиру,10,44,1,1,"Video preview, related_search, Sitelinks",https://220volt.com.ua/ua/solnechnaya-energetika/solnechnye-paneli-batarei/naznachenie_dlya_fotomoduli__kvartiry/,FALSE,FALSE,FALSE,FALSE,FALSE,FALSE
ritar dg12 40,10,0,1,1,"Sitelinks, snip_image_thumbnail",https://220volt.com.ua/ua/akkumulyatornaya-batareya-ritar-dg12-40-12v-40ah-2518/,FALSE,FALSE,FALSE,FALSE,FALSE,FALSE
бензогенератор хутер 3000,10,2,1,1,"Thumbnail, also_asks, Sitelinks",https://220volt.com.ua/generator-benzinovij-huter-dy-3000-l/,FALSE,FALSE,FALSE,FALSE,FALSE,FALSE
ritar 12200,10,0,1,1,"shopping_rhs, Thumbnail, Sitelinks, snip_image_thumbnail",https://220volt.com.ua/akkumulyatornaya-batareya-ritar-rt12200-12v-20-0ah/,FALSE,FALSE,FALSE,FALSE,FALSE,FALSE
выпрямитель 220в,10,3,1,1,"also_asks, Thumbnail, related_search, Sitelinks",https://220volt.com.ua/stabilizator/phases_stab_odnofaznie/,FALSE,FALSE,FALSE,FALSE,FALSE,FALSE
ippon smart winner,10,2,1,1,"Thumbnail, AI Overview, Sitelinks, snip_url_in_aio",https://220volt.com.ua/ua/ibp-ippon-smart-winner-3000/,FALSE,FALSE,FALSE,FALSE,FALSE,FALSE
бесперебойник под аккумулятор,10,28,1,1,"also_asks, related_search, Video preview, Thumbnail, shopping_rhs, Sitelinks",https://220volt.com.ua/istochniki-besperebojnogo-pitaniya/akkumulyatornaya_batareya_vneshnyaya/,FALSE,FALSE,FALSE,FALSE,FALSE,FALSE
4esa,10,0,1,1,"Thumbnail, Sitelinks, snip_image_thumbnail",https://220volt.com.ua/nasos-tsirkulyatsionnij-nasosi-plus-oborudovanie-bps-25-4esa-180/,FALSE,FALSE,FALSE,FALSE,FALSE,FALSE
генератор купить в киеве,10,38,1,1,"related_search, Sitelinks",https://220volt.com.ua/generatory.htm,FALSE,TRUE,FALSE,FALSE,FALSE,TRUE
ибп powercom war 400a,10,0,1,1,"Thumbnail, shopping_rhs, Sitelinks",https://220volt.com.ua/ua/ibp-powercom-war-400a-schuko/,FALSE,FALSE,FALSE,FALSE,FALSE,FALSE
dy 6500 l,10,1,1,1,"Thumbnail, Sitelinks, snip_image_thumbnail",https://220volt.com.ua/generator-benzinovij-huter-dy-6500-l/,FALSE,FALSE,FALSE,FALSE,FALSE,FALSE
back ups rs 550,10,2,1,1,"Thumbnail, Sitelinks",https://220volt.com.ua/ibp-apc-back-ups-rs-lcd-550-master-control/,FALSE,FALSE,FALSE,FALSE,FALSE,FALSE
fg wilson p13 5 4,10,1,1,1,"Thumbnail, Sitelinks, snip_image_thumbnail",https://220volt.com.ua/generator-dizel-nij-fg-wilson-p13-5-6-0/,FALSE,FALSE,FALSE,FALSE,FALSE,FALSE
зу 3000,10,1,1,1,"Thumbnail, related_search, Sitelinks",https://220volt.com.ua/ua/zaryadnoe-ustrojstvo-aktion-zu-12-3000/,FALSE,FALSE,FALSE,FALSE,FALSE,FALSE
стабилизатор напряжения на 220 вольт,10,8,1,1,"Video preview, also_asks, related_search, AI Overview, Sitelinks",https://220volt.com.ua/stabilizator/phases_stab_odnofaznie/,FALSE,FALSE,FALSE,FALSE,FALSE,FALSE
реле для скважинного насоса,10,27,1,1,"Thumbnail, related_search, also_asks, Sitelinks, snip_image_thumbnail",https://220volt.com.ua/nasos/komplektuyushchie-dlya-vodosnabzheniya-i-vodootvedeniya/tip_kompl_nasos_rele-davleniya/,FALSE,FALSE,FALSE,FALSE,FALSE,FALSE
220 вольт горячая линия,10,1,1,1,"related_search, also_asks, Thumbnail, Sitelinks",https://220volt.com.ua/contact/,FALSE,FALSE,FALSE,FALSE,FALSE,FALSE
220 вольт сервис,10,0,1,1,"also_asks, related_search, Thumbnail, Sitelinks",https://220volt.com.ua/,FALSE,FALSE,FALSE,FALSE,FALSE,FALSE
насосная станция 220 вольт,10,1,1,1,"Thumbnail, related_search, Sitelinks",https://220volt.com.ua/nasos/nasosi-dlya-vodosnabzheniya/nasosnie-ustanovki.htm,FALSE,FALSE,FALSE,FALSE,FALSE,FALSE
доп контакт на автомат,10,1,1,1,"related_search, AI Overview, also_asks, Sitelinks",https://220volt.com.ua/elektrika-i-svet/nizkovoltnoe-oborudovanie/dopolnitelnoe-oborudovanie-k-modulnoj-tehnike/kontakti.htm,FALSE,FALSE,FALSE,FALSE,FALSE,FALSE
в чем измеряется объем батареи,10,18,1,1,"related_search, also_asks, a_box_fsnippet, Sitelinks, snip_featured",https://220volt.com.ua/news/chto-takoe-emkost-akkumulyatora-metodika-ee-rascheta/,FALSE,FALSE,FALSE,FALSE,FALSE,FALSE
двотактний бензиновий генератор,10,1,1,1,"related_search, a_box_fsnippet, Thumbnail, Sitelinks, snip_featured",https://220volt.com.ua/ua/generatory/tip_dvigatelya_generatora_takt_2-taktnye/,FALSE,FALSE,FALSE,FALSE,FALSE,FALSE
как правильно пользоваться ибп,10,3,1,1,"related_search, also_asks, Thumbnail, Sitelinks",https://220volt.com.ua/news/pravila-i-rekomendatsii-po-ekspluatatsii-ibp/,FALSE,FALSE,FALSE,TRUE,FALSE,FALSE
автомат бесперебойного питания,10,9,1,1,"also_asks, shopping_rhs, related_search, Thumbnail, Sitelinks",https://220volt.com.ua/istochniki-besperebojnogo-pitaniya/akkumulyatornaya_batareya_vneshnyaya/,FALSE,FALSE,FALSE,FALSE,FALSE,FALSE
аккумуляторные системы бесперебойного питания,10,30,1,1,"related_search, Thumbnail, also_asks, Sitelinks",https://220volt.com.ua/istochniki-besperebojnogo-pitaniya/akkumulyatornaya_batareya_vneshnyaya/,FALSE,FALSE,FALSE,FALSE,FALSE,FALSE
солнечная электростанция для дома в украине,10,3,1,1,"Video preview, related_search, Thumbnail, Sitelinks",https://220volt.com.ua/solnechnaya-energetika/solnechnye-elektrostantsii.htm,FALSE,FALSE,FALSE,FALSE,FALSE,FALSE
mhpower mpu 1200 12,10,1,1,1,"Thumbnail, Sitelinks",https://220volt.com.ua/ibp-mhpower-mpu-1200-12/,FALSE,FALSE,FALSE,FALSE,FALSE,FALSE
таймер для включения света,10,18,1,1,"also_asks, related_search, Sitelinks, snip_image_thumbnail",https://220volt.com.ua/elektrika-i-svet/nizkovoltnoe-oborudovanie/rele-tajmeri-fotokontrolleri/tajmeri.htm,FALSE,FALSE,FALSE,FALSE,FALSE,FALSE
siap 6 gel 105,10,1,1,1,Sitelinks,https://220volt.com.ua/ua/akkumulyatornaya-batareya-siap-6-gel-105/,FALSE,FALSE,FALSE,FALSE,FALSE,FALSE
ippon innova,10,1,1,1,"Thumbnail, Video preview, AI Overview, Sitelinks",https://220volt.com.ua/ibp-ippon-innova-rt-2000/,FALSE,FALSE,FALSE,FALSE,FALSE,FALSE
1000с,10,0,1,1,"related_search, Thumbnail, Sitelinks, snip_image_thumbnail",https://220volt.com.ua/invertor-lorenz-electric-li-1000s/,FALSE,FALSE,FALSE,FALSE,FALSE,FALSE
электромагнитный клапан ceme,10,1,1,1,"Thumbnail, Video preview, Sitelinks",https://220volt.com.ua/nasos/elektromagnitnie-klapani/ceme/,FALSE,FALSE,FALSE,FALSE,FALSE,FALSE
npw36,10,3,1,1,"related_search, Thumbnail, Sitelinks",https://220volt.com.ua/akkumulyatornaya-batareya-yuasa-npw36-12-06366/,FALSE,FALSE,FALSE,FALSE,FALSE,FALSE
купить домашнюю солнечную электростанцию,10,21,1,1,"Thumbnail, related_search, Sitelinks",https://220volt.com.ua/solnechnaya-energetika/solnechnye-elektrostantsii.htm,FALSE,TRUE,FALSE,FALSE,FALSE,TRUE
miol 83 300,10,1,1,1,"Thumbnail, Sitelinks, snip_image_thumbnail",https://220volt.com.ua/generator-benzinovij-miol-83-300/,FALSE,FALSE,FALSE,FALSE,FALSE,FALSE
ибп eaton 9sx 5000i rt3u,10,1,1,1,"Thumbnail, Sitelinks",https://220volt.com.ua/ibp-eaton-9sx-5000i-rt3u/,FALSE,FALSE,FALSE,FALSE,FALSE,FALSE
challenger 12v 100ah,10,1,1,1,"Thumbnail, related_search, Sitelinks",https://220volt.com.ua/akkumulyatornaya-batareya-challenger-a12-100/,FALSE,FALSE,FALSE,FALSE,FALSE,FALSE
gd100 5r5g 4 pv,10,0,1,1,"Thumbnail, Sitelinks",https://220volt.com.ua/preobrazovatel-chastoti-invt-gd100-5r5g-4/,FALSE,FALSE,FALSE,FALSE,FALSE,FALSE
rt 2kl lcd,10,0,1,1,"Thumbnail, Sitelinks",https://220volt.com.ua/ua/ibp-ritar-online-rt-2kl-lcd-rec-2000va-3705/,FALSE,FALSE,FALSE,FALSE,FALSE,FALSE
насос однофазный,10,1,1,1,"also_asks, Thumbnail, Sitelinks",https://220volt.com.ua/nasos/nasosi-dlya-vodosnabzheniya/skvazhinnie-nasosi/kol_f_nas_odnofaznij/,FALSE,FALSE,FALSE,FALSE,FALSE,FALSE
реле низкого давления,10,1,1,1,"Thumbnail, also_asks, Sitelinks, snip_image_thumbnail",https://220volt.com.ua/rele_nizkogo_davleniya_npo_lp3/,FALSE,FALSE,FALSE,FALSE,FALSE,FALSE
генератор бензиновый forte fg6500e,10,5,1,1,"Thumbnail, Video preview, related_search, Sitelinks",https://220volt.com.ua/generator-benzinovij-forte-fg6500e/,FALSE,FALSE,FALSE,FALSE,FALSE,FALSE
rt6u,10,1,1,1,"Thumbnail, Sitelinks, snip_image_thumbnail",https://220volt.com.ua/ibp-eaton-9sx-11000i-rt6u/,FALSE,FALSE,FALSE,FALSE,FALSE,FALSE
реле регулятор давления воды для насоса,10,22,1,1,"Thumbnail, also_asks, related_search, Sitelinks",https://220volt.com.ua/nasos/komplektuyushchie-dlya-vodosnabzheniya-i-vodootvedeniya/tip_kompl_nasos_rele-davleniya/,FALSE,FALSE,FALSE,FALSE,FALSE,FALSE
магазин 229 вольт,10,15,1,1,"Local pack, also_asks, Thumbnail, related_search, Sitelinks",https://220volt.com.ua/,FALSE,TRUE,FALSE,FALSE,FALSE,FALSE
4 pzs 620,10,1,1,1,"Thumbnail, Sitelinks",https://220volt.com.ua/akkumulyatornaya-batareya-siap-pzs-4-aph-620/,FALSE,FALSE,FALSE,FALSE,FALSE,FALSE
wifi timer,10,0,1,1,"also_asks, Thumbnail, Sitelinks",https://220volt.com.ua/wi-fi-rozetka-tajmer-tm644w/,FALSE,FALSE,FALSE,FALSE,FALSE,FALSE
пускатель магнитный 380в,10,5,1,1,"related_search, Thumbnail, Sitelinks",https://220volt.com.ua/elektrika-i-svet/nizkovoltnoe-oborudovanie/puskateli-kontaktori/puskateli/napr_katushki_kont_i_puskateli_380-400/,FALSE,FALSE,FALSE,FALSE,FALSE,FALSE
магнитный пускатель 25а,10,2,1,1,"also_asks, Thumbnail, Sitelinks",https://220volt.com.ua/elektrika-i-svet/nizkovoltnoe-oborudovanie/puskateli-kontaktori/puskateli/tok_puskateley_25-50-a/,FALSE,FALSE,FALSE,FALSE,FALSE,FALSE
vgs 3000,10,0,1,1,"Thumbnail, Sitelinks",https://220volt.com.ua/ibp-powercom-vgs-3000/,FALSE,FALSE,FALSE,FALSE,FALSE,FALSE
fronius primo 5kw,10,0,1,1,"Thumbnail, related_search, Sitelinks",https://220volt.com.ua/ua/invertor-fronius-primo-5-0-1/,FALSE,FALSE,FALSE,FALSE,FALSE,FALSE
генератор на котел,10,9,1,1,"also_asks, Video preview, related_search, AI Overview, Sitelinks",https://220volt.com.ua/ua/generatory/optimal_gen_kotla/,FALSE,FALSE,FALSE,FALSE,FALSE,FALSE
графе акумулятор,10,1,1,1,"related_search, Video preview, Thumbnail, also_asks, AI Overview, Sitelinks, snip_fqdn_in_aio",https://220volt.com.ua/ua/akkumulatornie-batarei/tip_elementa_svintsovo-uglerodnie/,FALSE,FALSE,FALSE,FALSE,FALSE,FALSE
насосы ebara купить,10,3,1,1,"Sitelinks, snip_image_thumbnail",https://220volt.com.ua/nasos/nasosi-dlya-vodosnabzheniya/tsentrobezhnie/ebara/,FALSE,TRUE,FALSE,FALSE,FALSE,TRUE
stark psg 3500l profi,10,0,1,1,"Thumbnail, Sitelinks",https://220volt.com.ua/ua/generator-benzinovij-stark-psg-3500l-pro/,FALSE,FALSE,FALSE,FALSE,FALSE,FALSE
стабилизатор напряжения бытовой 220 вольт,10,2,1,1,"Thumbnail, Video preview, also_asks, related_search, Sitelinks",https://220volt.com.ua/stabilizator/phases_stab_odnofaznie/,FALSE,FALSE,FALSE,FALSE,FALSE,FALSE
fogo fv 13000 te,10,0,1,1,"Thumbnail, Sitelinks, snip_image_thumbnail",https://220volt.com.ua/generator-benzinovij-fogo-fv-13000-te/,FALSE,FALSE,FALSE,FALSE,FALSE,FALSE
сеть магазинов 220 вольт,10,18,1,1,"also_asks, Local pack, related_search, kn_graph_card, Thumbnail, Sitelinks, snip_image_thumbnail",https://220volt.com.ua/,FALSE,TRUE,FALSE,FALSE,FALSE,FALSE
ups online купить,10,11,1,1,"Thumbnail, also_asks, related_search, Sitelinks",https://220volt.com.ua/istochniki-besperebojnogo-pitaniya/typearhetekturi_neprerivnogo-dejstviya/,FALSE,TRUE,FALSE,FALSE,FALSE,TRUE
емкость батареи в чем измеряется,10,1,1,1,"Thumbnail, related_search, also_asks, a_box_fsnippet, Sitelinks, snip_featured",https://220volt.com.ua/news/chto-otobrazhaet-emkost-akkumulyatora-i-kak-ee-izmerit/,FALSE,FALSE,FALSE,FALSE,FALSE,FALSE
скважинный насос диаметром 75мм,10,2,1,1,"related_search, Thumbnail, Sitelinks",https://220volt.com.ua/nasos/nasosi-dlya-vodosnabzheniya/skvazhinnie-nasosi/diametr_75-mm/,FALSE,FALSE,FALSE,FALSE,FALSE,FALSE
multiplus compact 12 2000,10,0,1,1,"Thumbnail, related_search, Sitelinks",https://220volt.com.ua/ua/invertor-victron-energy-multiplus-c-12-2000-80-30/,FALSE,FALSE,FALSE,FALSE,FALSE,FALSE
ups lcd,10,1,1,1,"Thumbnail, Sitelinks",https://220volt.com.ua/ua/istochniki-besperebojnogo-pitaniya/indikatsiya_ibp_lcd-displej/,FALSE,FALSE,FALSE,FALSE,FALSE,FALSE
ptm 650ap,10,0,1,1,"Thumbnail, Sitelinks",https://220volt.com.ua/ua/ibp-powercom-ptm-650ap-schuko/,FALSE,FALSE,FALSE,FALSE,FALSE,FALSE
2p 20a,10,1,1,1,"Thumbnail, Sitelinks, snip_image_thumbnail",https://220volt.com.ua/avtomaticheskij-viklyuchatel-schneider-electric-easy9-2p-20a-har-ka-c-4-5ka-ez9f34220/,FALSE,FALSE,FALSE,FALSE,FALSE,FALSE
vgd 3000 rm,10,1,1,1,"Thumbnail, Sitelinks",https://220volt.com.ua/ua/ibp-powercom-vgd-3000-rm-2u/,FALSE,FALSE,FALSE,FALSE,FALSE,FALSE
ineo 2000,10,0,1,1,"Thumbnail, Sitelinks",https://220volt.com.ua/generator-benzinovij-sdmo-ineo-2000/,FALSE,FALSE,FALSE,FALSE,FALSE,FALSE
електромагнітний пускач ціна,10,1,1,1,"Thumbnail, related_search, Sitelinks",https://220volt.com.ua/ua/elektrika-i-svet/nizkovoltnoe-oborudovanie/puskateli-kontaktori/puskateli.htm,FALSE,TRUE,FALSE,FALSE,FALSE,TRUE
реле двухпозиционное 220в,10,7,1,1,"Thumbnail, related_search, also_asks, Sitelinks, snip_image_thumbnail",https://220volt.com.ua/elektrika-i-svet/nizkovoltnoe-oborudovanie/rele-tajmeri-fotokontrolleri/rele/promejutochnie_rele.htm,FALSE,FALSE,FALSE,FALSE,FALSE,FALSE
электронный счетчик энергомера,10,3,1,1,"also_asks, related_search, Thumbnail, Sitelinks, snip_image_thumbnail",https://220volt.com.ua/pribori-dlya-kontrolya-i-izmereniya/schetchiki/schetchiki-elektricheskoj-energii/energomera/,FALSE,FALSE,FALSE,FALSE,FALSE,FALSE
контроль тока в цепи,10,0,1,1,"also_asks, Thumbnail, related_search, Sitelinks",https://220volt.com.ua/elektrika-i-svet/nizkovoltnoe-oborudovanie/rele-tajmeri-fotokontrolleri/rele/rele_kontrolya_toka.htm,FALSE,FALSE,FALSE,FALSE,FALSE,FALSE
программируемый таймер вкл выкл электрооборудования,10,1,1,1,"also_asks, related_search, Thumbnail, Sitelinks",https://220volt.com.ua/elektrika-i-svet/nizkovoltnoe-oborudovanie/rele-tajmeri-fotokontrolleri/tajmeri.htm,FALSE,FALSE,FALSE,FALSE,FALSE,FALSE
moeller dilm,10,1,1,1,"Thumbnail, Sitelinks",https://220volt.com.ua/kontaktor-otkritij-eaton-moeller-dilm-150-239588/,FALSE,FALSE,FALSE,FALSE,FALSE,FALSE
автомат давления воды,10,26,1,1,"Thumbnail, also_asks, related_search, Sitelinks",https://220volt.com.ua/nasos/komplektuyushchie-dlya-vodosnabzheniya-i-vodootvedeniya/tip_kompl_nasos_rele-davleniya/,FALSE,FALSE,FALSE,FALSE,FALSE,FALSE
gd20 0r4g s2,10,1,1,1,"Thumbnail, Sitelinks",https://220volt.com.ua/preobrazovatel-chastoti-invt-gd20-0r4g-s2/,FALSE,FALSE,FALSE,FALSE,FALSE,FALSE
снпто-5 5,10,1,1,1,"Thumbnail, Sitelinks",https://220volt.com.ua/stabilizator-napryazheniya-volter-snpto-5-5-pt/,FALSE,FALSE,FALSE,FALSE,FALSE,FALSE
220 вольт номер телефона,10,1,1,1,"Thumbnail, related_search, Local pack, Sitelinks",https://220volt.com.ua/contact/,FALSE,FALSE,FALSE,FALSE,FALSE,FALSE
bnt 600ap характеристики,10,0,1,1,"related_search, a_box_fsnippet, Thumbnail, Sitelinks, snip_featured",https://220volt.com.ua/ibp-powercom-bnt-600ap-usb/,FALSE,FALSE,FALSE,FALSE,FALSE,FALSE
rts 1000,10,1,1,1,"Thumbnail, Sitelinks",https://220volt.com.ua/ua/ibp-exa-power-1000-rts/,FALSE,FALSE,FALSE,FALSE,FALSE,FALSE
vst 2000,10,1,1,1,"Thumbnail, Sitelinks",https://220volt.com.ua/ibp-riello-vst-2000/,FALSE,FALSE,FALSE,FALSE,TRUE,FALSE
реле 220v,10,12,1,1,"Thumbnail, related_search, also_asks, Sitelinks, snip_image_thumbnail",https://220volt.com.ua/elektrika-i-svet/nizkovoltnoe-oborudovanie/rele-tajmeri-fotokontrolleri/rele/promejutochnie_rele.htm,FALSE,FALSE,FALSE,FALSE,FALSE,FALSE
acm60,10,0,1,1,"Thumbnail, Sitelinks, snip_image_thumbnail",https://220volt.com.ua/nasos-poverhnostnij-aquatica-acm60-775262/,FALSE,FALSE,FALSE,FALSE,FALSE,FALSE
зарядное устройство ибп,10,2,1,1,"related_search, Thumbnail, also_asks, Sitelinks",https://220volt.com.ua/istochniki-besperebojnogo-pitaniya/nalichie_zaryad_ustr_ibp_est/,FALSE,FALSE,FALSE,FALSE,FALSE,FALSE
ибп powercom war 600a,10,2,1,1,"Thumbnail, related_search, Sitelinks",https://220volt.com.ua/ibp-powercom-war-600a/,FALSE,FALSE,FALSE,FALSE,FALSE,FALSE
аккумуляторы из графена,10,8,1,1,"also_asks, Video preview, related_search, Thumbnail, Sitelinks",https://220volt.com.ua/akkumulatornie-batarei/tip_elementa_svintsovo-uglerodnie/,FALSE,FALSE,FALSE,FALSE,FALSE,FALSE
акб 6v купить,10,18,1,1,"Thumbnail, related_search, Sitelinks",https://220volt.com.ua/akkumulatornie-batarei/napryagenie_batarei_block_6/,FALSE,TRUE,FALSE,FALSE,FALSE,TRUE
таймер выключения 220,10,16,1,1,"also_asks, Thumbnail, related_search, Sitelinks",https://220volt.com.ua/elektrika-i-svet/nizkovoltnoe-oborudovanie/rele-tajmeri-fotokontrolleri/tajmeri.htm,FALSE,FALSE,FALSE,FALSE,FALSE,FALSE
sdmo sh 7500,10,1,1,1,"Thumbnail, Sitelinks",https://220volt.com.ua/generator-benzinovij-sdmo-sh-7500-t/,FALSE,FALSE,FALSE,FALSE,FALSE,FALSE
элекс ампер 16 1 40а т 9000 v2 0,10,0,1,1,"Thumbnail, ads_top, Sitelinks, snip_image_thumbnail",https://220volt.com.ua/stabilizator-napryazheniya-eleks-amper-16-1-40a-t-9000-v2-0/,FALSE,FALSE,FALSE,FALSE,FALSE,FALSE
купить магнитный пускатель в киеве,10,4,1,1,"related_search, Local pack, Sitelinks",https://220volt.com.ua/elektrika-i-svet/nizkovoltnoe-oborudovanie/puskateli-kontaktori/puskateli.htm,FALSE,TRUE,FALSE,FALSE,FALSE,TRUE
cs 64 200,10,0,1,1,"Thumbnail, Sitelinks, snip_image_thumbnail",https://220volt.com.ua/korpus-metallicheskij-eaton-moeller-cs-64-200-111693/,FALSE,FALSE,FALSE,FALSE,FALSE,FALSE
насос поверхностный wilo,10,1,1,1,"Thumbnail, Sitelinks",https://220volt.com.ua/nasos/nasosi-dlya-vodosnabzheniya/tsentrobezhnie/wilo/,FALSE,FALSE,FALSE,FALSE,FALSE,FALSE
3600a,10,0,1,1,"related_search, Thumbnail, Sitelinks, snip_image_thumbnail",https://220volt.com.ua/generator-benzinovij-werk-wpg-3600a/,FALSE,FALSE,FALSE,FALSE,FALSE,FALSE
220 вольт график работы,10,3,1,1,"Local pack, also_asks, related_search, Sitelinks",https://220volt.com.ua/contact/,FALSE,FALSE,FALSE,FALSE,FALSE,FALSE
солнечная батарея 220 вольт,10,10,1,1,"related_search, also_asks, Sitelinks",https://220volt.com.ua/solnechnaya-energetika/solnechnye-paneli-batarei.htm,FALSE,FALSE,FALSE,FALSE,FALSE,FALSE
установка бесперебойника цена,10,1,1,1,"also_asks, Thumbnail, related_search, a_box_fsnippet, Sitelinks, snip_featured",https://220volt.com.ua/information/uslugi/montaj-ibp/,FALSE,TRUE,FALSE,FALSE,FALSE,TRUE
еатон 5110,10,2,1,1,"related_search, Thumbnail, Sitelinks",https://220volt.com.ua/ibp-eaton-5110-700-va/,FALSE,FALSE,FALSE,FALSE,FALSE,FALSE
стабилизатор напряжения 220в в розетку,10,18,1,1,"shopping_top, related_search, Thumbnail, also_asks, Sitelinks",https://220volt.com.ua/stabilizator/sposob_podklucheniya_stab_vilka-16-a/,FALSE,FALSE,FALSE,FALSE,FALSE,FALSE
5 kw fronius inverter,10,1,1,1,"Thumbnail, related_search, Sitelinks",https://220volt.com.ua/ua/invertor-fronius-primo-5-0-1/,FALSE,FALSE,FALSE,FALSE,FALSE,FALSE
узо 20 ампер,10,4,1,1,"Thumbnail, also_asks, Sitelinks",https://220volt.com.ua/elektrika-i-svet/nizkovoltnoe-oborudovanie/ustrojstva-zashchitnogo-otklyucheniya-uzo-difavtomati/tok_v_uzo_20-a/,FALSE,FALSE,FALSE,FALSE,FALSE,FALSE
ups зарядное устройство,10,2,1,1,"Thumbnail, related_search, also_asks, Sitelinks",https://220volt.com.ua/istochniki-besperebojnogo-pitaniya/nalichie_zaryad_ustr_ibp_est/,FALSE,FALSE,FALSE,FALSE,FALSE,FALSE
стабилизатор напряжения 220 в купить,10,12,1,1,"Thumbnail, related_search, also_asks, Sitelinks",https://220volt.com.ua/stabilizator/phases_stab_odnofaznie/,FALSE,TRUE,FALSE,FALSE,FALSE,TRUE
ups 4000va,10,1,1,1,"Thumbnail, also_asks, Sitelinks, snip_image_thumbnail",https://220volt.com.ua/ibp-volter-ups-4000/,FALSE,FALSE,FALSE,FALSE,FALSE,FALSE
электростанция солнечных батареях,10,19,1,1,"related_search, Video preview, Thumbnail, also_asks, Sitelinks",https://220volt.com.ua/solnechnaya-energetika/solnechnye-elektrostantsii.htm,FALSE,FALSE,FALSE,FALSE,FALSE,FALSE
swl2500 yuasa,10,1,1,1,"Thumbnail, Sitelinks",https://220volt.com.ua/ua/akkumulyatornaya-batareya-yuasa-swl-2500/,FALSE,FALSE,FALSE,FALSE,FALSE,FALSE
matari s7990e,10,0,1,1,"Thumbnail, Sitelinks, snip_image_thumbnail",https://220volt.com.ua/ua/generator-benzinovij-matari-s7990e/,FALSE,FALSE,FALSE,FALSE,FALSE,FALSE
forte fgd6500e інструкція,10,1,1,1,"Thumbnail, Sitelinks",https://220volt.com.ua/storage/catalog_products/127597/instruction/738.pdf,FALSE,FALSE,FALSE,FALSE,FALSE,FALSE
свинцово углеродный аккумулятор,10,1,1,1,"Thumbnail, also_asks, a_box_fsnippet, Sitelinks, snip_featured",https://220volt.com.ua/akkumulatornie-batarei/tip_elementa_svintsovo-uglerodnie/,FALSE,FALSE,FALSE,FALSE,FALSE,FALSE
vm iii 5000 48,10,1,1,1,"Thumbnail, Sitelinks",https://220volt.com.ua/invertor-q-power-axpert-vm-iii-5000-48-5000vt-48v/,FALSE,FALSE,FALSE,FALSE,FALSE,FALSE
киев купить генератор для дома,10,41,1,1,"Thumbnail, related_search, also_asks, Sitelinks, snip_image_thumbnail",https://220volt.com.ua/generatory.htm,FALSE,TRUE,FALSE,FALSE,FALSE,TRUE
gpl 12 200,10,1,1,1,"Sitelinks, snip_image_thumbnail",https://220volt.com.ua/ua/akkumulyatornaya-batareya-ventura-gpl-12-200/,FALSE,FALSE,FALSE,FALSE,FALSE,FALSE
agm это гелевый аккумулятор,10,13,1,1,"also_asks, AI Overview, related_search, Sitelinks",https://220volt.com.ua/news/kakaya-raznitsa-mezhdu-agm-gelevoj-i-obichnoj-zhidkokislotnoj-batareej/,FALSE,FALSE,FALSE,FALSE,FALSE,FALSE
генератор dy3000l,10,2,1,1,"Thumbnail, Sitelinks",https://220volt.com.ua/generator-benzinovij-huter-dy-3000-l/,FALSE,FALSE,FALSE,FALSE,FALSE,FALSE
gpr23,10,0,1,1,"Thumbnail, Sitelinks, snip_image_thumbnail",https://220volt.com.ua/ua/generator-dizel-nij-genpower-gpr-23/,FALSE,FALSE,FALSE,FALSE,FALSE,FALSE
купить в киеве источник бесперебойного питания,10,49,1,1,"also_asks, kn_graph_local, Thumbnail, related_search, Sitelinks",https://220volt.com.ua/istochniki-besperebojnogo-pitaniya.htm,FALSE,TRUE,FALSE,FALSE,FALSE,TRUE
mppt 70 15,10,0,1,1,"Thumbnail, also_asks, snip_image_thumbnail, Sitelinks",https://220volt.com.ua/kontroller-zaryada-victron-energy-bluesolar-mppt-150-70-tr/,FALSE,FALSE,FALSE,FALSE,FALSE,FALSE
таймер включения и выключения купить,10,25,1,1,"Thumbnail, related_search, also_asks, Sitelinks",https://220volt.com.ua/elektrika-i-svet/nizkovoltnoe-oborudovanie/rele-tajmeri-fotokontrolleri/tajmeri.htm,FALSE,TRUE,FALSE,FALSE,FALSE,TRUE
usb tel,10,0,1,1,"Thumbnail, related_search, Sitelinks",https://220volt.com.ua/ua/ibp-powercom-tur-1000ap-usb-tel/,FALSE,FALSE,FALSE,FALSE,FALSE,FALSE
как рассчитать мощность электрического котла для частного дома,10,2,1,1,"also_asks, a_box_fsnippet, related_search, Sitelinks, snip_featured",https://220volt.com.ua/news/osnovnie-printsipi-vibora-elektricheskih-kotlov/,FALSE,FALSE,FALSE,TRUE,FALSE,FALSE
matari s8990e,10,0,1,1,"Video preview, Sitelinks, snip_image_thumbnail",https://220volt.com.ua/ua/generator-benzinovij-matari-s8990e/,FALSE,FALSE,FALSE,FALSE,FALSE,FALSE
challenger 18,10,0,1,1,"Thumbnail, Sitelinks",https://220volt.com.ua/ua/akkumulyatornaya-batareya-challenger-as12-18/,FALSE,FALSE,FALSE,FALSE,FALSE,FALSE
220va,10,1,1,1,"related_search, also_asks, Thumbnail, Sitelinks",https://220volt.com.ua/,FALSE,FALSE,FALSE,FALSE,FALSE,FALSE
mpw45 12,10,0,1,1,"Thumbnail, related_search, Sitelinks, snip_image_thumbnail",https://220volt.com.ua/akkumulyatornaya-batareya-yuasa-npw45-12/,FALSE,FALSE,FALSE,FALSE,FALSE,FALSE
av 38,10,1,1,1,"Thumbnail, Sitelinks, snip_image_thumbnail",https://220volt.com.ua/generator-traktornij-agrovolt-av-38/,FALSE,FALSE,FALSE,FALSE,FALSE,FALSE
теплые полы от отопления,10,2,1,1,"a_box_fsnippet, also_asks, related_search, Sitelinks, snip_featured, snip_image_thumbnail",https://220volt.com.ua/news/kak-rabotaet-teplyj-pol-vse-chto-nuzhno-znat-o-sovremennoj-sisteme-otopleniya/,FALSE,FALSE,FALSE,FALSE,FALSE,FALSE
mkm51 n 01 54,10,1,1,1,"Thumbnail, Sitelinks, snip_image_thumbnail",https://220volt.com.ua/korpus-metallicheskij-iek-shchu-1-1-0-74-u1/,FALSE,FALSE,FALSE,FALSE,FALSE,FALSE
1000 ig,10,1,1,1,"Thumbnail, Sitelinks",https://220volt.com.ua/invertornij-generator-werk-ig-1000/,FALSE,FALSE,FALSE,FALSE,FALSE,FALSE
dg6000,10,1,1,1,"Thumbnail, Sitelinks, snip_image_thumbnail",https://220volt.com.ua/generator-dizel-nij-nik-dg6000/,FALSE,FALSE,FALSE,FALSE,FALSE,FALSE
rudes drp 5 550,10,1,1,1,"Thumbnail, Sitelinks",https://220volt.com.ua/nasos-drenazhnij-rudes-drp-5-550/,FALSE,FALSE,FALSE,FALSE,FALSE,FALSE
ori242440120,10,0,1,1,"Thumbnail, Sitelinks, snip_image_thumbnail",https://220volt.com.ua/ua/zaryadnoe-ustrojstvo-victron-energy-orion-tr-smart-24-24-17-400w-isolated-ori242440120/,FALSE,FALSE,FALSE,FALSE,FALSE,FALSE
стабилизатор сн 200,10,1,1,1,"Thumbnail, Sitelinks",https://220volt.com.ua/stabilizator-napryazheniya-sinpro-oberig-sn-200/,FALSE,FALSE,FALSE,FALSE,FALSE,FALSE
автомобильный аккумулятор виды,10,12,1,1,"related_search, also_asks, a_box_fsnippet, Sitelinks, snip_featured",https://220volt.com.ua/news/raznovidnosti-akkumulyatornih-batarej-soglasno-tipu-rabochih-elementov-i-naznacheniyu/,FALSE,FALSE,FALSE,FALSE,FALSE,FALSE
eaton c10,10,1,1,1,"related_search, Thumbnail, Sitelinks, snip_image_thumbnail",https://220volt.com.ua/avtomaticheskij-viklyuchatel-eaton-moeller-pl6-c10-1/,FALSE,FALSE,FALSE,FALSE,FALSE,FALSE
basic 4,10,1,1,1,"Thumbnail, Sitelinks",https://220volt.com.ua/ua/nasos-poverhnostnij-grundfos-jp-basic-4-96121752/,FALSE,FALSE,FALSE,FALSE,FALSE,FALSE
стабилизатор 500 вт цена,10,9,1,1,"Thumbnail, related_search, a_box_fsnippet, also_asks, Sitelinks, snip_featured",https://220volt.com.ua/stabilizator/moshnost_stab_block_0_5/,FALSE,TRUE,FALSE,FALSE,FALSE,TRUE
ritar rtm1000,10,0,1,1,"Thumbnail, Sitelinks",https://220volt.com.ua/ua/ibp-ritar-rtm1000-proxima-d/,FALSE,FALSE,FALSE,FALSE,FALSE,FALSE
насосы для фонтанов спрут,10,1,1,1,"Thumbnail, also_asks, Sitelinks",https://220volt.com.ua/nasos/nasosi_dlya_fontanov_i_prudov/sprut/,FALSE,FALSE,FALSE,FALSE,FALSE,FALSE
купить стабилизатор напряжения 380 вольт,10,5,1,1,"related_search, Local pack, Thumbnail, Sitelinks",https://220volt.com.ua/stabilizator/phases_stab_trehfaznie/,FALSE,TRUE,FALSE,FALSE,FALSE,TRUE
stv 80x,10,1,1,1,"Thumbnail, Sitelinks",https://220volt.com.ua/motopompa-koshin-stv-80x/,FALSE,FALSE,FALSE,FALSE,FALSE,FALSE
купить электрогенератор в киев,10,26,1,1,"also_asks, Local pack, related_search, Sitelinks",https://220volt.com.ua/generatory.htm,FALSE,TRUE,FALSE,FALSE,FALSE,TRUE
th2500,10,0,1,1,"Thumbnail, Sitelinks, snip_image_thumbnail",https://220volt.com.ua/generator-benzinovij-kruzer-th-2500/,FALSE,FALSE,FALSE,FALSE,FALSE,FALSE
блок бесперебойного питания киев,10,49,1,1,"related_search, Local pack, Sitelinks",https://220volt.com.ua/istochniki-besperebojnogo-pitaniya.htm,FALSE,TRUE,FALSE,FALSE,FALSE,FALSE
снпто 7,10,1,1,1,"Thumbnail, Video preview, Sitelinks",https://220volt.com.ua/ua/stabilizator-napryazheniya-volter-snpto-7-pt/,FALSE,FALSE,FALSE,FALSE,FALSE,FALSE
стабилизатор 45 квт,10,0,1,1,"Thumbnail, Sitelinks",https://220volt.com.ua/stabilizator/moshnost_stab_block_45/,FALSE,FALSE,FALSE,FALSE,FALSE,FALSE
домашняя солнечная станция,10,17,1,1,"Video preview, related_search, Sitelinks",https://220volt.com.ua/solnechnaya-energetika/solnechnye-elektrostantsii.htm,FALSE,FALSE,FALSE,FALSE,FALSE,FALSE
np7 12 fr,10,1,1,1,"Thumbnail, Sitelinks",https://220volt.com.ua/akkumulyatornaya-batareya-yuasa-np7-12/,FALSE,FALSE,FALSE,FALSE,FALSE,FALSE
батарея на 220 вольт,10,16,1,1,"also_asks, Thumbnail, related_search, Sitelinks",https://220volt.com.ua/akkumulatornie-batarei.htm,FALSE,FALSE,FALSE,FALSE,FALSE,FALSE
дренажный насос напор 20 м,10,1,1,1,Sitelinks,https://220volt.com.ua/nasos/nasosi-dlya-vodootvedeniya/fekalnih-stokov/napor_nasos_20_1-30/,FALSE,FALSE,FALSE,FALSE,FALSE,FALSE
низковольтное,10,1,1,1,"also_asks, Thumbnail, AI Overview, Sitelinks",https://220volt.com.ua/elektrika-i-svet/nizkovoltnoe-oborudovanie.htm,FALSE,FALSE,FALSE,FALSE,FALSE,FALSE
120 вольт магазин,10,1,1,1,"related_search, Thumbnail, Sitelinks, snip_image_thumbnail",https://220volt.com.ua/,FALSE,TRUE,FALSE,FALSE,FALSE,FALSE
mst 15,10,0,1,1,"Thumbnail, Sitelinks",https://220volt.com.ua/ua/ibp-riello-mct-mst-15/,FALSE,FALSE,FALSE,FALSE,FALSE,FALSE
innova 2000,10,1,1,1,"Thumbnail, Sitelinks",https://220volt.com.ua/ua/ibp-ippon-innova-rt-2000/,FALSE,FALSE,FALSE,FALSE,FALSE,FALSE
аккумулятор на основе графена,10,5,1,1,"related_search, also_asks, Sitelinks",https://220volt.com.ua/akkumulatornie-batarei/tip_elementa_svintsovo-uglerodnie/,FALSE,FALSE,FALSE,FALSE,FALSE,FALSE
генератор 380 вольт 3 квт,10,15,1,1,"Thumbnail, related_search, also_asks, Sitelinks",https://220volt.com.ua/generatory/faznost_generatorov_3/,FALSE,FALSE,FALSE,FALSE,FALSE,FALSE
mst 30,10,1,1,1,"Thumbnail, map, Sitelinks",https://220volt.com.ua/ua/ibp-riello-mst-30/,FALSE,FALSE,FALSE,FALSE,FALSE,FALSE
куплю генератор киев,10,25,1,1,"related_search, also_asks, Sitelinks",https://220volt.com.ua/generatory.htm,FALSE,TRUE,FALSE,FALSE,FALSE,FALSE
фекальные насосы грундфос,10,2,1,1,"related_search, Thumbnail, Sitelinks",https://220volt.com.ua/nasos/nasosi-dlya-vodootvedeniya/fekalnih-stokov/grundfos/,FALSE,FALSE,FALSE,FALSE,FALSE,FALSE
упс синусоида,10,14,1,1,"Thumbnail, related_search, also_asks, Sitelinks",https://220volt.com.ua/istochniki-besperebojnogo-pitaniya/uotformnaprahenia_sinusoida/,FALSE,FALSE,FALSE,FALSE,FALSE,FALSE
центробежный самовсасывающий,10,1,1,1,"Thumbnail, related_search, also_asks, Sitelinks, snip_image_thumbnail",https://220volt.com.ua/nasos/nasosi-dlya-vodosnabzheniya/tsentrobezhnie/tipvsas_samovsasivayushchie/,FALSE,FALSE,FALSE,FALSE,FALSE,FALSE
2020 вольт,10,1,1,1,"Thumbnail, related_search, also_asks, Sitelinks",https://220volt.com.ua/,FALSE,FALSE,FALSE,FALSE,FALSE,FALSE
yuasa swl2250,10,1,1,1,"Thumbnail, Sitelinks",https://220volt.com.ua/akkumulyatornaya-batareya-yuasa-swl-2250/,FALSE,FALSE,FALSE,FALSE,FALSE,FALSE
ups powercom war 500a,10,1,1,1,"Thumbnail, Sitelinks",https://220volt.com.ua/ua/ibp-powercom-war-500a/,FALSE,FALSE,FALSE,FALSE,FALSE,FALSE
купить солнечные батареи 220 вольт,10,13,1,1,"also_asks, Thumbnail, related_search, Sitelinks, snip_image_thumbnail",https://220volt.com.ua/solnechnaya-energetika/solnechnye-paneli-batarei.htm,FALSE,TRUE,FALSE,FALSE,FALSE,TRUE
система avr для генератора,10,14,1,1,"Video preview, also_asks, related_search, AI Overview, Thumbnail, Sitelinks, snip_image_thumbnail",https://220volt.com.ua/avtomaticheskij-zapusk-generatora.htm,FALSE,FALSE,FALSE,FALSE,FALSE,FALSE
батарея 220 вольт,10,16,1,1,"also_asks, Thumbnail, Sitelinks",https://220volt.com.ua/akkumulatornie-batarei.htm,FALSE,FALSE,FALSE,FALSE,FALSE,FALSE
стабилизатор для компрессора,10,1,1,1,"Thumbnail, also_asks, Sitelinks",https://220volt.com.ua/stabilizator/optimal_stab_kompressora/,FALSE,FALSE,FALSE,FALSE,FALSE,FALSE
аккумуляторные батареи стоимость,10,38,1,1,"related_search, Thumbnail, Sitelinks",https://220volt.com.ua/akkumulatornie-batarei.htm,FALSE,FALSE,FALSE,FALSE,FALSE,FALSE
источники бесперебойного питания виды,10,5,1,1,"a_box_fsnippet, Video preview, related_search, also_asks, Sitelinks, snip_featured",https://220volt.com.ua/news/vidi-istochnikov-besperebojnogo-pitaniya/,FALSE,FALSE,FALSE,FALSE,FALSE,FALSE
магазин 230 вольт,10,14,1,1,"also_asks, Local pack, Thumbnail, related_search, Sitelinks, snip_image_thumbnail",https://220volt.com.ua/,FALSE,TRUE,FALSE,FALSE,FALSE,FALSE
moeller pls6,10,1,1,1,"Thumbnail, Sitelinks",https://220volt.com.ua/ua/avtomaticheskij-viklyuchatel-eaton-moeller-pl6-c6-1-286530/,FALSE,FALSE,FALSE,FALSE,FALSE,FALSE
стабилизатор напряжения 220v,10,9,1,1,"shopping_rhs, related_search, Thumbnail, also_asks, Sitelinks",https://220volt.com.ua/stabilizator/phases_stab_odnofaznie/,FALSE,FALSE,FALSE,FALSE,FALSE,FALSE
стабилизатор напряжения 4000 вт,10,1,1,1,"Thumbnail, shopping_rhs, related_search, Sitelinks",https://220volt.com.ua/stabilizator/moshnost_stab_block_4/,FALSE,FALSE,FALSE,FALSE,FALSE,FALSE
6105,10,1,1,1,"Thumbnail, Sitelinks, snip_image_thumbnail",https://220volt.com.ua/akkumulyatornaya-batareya-siap-6-gel-105/,FALSE,FALSE,FALSE,FALSE,FALSE,FALSE
магазин инструментов 220 вольт,10,26,1,1,"Local pack, related_search, Thumbnail, Sitelinks, snip_image_thumbnail",https://220volt.com.ua/,FALSE,TRUE,FALSE,FALSE,FALSE,FALSE
стабилизатор напряжения 220 в 1 квт,10,8,1,1,"Thumbnail, related_search, also_asks, Sitelinks",https://220volt.com.ua/stabilizator/moshnost_stab_block_1/,FALSE,FALSE,FALSE,FALSE,FALSE,FALSE
виды реле и их обозначения,10,3,1,1,"Thumbnail, Video preview, related_search, also_asks, Sitelinks, snip_image_thumbnail",https://220volt.com.ua/news/kakie-byvayut-tipy-rele/,FALSE,FALSE,FALSE,FALSE,FALSE,FALSE
скважинный насос 220 вольт,10,1,1,1,"Thumbnail, related_search, also_asks, Sitelinks",https://220volt.com.ua/nasos/nasosi-dlya-vodosnabzheniya/skvazhinnie-nasosi.htm,FALSE,FALSE,FALSE,FALSE,FALSE,FALSE
agm аккумулятор или обычный,10,9,1,1,"related_search, Thumbnail, also_asks, Sitelinks",https://220volt.com.ua/news/kakaya-raznitsa-mezhdu-agm-gelevoj-i-obichnoj-zhidkokislotnoj-batareej/,FALSE,FALSE,FALSE,FALSE,FALSE,FALSE
axpert vm iii,10,1,1,1,"Thumbnail, Sitelinks",https://220volt.com.ua/ua/invertor-q-power-axpert-vm-iii-5000-48-5000vt-48v/,FALSE,FALSE,FALSE,FALSE,FALSE,FALSE
автоматика для генераторов,10,5,1,1,"Video preview, also_asks, related_search, Thumbnail, Sitelinks",https://220volt.com.ua/avtomaticheskij-zapusk-generatora.htm,FALSE,FALSE,FALSE,FALSE,FALSE,FALSE
ups синусоидальный,10,12,1,1,"related_search, also_asks, Thumbnail, shopping_rhs, Sitelinks, snip_image_thumbnail",https://220volt.com.ua/istochniki-besperebojnogo-pitaniya/uotformnaprahenia_sinusoida/,FALSE,FALSE,FALSE,FALSE,FALSE,FALSE
лампа сигнальная 220в иэк,10,1,1,1,Sitelinks,https://220volt.com.ua/elektrika-i-svet/nizkovoltnoe-oborudovanie/svetosignalnaya-apparatura/iek/,FALSE,FALSE,FALSE,FALSE,FALSE,FALSE
вольт eco,10,2,1,1,"Thumbnail, a_box_fsnippet, Sitelinks, snip_featured",https://220volt.com.ua/stabilizator-napryazheniya-volt-eco-600/,FALSE,FALSE,FALSE,FALSE,FALSE,FALSE
расчет нагрузки электросети,10,5,1,1,"related_search, also_asks, Thumbnail, Sitelinks",https://220volt.com.ua/news/raschet-nagruzki-elektrostantsii/,FALSE,FALSE,FALSE,FALSE,FALSE,FALSE
ups ippon smart winner 2000,10,1,1,1,"Thumbnail, Sitelinks",https://220volt.com.ua/ibp-ippon-smart-winner-2000/,FALSE,FALSE,FALSE,FALSE,FALSE,FALSE
как подобрать контроллер заряда для солнечных батарей,10,3,1,1,"related_search, Thumbnail, also_asks, Sitelinks",https://220volt.com.ua/news/kak-vibrat-kontroller-zaryada-dlya-solnechnih-batarej/,FALSE,FALSE,FALSE,TRUE,FALSE,FALSE
дизельные генераторы дгу,10,4,1,1,"related_search, kn_graph_card, also_asks, Sitelinks",https://220volt.com.ua/generatory/tip_generatora_dizelni_ustanovki_dgu/,FALSE,FALSE,FALSE,FALSE,FALSE,FALSE
мини электростанция 220 вольт,10,25,1,1,"Thumbnail, related_search, Sitelinks",https://220volt.com.ua/generatory/tip_ustanovki_portativnie/,FALSE,FALSE,FALSE,FALSE,FALSE,FALSE
pl7 c40 3,10,0,1,1,"Thumbnail, Sitelinks, snip_image_thumbnail",https://220volt.com.ua/avtomaticheskij-viklyuchatel-eaton-moeller-pl7-c40-3-263413/,FALSE,FALSE,FALSE,FALSE,FALSE,FALSE
стабилизатор 380в,10,5,1,1,"related_search, also_asks, Thumbnail, Sitelinks",https://220volt.com.ua/stabilizator/phases_stab_trehfaznie/,FALSE,FALSE,FALSE,FALSE,FALSE,FALSE
плавный пуск 220 вольт,10,3,1,1,"Thumbnail, also_asks, related_search, Sitelinks",https://220volt.com.ua/preobrazovateli_chastoty_ustr_plavnogo_puska/ustrojstva-plavnogo-puska-i-tormozheniya.htm,FALSE,FALSE,FALSE,FALSE,FALSE,FALSE
ventura vg 12 26 gel,10,1,1,1,"shopping_top, related_search, Sitelinks",https://220volt.com.ua/ua/akkumulyatornaya-batareya-ventura-vg-12-26-gel/,FALSE,FALSE,FALSE,FALSE,FALSE,FALSE
en25 40n 06,10,1,1,1,"Thumbnail, Sitelinks, snip_image_thumbnail",https://220volt.com.ua/kontaktor-abb-en25-40n-06-1sae232111r0640/,FALSE,FALSE,FALSE,FALSE,FALSE,FALSE
купить станцию на солнечных батареях,10,19,1,1,"related_search, Sitelinks",https://220volt.com.ua/solnechnaya-energetika/solnechnye-elektrostantsii.htm,FALSE,TRUE,FALSE,FALSE,FALSE,TRUE
поверхностные самовсасывающие насосы,10,3,1,1,"Video preview, also_asks, related_search, Thumbnail, Sitelinks",https://220volt.com.ua/nasos/nasosi-dlya-vodosnabzheniya/tsentrobezhnie/tipvsas_samovsasivayushchie/,FALSE,FALSE,FALSE,FALSE,FALSE,FALSE
kin 625,10,1,1,1,"Thumbnail, Sitelinks, snip_image_thumbnail",https://220volt.com.ua/ibp-powercom-kin-625ap/,FALSE,FALSE,FALSE,FALSE,FALSE,FALSE
вихревой поверхностный насос,10,8,1,1,"Thumbnail, related_search, also_asks, Sitelinks, snip_image_thumbnail",https://220volt.com.ua/nasos/nasosi-dlya-vodosnabzheniya/tsentrobezhnie/tipvsas_vihrevoj/,FALSE,FALSE,FALSE,FALSE,FALSE,FALSE
авдт32 с25,10,1,1,1,"shopping_rhs, Thumbnail, Sitelinks",https://220volt.com.ua/ua/differentsial-nij-avtomat-iek-avdt-32-s25-25-0-03a-6ka/,FALSE,FALSE,FALSE,FALSE,FALSE,FALSE
mh28539,10,1,1,1,"Thumbnail, Sitelinks, snip_image_thumbnail",https://220volt.com.ua/akkumulyatornaya-batareya-ritar-ra12-55-12v-55-0ah/,FALSE,FALSE,FALSE,FALSE,FALSE,FALSE
купить генератор forte в украине,10,11,1,1,"related_search, Thumbnail, Sitelinks",https://220volt.com.ua/generatory/forte/,FALSE,TRUE,FALSE,FALSE,FALSE,TRUE
солнечные электростанции для дома купить,10,22,1,1,"Thumbnail, related_search, Sitelinks",https://220volt.com.ua/solnechnaya-energetika/solnechnye-elektrostantsii.htm,FALSE,TRUE,FALSE,FALSE,FALSE,TRUE
eaton 072739,10,1,1,1,"Thumbnail, Sitelinks, snip_image_thumbnail",https://220volt.com.ua/ua/avtomaticheskij-viklyuchatel-eaton-moeller-pkzm0-10-072739/,FALSE,FALSE,FALSE,FALSE,FALSE,FALSE
fronius 5kw inverter,10,1,1,1,"Thumbnail, Sitelinks",https://220volt.com.ua/ua/invertor-fronius-primo-5-0-1/,FALSE,FALSE,FALSE,FALSE,FALSE,FALSE
купити генератор киів,10,17,1,1,"Thumbnail, related_search, ads_top, Sitelinks",https://220volt.com.ua/ua/generatory.htm,FALSE,TRUE,FALSE,FALSE,FALSE,TRUE
kaco powador inverter,10,0,1,1,"shopping_rhs, Thumbnail, Sitelinks",https://220volt.com.ua/solnechnaya-energetika/solnechnye-invertory/kaco/,FALSE,FALSE,FALSE,FALSE,FALSE,FALSE
rt1272 battery,10,1,1,1,"Thumbnail, Sitelinks",https://220volt.com.ua/ua/akkumulyatornaya-batareya-ritar-rt1272-12v-7-2ah/,FALSE,FALSE,FALSE,FALSE,FALSE,FALSE
погружные фекальные насосы грундфос,10,4,1,1,"related_search, Thumbnail, Sitelinks",https://220volt.com.ua/nasos/nasosi-dlya-vodootvedeniya/fekalnih-stokov/grundfos/,FALSE,FALSE,FALSE,FALSE,FALSE,FALSE
реле подачи воды,10,25,1,1,"related_search, Video preview, also_asks, Thumbnail, Sitelinks",https://220volt.com.ua/nasos/komplektuyushchie-dlya-vodosnabzheniya-i-vodootvedeniya/tip_kompl_nasos_rele-davleniya/,FALSE,FALSE,FALSE,FALSE,FALSE,FALSE
ritar 150ah,10,1,1,1,"Thumbnail, Sitelinks",https://220volt.com.ua/ua/akkumulyatornaya-batareya-ritar-dc12-150-12v-150ah-9843/,FALSE,FALSE,FALSE,FALSE,FALSE,FALSE
220 вольт аккумулятор,10,15,1,1,"also_asks, Thumbnail, related_search, Sitelinks",https://220volt.com.ua/akkumulatornie-batarei.htm,FALSE,FALSE,FALSE,FALSE,FALSE,FALSE
huter ht1000l,10,1,1,1,"related_search, Thumbnail, also_asks, Sitelinks",https://220volt.com.ua/generator-benzinovij-huter-ht-1000-l/,FALSE,FALSE,FALSE,FALSE,FALSE,FALSE
насосная станция marina cam 80 22 hl,10,1,1,1,"shopping_rhs, Thumbnail, Sitelinks",https://220volt.com.ua/nasosnaya-stantsiya-speroni-marina-cam-80-22-hl/,FALSE,FALSE,FALSE,FALSE,FALSE,FALSE
перекидной рубильник автоматический,10,17,1,1,"also_asks, related_search, Sitelinks",https://220volt.com.ua/elektrika-i-svet/nizkovoltnoe-oborudovanie/rubilniki/tip_rubilnika_perekidnoj/,FALSE,FALSE,FALSE,FALSE,FALSE,FALSE
pcm war 600a,10,2,1,1,"Thumbnail, related_search, Sitelinks",https://220volt.com.ua/ibp-powercom-war-600a/,FALSE,FALSE,FALSE,FALSE,FALSE,FALSE
электрогенераторы купить в киеве,10,27,1,1,"Local pack, also_asks, related_search, Thumbnail, Sitelinks",https://220volt.com.ua/generatory.htm,FALSE,TRUE,FALSE,FALSE,FALSE,TRUE
sdh 2200,10,1,1,1,"Thumbnail, Sitelinks",https://220volt.com.ua/ibp-riello-sdh-2200/,FALSE,FALSE,FALSE,FALSE,FALSE,FALSE
портативный электростанция,10,28,1,1,"Thumbnail, also_asks, related_search, Sitelinks",https://220volt.com.ua/portativnye-zaryadnye-stantsii/portativnye-elektrostantsii.htm,FALSE,FALSE,FALSE,FALSE,FALSE,FALSE
deca 1270,10,1,1,1,"Thumbnail, Sitelinks, snip_image_thumbnail",https://220volt.com.ua/ua/zaryadnoe-ustrojstvo-deca-sm-1270-230-50-60/,FALSE,FALSE,FALSE,FALSE,FALSE,FALSE
csb hr 1221w,10,3,1,1,Sitelinks,https://220volt.com.ua/ua/akkumulyatornaya-batareya-csb-hr1221wf2/,FALSE,FALSE,FALSE,FALSE,FALSE,FALSE
fg8000e,10,1,1,1,"related_search, Sitelinks, snip_image_thumbnail",https://220volt.com.ua/generator-benzinovij-forte-fg8000e/,FALSE,FALSE,FALSE,FALSE,FALSE,FALSE
merlion agm 12 v 9 ah,10,1,1,1,"shopping_top, Thumbnail, Sitelinks",https://220volt.com.ua/akkumulyatornaya-batareya-merlion-agm-gp1290f2-12-v-9-ah/,FALSE,FALSE,FALSE,FALSE,FALSE,FALSE
мощность скважинного насоса,10,3,1,1,"related_search, also_asks, Video preview, Thumbnail, Sitelinks",https://220volt.com.ua/nasos/nasosi-dlya-vodosnabzheniya/skvazhinnie-nasosi/moshnost_nasosa_skvaginnogo_do-2-kvt/,FALSE,FALSE,FALSE,FALSE,FALSE,FALSE
072738 eaton,10,1,1,1,"Sitelinks, snip_image_thumbnail",https://220volt.com.ua/avtomaticheskij-viklyuchatel-eaton-moeller-pkzm0-6-3-072738/,FALSE,FALSE,FALSE,FALSE,FALSE,FALSE
weekender 3600pro,10,1,1,1,"shopping_top, Thumbnail, Sitelinks",https://220volt.com.ua/generator-invertornij-weekender-3600pro/,FALSE,FALSE,FALSE,FALSE,FALSE,FALSE
sdl 5000,10,1,1,1,"Thumbnail, Sitelinks",https://220volt.com.ua/ibp-riello-sdl-5000/,FALSE,FALSE,FALSE,FALSE,FALSE,FALSE
выпрямитель 220,10,9,1,1,"Thumbnail, related_search, Sitelinks, snip_image_thumbnail",https://220volt.com.ua/stabilizator/phases_stab_odnofaznie/,FALSE,FALSE,FALSE,FALSE,FALSE,FALSE
электрика 220 вольт,10,15,1,1,"Thumbnail, related_search, also_asks, Sitelinks",https://220volt.com.ua/,FALSE,FALSE,FALSE,FALSE,FALSE,FALSE
ritar rtp500,10,1,1,1,"Thumbnail, Sitelinks",https://220volt.com.ua/ua/ibp-ritar-rtp500-standby-l/,FALSE,FALSE,FALSE,FALSE,FALSE,FALSE
ups киев купить,10,49,1,1,"kn_graph_local, related_search, Sitelinks",https://220volt.com.ua/istochniki-besperebojnogo-pitaniya.htm,FALSE,TRUE,FALSE,FALSE,FALSE,TRUE
ибп 3000va,10,2,1,1,"related_search, Thumbnail, Sitelinks",https://220volt.com.ua/istochniki-besperebojnogo-pitaniya/fullpower_ibp_1001-3000/,FALSE,FALSE,FALSE,FALSE,FALSE,FALSE
victron battery 48v,10,1,1,1,"Thumbnail, Sitelinks",https://220volt.com.ua/akkumulyatornaya-batareya-victron-energy-lifepo4-battery-ecolife-lf48-100/,FALSE,FALSE,FALSE,FALSE,FALSE,FALSE
насос поверхностный самовсасывающий купить,10,10,1,1,"Thumbnail, related_search, also_asks, Sitelinks, snip_image_thumbnail",https://220volt.com.ua/nasos/nasosi-dlya-vodosnabzheniya/tsentrobezhnie/tipvsas_samovsasivayushchie/,FALSE,TRUE,FALSE,FALSE,FALSE,TRUE
пускатель магнитный купить,10,10,1,1,"Thumbnail, related_search, Sitelinks",https://220volt.com.ua/elektrika-i-svet/nizkovoltnoe-oborudovanie/puskateli-kontaktori/puskateli.htm,FALSE,TRUE,FALSE,FALSE,FALSE,TRUE
c125 3,10,1,1,1,"Thumbnail, Sitelinks, snip_image_thumbnail",https://220volt.com.ua/avtomaticheskij-viklyuchatel-eaton-moeller-plht-c125-3-248041/,FALSE,FALSE,FALSE,FALSE,FALSE,FALSE
gf 13,10,1,1,1,"Sitelinks, snip_image_thumbnail",https://220volt.com.ua/generator-dizel-nij-fullpower-gf-13/,FALSE,FALSE,FALSE,FALSE,FALSE,FALSE
мотопомпа stark,10,1,1,1,"Thumbnail, Sitelinks",https://220volt.com.ua/nasos/motopompi/stark/,FALSE,FALSE,FALSE,FALSE,FALSE,FALSE
как подключить ибп к телевизору,10,1,1,1,"Video preview, also_asks, related_search, Thumbnail, AI Overview, Sitelinks, snip_url_in_aio, snip_fqdn_in_aio",https://220volt.com.ua/news/ibp-dlya-televizora/,FALSE,FALSE,FALSE,TRUE,FALSE,FALSE
vgd 6000,10,0,1,1,"Thumbnail, Sitelinks",https://220volt.com.ua/ibp-powercom-vgd-6000/,FALSE,FALSE,FALSE,FALSE,FALSE,FALSE
sma stp 17000tl,10,1,1,1,"Thumbnail, Sitelinks, snip_image_thumbnail",https://220volt.com.ua/invertor-sma-sunny-tripower-17000tl-10/,FALSE,FALSE,FALSE,FALSE,FALSE,FALSE
ups 500 вт,10,9,1,1,"Thumbnail, Sitelinks",https://220volt.com.ua/ua/istochniki-besperebojnogo-pitaniya/fullpower_ibp_do-500/,FALSE,FALSE,FALSE,FALSE,FALSE,FALSE
ибп 10000,10,1,1,1,"Thumbnail, also_asks, Sitelinks",https://220volt.com.ua/istochniki-besperebojnogo-pitaniya/fullpower_ibp_6001-10000/,FALSE,FALSE,FALSE,FALSE,FALSE,FALSE
eaton 9130 1500va,10,1,1,1,"Thumbnail, Sitelinks",https://220volt.com.ua/ibp-eaton-9130-1500-va/,FALSE,FALSE,FALSE,FALSE,FALSE,FALSE
axpert vm 3,10,1,1,1,"Thumbnail, Video preview, Sitelinks",https://220volt.com.ua/ua/invertor-q-power-axpert-vm-iii-3000-24-3000vt-24v/,FALSE,FALSE,FALSE,FALSE,FALSE,FALSE
дренажно фекальный насос sprut v 250f,10,0,1,1,"Video preview, Sitelinks, snip_image_thumbnail",https://220volt.com.ua/nasos-drenazhno-fekal-nij-sprut-v-250f/,FALSE,FALSE,FALSE,FALSE,FALSE,FALSE
ибп для зарядки телефона,10,17,1,1,"Thumbnail, related_search, also_asks, Sitelinks",https://220volt.com.ua/istochniki-besperebojnogo-pitaniya/akkumulyatornaya_batareya_vneshnyaya/,FALSE,FALSE,FALSE,FALSE,FALSE,FALSE
pl6 c6 2,10,0,1,1,"Thumbnail, Sitelinks, snip_image_thumbnail",https://220volt.com.ua/avtomaticheskij-viklyuchatel-eaton-moeller-pl6-c6-2-286564/,FALSE,FALSE,FALSE,FALSE,FALSE,FALSE
pkzm01 12,10,0,1,1,"Thumbnail, Sitelinks, snip_image_thumbnail",https://220volt.com.ua/avtomaticheskij-viklyuchatel-eaton-moeller-pkzm01-12-278485/,FALSE,FALSE,FALSE,FALSE,FALSE,FALSE
бензиновый генератор в кожухе,10,4,1,1,"related_search, also_asks, Thumbnail, Sitelinks",https://220volt.com.ua/generatory/ispolnenie_generatora_v-shumopogloshchayushchem-korpuse/,FALSE,FALSE,FALSE,FALSE,FALSE,FALSE
форт баркас g1,10,0,1,1,"Thumbnail, Sitelinks",https://220volt.com.ua/ibp-fort-barkas-g1/,FALSE,FALSE,FALSE,FALSE,FALSE,FALSE
зарядное устройство астро зу 3000,10,1,1,1,"related_search, Thumbnail, Sitelinks",https://220volt.com.ua/zaryadnoe-ustrojstvo-aktion-zu-12-3000/,FALSE,FALSE,FALSE,FALSE,FALSE,FALSE
csb hr 1221,10,2,1,1,"Thumbnail, Sitelinks",https://220volt.com.ua/ua/akkumulyatornaya-batareya-csb-hr1221wf2/,FALSE,FALSE,FALSE,FALSE,FALSE,FALSE
купить солнечную электростанцию для дома цена,10,17,1,1,"also_asks, Thumbnail, related_search, Sitelinks",https://220volt.com.ua/solnechnaya-energetika/solnechnye-elektrostantsii.htm,FALSE,TRUE,FALSE,FALSE,FALSE,TRUE
бензиновая генераторная установка,10,0,1,1,"Thumbnail, Sitelinks",https://220volt.com.ua/information/uslugi/montaj/,FALSE,FALSE,FALSE,FALSE,FALSE,FALSE
реле 220 вольт купить,10,12,1,1,"Thumbnail, related_search, Sitelinks",https://220volt.com.ua/elektrika-i-svet/nizkovoltnoe-oborudovanie/rele-tajmeri-fotokontrolleri/rele/promejutochnie_rele.htm,FALSE,TRUE,FALSE,FALSE,FALSE,TRUE
генератор fg6500e,10,3,1,1,"Video preview, Thumbnail, related_search, Sitelinks",https://220volt.com.ua/generator-benzinovij-forte-fg6500e/,FALSE,FALSE,FALSE,FALSE,FALSE,FALSE
smart winner 3000,10,2,1,1,"Thumbnail, Sitelinks",https://220volt.com.ua/ua/ibp-ippon-smart-winner-3000/,FALSE,FALSE,FALSE,FALSE,FALSE,FALSE
forte fg8000ea,10,1,1,1,"Thumbnail, Sitelinks",https://220volt.com.ua/ua/generator-benzinovij-forte-fg8000ea/,FALSE,FALSE,FALSE,FALSE,FALSE,FALSE
солнечные электростанции для дома в украине,10,17,1,1,"related_search, Sitelinks",https://220volt.com.ua/solnechnaya-energetika/solnechnye-elektrostantsii.htm,FALSE,FALSE,FALSE,FALSE,FALSE,FALSE
реверсивный рубильник 220в,10,7,1,1,"AI Overview, related_search, also_asks, Thumbnail, Sitelinks, snip_url_in_aio, snip_fqdn_in_aio",https://220volt.com.ua/elektrika-i-svet/nizkovoltnoe-oborudovanie/rubilniki/tip_rubilnika_perekidnoj/,FALSE,FALSE,FALSE,FALSE,FALSE,FALSE
солнечные установки для дома,10,33,1,1,"Video preview, Thumbnail, related_search, Sitelinks",https://220volt.com.ua/solnechnaya-energetika/solnechnye-elektrostantsii.htm,FALSE,FALSE,FALSE,FALSE,FALSE,FALSE
выпрямитель напряжения 220в,10,14,1,1,"Video preview, also_asks, related_search, Thumbnail, Sitelinks",https://220volt.com.ua/stabilizator/phases_stab_odnofaznie/,FALSE,FALSE,FALSE,FALSE,FALSE,FALSE
укртехнология optimum нсн 9000,10,1,1,1,"Thumbnail, related_search, shopping_top, Sitelinks",https://220volt.com.ua/stabilizator-napryazheniya-ukrtehnologiya-nsn-9000-optimum/,TRUE,FALSE,TRUE,FALSE,FALSE,FALSE
частотник 20 квт,10,1,1,1,"related_search, Thumbnail, Sitelinks",https://220volt.com.ua/preobrazovateli_chastoty_ustr_plavnogo_puska/preobrazovateli-chastoti/moshnost_chastotnika_20_1-50-kvt/,FALSE,FALSE,FALSE,FALSE,FALSE,FALSE
tayo blue,10,1,1,1,"Thumbnail, Sitelinks",https://220volt.com.ua/ua/generator-benzinovij-tayo-ty3800bw-blue/,FALSE,FALSE,FALSE,FALSE,FALSE,FALSE
стабилизатор напряжения для дома киев,10,15,1,1,"AI Overview, related_search, Local pack, also_asks, Sitelinks",https://220volt.com.ua/stabilizator.htm,FALSE,TRUE,FALSE,FALSE,FALSE,FALSE
sdl 3300,10,1,1,1,"Thumbnail, Sitelinks",https://220volt.com.ua/ibp-riello-sdl-3300/,FALSE,FALSE,FALSE,FALSE,FALSE,FALSE
daishin sea3000ha,10,0,1,1,"Thumbnail, Sitelinks, snip_image_thumbnail",https://220volt.com.ua/generator-benzinovij-daishin-sea3000ha/,FALSE,FALSE,FALSE,FALSE,FALSE,FALSE
литий марганцевые аккумуляторы,10,2,1,1,"also_asks, related_search, Sitelinks",https://220volt.com.ua/akkumulatornie-batarei/tip_elementa_litij-margantsevie/,FALSE,FALSE,FALSE,FALSE,FALSE,FALSE
bs 2500,10,1,1,1,"Thumbnail, Sitelinks",https://220volt.com.ua/generator-invertornyj-bison-bs-r-2500-is/,FALSE,FALSE,FALSE,FALSE,FALSE,FALSE
насос для скважины диаметром 75 мм,10,2,1,1,"Thumbnail, related_search, also_asks, Sitelinks",https://220volt.com.ua/nasos/nasosi-dlya-vodosnabzheniya/skvazhinnie-nasosi/diametr_75-mm/,FALSE,FALSE,FALSE,FALSE,FALSE,FALSE
rtp 600,10,0,1,1,"Thumbnail, Sitelinks",https://220volt.com.ua/ua/ibp-ritar-rtp600-proxima-l/,FALSE,FALSE,FALSE,FALSE,FALSE,FALSE
схема работы авр,10,8,1,1,"related_search, also_asks, Thumbnail, Sitelinks, snip_image_thumbnail",https://220volt.com.ua/news/printsip-raboti-avr/,FALSE,FALSE,FALSE,FALSE,FALSE,FALSE
бесперебойник стоечный,10,2,1,1,"shopping_rhs, Sitelinks",https://220volt.com.ua/istochniki-besperebojnogo-pitaniya/typeispolnenia_montiruemij-v-stojku/,FALSE,FALSE,FALSE,FALSE,FALSE,FALSE
ups netys pe,10,1,1,1,"Thumbnail, Sitelinks, snip_image_thumbnail",https://220volt.com.ua/ua/ibp-socomec-netys-pe-1000va/,FALSE,FALSE,FALSE,FALSE,FALSE,FALSE
pri 51 16,10,1,1,1,"Thumbnail, Sitelinks, snip_image_thumbnail",https://220volt.com.ua/ua/rele-kontrolya-toka-elko-ep-pri-51-16/,FALSE,FALSE,FALSE,FALSE,FALSE,FALSE
grundfos jd basic 4,10,1,1,1,"Thumbnail, Sitelinks",https://220volt.com.ua/ua/nasos-poverhnostnij-grundfos-jdbasic-4/,FALSE,FALSE,FALSE,FALSE,FALSE,FALSE
отопление на полу,10,11,1,1,"related_search, Thumbnail, also_asks, Sitelinks",https://220volt.com.ua/news/kak-rabotaet-teplyj-pol-vse-chto-nuzhno-znat-o-sovremennoj-sisteme-otopleniya/,FALSE,FALSE,FALSE,FALSE,FALSE,FALSE
powercom vgd 1500,10,1,1,1,"Thumbnail, Sitelinks",https://220volt.com.ua/ua/ibp-powercom-vgd-1500/,FALSE,FALSE,FALSE,FALSE,FALSE,FALSE
kstar ua300,10,1,1,1,"Thumbnail, shopping_rhs, Sitelinks",https://220volt.com.ua/ibp-kstar-ua300/,FALSE,FALSE,FALSE,FALSE,FALSE,FALSE
ups для насоса,10,10,1,1,"Thumbnail, also_asks, related_search, Sitelinks",https://220volt.com.ua/istochniki-besperebojnogo-pitaniya/opt_reshenie_ibp_nasosov/,FALSE,FALSE,FALSE,FALSE,FALSE,FALSE
gd200a 030g 037p 4,10,1,1,1,"Thumbnail, Sitelinks",https://220volt.com.ua/preobrazovatel-chastoti-invt-gd200-030g-037p-4/,FALSE,FALSE,FALSE,FALSE,FALSE,FALSE
электрический рубильник цена,10,8,1,1,"related_search, also_asks, Thumbnail, Sitelinks",https://220volt.com.ua/elektrika-i-svet/nizkovoltnoe-oborudovanie/rubilniki.htm,FALSE,TRUE,FALSE,FALSE,FALSE,TRUE
гидрореле,10,1,1,1,"AI Overview, Thumbnail, Video preview, related_search, Sitelinks, snip_image_thumbnail",https://220volt.com.ua/nasos/komplektuyushchie-dlya-vodosnabzheniya-i-vodootvedeniya/tip_kompl_nasos_rele-davleniya/,FALSE,FALSE,FALSE,FALSE,FALSE,FALSE
стабилизатор на 380,10,5,1,1,"related_search, Thumbnail, Sitelinks",https://220volt.com.ua/stabilizator/phases_stab_trehfaznie/,FALSE,FALSE,FALSE,FALSE,FALSE,FALSE
цена реле протока,10,8,1,1,"Thumbnail, also_asks, related_search, Sitelinks",https://220volt.com.ua/nasos/komplektuyushchie-dlya-vodosnabzheniya-i-vodootvedeniya/tip_kompl_nasos_rele_protoka__zashchita_ot_suhogo_hoda/,FALSE,TRUE,FALSE,FALSE,FALSE,TRUE
ritar rtp800,10,0,1,1,"Thumbnail, Sitelinks",https://220volt.com.ua/ibp-ritar-rtp800-proxima-l/,FALSE,FALSE,FALSE,FALSE,FALSE,FALSE
терморегулятор aura инструкция,10,0,1,1,"Thumbnail, AI Overview, Sitelinks",https://220volt.com.ua/storage/catalog_products/159391/instruction/738.pdf,FALSE,FALSE,FALSE,FALSE,FALSE,FALSE
sl2000,10,1,1,1,"Thumbnail, Sitelinks",https://220volt.com.ua/invertor-exa-power-sl2000/,FALSE,FALSE,FALSE,FALSE,FALSE,FALSE
магазин 220volt,10,9,1,1,"Thumbnail, Local pack, related_search, also_asks, Sitelinks, snip_sitelinks",https://220volt.com.ua/,TRUE,TRUE,TRUE,FALSE,FALSE,FALSE
ибп ритар,10,6,1,1,"Video preview, related_search, Sitelinks",https://220volt.com.ua/istochniki-besperebojnogo-pitaniya/ritar/,FALSE,FALSE,FALSE,FALSE,FALSE,FALSE
купить аккумулятор шестивольтовый,10,16,1,1,"related_search, also_asks, Sitelinks",https://220volt.com.ua/akkumulatornie-batarei/napryagenie_batarei_block_6/,FALSE,TRUE,FALSE,FALSE,FALSE,TRUE
насосы для скважин wilo,10,1,1,1,"Local pack, Sitelinks, snip_image_thumbnail",https://220volt.com.ua/nasos/nasosi-dlya-vodosnabzheniya/skvazhinnie-nasosi/wilo/,FALSE,FALSE,FALSE,FALSE,FALSE,FALSE
стабилизатор напряжения для компрессора,10,1,1,1,"also_asks, Thumbnail, Sitelinks",https://220volt.com.ua/stabilizator/optimal_stab_kompressora/,FALSE,FALSE,FALSE,FALSE,FALSE,FALSE
nph5 12,10,1,1,1,"Thumbnail, Sitelinks",https://220volt.com.ua/akkumulyatornaya-batareya-yuasa-nph-5-12/,FALSE,FALSE,FALSE,FALSE,FALSE,FALSE
стабилизатор напряжения для компрессора,10,1,1,1,"also_asks, Thumbnail, Sitelinks",https://220volt.com.ua/stabilizator/optimal_stab_kompressora/,FALSE,FALSE,FALSE,FALSE,FALSE,FALSE
nph5 12,10,1,1,1,"Thumbnail, Sitelinks",https://220volt.com.ua/akkumulyatornaya-batareya-yuasa-nph-5-12/,FALSE,FALSE,FALSE,FALSE,FALSE,FALSE
fronius primo 5,10,1,1,1,"Thumbnail, related_search, Sitelinks, snip_image_thumbnail",https://220volt.com.ua/invertor-fronius-primo-5-0-1/,FALSE,FALSE,FALSE,FALSE,FALSE,FALSE
стабилизатор штиль 400,10,1,1,1,"Thumbnail, also_asks, related_search, Sitelinks",https://220volt.com.ua/stabilizator/moshnost_stab_block_400/,FALSE,FALSE,FALSE,FALSE,FALSE,FALSE
нагрузка формула,10,1,1,1,"related_search, also_asks, Thumbnail, Sitelinks, snip_image_thumbnail",https://220volt.com.ua/news/raschet-nagruzki-elektrostantsii/,FALSE,FALSE,FALSE,FALSE,FALSE,FALSE
plht c63 3,10,1,1,1,"Thumbnail, Sitelinks",https://220volt.com.ua/avtomaticheskij-viklyuchatel-eaton-moeller-plht-c63-3-248038/,FALSE,FALSE,FALSE,FALSE,FALSE,FALSE
рубильник вводной,10,11,1,1,"also_asks, related_search, Thumbnail, Sitelinks",https://220volt.com.ua/elektrika-i-svet/nizkovoltnoe-oborudovanie/rubilniki/tip_rubilnika_perekidnoj/,FALSE,FALSE,FALSE,FALSE,FALSE,FALSE
e wall,10,1,1,1,"Thumbnail, Sitelinks",https://220volt.com.ua/akkumulyatornaya-batareya-bms-eco-battery-e-wall-5-kvt-ew485/,FALSE,FALSE,FALSE,FALSE,FALSE,FALSE
generator 800 watt,10,1,1,1,"related_search, Thumbnail, Sitelinks",https://220volt.com.ua/ua/generatory/maksimalnaya_moschnost_block_0_8/,FALSE,FALSE,FALSE,FALSE,FALSE,FALSE
стабилизатор на 220 вольт,10,4,1,1,"also_asks, related_search, Sitelinks",https://220volt.com.ua/stabilizator/phases_stab_odnofaznie/,FALSE,FALSE,FALSE,FALSE,FALSE,FALSE
стоимость аккумуляторной батареи,10,18,1,1,"Thumbnail, related_search, also_asks, Sitelinks",https://220volt.com.ua/akkumulatornie-batarei.htm,FALSE,FALSE,FALSE,FALSE,FALSE,FALSE
портативные электростанции купить в украине,10,22,1,1,"Thumbnail, Sitelinks",https://220volt.com.ua/portativnye-zaryadnye-stantsii/portativnye-elektrostantsii.htm,FALSE,TRUE,FALSE,FALSE,FALSE,TRUE
электрощитовая продукция,10,1,1,1,"also_asks, Thumbnail, Sitelinks",https://220volt.com.ua/elektrika-i-svet/shitovoe/shchitovoe-oborudovanie.htm,FALSE,FALSE,FALSE,FALSE,FALSE,FALSE
gp 12 7 ventura,10,2,1,1,"shopping_rhs, related_search, Sitelinks",https://220volt.com.ua/akkumulyatornaya-batareya-ventura-gp-12-7/,FALSE,FALSE,FALSE,FALSE,FALSE,FALSE
challenger homepro 1000 h 12,10,1,1,1,"Thumbnail, Sitelinks, snip_image_thumbnail",https://220volt.com.ua/ibp-challenger-homepro-1000-h-12/,FALSE,FALSE,FALSE,FALSE,FALSE,FALSE
prime 12000,10,0,1,1,"AI Overview, Thumbnail, Sitelinks",https://220volt.com.ua/ua/stabilizator-napryazheniya-ukrtehnologiya-prime-12000/,FALSE,FALSE,FALSE,FALSE,FALSE,FALSE
ибп онлайн купить,10,12,1,1,"related_search, Sitelinks",https://220volt.com.ua/istochniki-besperebojnogo-pitaniya/typearhetekturi_neprerivnogo-dejstviya/,FALSE,TRUE,FALSE,FALSE,FALSE,TRUE
ippon comfo pro 800,10,1,1,1,"Thumbnail, also_asks, Sitelinks",https://220volt.com.ua/ibp-ippon-back-comfo-pro-800-black/,FALSE,FALSE,FALSE,FALSE,FALSE,FALSE
q power 7200,10,1,1,1,"Thumbnail, related_search, Sitelinks",https://220volt.com.ua/invertor-q-power-axpert-max-7200-48-230/,FALSE,FALSE,FALSE,FALSE,FALSE,FALSE
jr 20,10,1,1,1,"Thumbnail, Sitelinks, snip_image_thumbnail",https://220volt.com.ua/ibp-cover-jr-20/,FALSE,FALSE,FALSE,FALSE,FALSE,FALSE
primo 6,10,0,1,1,"Thumbnail, Sitelinks",https://220volt.com.ua/ua/invertor-fronius-primo-6-0-1/,FALSE,FALSE,FALSE,FALSE,FALSE,FALSE
sdh 3000 er,10,0,1,1,"Thumbnail, Sitelinks",https://220volt.com.ua/ua/ibp-riello-sdh-3000-er-bez-batarej/,FALSE,FALSE,FALSE,FALSE,FALSE,FALSE
220 volt сайт,10,21,1,1,"related_search, Thumbnail, Sitelinks",https://220volt.com.ua/ua/,FALSE,FALSE,TRUE,FALSE,FALSE,FALSE
ippon innova rt 2000,10,1,1,1,"Thumbnail, related_search, Sitelinks",https://220volt.com.ua/ua/ibp-ippon-innova-rt-2000/,FALSE,FALSE,FALSE,FALSE,FALSE,FALSE
2220 вольт,10,1,1,1,"also_asks, Thumbnail, related_search, Sitelinks, snip_image_thumbnail",https://220volt.com.ua/,FALSE,FALSE,FALSE,FALSE,FALSE,FALSE
циркуляционный насос малой мощности,10,4,1,1,"also_asks, related_search, Thumbnail, Sitelinks",https://220volt.com.ua/nasos/nasosi-dlya-vodosnabzheniya/tsirkulyatsionnie.htm,FALSE,FALSE,FALSE,FALSE,FALSE,FALSE
солнечная панель в окно,10,3,1,1,"also_asks, related_search, Sitelinks",https://220volt.com.ua/solnechnaya-energetika/solnechnye-paneli-batarei/naznachenie_dlya_fotomoduli__okna/,FALSE,FALSE,FALSE,FALSE,FALSE,FALSE
авдт 25,10,1,1,1,"shopping_rhs, Sitelinks",https://220volt.com.ua/ua/differentsial-nij-avtomat-iek-avdt-32-s25-25-0-03a-6ka/,FALSE,FALSE,FALSE,FALSE,FALSE,FALSE
генератор купити киів,10,33,1,1,"related_search, Sitelinks",https://220volt.com.ua/ua/generatory.htm,FALSE,TRUE,FALSE,FALSE,FALSE,TRUE
таймер включения и выключения электроприборов купить,10,25,1,1,"Thumbnail, also_asks, related_search, Sitelinks",https://220volt.com.ua/elektrika-i-svet/nizkovoltnoe-oborudovanie/rele-tajmeri-fotokontrolleri/tajmeri.htm,FALSE,TRUE,FALSE,FALSE,FALSE,TRUE
типы акб для авто,10,7,1,1,"related_search, also_asks, a_box_fsnippet, Sitelinks, snip_featured",https://220volt.com.ua/news/raznovidnosti-akkumulyatornih-batarej-soglasno-tipu-rabochih-elementov-i-naznacheniyu/,FALSE,FALSE,FALSE,FALSE,FALSE,FALSE
магазин 22 вольт,10,9,1,1,"Thumbnail, Local pack, related_search, Sitelinks, snip_image_thumbnail",https://220volt.com.ua/,FALSE,TRUE,FALSE,FALSE,FALSE,FALSE
fg wilson p 150-1,10,0,1,1,"Thumbnail, Sitelinks, snip_image_thumbnail",https://220volt.com.ua/generator-dizel-nij-fg-wilson-p150-1/,FALSE,FALSE,FALSE,FALSE,FALSE,FALSE
контроль напряжения в сети 220в,10,7,1,1,"related_search, also_asks, Video preview, Sitelinks",https://220volt.com.ua/elektrika-i-svet/nizkovoltnoe-oborudovanie/rele-tajmeri-fotokontrolleri/rele/rele_kontrolya_napryajeniya.htm,FALSE,FALSE,FALSE,FALSE,FALSE,FALSE
купить сэс в украине,10,8,1,1,"related_search, Sitelinks",https://220volt.com.ua/solnechnaya-energetika/solnechnye-elektrostantsii.htm,FALSE,TRUE,FALSE,FALSE,FALSE,TRUE
магазин 220 киев,10,19,1,1,"Local pack, related_search, Sitelinks, snip_image_thumbnail",https://220volt.com.ua/ua/,FALSE,TRUE,FALSE,FALSE,FALSE,FALSE
n power mega vision 2000 lt,10,0,1,1,"Thumbnail, Sitelinks",https://220volt.com.ua/ibp-n-power-mega-vision-2000lt/,FALSE,FALSE,FALSE,FALSE,FALSE,FALSE
генератор газовый greenpower,10,1,1,1,"Thumbnail, Sitelinks",https://220volt.com.ua/generator-gazovij-greenpower-cc5000-lpg-ng-t2/,FALSE,FALSE,FALSE,FALSE,FALSE,FALSE
теплый пол что нужно знать,10,2,1,1,"related_search, AI Overview, kn_graph_card, also_asks, Sitelinks, snip_url_in_aio, snip_fqdn_in_aio",https://220volt.com.ua/news/kak-rabotaet-teplyj-pol-vse-chto-nuzhno-znat-o-sovremennoj-sisteme-otopleniya/,FALSE,FALSE,FALSE,FALSE,FALSE,FALSE
220 вольт запчасти,10,2,1,1,"related_search, Thumbnail, Sitelinks",https://220volt.com.ua/nasos/komplektuyushchie-dlya-vodosnabzheniya-i-vodootvedeniya.htm,FALSE,FALSE,FALSE,FALSE,FALSE,FALSE
автоматический выключатель ez9f34116,10,1,1,1,"also_asks, Thumbnail, Sitelinks",https://220volt.com.ua/avtomaticheskij-viklyuchatel-schneider-electric-easy9-1p-16a-har-ka-c-4-5ka-ez9f34116/,FALSE,FALSE,FALSE,FALSE,FALSE,FALSE
вибрационный насос бип,10,1,1,1,"Thumbnail, also_asks, Sitelinks",https://220volt.com.ua/nasos-vibratsionnij-bip-bv-0-2-40-u5-shtutser-plastik/,FALSE,FALSE,FALSE,FALSE,FALSE,FALSE
hr 1221w f2,10,2,1,1,Sitelinks,https://220volt.com.ua/ua/akkumulyatornaya-batareya-csb-hr1221wf2/,FALSE,FALSE,FALSE,FALSE,FALSE,FALSE
устройство аккумулятора автомобиля,10,3,1,1,"related_search, also_asks, Thumbnail, Sitelinks",https://220volt.com.ua/news/ustrojstvo-avtomobilnogo-akkumulyatora/,FALSE,FALSE,FALSE,FALSE,FALSE,FALSE
generac ohvi,10,1,1,1,"related_search, Sitelinks",https://220volt.com.ua/generator-gazovij-generac-6271-13kw/,FALSE,FALSE,FALSE,FALSE,FALSE,FALSE
200 pts,10,1,1,1,"Thumbnail, Sitelinks, snip_image_thumbnail",https://220volt.com.ua/ua/stabilizator-napryazheniya-volter-snptt-200-pts/,FALSE,FALSE,FALSE,FALSE,FALSE,FALSE
солнечная электростанция 220 вольт,10,10,1,1,"also_asks, related_search, Thumbnail, Sitelinks",https://220volt.com.ua/solnechnaya-energetika/solnechnye-elektrostantsii.htm,FALSE,FALSE,FALSE,FALSE,FALSE,FALSE
18676,10,0,1,1,"Thumbnail, Sitelinks, snip_image_thumbnail",https://220volt.com.ua/akkumulyatornaya-batareya-vipow-lifepo4-12-8v-12ah-s-elementami-li-ion-18676/,FALSE,FALSE,FALSE,FALSE,FALSE,FALSE
lc3500io,10,0,1,1,"shopping_rhs, Thumbnail, Sitelinks, snip_image_thumbnail",https://220volt.com.ua/generator_benzinovyi_loncin_lc_3500_io/,FALSE,FALSE,FALSE,FALSE,FALSE,FALSE
стабилизатор сети 220в,10,4,1,1,"also_asks, Thumbnail, Video preview, related_search, Sitelinks",https://220volt.com.ua/stabilizator/phases_stab_odnofaznie/,FALSE,FALSE,FALSE,FALSE,FALSE,FALSE
gp1272f2 купить,10,2,1,1,"related_search, Thumbnail, Sitelinks, snip_image_thumbnail",https://220volt.com.ua/akkumulyatornaya-batareya-csb-gp1272f2/,FALSE,TRUE,FALSE,FALSE,FALSE,TRUE
аккумуляторы тяговые цена,10,20,1,1,"related_search, also_asks, Thumbnail, Sitelinks",https://220volt.com.ua/akkumulatornie-batarei/tip_elementa_tyagovie/,FALSE,TRUE,FALSE,FALSE,FALSE,TRUE
блок автоматического запуска генератора купить,10,9,1,1,"also_asks, Local pack, related_search, Thumbnail, Sitelinks",https://220volt.com.ua/avtomaticheskij-zapusk-generatora.htm,FALSE,TRUE,FALSE,FALSE,FALSE,TRUE
купить стабилизатор напряжения на 220 вольт,10,8,1,1,"Thumbnail, related_search, also_asks, Sitelinks",https://220volt.com.ua/stabilizator/phases_stab_odnofaznie/,FALSE,TRUE,FALSE,FALSE,FALSE,TRUE
что такое емкость акб,10,10,1,1,"Thumbnail, AI Overview, related_search, also_asks, Sitelinks",https://220volt.com.ua/news/chto-takoe-emkost-akkumulyatora-metodika-ee-rascheta/,FALSE,FALSE,FALSE,TRUE,FALSE,FALSE
ht1000l huter,10,1,1,1,"related_search, Sitelinks",https://220volt.com.ua/ua/generator-benzinovij-huter-ht-1000-l/,FALSE,FALSE,FALSE,FALSE,FALSE,FALSE
sinus 300,10,0,1,1,"AI Overview, related_search, Thumbnail, Sitelinks, snip_image_thumbnail",https://220volt.com.ua/ibp-lvt-sinus-300/,FALSE,FALSE,FALSE,FALSE,FALSE,FALSE
giv 12 26,10,1,1,1,"Thumbnail, Sitelinks, snip_image_thumbnail",https://220volt.com.ua/akkumulyatornaya-batareya-ventura-vg-12-26-gel/,FALSE,FALSE,FALSE,FALSE,FALSE,FALSE
ip разъем,10,1,1,1,"also_asks, Thumbnail, AI Overview, related_search, Sitelinks, snip_image_thumbnail",https://220volt.com.ua/elektrika-i-svet/nizkovoltnoe-oborudovanie/razemi/zaschita_razema_ip-54/,FALSE,FALSE,FALSE,FALSE,FALSE,FALSE
cummins c500 d5e,10,1,1,1,"Thumbnail, Sitelinks",https://220volt.com.ua/generator-dizel-nij-cummins-c500-d5e/,FALSE,FALSE,FALSE,FALSE,FALSE,FALSE
генераторы в киеве купить,10,47,1,1,"Thumbnail, also_asks, Local pack, related_search, Sitelinks",https://220volt.com.ua/generatory.htm,FALSE,TRUE,FALSE,FALSE,FALSE,TRUE
startmaster,10,1,1,1,"Thumbnail, Sitelinks, snip_image_thumbnail",https://220volt.com.ua/information/proizvoditeli/startmaster/,FALSE,FALSE,FALSE,FALSE,FALSE,FALSE
qt27,10,0,1,1,"Thumbnail, AI Overview, Sitelinks, snip_image_thumbnail",https://220volt.com.ua/ua/generator-gazovij-generac-qt-27/,FALSE,FALSE,FALSE,FALSE,FALSE,FALSE
стабілізатор напруги 1000,10,1,1,1,"also_asks, Thumbnail, related_search, Sitelinks",https://220volt.com.ua/ua/stabilizator/moshnost_stab_block_1/,FALSE,FALSE,FALSE,FALSE,FALSE,FALSE
устройство автомобильного аккумулятора,10,3,1,1,"Thumbnail, also_asks, related_search, Video preview, Sitelinks",https://220volt.com.ua/news/ustrojstvo-avtomobilnogo-akkumulyatora/,FALSE,FALSE,FALSE,FALSE,FALSE,FALSE
стабилизатор 6 квт цена,10,3,1,1,"Thumbnail, a_box_fsnippet, also_asks, Sitelinks, snip_featured",https://220volt.com.ua/stabilizator/moshnost_stab_block_6/,FALSE,TRUE,FALSE,FALSE,FALSE,TRUE
купить генератор киев цена,10,25,1,1,"related_search, Sitelinks",https://220volt.com.ua/ua/generatory.htm,FALSE,TRUE,FALSE,FALSE,FALSE,TRUE
инверторное зарядное устройство что это,10,1,1,1,"also_asks, a_box_fsnippet, Thumbnail, Sitelinks, snip_featured",https://220volt.com.ua/news/vibiraem-zaryadnie-ustrojstva/,FALSE,FALSE,FALSE,FALSE,FALSE,FALSE
стабилизатор напряжения 220в цена,10,2,1,1,"Thumbnail, related_search, Sitelinks",https://220volt.com.ua/stabilizator/phases_stab_odnofaznie/,FALSE,TRUE,FALSE,FALSE,FALSE,TRUE
mkp12 v 12 40 10,10,0,1,1,"Thumbnail, Sitelinks, snip_image_thumbnail",https://220volt.com.ua/korpus-plastikovij-iek-shchrv-p-12/,FALSE,FALSE,FALSE,FALSE,FALSE,FALSE
10000 s,10,1,1,1,"Thumbnail, Sitelinks, snip_image_thumbnail",https://220volt.com.ua/ibp-challenger-homepro-10000-s/,FALSE,FALSE,FALSE,FALSE,FALSE,FALSE
программатор включения электроприборов,10,5,1,1,"Thumbnail, related_search, also_asks, Sitelinks",https://220volt.com.ua/elektrika-i-svet/nizkovoltnoe-oborudovanie/rele-tajmeri-fotokontrolleri/tajmeri.htm,FALSE,FALSE,FALSE,FALSE,FALSE,FALSE
электрогенератор киев купить,10,37,1,1,"Local pack, also_asks, Thumbnail, related_search, Sitelinks",https://220volt.com.ua/generatory.htm,FALSE,TRUE,FALSE,FALSE,FALSE,TRUE
rt1255 battery,10,1,1,1,"shopping_rhs, Thumbnail, Sitelinks",https://220volt.com.ua/ua/akkumulyatornaya-batareya-ritar-rt1255-12v-5-5ah-8215/,FALSE,FALSE,FALSE,FALSE,FALSE,FALSE
источник бесперебойного питания длительного действия,10,1,1,1,"also_asks, Thumbnail, related_search, Sitelinks",https://220volt.com.ua/istochniki-besperebojnogo-pitaniya/typearhetekturi_neprerivnogo-dejstviya/,FALSE,FALSE,FALSE,FALSE,FALSE,FALSE
gewilson ge3500lbi,10,0,1,1,"Thumbnail, Sitelinks, snip_image_thumbnail",https://220volt.com.ua/benzinovij-invertornij-generator-gewilson-ge3500lbi/,FALSE,FALSE,FALSE,FALSE,FALSE,FALSE
zb12 1,10,0,1,1,"Thumbnail, Sitelinks",https://220volt.com.ua/rele-elektroteplovoe-eaton-moeller-zb12-1-278435/,FALSE,FALSE,FALSE,FALSE,FALSE,FALSE
опн на дин рейку,10,1,1,1,"also_asks, Thumbnail, Sitelinks",https://220volt.com.ua/elektrika-i-svet/nizkovoltnoe-oborudovanie/ogranichiteli-perenapryazheniya/sposob_ustanovki_na-din-rejku/,FALSE,FALSE,FALSE,FALSE,FALSE,FALSE
в чем измеряется емкость батареи,10,21,1,1,"Thumbnail, AI Overview, related_search, also_asks, Video preview, Sitelinks, snip_fqdn_in_aio",https://220volt.com.ua/news/chto-takoe-emkost-akkumulyatora-metodika-ee-rascheta/,FALSE,FALSE,FALSE,FALSE,FALSE,FALSE
3024c,10,1,1,1,"Thumbnail, Sitelinks",https://220volt.com.ua/ibp-pulsar-ir-3024c-3000w-24v-45a/,FALSE,FALSE,FALSE,FALSE,FALSE,FALSE
сравнение светового потока ламп,10,6,1,1,"related_search, Thumbnail, Sitelinks",https://220volt.com.ua/news/sravnenie-lamp/,FALSE,FALSE,FALSE,FALSE,TRUE,FALSE
ippon innova rt 6000,10,1,1,1,"Thumbnail, related_search, Video preview, Sitelinks",https://220volt.com.ua/ibp-ippon-innova-rt-6000/,FALSE,FALSE,FALSE,FALSE,FALSE,FALSE
challenger battery,10,1,1,1,"also_asks, Thumbnail, Sitelinks",https://220volt.com.ua/akkumulatornie-batarei/challenger/,FALSE,FALSE,FALSE,FALSE,FALSE,FALSE
реле контроля напряжения рн s 40а,10,1,1,1,"also_asks, Thumbnail, Sitelinks",https://220volt.com.ua/rele-kontrolya-napryazheniya-asko-rn-s-40a-super/,FALSE,FALSE,FALSE,FALSE,FALSE,FALSE
схема подключения стабилизатора,10,6,1,1,"also_asks, related_search, Thumbnail, Sitelinks, snip_image_thumbnail",https://220volt.com.ua/news/osnovnie-nyuansi-ustanovki-i-shemi-podklyucheniya-stabilizatora-napryazheniya/,FALSE,FALSE,FALSE,FALSE,FALSE,FALSE
d5a,10,1,1,1,"Thumbnail, Sitelinks, snip_image_thumbnail",https://220volt.com.ua/generator-dizel-nij-cummins-c825-d5a/,FALSE,FALSE,FALSE,FALSE,FALSE,FALSE
ибп онлайн купить в украине,10,22,1,1,"Thumbnail, related_search, Sitelinks",https://220volt.com.ua/istochniki-besperebojnogo-pitaniya/typearhetekturi_neprerivnogo-dejstviya/,FALSE,TRUE,FALSE,FALSE,FALSE,TRUE
ибп форте,10,5,1,1,"Thumbnail, related_search, also_asks, Sitelinks",https://220volt.com.ua/istochniki-besperebojnogo-pitaniya/fort/,FALSE,FALSE,FALSE,FALSE,FALSE,FALSE
puskatel,10,16,1,1,"related_search, Thumbnail, Sitelinks, snip_image_thumbnail",https://220volt.com.ua/elektrika-i-svet/nizkovoltnoe-oborudovanie/puskateli-kontaktori/puskateli.htm,FALSE,FALSE,FALSE,FALSE,FALSE,FALSE
мотопомпа daishin swt 50hx,10,0,1,1,"Thumbnail, Sitelinks",https://220volt.com.ua/motopompa-daishin-swt-50hx/,FALSE,FALSE,FALSE,FALSE,FALSE,FALSE
снпто,10,1,1,1,"kn_graph_local, Sitelinks",https://220volt.com.ua/ua/stabilizator-napryazheniya-volter-snpto-9-u/,FALSE,FALSE,FALSE,FALSE,FALSE,FALSE
батарея csb gp1272f2,10,2,1,1,"related_search, Thumbnail, shopping_top, Sitelinks",https://220volt.com.ua/akkumulyatornaya-batareya-csb-gp1272f2/,FALSE,FALSE,FALSE,FALSE,FALSE,FALSE
внешние батареи для ибп,10,10,1,1,"Thumbnail, related_search, also_asks, Sitelinks",https://220volt.com.ua/istochniki-besperebojnogo-pitaniya/akkumulyatornaya_batareya_vneshnyaya/,FALSE,FALSE,FALSE,FALSE,FALSE,FALSE
узо 20а 30ма,10,1,1,1,"Thumbnail, also_asks, Sitelinks",https://220volt.com.ua/elektrika-i-svet/nizkovoltnoe-oborudovanie/ustrojstva-zashchitnogo-otklyucheniya-uzo-difavtomati/tok_v_uzo_20-a/,FALSE,FALSE,FALSE,FALSE,FALSE,FALSE
sunny tripower 8000,10,0,1,1,"Thumbnail, Sitelinks, snip_image_thumbnail",https://220volt.com.ua/invertor-sma-sunny-tripower-8000tl/,FALSE,FALSE,FALSE,FALSE,FALSE,FALSE
ritar pt 2ks lcd,10,0,1,1,"Thumbnail, shopping_rhs, Sitelinks",https://220volt.com.ua/ibp-ritar-pt-2ks-lcd-2000va-4220/,FALSE,FALSE,FALSE,FALSE,FALSE,FALSE
насос вихревой поверхностный,10,8,1,1,"Thumbnail, related_search, Sitelinks, snip_image_thumbnail",https://220volt.com.ua/nasos/nasosi-dlya-vodosnabzheniya/tsentrobezhnie/tipvsas_vihrevoj/,FALSE,FALSE,FALSE,FALSE,FALSE,FALSE
ok google 220 вольт,10,21,1,1,"related_search, Thumbnail, Sitelinks",https://220volt.com.ua/,FALSE,FALSE,FALSE,FALSE,FALSE,FALSE
магнитный пускатель на 220 вольт,10,8,1,1,"related_search, also_asks, Thumbnail, Sitelinks",https://220volt.com.ua/elektrika-i-svet/nizkovoltnoe-oborudovanie/puskateli-kontaktori/puskateli.htm,FALSE,FALSE,FALSE,FALSE,FALSE,FALSE
schneider пускатель,10,4,1,1,"Thumbnail, related_search, Sitelinks, snip_image_thumbnail",https://220volt.com.ua/elektrika-i-svet/nizkovoltnoe-oborudovanie/puskateli-kontaktori/puskateli/schneider/,FALSE,FALSE,FALSE,FALSE,FALSE,FALSE
fronius 5,10,1,1,1,"Thumbnail, related_search, Sitelinks",https://220volt.com.ua/invertor-fronius-primo-5-0-1/,FALSE,FALSE,FALSE,FALSE,FALSE,FALSE
fg wilson p150e,10,1,1,1,"Thumbnail, Sitelinks, snip_image_thumbnail",https://220volt.com.ua/ua/generator-dizel-nij-fg-wilson-p150-1/,FALSE,FALSE,FALSE,FALSE,FALSE,FALSE
строение автомобильного аккумулятора,10,3,1,1,"Thumbnail, related_search, also_asks, Sitelinks, snip_image_thumbnail",https://220volt.com.ua/news/ustrojstvo-avtomobilnogo-akkumulyatora/,FALSE,FALSE,FALSE,FALSE,FALSE,FALSE
що таке димер в люстрі,10,0,1,1,"also_asks, AI Overview, related_search, Sitelinks, snip_image_thumbnail",https://220volt.com.ua/ua/news/chto-takoe-dimmer-i-zachem-on-nuzhen-dlya-regulirovki-osvescheniya/,FALSE,FALSE,FALSE,TRUE,FALSE,FALSE
стабилизатор напряжения 220в цены,10,7,1,1,"Thumbnail, related_search, also_asks, Sitelinks",https://220volt.com.ua/stabilizator/phases_stab_odnofaznie/,FALSE,FALSE,FALSE,FALSE,FALSE,FALSE
как выбрать ибп для твердотопливного котла,10,1,1,1,"related_search, Thumbnail, also_asks, a_box_fsnippet, Sitelinks, snip_featured",https://220volt.com.ua/news/ibp-dlya-kotla-moschnost-avtonomnost-tip-batarej-kakie-parametry-vazhny/,FALSE,FALSE,FALSE,TRUE,FALSE,FALSE
производительность дренажного насоса,10,1,1,1,"Thumbnail, Video preview, also_asks, Sitelinks",https://220volt.com.ua/news/pravila-podbora-drenazhnih-nasosov/,FALSE,FALSE,FALSE,FALSE,FALSE,FALSE
реле времени с задержкой выключения 220в купить,10,12,1,1,"Thumbnail, related_search, Sitelinks",https://220volt.com.ua/elektrika-i-svet/nizkovoltnoe-oborudovanie/rele-tajmeri-fotokontrolleri/rele/rele_vremeni.htm,FALSE,TRUE,FALSE,FALSE,FALSE,TRUE
реле давления схема подключения,10,15,1,1,"Thumbnail, related_search, Sitelinks",https://220volt.com.ua/storage/catalog_products/156470/instruction/738.pdf,FALSE,FALSE,FALSE,FALSE,FALSE,FALSE
pylontech us3000c 48v,10,3,1,1,"Thumbnail, related_search, Sitelinks",https://220volt.com.ua/akkumulyatornaya-batareya-pylontech-us3000c-3-5-kvt-ch-48v-2/,FALSE,FALSE,FALSE,FALSE,FALSE,FALSE
как хранить генератор на улице,10,1,1,1,"related_search, also_asks, Thumbnail, Sitelinks",https://220volt.com.ua/news/kak-pravilno-hranit-generator-chtoby-prodlit-ego-srok-sluzhby/,FALSE,FALSE,FALSE,TRUE,FALSE,FALSE
m025c,10,1,1,1,"Thumbnail, Sitelinks, snip_image_thumbnail",https://220volt.com.ua/puskatel-otkritij-eaton-moeller-dilm25-10-230v50hz-240v60hz/,FALSE,FALSE,FALSE,FALSE,FALSE,FALSE
rt1270 ritar,10,2,1,1,"Thumbnail, shopping_rhs, Sitelinks",https://220volt.com.ua/akkumulyatornaya-batareya-ritar-rt1270-12v-7-0ah/,FALSE,FALSE,FALSE,FALSE,FALSE,FALSE
ventura gpl 12 33,10,0,1,1,"Thumbnail, Sitelinks, snip_image_thumbnail",https://220volt.com.ua/akkumulyatornaya-batareya-ventura-gpl-12-33/,FALSE,FALSE,FALSE,FALSE,FALSE,FALSE
powercom war 400a schuko,10,0,1,1,"Thumbnail, Sitelinks",https://220volt.com.ua/ua/ibp-powercom-war-400a-schuko/,FALSE,FALSE,FALSE,FALSE,FALSE,FALSE
vrt 3000,10,0,1,1,"Thumbnail, Sitelinks",https://220volt.com.ua/ua/ibp-powercom-vrt-3000/,FALSE,FALSE,FALSE,FALSE,FALSE,FALSE
светодиодные лампы сравнение,10,8,1,1,"also_asks, related_search, Thumbnail, Sitelinks",https://220volt.com.ua/news/sravnenie-lamp/,FALSE,FALSE,FALSE,FALSE,TRUE,FALSE
sdmo vx 200,10,0,1,1,"Thumbnail, Sitelinks, snip_image_thumbnail",https://220volt.com.ua/generator-benzinovij-sdmo-vx-200-4-h-s/,FALSE,FALSE,FALSE,FALSE,FALSE,FALSE
ибп ippon smart winner 2000,10,1,1,1,"Thumbnail, Sitelinks",https://220volt.com.ua/ibp-ippon-smart-winner-2000/,FALSE,FALSE,FALSE,FALSE,FALSE,FALSE
купить магнитный пускатель 220в,10,1,1,1,"Thumbnail, also_asks, related_search, Sitelinks",https://220volt.com.ua/elektrika-i-svet/nizkovoltnoe-oborudovanie/puskateli-kontaktori/puskateli.htm,FALSE,TRUE,FALSE,FALSE,FALSE,TRUE
9 ш,10,0,1,1,"Thumbnail, Sitelinks, snip_image_thumbnail",https://220volt.com.ua/stabilizator-napryazheniya-volter-snpto-9-sh/,FALSE,FALSE,FALSE,FALSE,FALSE,FALSE
victron ups,10,0,1,1,"kn_graph_local, Thumbnail, related_search, Sitelinks",https://220volt.com.ua/ua/istochniki-besperebojnogo-pitaniya/victron-energy/,FALSE,FALSE,FALSE,FALSE,FALSE,FALSE
battery cs3 gp 1272 f2,10,3,1,1,"related_search, Thumbnail, Sitelinks",https://220volt.com.ua/ua/akkumulyatornaya-batareya-csb-gp1272f2/,FALSE,FALSE,FALSE,FALSE,FALSE,FALSE
sw 280,10,1,1,1,"Thumbnail, Sitelinks",https://220volt.com.ua/akkumulyatornaya-batareya-yuasa-sw-280/,FALSE,FALSE,FALSE,FALSE,FALSE,FALSE
насосы нидл,10,2,1,1,"Thumbnail, Sitelinks",https://220volt.com.ua/nasos/nasosi-dlya-vodosnabzheniya/skvazhinnie-nasosi/needle/,FALSE,FALSE,FALSE,FALSE,FALSE,FALSE
купить газовый генератор в киеве,10,25,1,1,"Local pack, also_asks, Thumbnail, related_search, Sitelinks",https://220volt.com.ua/generatory/tip_generatora_gazovie_generatori/,FALSE,TRUE,FALSE,FALSE,FALSE,TRUE
rc hg,10,1,1,1,"Thumbnail, Sitelinks, snip_image_thumbnail",https://220volt.com.ua/generator-dizel-nij-hertz-hg-140-rc/,FALSE,FALSE,FALSE,FALSE,FALSE,FALSE
sev 80x,10,1,1,1,"Thumbnail, Sitelinks",https://220volt.com.ua/ua/motopompa-koshin-sev-80x/,FALSE,FALSE,FALSE,FALSE,FALSE,FALSE
схема подключения датчика давления воды,10,6,1,1,"Thumbnail, related_search, Sitelinks, snip_image_thumbnail",https://220volt.com.ua/storage/catalog_products/156314/instruction/738.pdf,FALSE,FALSE,FALSE,FALSE,FALSE,FALSE
eaton pl6 c16 3,10,1,1,1,"Thumbnail, Sitelinks, snip_image_thumbnail",https://220volt.com.ua/avtomaticheskij-viklyuchatel-eaton-moeller-pl6-c16-3/,FALSE,FALSE,FALSE,FALSE,FALSE,FALSE
220 вольт интернет,10,17,1,1,"also_asks, related_search, Sitelinks, snip_sitelinks",https://220volt.com.ua/,FALSE,FALSE,FALSE,FALSE,FALSE,FALSE
реле регулировки давления воды,10,18,1,1,"also_asks, Thumbnail, related_search, Sitelinks",https://220volt.com.ua/nasos/komplektuyushchie-dlya-vodosnabzheniya-i-vodootvedeniya/tip_kompl_nasos_rele-davleniya/,FALSE,FALSE,FALSE,FALSE,FALSE,FALSE
general electric vh 1500,10,0,1,1,"Thumbnail, Sitelinks",https://220volt.com.ua/ua/ibp-general-electric-vh-1500/,FALSE,FALSE,FALSE,FALSE,FALSE,FALSE
ptm 650a,10,0,1,1,"Thumbnail, Sitelinks",https://220volt.com.ua/ua/ibp-powercom-ptm-650a-schuko/,FALSE,FALSE,FALSE,FALSE,FALSE,FALSE
ибп цена киев,10,43,1,1,"Thumbnail, also_asks, related_search, Sitelinks",https://220volt.com.ua/istochniki-besperebojnogo-pitaniya.htm,FALSE,TRUE,FALSE,FALSE,FALSE,TRUE
купить стабилизатор 220 вольт,10,5,1,1,"related_search, Thumbnail, Sitelinks",https://220volt.com.ua/stabilizator/phases_stab_odnofaznie/,FALSE,TRUE,FALSE,FALSE,FALSE,TRUE
ибп smart power pro 2000,10,1,1,1,"Thumbnail, Sitelinks, snip_image_thumbnail",https://220volt.com.ua/ibp-ippon-smart-power-pro-2000/,FALSE,FALSE,FALSE,FALSE,FALSE,FALSE
графеновые аккумуляторы 2015,10,1,1,1,"Thumbnail, related_search, also_asks, Sitelinks",https://220volt.com.ua/akkumulatornie-batarei/tip_elementa_svintsovo-uglerodnie/,FALSE,FALSE,FALSE,FALSE,FALSE,FALSE
магнитный пускатель 220,10,5,1,1,"related_search, Thumbnail, Sitelinks",https://220volt.com.ua/elektrika-i-svet/nizkovoltnoe-oborudovanie/puskateli-kontaktori/puskateli.htm,FALSE,FALSE,FALSE,FALSE,FALSE,FALSE
генератор для интернета,10,6,1,1,"related_search, also_asks, Thumbnail, Sitelinks",https://220volt.com.ua/generatory/optimal_gen_kompyutera/,FALSE,FALSE,FALSE,FALSE,FALSE,FALSE
купить электрогенератор 380 вольт,10,9,1,1,"related_search, also_asks, Local pack, Thumbnail, Sitelinks, snip_image_thumbnail",https://220volt.com.ua/generatory/faznost_generatorov_3/,FALSE,TRUE,FALSE,FALSE,FALSE,TRUE
eco battery,10,1,1,1,"Thumbnail, Sitelinks",https://220volt.com.ua/ua/akkumulyatornaya-batareya-bms-eco-battery-e-wall-5-kvt-ew485/,FALSE,FALSE,FALSE,FALSE,FALSE,FALSE
рубильник света,10,5,1,1,"Thumbnail, related_search, also_asks, Sitelinks, snip_image_thumbnail",https://220volt.com.ua/elektrika-i-svet/nizkovoltnoe-oborudovanie/rubilniki.htm,FALSE,FALSE,FALSE,FALSE,FALSE,FALSE
kama kgl950,10,0,1,1,"Thumbnail, Sitelinks",https://220volt.com.ua/ua/generator-benzinovij-kama-kgl950/,FALSE,FALSE,FALSE,FALSE,FALSE,FALSE
реле давления воды для погружного насоса,10,30,1,1,"Thumbnail, related_search, also_asks, Sitelinks",https://220volt.com.ua/nasos/komplektuyushchie-dlya-vodosnabzheniya-i-vodootvedeniya/tip_kompl_nasos_rele-davleniya/,FALSE,FALSE,FALSE,FALSE,FALSE,FALSE
электрическая схема подключения реле давления воды,10,12,1,1,"Thumbnail, related_search, also_asks, Sitelinks",https://220volt.com.ua/storage/catalog_products/156470/instruction/738.pdf,FALSE,FALSE,FALSE,FALSE,FALSE,FALSE
бензогенератор dy6500l,10,2,1,1,"related_search, Sitelinks, snip_image_thumbnail",https://220volt.com.ua/generator-benzinovij-huter-dy-6500-l/,FALSE,FALSE,FALSE,FALSE,FALSE,FALSE
портативная электростанция киев,10,27,1,1,"related_search, Sitelinks",https://220volt.com.ua/portativnye-zaryadnye-stantsii/portativnye-elektrostantsii.htm,FALSE,TRUE,FALSE,FALSE,FALSE,FALSE
пускатель 42 вольта,10,1,1,1,"also_asks, Thumbnail, Sitelinks",https://220volt.com.ua/elektrika-i-svet/nizkovoltnoe-oborudovanie/puskateli-kontaktori/puskateli/napr_katushki_kont_i_puskateli_42/,FALSE,FALSE,FALSE,FALSE,FALSE,FALSE
lpm psw 800va,10,1,1,1,"related_search, Video preview, Sitelinks",https://220volt.com.ua/ua/ibp-logicpower-lpm-psw-800va/,FALSE,FALSE,FALSE,FALSE,FALSE,FALSE
бензогенератор 800 вт,10,6,1,1,"Thumbnail, related_search, also_asks, Sitelinks",https://220volt.com.ua/generatory/maksimalnaya_moschnost_block_0_8/,FALSE,FALSE,FALSE,FALSE,FALSE,FALSE
тихий генератор электричества,10,9,1,1,"related_search, also_asks, Thumbnail, Sitelinks",https://220volt.com.ua/generatory/ispolnenie_generatora_v-shumopogloshchayushchem-korpuse/,FALSE,FALSE,FALSE,FALSE,FALSE,FALSE
power max 2,10,1,1,1,"Thumbnail, Sitelinks",https://220volt.com.ua/invertor-q-power-max-ii-8000/,FALSE,FALSE,FALSE,FALSE,FALSE,FALSE
новатек электро реле напряжения,10,2,1,1,"shopping_rhs, related_search, Sitelinks, snip_image_thumbnail",https://220volt.com.ua/elektrika-i-svet/nizkovoltnoe-oborudovanie/rele-tajmeri-fotokontrolleri/rele/rele_kontrolya_napryajeniya/novatek/,FALSE,FALSE,FALSE,FALSE,FALSE,FALSE
встраиваемый ибп,10,1,1,1,"related_search, Thumbnail, Sitelinks",https://220volt.com.ua/istochniki-besperebojnogo-pitaniya/akkumulyatornaya_batareya_vstroennaya/,FALSE,FALSE,FALSE,FALSE,FALSE,FALSE
солнечная домашняя электростанция,10,26,1,1,"Video preview, also_asks, related_search, Thumbnail, Sitelinks",https://220volt.com.ua/solnechnaya-energetika/solnechnye-elektrostantsii.htm,FALSE,FALSE,FALSE,FALSE,FALSE,FALSE
logicpower lph 500rv,10,0,1,1,"Thumbnail, Sitelinks",https://220volt.com.ua/stabilizator-napryazheniya-logicpower-lph-500rv/,FALSE,FALSE,FALSE,FALSE,FALSE,FALSE
нужен ли ибп для телевизора,10,1,1,1,"a_box_fsnippet, related_search, also_asks, Sitelinks, snip_featured, snip_image_thumbnail",https://220volt.com.ua/news/ibp-dlya-televizora/,FALSE,FALSE,FALSE,FALSE,FALSE,FALSE
портативный электрогенератор,10,10,1,1,"Thumbnail, also_asks, related_search, Sitelinks",https://220volt.com.ua/generatory/tip_ustanovki_portativnie/,FALSE,FALSE,FALSE,FALSE,FALSE,FALSE
купить газовый генератор green power,10,1,1,1,"related_search, also_asks, Thumbnail, Sitelinks",https://220volt.com.ua/generatory/greenpower/,FALSE,TRUE,FALSE,FALSE,FALSE,TRUE
солнечный воздушный коллектор для отопления,10,7,1,1,"Thumbnail, also_asks, a_box_fsnippet, related_search, Sitelinks, snip_featured, snip_image_thumbnail",https://220volt.com.ua/news/vozdushnie-solnechnie-kollektori-dlya-obogreva-i-ventilyatsii/,FALSE,FALSE,FALSE,FALSE,FALSE,FALSE
q power axpert vm iv 5600,10,1,1,1,"Thumbnail, Sitelinks",https://220volt.com.ua/ua/invertor-q-power-axpert-vm-iv-5600/,FALSE,FALSE,FALSE,FALSE,FALSE,FALSE
генераторы электростанции цена,10,25,1,1,"related_search, also_asks, Thumbnail, Sitelinks",https://220volt.com.ua/generatory.htm,FALSE,TRUE,FALSE,FALSE,FALSE,TRUE
ибп с большим аккумулятором,10,22,1,1,"also_asks, related_search, Thumbnail, Sitelinks",https://220volt.com.ua/istochniki-besperebojnogo-pitaniya/akkumulyatornaya_batareya_vneshnyaya/,FALSE,FALSE,FALSE,FALSE,FALSE,FALSE
ritar rt,10,1,1,1,"related_search, Thumbnail, Sitelinks",https://220volt.com.ua/ua/ibp-ritar-rt-10kl-lcd-1189/,FALSE,FALSE,FALSE,FALSE,FALSE,FALSE
бензиновый генератор forte fg6500e,10,5,1,1,"related_search, Sitelinks, snip_image_thumbnail",https://220volt.com.ua/generator-benzinovij-forte-fg6500e/,FALSE,FALSE,FALSE,FALSE,FALSE,FALSE
fogo 6001 tre,10,1,1,1,"Thumbnail, Sitelinks, snip_image_thumbnail",https://220volt.com.ua/generator-benzinovij-fogo-fh-6001-tre/,FALSE,FALSE,FALSE,FALSE,FALSE,FALSE
купить солнечную батарею 220 вольт,10,8,1,1,"Thumbnail, related_search, also_asks, Sitelinks",https://220volt.com.ua/solnechnaya-energetika/solnechnye-paneli-batarei.htm,FALSE,TRUE,FALSE,FALSE,FALSE,TRUE
220volt com,10,4,1,1,"Thumbnail, related_search, Sitelinks, snip_sitelinks",https://220volt.com.ua/,TRUE,FALSE,TRUE,FALSE,FALSE,FALSE
насос мощность,10,4,1,1,"also_asks, related_search, Thumbnail, Video preview, Sitelinks",https://220volt.com.ua/nasos/nasosi-dlya-vodosnabzheniya/skvazhinnie-nasosi/moshnost_nasosa_skvaginnogo_do-2-kvt/,FALSE,FALSE,FALSE,FALSE,FALSE,FALSE
50c2,10,0,1,1,"Thumbnail, Sitelinks",https://220volt.com.ua/nasos-drenazhno-fekal-nij-tsurumi-50c2-75/,FALSE,FALSE,FALSE,FALSE,FALSE,FALSE
vgd 3000,10,1,1,1,"Thumbnail, Sitelinks",https://220volt.com.ua/ibp-powercom-vgd-3000/,FALSE,FALSE,FALSE,FALSE,FALSE,FALSE
монитор напряжения рнпп 311,10,0,1,1,"related_search, Thumbnail, Sitelinks, snip_image_thumbnail",https://220volt.com.ua/rele-napryazheniya-novatek-rnpp-311/,FALSE,FALSE,FALSE,FALSE,FALSE,FALSE
узо 10а 30ма,10,1,1,1,"Thumbnail, shopping_rhs, related_search, Sitelinks",https://220volt.com.ua/elektrika-i-svet/nizkovoltnoe-oborudovanie/ustrojstva-zashchitnogo-otklyucheniya-uzo-difavtomati/tok_v_uzo_10-a/,FALSE,FALSE,FALSE,FALSE,FALSE,FALSE
fronius 5 kw,10,1,1,1,"related_search, Thumbnail, Sitelinks",https://220volt.com.ua/invertor-fronius-primo-5-0-1/,FALSE,FALSE,FALSE,FALSE,FALSE,FALSE
dd 410,10,1,1,1,"Thumbnail, Sitelinks, snip_image_thumbnail",https://220volt.com.ua/generator-dizel-nij-dalgakiran-dj-410-dd/,FALSE,FALSE,FALSE,FALSE,FALSE,FALSE
mgp40,10,0,1,1,"Thumbnail, Sitelinks, snip_image_thumbnail",https://220volt.com.ua/motopompa-matari-mgp40/,FALSE,FALSE,FALSE,FALSE,FALSE,FALSE
220volt motor,10,0,1,1,"Thumbnail, Video preview, Sitelinks",https://220volt.com.ua/news/kak-vibrat-elektrodvigatel/,TRUE,FALSE,TRUE,FALSE,FALSE,FALSE
npw3612,10,3,1,1,"Thumbnail, Sitelinks, snip_image_thumbnail",https://220volt.com.ua/ua/akkumulyatornaya-batareya-yuasa-npw36-12-06366/,FALSE,FALSE,FALSE,FALSE,FALSE,FALSE
дифреле 40а,10,0,1,1,"related_search, Thumbnail, also_asks, Sitelinks, snip_image_thumbnail",https://220volt.com.ua/elektrika-i-svet/nizkovoltnoe-oborudovanie/ustrojstva-zashchitnogo-otklyucheniya-uzo-difavtomati/tok_v_uzo_40-a/,FALSE,FALSE,FALSE,FALSE,FALSE,FALSE
yuasa np24 12,10,1,1,1,"Sitelinks, snip_image_thumbnail",https://220volt.com.ua/ua/akkumulyatornaya-batareya-yuasa-np-24-12/,FALSE,FALSE,FALSE,FALSE,FALSE,FALSE
kstar ubr15,10,0,1,1,"Thumbnail, Sitelinks, snip_image_thumbnail",https://220volt.com.ua/ibp-kstar-ubr15/,FALSE,FALSE,FALSE,FALSE,FALSE,FALSE
однофазный авр схема,10,4,1,1,"Thumbnail, related_search, Sitelinks, snip_image_thumbnail",https://220volt.com.ua/news/parametri-elektroseti-pod-polnim-kontrolem-shema-avr-na-kontaktorah/,FALSE,FALSE,FALSE,FALSE,FALSE,FALSE
батарейка 220 вольт,10,12,1,1,"also_asks, Thumbnail, Sitelinks",https://220volt.com.ua/akkumulatornie-batarei.htm,FALSE,FALSE,FALSE,FALSE,FALSE,FALSE
купить ибп 500 вт,10,5,1,1,"related_search, also_asks, Thumbnail, Sitelinks, snip_image_thumbnail",https://220volt.com.ua/istochniki-besperebojnogo-pitaniya/fullpower_ibp_do-500/,FALSE,TRUE,FALSE,FALSE,FALSE,TRUE
rt632,10,0,1,1,"Thumbnail, Sitelinks, snip_image_thumbnail",https://220volt.com.ua/ua/akkumulyatornaya-batareya-ritar-rt632-6v-3-2ah/,FALSE,FALSE,FALSE,FALSE,FALSE,FALSE
utool uig 1000,10,0,1,1,"Thumbnail, Sitelinks, snip_image_thumbnail",https://220volt.com.ua/benzinovij-invertornij-generator-utool-uig-1000/,FALSE,FALSE,FALSE,FALSE,FALSE,FALSE
купить таймер выключения,10,25,1,1,"Thumbnail, related_search, also_asks, Sitelinks",https://220volt.com.ua/elektrika-i-svet/nizkovoltnoe-oborudovanie/rele-tajmeri-fotokontrolleri/tajmeri.htm,FALSE,TRUE,FALSE,FALSE,FALSE,TRUE
10000va ups,10,1,1,1,"related_search, also_asks, Thumbnail, Sitelinks",https://220volt.com.ua/istochniki-besperebojnogo-pitaniya/fullpower_ibp_6001-10000/,FALSE,FALSE,FALSE,FALSE,FALSE,FALSE
нсн 9000 norma,10,1,1,1,"Video preview, related_search, AI Overview, Sitelinks",https://220volt.com.ua/ua/stabilizator-napryazheniya-ukrtehnologiya-nsn-9000-norma-n/,FALSE,FALSE,FALSE,FALSE,FALSE,FALSE
эксплуатация центробежного насоса,10,1,1,1,"Video preview, also_asks, AI Overview, Sitelinks",https://220volt.com.ua/news/pravilnaya-ekspluatatsiya-tsentrobezhnogo-nasosa/,FALSE,FALSE,FALSE,FALSE,FALSE,FALSE
firman генераторы производитель,10,1,1,1,"a_box_fsnippet, related_search, Sitelinks, snip_featured",https://220volt.com.ua/generatory/firman/,FALSE,FALSE,FALSE,FALSE,FALSE,FALSE
солнечные батареи на 220 вольт цена,10,7,1,1,"related_search, Thumbnail, also_asks, Sitelinks, snip_image_thumbnail",https://220volt.com.ua/solnechnaya-energetika/solnechnye-paneli-batarei.htm,FALSE,TRUE,FALSE,FALSE,FALSE,TRUE
генераторы трехфазные 380 в,10,11,1,1,"related_search, Thumbnail, Sitelinks",https://220volt.com.ua/generatory/faznost_generatorov_3/,FALSE,FALSE,FALSE,FALSE,FALSE,FALSE
бензиновые генераторы с электростартером,10,9,1,1,"Thumbnail, related_search, also_asks, Sitelinks",https://220volt.com.ua/generatory/start_type_elektrostarter/,FALSE,FALSE,FALSE,FALSE,FALSE,FALSE
напряжение заряда гелевых аккумуляторов,10,14,1,1,"also_asks, related_search, Video preview, AI Overview, Sitelinks",https://220volt.com.ua/news/pravilnaya-zaryadka-gelevogo-akkumulyatora-kak-uvelichit-srok-ego-sluzhby/,FALSE,FALSE,FALSE,FALSE,FALSE,FALSE
gp1290f2premium,10,1,1,1,"Sitelinks, snip_image_thumbnail",https://220volt.com.ua/akkumulyatornaya-batareya-merlion-agm-gp1290f2-premium-12v-9ah-2991/,FALSE,FALSE,FALSE,FALSE,FALSE,FALSE
ortea стабилизатор,10,2,1,1,"Thumbnail, related_search, Sitelinks",https://220volt.com.ua/stabilizator/ortea/,FALSE,FALSE,FALSE,FALSE,FALSE,FALSE
реле задержки времени 220в,10,8,1,1,"related_search, Video preview, Sitelinks",https://220volt.com.ua/elektrika-i-svet/nizkovoltnoe-oborudovanie/rele-tajmeri-fotokontrolleri/rele/rele_vremeni.htm,FALSE,FALSE,FALSE,FALSE,FALSE,FALSE
gd 200,10,1,1,1,"Thumbnail, AI Overview, Video preview, Sitelinks, snip_url_in_aio, snip_fqdn_in_aio",https://220volt.com.ua/ua/preobrazovatel-chastoti-invt-gd200-200g-220p-4/,FALSE,FALSE,FALSE,FALSE,FALSE,FALSE
скважинный насос грундфос цена,10,4,1,1,"related_search, a_box_fsnippet, Thumbnail, also_asks, Sitelinks, snip_featured",https://220volt.com.ua/nasos/nasosi-dlya-vodosnabzheniya/skvazhinnie-nasosi/grundfos/,FALSE,TRUE,FALSE,FALSE,FALSE,TRUE
настенный стабилизатор напряжения 220в для дома,10,3,1,1,"Thumbnail, related_search, also_asks, Sitelinks",https://220volt.com.ua/stabilizator/ispolnenie_stabilizatorov_navesnie/,FALSE,FALSE,FALSE,FALSE,FALSE,FALSE
стабилизатор напряжения 380 вольт 5 квт,10,5,1,1,"Thumbnail, related_search, also_asks, Sitelinks",https://220volt.com.ua/stabilizator/phases_stab_trehfaznie/,FALSE,FALSE,FALSE,FALSE,FALSE,FALSE
устройство и принцип работы электрогенератора,10,9,1,1,"related_search, a_box_fsnippet, also_asks, Sitelinks, snip_featured, snip_image_thumbnail",https://220volt.com.ua/news/kak-voznikaet-elektricheskij-tok-v-generatornih-stantsiyah/,FALSE,FALSE,FALSE,FALSE,FALSE,FALSE
портативные аккумуляторные электростанции,10,11,1,1,"related_search, Thumbnail, Sitelinks",https://220volt.com.ua/portativnye-zaryadnye-stantsii/portativnye-elektrostantsii.htm,FALSE,FALSE,FALSE,FALSE,FALSE,FALSE
psw ep3000wm24,10,0,1,1,"Thumbnail, Sitelinks, snip_image_thumbnail",https://220volt.com.ua/ibp-europower-psw-ep3000wm24-2135/,FALSE,FALSE,FALSE,FALSE,FALSE,FALSE
устройство плавного пуска 220,10,1,1,1,"related_search, also_asks, Thumbnail, Sitelinks",https://220volt.com.ua/preobrazovateli_chastoty_ustr_plavnogo_puska/ustrojstva-plavnogo-puska-i-tormozheniya.htm,FALSE,FALSE,FALSE,FALSE,FALSE,FALSE
n power mega vision,10,1,1,1,"Thumbnail, Sitelinks",https://220volt.com.ua/ua/ibp-n-power-mega-vision-1000lt/,FALSE,FALSE,FALSE,FALSE,FALSE,FALSE
6000 r,10,1,1,1,"Thumbnail, Sitelinks",https://220volt.com.ua/generator-benzinovij-fogo-fh-6000-r/,FALSE,FALSE,FALSE,FALSE,FALSE,FALSE
stark psg 6500el profi,10,1,1,1,"Thumbnail, Sitelinks",https://220volt.com.ua/ua/generator-benzinovij-stark-psg-6500el-profi/,FALSE,FALSE,FALSE,FALSE,FALSE,FALSE
generator power bs 2500,10,1,1,1,"a_box_fsnippet, Thumbnail, Sitelinks, snip_featured",https://220volt.com.ua/ua/generator-invertornyj-bison-bs-r-2500-is/,FALSE,FALSE,FALSE,FALSE,FALSE,FALSE
nik 2700i,10,1,1,1,"Thumbnail, Sitelinks",https://220volt.com.ua/ua/generator-benzinovij-nik-2700i/,FALSE,FALSE,FALSE,FALSE,FALSE,FALSE
ritar 200ah,10,0,1,1,"Thumbnail, Sitelinks",https://220volt.com.ua/ua/akkumulyatornaya-batareya-ritar-dg12-200-12v-200ah-2185/,FALSE,FALSE,FALSE,FALSE,FALSE,FALSE
гелевій акб,10,41,1,1,"Thumbnail, Video preview, related_search, also_asks, Sitelinks",https://220volt.com.ua/akkumulatornie-batarei/tip_elementa_gelevie/,FALSE,FALSE,FALSE,FALSE,FALSE,FALSE
дренажный насос 220 вольт,10,1,1,1,"Thumbnail, also_asks, Sitelinks",https://220volt.com.ua/nasos/nasosi-dlya-vodootvedeniya/gryaznoj-vodi.htm,FALSE,FALSE,FALSE,FALSE,FALSE,FALSE
generac 10kw,10,0,1,1,"Thumbnail, Sitelinks",https://220volt.com.ua/ua/generator-gazovij-generac-6270-10kw/,FALSE,FALSE,FALSE,FALSE,FALSE,FALSE
lifepo4 12v 14ah,10,0,1,1,"shopping_top, Thumbnail, related_search, Sitelinks",https://220volt.com.ua/ua/akkumulyatornaya-batareya-vipow-lifepo4-12-8v-14ah-s-elementami-li-ion-18677/,FALSE,FALSE,FALSE,FALSE,FALSE,FALSE
фекальный насос 220 вольт,10,1,1,1,"Thumbnail, Video preview, related_search, also_asks, Sitelinks",https://220volt.com.ua/nasos/nasosi-dlya-vodootvedeniya/fekalnih-stokov.htm,FALSE,FALSE,FALSE,FALSE,FALSE,FALSE
etalon 11,10,0,1,1,"Thumbnail, Sitelinks",https://220volt.com.ua/stabilizator-napryazheniya-volter-etalon-11/,FALSE,FALSE,FALSE,FALSE,FALSE,FALSE
как устроен аккумулятор автомобиля,10,2,1,1,"related_search, also_asks, AI Overview, Thumbnail, Sitelinks, snip_url_in_aio, snip_fqdn_in_aio",https://220volt.com.ua/news/ustrojstvo-avtomobilnogo-akkumulyatora/,FALSE,FALSE,FALSE,TRUE,FALSE,FALSE
аккумуляторная батарея csb gp1272 f2,10,9,1,1,"related_search, Sitelinks, snip_image_thumbnail",https://220volt.com.ua/akkumulyatornaya-batareya-csb-gp1272f2/,FALSE,FALSE,FALSE,FALSE,FALSE,FALSE
стабилизатор напряжения 220 вольт схема,10,1,1,1,"Video preview, Thumbnail, related_search, also_asks, Sitelinks, snip_image_thumbnail",https://220volt.com.ua/news/osnovnie-nyuansi-ustanovki-i-shemi-podklyucheniya-stabilizatora-napryazheniya/,FALSE,FALSE,FALSE,FALSE,FALSE,FALSE
мотопомпа koshin цена,10,1,1,1,"related_search, Thumbnail, a_box_fsnippet, Sitelinks, snip_featured",https://220volt.com.ua/nasos/motopompi/koshin/,FALSE,TRUE,FALSE,FALSE,FALSE,TRUE
easy9 16a,10,1,1,1,"Thumbnail, also_asks, Sitelinks",https://220volt.com.ua/avtomaticheskij-viklyuchatel-schneider-electric-easy9-1p-16a-har-ka-c-4-5ka-ez9f34116/,FALSE,FALSE,FALSE,FALSE,FALSE,FALSE
cube 4,10,1,1,1,"related_search, Thumbnail, Sitelinks",https://220volt.com.ua/ua/stabilizator-napryazheniya-ritar-cube-4/,FALSE,FALSE,FALSE,FALSE,FALSE,FALSE
реле давления на скважинный насос,10,27,1,1,"also_asks, related_search, Thumbnail, Sitelinks",https://220volt.com.ua/nasos/komplektuyushchie-dlya-vodosnabzheniya-i-vodootvedeniya/tip_kompl_nasos_rele-davleniya/,FALSE,FALSE,FALSE,FALSE,FALSE,FALSE
eaton 9sx 5000i,10,1,1,1,"Thumbnail, Sitelinks, snip_image_thumbnail",https://220volt.com.ua/ibp-eaton-9sx-5000i-rt3u/,FALSE,FALSE,FALSE,FALSE,FALSE,FALSE
pkzm0-12,10,1,1,1,"Thumbnail, Sitelinks",https://220volt.com.ua/ua/avtomaticheskij-viklyuchatel-eaton-moeller-pkzm0-12-278486/,FALSE,FALSE,FALSE,FALSE,FALSE,FALSE
временное реле 220,10,3,1,1,"related_search, Thumbnail, also_asks, Sitelinks, snip_image_thumbnail",https://220volt.com.ua/elektrika-i-svet/nizkovoltnoe-oborudovanie/rele-tajmeri-fotokontrolleri/rele/rele_vremeni.htm,FALSE,FALSE,FALSE,FALSE,FALSE,FALSE
dgs 6500,10,0,1,1,"Thumbnail, Sitelinks",https://220volt.com.ua/ua/generator-dizel-nij-stark-dg-6500-le/,FALSE,FALSE,FALSE,FALSE,FALSE,FALSE
источник бесперебойного питания ippon smart winner 2000,10,1,1,1,"Thumbnail, related_search, Sitelinks, snip_image_thumbnail",https://220volt.com.ua/ibp-ippon-smart-winner-2000/,FALSE,FALSE,FALSE,FALSE,FALSE,FALSE
солнечная батарея на окно,10,10,1,1,"also_asks, Thumbnail, Video preview, related_search, Sitelinks",https://220volt.com.ua/solnechnaya-energetika/solnechnye-paneli-batarei/naznachenie_dlya_fotomoduli__okna/,FALSE,FALSE,FALSE,FALSE,FALSE,FALSE
нсн 9000 optimum,10,1,1,1,"Video preview, Thumbnail, Sitelinks",https://220volt.com.ua/stabilizator-napryazheniya-ukrtehnologiya-nsn-9000-optimum/,FALSE,FALSE,FALSE,FALSE,FALSE,FALSE
ventura hr,10,1,1,1,"Thumbnail, Sitelinks",https://220volt.com.ua/ua/akkumulyatornaya-batareya-ventura-hr-1234w-9ah/,FALSE,FALSE,FALSE,FALSE,FALSE,FALSE
p200 2,10,1,1,1,"Thumbnail, Sitelinks",https://220volt.com.ua/generator-dizel-nij-fg-wilson-p200-2-0/,FALSE,FALSE,FALSE,FALSE,FALSE,FALSE
тумблер 4 положения,10,8,1,1,"related_search, Thumbnail, Sitelinks, snip_image_thumbnail",https://220volt.com.ua/elektrika-i-svet/nizkovoltnoe-oborudovanie/viklyuchateli-knopki-pereklyuchateli/tumbleri/chislo_kontaktov_4/,FALSE,FALSE,FALSE,FALSE,FALSE,FALSE
упс синусоїда,10,3,1,1,"shopping_rhs, related_search, also_asks, Thumbnail, Sitelinks",https://220volt.com.ua/istochniki-besperebojnogo-pitaniya/uotformnaprahenia_sinusoida/,FALSE,FALSE,FALSE,FALSE,FALSE,FALSE
типы аккумуляторов автомобильных,10,5,1,1,"related_search, also_asks, a_box_fsnippet, Sitelinks, snip_featured",https://220volt.com.ua/news/raznovidnosti-akkumulyatornih-batarej-soglasno-tipu-rabochih-elementov-i-naznacheniyu/,FALSE,FALSE,FALSE,FALSE,FALSE,FALSE
узо дпа16,10,1,1,1,"Thumbnail, Sitelinks",https://220volt.com.ua/ua/adapter-s-zashchitnim-otklyucheniem-iek-uzo-dpa16-16-0-03a/,FALSE,FALSE,FALSE,FALSE,FALSE,FALSE
генератор от вом трактора цена,10,8,1,1,"Thumbnail, related_search, also_asks, a_box_fsnippet, Sitelinks, snip_featured",https://220volt.com.ua/generatory/tip_generatora_ot-vala-otbora-moshchnosti/,FALSE,TRUE,FALSE,FALSE,FALSE,TRUE
hager eh110,10,0,1,1,"Thumbnail, Sitelinks",https://220volt.com.ua/ua/tajmer-analogovij-sutochnij-16a-1-pereklyuchaemij-kontakt-hager-eh110/,FALSE,FALSE,FALSE,FALSE,FALSE,FALSE
challenger homepro 3000,10,1,1,1,"Thumbnail, Sitelinks, snip_image_thumbnail",https://220volt.com.ua/ua/ibp-challenger-homepro-3000/,FALSE,FALSE,FALSE,FALSE,FALSE,FALSE
fogo 8000r,10,0,1,1,"Thumbnail, Sitelinks",https://220volt.com.ua/ua/generator-benzinovij-fogo-fh-8000-r/,FALSE,FALSE,FALSE,FALSE,FALSE,FALSE
ippon power pro 600,10,1,1,1,"Thumbnail, Sitelinks",https://220volt.com.ua/ibp-ippon-new-back-power-pro-600/,FALSE,FALSE,FALSE,FALSE,FALSE,FALSE
бесперебойник в стойку,10,2,1,1,"Thumbnail, Sitelinks",https://220volt.com.ua/istochniki-besperebojnogo-pitaniya/typeispolnenia_montiruemij-v-stojku/,FALSE,FALSE,FALSE,FALSE,FALSE,FALSE
стабилизатор напряжения 220в 8 квт,10,3,1,1,"related_search, also_asks, Sitelinks",https://220volt.com.ua/stabilizator/moshnost_stab_block_8/,FALSE,FALSE,FALSE,FALSE,FALSE,FALSE
фроніус ціна,10,4,1,1,"AI Overview, related_search, Sitelinks",https://220volt.com.ua/ua/inverter/fronius/,FALSE,TRUE,FALSE,FALSE,FALSE,TRUE
автоматика для запуска бензогенератора,10,6,1,1,"also_asks, Thumbnail, related_search, Sitelinks",https://220volt.com.ua/avtomaticheskij-zapusk-generatora.htm,FALSE,FALSE,FALSE,FALSE,FALSE,FALSE
1500 i,10,1,1,1,"Thumbnail, AI Overview, related_search, Sitelinks, snip_image_thumbnail",https://220volt.com.ua/generator-invertornij-senci-sc-1500-i/,FALSE,FALSE,FALSE,FALSE,FALSE,FALSE
типы акб для автомобилей,10,8,1,1,"a_box_fsnippet, related_search, also_asks, Thumbnail, Sitelinks, snip_featured, snip_image_thumbnail",https://220volt.com.ua/news/raznovidnosti-akkumulyatornih-batarej-soglasno-tipu-rabochih-elementov-i-naznacheniyu/,FALSE,FALSE,FALSE,FALSE,FALSE,FALSE
vst 1100,10,1,1,1,"Thumbnail, Sitelinks",https://220volt.com.ua/ua/ibp-riello-vst-1100/,FALSE,FALSE,FALSE,FALSE,TRUE,FALSE
аппроксимированная синусоида для насоса,10,1,1,1,"also_asks, related_search, Thumbnail, Sitelinks",https://220volt.com.ua/istochniki-besperebojnogo-pitaniya/uotformnaprahenia_approksimirovannaya-sinusoida/,FALSE,FALSE,FALSE,FALSE,FALSE,FALSE
ибп для сервера 3000w,10,9,1,1,"Thumbnail, Sitelinks",https://220volt.com.ua/istochniki-besperebojnogo-pitaniya/fullpower_ibp_1001-3000/,FALSE,FALSE,FALSE,FALSE,FALSE,FALSE
logicpower lph 5000rv,10,0,1,1,"Thumbnail, Sitelinks",https://220volt.com.ua/stabilizator-napryazheniya-logicpower-lph-5000rv/,FALSE,FALSE,FALSE,FALSE,FALSE,FALSE
купить мотопомпу большой производительности,10,1,1,1,"Thumbnail, Sitelinks",https://220volt.com.ua/nasos/motopompi/proizvoditelnost2_60-1-100/,FALSE,TRUE,FALSE,FALSE,FALSE,TRUE
forte 2500,10,1,1,1,"related_search, Thumbnail, Sitelinks, snip_image_thumbnail",https://220volt.com.ua/generator-benzinovij-forte-fg2500/,FALSE,FALSE,FALSE,FALSE,FALSE,FALSE
ect 7000p,10,0,1,1,"Thumbnail, Sitelinks, snip_image_thumbnail",https://220volt.com.ua/generator-benzinovij-honda-ect-7000-p1/,FALSE,FALSE,FALSE,FALSE,FALSE,FALSE
реле напряжения рнпп 311,10,7,1,1,"related_search, also_asks, Thumbnail, Sitelinks, snip_image_thumbnail",https://220volt.com.ua/rele-napryazheniya-novatek-rnpp-311/,FALSE,FALSE,FALSE,FALSE,FALSE,FALSE
ep6500te,10,0,1,1,"Thumbnail, Sitelinks, snip_image_thumbnail",https://220volt.com.ua/generator-benzinovij-europower-ep6500te/,FALSE,FALSE,FALSE,FALSE,FALSE,FALSE
глубинный насос 220 вольт,10,4,1,1,"also_asks, Thumbnail, Sitelinks",https://220volt.com.ua/nasos/nasosi-dlya-vodosnabzheniya/skvazhinnie-nasosi/proizvod_nas_5_1-10/,FALSE,FALSE,FALSE,FALSE,FALSE,FALSE
электронное реле тока,10,1,1,1,"related_search, Thumbnail, also_asks, Sitelinks",https://220volt.com.ua/elektrika-i-svet/nizkovoltnoe-oborudovanie/rele-tajmeri-fotokontrolleri/rele/rele_kontrolya_toka.htm,FALSE,FALSE,FALSE,FALSE,FALSE,FALSE
eaton pl4 c16 1,10,1,1,1,"shopping_rhs, Thumbnail, Sitelinks, snip_image_thumbnail",https://220volt.com.ua/avtomaticheskij-viklyuchatel-eaton-moeller-pl4-c16-1/,FALSE,FALSE,FALSE,FALSE,FALSE,FALSE
заказать электропроект,10,1,1,1,"also_asks, Thumbnail, Sitelinks",https://220volt.com.ua/information/uslugi/proektirovanie-elektrosnabzheniya/,FALSE,FALSE,FALSE,FALSE,FALSE,TRUE
мотопомпа koshin sth 50x,10,0,1,1,"Thumbnail, Sitelinks",https://220volt.com.ua/motopompa-koshin-sth-50x/,FALSE,FALSE,FALSE,FALSE,FALSE,FALSE
формула нагрузки,10,1,1,1,"related_search, also_asks, Thumbnail, Sitelinks, snip_image_thumbnail",https://220volt.com.ua/news/raschet-nagruzki-elektrostantsii/,FALSE,FALSE,FALSE,FALSE,FALSE,FALSE
портативная домашняя электростанция,10,22,1,1,"Video preview, also_asks, related_search, Thumbnail, Sitelinks",https://220volt.com.ua/portativnye-zaryadnye-stantsii/portativnye-elektrostantsii.htm,FALSE,FALSE,FALSE,FALSE,FALSE,FALSE
eaton 650i,10,1,1,1,"Thumbnail, Sitelinks, snip_image_thumbnail",https://220volt.com.ua/ibp-eaton-5e650i-650-va/,FALSE,FALSE,FALSE,FALSE,FALSE,FALSE
ибп для компьютера 500 вт,10,7,1,1,"related_search, Thumbnail, also_asks, Sitelinks, snip_image_thumbnail",https://220volt.com.ua/istochniki-besperebojnogo-pitaniya/fullpower_ibp_do-500/,FALSE,FALSE,FALSE,FALSE,FALSE,FALSE
аккумуляторная батарея challenger,10,3,1,1,"related_search, Thumbnail, Sitelinks",https://220volt.com.ua/akkumulatornie-batarei/challenger/,FALSE,FALSE,FALSE,FALSE,FALSE,FALSE
узо 380в,10,1,1,1,"related_search, also_asks, Thumbnail, Sitelinks, snip_image_thumbnail",https://220volt.com.ua/elektrika-i-svet/nizkovoltnoe-oborudovanie/ustrojstva-zashchitnogo-otklyucheniya-uzo-difavtomati/napryagenie_v_uzo_380_v/,FALSE,FALSE,FALSE,FALSE,FALSE,FALSE
таймер включения питания,10,25,1,1,"Thumbnail, related_search, Sitelinks",https://220volt.com.ua/elektrika-i-svet/nizkovoltnoe-oborudovanie/rele-tajmeri-fotokontrolleri/tajmeri.htm,FALSE,FALSE,FALSE,FALSE,FALSE,FALSE
av3003b,10,1,1,1,"Thumbnail, Sitelinks, snip_image_thumbnail",https://220volt.com.ua/avtomaticheskij-viklyuchatel-promfaktor-av3003-3-n-125/,FALSE,FALSE,FALSE,FALSE,FALSE,FALSE
пускатель 380 на 220,10,1,1,1,"also_asks, related_search, Thumbnail, Sitelinks",https://220volt.com.ua/elektrika-i-svet/nizkovoltnoe-oborudovanie/puskateli-kontaktori/puskateli.htm,FALSE,FALSE,FALSE,FALSE,FALSE,FALSE
реле регулятор водяного насоса,10,25,1,1,"Thumbnail, related_search, Sitelinks, snip_image_thumbnail",https://220volt.com.ua/nasos/komplektuyushchie-dlya-vodosnabzheniya-i-vodootvedeniya/tip_kompl_nasos_rele-davleniya/,FALSE,FALSE,FALSE,FALSE,FALSE,FALSE
выбор стабилизаторы напряжения,10,4,1,1,"Video preview, also_asks, related_search, Sitelinks",https://220volt.com.ua/news/kak-pravilno-podobrat-stabilizator-napryazheniya/,FALSE,FALSE,FALSE,FALSE,FALSE,FALSE
генератор для твердотопливного котла,10,3,1,1,"AI Overview, also_asks, related_search, Sitelinks",https://220volt.com.ua/generatory/optimal_gen_kotla/,FALSE,FALSE,FALSE,FALSE,FALSE,FALSE
солнечные панели 220 вольт купить,10,8,1,1,"related_search, Thumbnail, also_asks, Sitelinks, snip_image_thumbnail",https://220volt.com.ua/solnechnaya-energetika/solnechnye-paneli-batarei.htm,FALSE,TRUE,FALSE,FALSE,FALSE,TRUE
дбж 1000 вт с аккумулятором,10,2,1,1,"related_search, AI Overview, Sitelinks, snip_url_in_aio, snip_fqdn_in_aio",https://220volt.com.ua/istochniki-besperebojnogo-pitaniya/fullpower_ibp_501-1000/,FALSE,FALSE,FALSE,FALSE,FALSE,FALSE
hr1234wf2 цена,10,2,1,1,"related_search, Sitelinks",https://220volt.com.ua/akkumulyatornaya-batareya-csb-hr1234wf2/,FALSE,TRUE,FALSE,FALSE,FALSE,TRUE
ep13500te,10,1,1,1,"Thumbnail, Sitelinks, snip_image_thumbnail",https://220volt.com.ua/ua/generator-benzinovij-europower-ep13500te/,FALSE,FALSE,FALSE,FALSE,FALSE,FALSE
challenger homeline 800t12,10,0,1,1,"Thumbnail, Sitelinks",https://220volt.com.ua/ibp-challenger-homeline-800t12/,FALSE,FALSE,FALSE,FALSE,FALSE,FALSE
str 1000,10,0,1,1,"Thumbnail, Sitelinks, snip_image_thumbnail",https://220volt.com.ua/ua/stabilizator-napryazheniya-strum-str-1000/,FALSE,FALSE,FALSE,FALSE,FALSE,FALSE
стабилизатор напряжения оптимум,10,1,1,1,"also_asks, Video preview, related_search, Thumbnail, Sitelinks",https://220volt.com.ua/stabilizator-napryazheniya-ukrtehnologiya-nsn-9000-optimum/,FALSE,FALSE,FALSE,FALSE,FALSE,FALSE
h ge,10,1,1,1,"Thumbnail, Sitelinks, snip_image_thumbnail",https://220volt.com.ua/ua/akkumulyatornaya-batareya-volter-ge-12v-h-100ah/,FALSE,FALSE,FALSE,FALSE,FALSE,FALSE
прессостат для насоса,10,27,1,1,"Thumbnail, related_search, also_asks, Sitelinks, snip_image_thumbnail",https://220volt.com.ua/nasos/komplektuyushchie-dlya-vodosnabzheniya-i-vodootvedeniya/tip_kompl_nasos_rele-davleniya/,FALSE,FALSE,FALSE,FALSE,FALSE,FALSE
сервис 220 вольт,10,1,1,1,"related_search, also_asks, Local pack, Thumbnail, Sitelinks",https://220volt.com.ua/,FALSE,FALSE,FALSE,FALSE,FALSE,FALSE
бензогенератор huter 950,10,1,1,1,"Thumbnail, Sitelinks",https://220volt.com.ua/generator-benzinovij-huter-ht-950-a/,FALSE,FALSE,FALSE,FALSE,FALSE,FALSE
pl4 c16 3,10,1,1,1,"Thumbnail, Sitelinks, snip_image_thumbnail",https://220volt.com.ua/avtomaticheskij-viklyuchatel-eaton-moeller-pl4-c16-3/,FALSE,FALSE,FALSE,FALSE,FALSE,FALSE
vulkan sc13000 iii,10,1,1,1,"Thumbnail, Sitelinks, snip_image_thumbnail",https://220volt.com.ua/generator-benzinovij-vulkan-sc13000-iii/,FALSE,FALSE,FALSE,FALSE,FALSE,FALSE
сонячна батарея на вікно,10,6,1,1,"also_asks, Thumbnail, Video preview, related_search, Sitelinks",https://220volt.com.ua/ua/solnechnaya-energetika/solnechnye-paneli-batarei/naznachenie_dlya_fotomoduli__okna/,FALSE,FALSE,FALSE,FALSE,FALSE,FALSE
challenger lf48 50,10,1,1,1,"Video preview, Sitelinks, snip_image_thumbnail",https://220volt.com.ua/akkumulyatornaya-batareya-challenger-lf48-50/,FALSE,FALSE,FALSE,FALSE,FALSE,FALSE
ресанта инструмент,10,1,1,1,"Sitelinks, snip_image_thumbnail",https://220volt.com.ua/information/proizvoditeli/resanta/,FALSE,FALSE,FALSE,FALSE,FALSE,FALSE
инверторный генератор hitachi,10,1,1,1,"Thumbnail, Sitelinks",https://220volt.com.ua/generatory/hitachii/,FALSE,FALSE,FALSE,FALSE,FALSE,FALSE
2000 rm,10,0,1,1,"related_search, Thumbnail, Sitelinks, snip_image_thumbnail",https://220volt.com.ua/ibp-powercom-vgd-2000-rm-2u/,FALSE,FALSE,FALSE,FALSE,FALSE,FALSE
ups led,10,1,1,1,"Thumbnail, related_search, Sitelinks",https://220volt.com.ua/istochniki-besperebojnogo-pitaniya/indikatsiya_ibp_led-indikatsiya/,FALSE,FALSE,FALSE,FALSE,FALSE,FALSE
hitachi генератор,10,3,1,1,Sitelinks,https://220volt.com.ua/generatory/hitachii/,FALSE,FALSE,FALSE,FALSE,FALSE,FALSE
как подобрать аккумулятор по мощности генератора,10,2,1,1,"related_search, also_asks, Thumbnail, Video preview, Sitelinks",https://220volt.com.ua/news/kak-podobrat-akkumulyator-dlya-generatora-tipy-emkost-i-srok-sluzhby/,FALSE,FALSE,FALSE,TRUE,FALSE,FALSE
riello ups a62,10,1,1,1,"Thumbnail, related_search, Sitelinks",https://220volt.com.ua/storage/catalog_products/155041/instruction/738.pdf,FALSE,FALSE,FALSE,FALSE,FALSE,FALSE
yuasa swl 2500 efr,10,0,1,1,"Thumbnail, Sitelinks",https://220volt.com.ua/ua/akkumulyatornaya-batareya-yuasa-swl-2500/,FALSE,FALSE,FALSE,FALSE,FALSE,FALSE
проект электроснабжения магазина,10,3,1,1,"Thumbnail, also_asks, Sitelinks",https://220volt.com.ua/information/uslugi/proektirovanie-elektrosnabzheniya/,FALSE,TRUE,FALSE,FALSE,FALSE,FALSE
автоматическое реле напряжения рн 40,10,1,1,1,"Thumbnail, also_asks, Sitelinks",https://220volt.com.ua/rele-kontrolya-napryazheniya-asko-rn-40a/,FALSE,FALSE,FALSE,FALSE,FALSE,FALSE
ippon smart winner 3000,10,2,1,1,"Thumbnail, also_asks, Sitelinks",https://220volt.com.ua/ibp-ippon-smart-winner-3000/,FALSE,FALSE,FALSE,FALSE,FALSE,FALSE
vgs 2000,10,0,1,1,"Thumbnail, Sitelinks",https://220volt.com.ua/ibp-powercom-vgs-2000/,FALSE,FALSE,FALSE,FALSE,FALSE,FALSE
магнитный пускатель moeller,10,1,1,1,"Thumbnail, Sitelinks",https://220volt.com.ua/elektrika-i-svet/nizkovoltnoe-oborudovanie/puskateli-kontaktori/puskateli/moeller/,FALSE,FALSE,FALSE,FALSE,FALSE,FALSE
matari md7000e,10,1,1,1,"Thumbnail, Sitelinks, snip_image_thumbnail",https://220volt.com.ua/generator-dizel-nij-matari-md7000e/,FALSE,FALSE,FALSE,FALSE,FALSE,FALSE
2340m,10,1,1,1,"Thumbnail, related_search, Sitelinks",https://220volt.com.ua/pritsep-dlya-generatora-sdi-2340m-podlezhit-registratsii-v-gai-3/,FALSE,FALSE,FALSE,FALSE,FALSE,FALSE
str 1500,10,0,1,1,"map, Thumbnail, Sitelinks, snip_image_thumbnail",https://220volt.com.ua/stabilizator-napryazheniya-strum-str-1500/,FALSE,FALSE,FALSE,FALSE,FALSE,FALSE
генератор с низким уровнем шума,10,2,1,1,"also_asks, Video preview, Thumbnail, Sitelinks",https://220volt.com.ua/generatory/ispolnenie_generatora_v-shumopogloshchayushchem-korpuse/,FALSE,FALSE,FALSE,FALSE,FALSE,FALSE
278489,10,0,1,1,"kn_graph_card, Sitelinks",https://220volt.com.ua/avtomaticheskij-viklyuchatel-eaton-moeller-pkzm0-32-278489/,FALSE,FALSE,FALSE,FALSE,FALSE,FALSE
номер телефона магазина 220 вольт,10,13,1,1,"Thumbnail, related_search, Sitelinks",https://220volt.com.ua/,FALSE,TRUE,FALSE,FALSE,FALSE,FALSE
генератор 3 х фазный 380 вт,10,11,1,1,"Thumbnail, related_search, also_asks, Sitelinks",https://220volt.com.ua/generatory/faznost_generatorov_3/,FALSE,FALSE,FALSE,FALSE,FALSE,FALSE
ups ippon back power pro 600,10,1,1,1,"related_search, Thumbnail, Sitelinks, snip_image_thumbnail",https://220volt.com.ua/ua/ibp-ippon-new-back-power-pro-600/,FALSE,FALSE,FALSE,FALSE,FALSE,FALSE
стабилизатор для дома 220 вольт,10,9,1,1,"also_asks, Thumbnail, related_search, Sitelinks",https://220volt.com.ua/stabilizator/phases_stab_odnofaznie/,FALSE,FALSE,FALSE,FALSE,FALSE,FALSE
дизельный генератор nik,10,1,1,1,"related_search, Thumbnail, Sitelinks",https://220volt.com.ua/generator-dizel-nij-nik-dg7500/,FALSE,FALSE,FALSE,FALSE,FALSE,FALSE
net ups,10,4,1,1,"related_search, Video preview, AI Overview, Sitelinks, snip_url_in_aio, snip_fqdn_in_aio",https://220volt.com.ua/ua/istochniki-besperebojnogo-pitaniya/net-pro-ups/,FALSE,FALSE,FALSE,FALSE,FALSE,FALSE
ippon innova rt 1k,10,1,1,1,"Thumbnail, Sitelinks",https://220volt.com.ua/ibp-ippon-innova-rt-1000/,FALSE,FALSE,FALSE,FALSE,FALSE,FALSE
генератор дизельный stark dg 6500 le,10,0,1,1,"Thumbnail, Sitelinks",https://220volt.com.ua/generator-dizel-nij-stark-dg-6500-le/,FALSE,FALSE,FALSE,FALSE,FALSE,FALSE
smart ups rt 2000 manual,10,1,1,1,"related_search, Sitelinks",https://220volt.com.ua/storage/catalog_products/134521/instruction/738.pdf,FALSE,FALSE,FALSE,FALSE,FALSE,FALSE
световые панели на окна,10,3,1,1,"related_search, Thumbnail, Sitelinks",https://220volt.com.ua/solnechnaya-energetika/solnechnye-paneli-batarei/naznachenie_dlya_fotomoduli__okna/,FALSE,FALSE,FALSE,FALSE,FALSE,FALSE
выпрямитель тока 220,10,2,1,1,"related_search, Thumbnail, also_asks, Sitelinks",https://220volt.com.ua/stabilizator/phases_stab_odnofaznie/,FALSE,FALSE,FALSE,FALSE,FALSE,FALSE
аккумулятор какие бывают,10,13,1,1,"related_search, also_asks, Thumbnail, AI Overview, a_box_fsnippet, Sitelinks, snip_featured, snip_url_in_aio, snip_fqdn_in_aio",https://220volt.com.ua/news/raznovidnosti-akkumulyatornih-batarej-soglasno-tipu-rabochih-elementov-i-naznacheniyu/,FALSE,FALSE,FALSE,FALSE,FALSE,FALSE
ибп для газового котла цена,10,22,1,1,"related_search, also_asks, a_box_fsnippet, Thumbnail, Sitelinks, snip_featured",https://220volt.com.ua/istochniki-besperebojnogo-pitaniya/opt_reshenie_ibp_sistem-otopleniya/,FALSE,TRUE,FALSE,FALSE,FALSE,TRUE
72736,10,1,1,1,"Thumbnail, Sitelinks, snip_image_thumbnail",https://220volt.com.ua/avtomaticheskij-viklyuchatel-eaton-moeller-pkzm0-2-5-072736/,FALSE,FALSE,FALSE,FALSE,FALSE,FALSE
сколько стоит упс для компьютера,10,30,1,1,"a_box_fsnippet, related_search, also_asks, Thumbnail, Sitelinks, snip_featured",https://220volt.com.ua/istochniki-besperebojnogo-pitaniya/opt_reshenie_ibp_kompyutera/,FALSE,FALSE,FALSE,TRUE,FALSE,FALSE
купить рубильник перекидной,10,22,1,1,"related_search, Thumbnail, Sitelinks",https://220volt.com.ua/elektrika-i-svet/nizkovoltnoe-oborudovanie/rubilniki/tip_rubilnika_perekidnoj/,FALSE,TRUE,FALSE,FALSE,FALSE,TRUE
трехфазный релейный стабилизатор,10,6,1,1,"also_asks, Thumbnail, Video preview, related_search, Sitelinks",https://220volt.com.ua/stabilizator/phases_stab_trehfaznie/,FALSE,FALSE,FALSE,FALSE,FALSE,FALSE
220 вольт инструменты,10,1,1,1,"Local pack, related_search, Sitelinks",https://220volt.com.ua/soputstvuushie_tovari/elektromontazhnij-instrument.htm,FALSE,FALSE,FALSE,FALSE,FALSE,FALSE
4s 1,10,0,1,1,"Thumbnail, Sitelinks, snip_image_thumbnail",https://220volt.com.ua/nasos-skvazhinnij-rudes-4s-1-40-0-37/,FALSE,FALSE,FALSE,FALSE,FALSE,FALSE
реле давления на скважину,10,29,1,1,"also_asks, Thumbnail, related_search, Sitelinks, snip_image_thumbnail",https://220volt.com.ua/nasos/komplektuyushchie-dlya-vodosnabzheniya-i-vodootvedeniya/tip_kompl_nasos_rele-davleniya/,FALSE,FALSE,FALSE,FALSE,FALSE,FALSE
частотный преобразователь abb acs550,10,1,1,1,"Thumbnail, Sitelinks, snip_image_thumbnail",https://220volt.com.ua/preobrazovatel-chastoti-abb-acs550-01-03a3-4-b055/,FALSE,FALSE,FALSE,FALSE,FALSE,FALSE
переносные электростанции купить,10,21,1,1,"Thumbnail, related_search, also_asks, Sitelinks",https://220volt.com.ua/portativnye-zaryadnye-stantsii/portativnye-elektrostantsii.htm,FALSE,TRUE,FALSE,FALSE,FALSE,TRUE
вольт eco 600,10,1,1,1,"Thumbnail, Sitelinks",https://220volt.com.ua/stabilizator-napryazheniya-volt-eco-600/,FALSE,FALSE,FALSE,FALSE,FALSE,FALSE
forte fg6500e купить,10,3,1,1,"Thumbnail, related_search, Sitelinks",https://220volt.com.ua/generator-benzinovij-forte-fg6500e/,FALSE,TRUE,FALSE,FALSE,FALSE,TRUE
q power axpert vm iii 3000 24,10,0,1,1,Sitelinks,https://220volt.com.ua/invertor-q-power-axpert-vm-iii-3000-24-3000vt-24v/,FALSE,FALSE,FALSE,FALSE,FALSE,FALSE
ntt stabilizer,10,0,1,1,"also_asks, Sitelinks",https://220volt.com.ua/ua/stabilizator/stabilizer/,FALSE,FALSE,FALSE,FALSE,FALSE,FALSE
europower psw epw800tw12,10,0,1,1,"Thumbnail, shopping_top, Sitelinks",https://220volt.com.ua/ibp-europower-psw-epw800tw12-14819/,FALSE,FALSE,FALSE,FALSE,FALSE,FALSE
генератор huter 1000,10,1,1,1,"Thumbnail, also_asks, Sitelinks",https://220volt.com.ua/generator-benzinovij-huter-ht-1000-l/,FALSE,FALSE,FALSE,FALSE,FALSE,FALSE
мощность бензогенератора,10,9,1,1,"Thumbnail, also_asks, Sitelinks",https://220volt.com.ua/news/kak-opredelit-moschnost-benzinovogo-generatora-dlya-sobstvennyh-nuzhd/,FALSE,FALSE,FALSE,FALSE,FALSE,FALSE
солнечные станции для дома цена,10,20,1,1,"Thumbnail, related_search, Sitelinks",https://220volt.com.ua/solnechnaya-energetika/solnechnye-elektrostantsii.htm,FALSE,TRUE,FALSE,FALSE,FALSE,TRUE
отопление теплых полов,10,9,1,1,"related_search, also_asks, AI Overview, Thumbnail, Sitelinks, snip_url_in_aio, snip_fqdn_in_aio",https://220volt.com.ua/news/kak-rabotaet-teplyj-pol-vse-chto-nuzhno-znat-o-sovremennoj-sisteme-otopleniya/,FALSE,FALSE,FALSE,FALSE,FALSE,FALSE
tpg 5,10,0,1,1,"Thumbnail, Sitelinks",https://220volt.com.ua/instrument-dlya-snyatiya-obolochki-s-kabelya-iek-sok-5/,FALSE,FALSE,FALSE,FALSE,FALSE,FALSE
мотопомпа koshin stv 80x,10,1,1,1,"Thumbnail, Sitelinks",https://220volt.com.ua/motopompa-koshin-stv-80x/,FALSE,FALSE,FALSE,FALSE,FALSE,FALSE
реле продажа,10,3,1,1,"Thumbnail, related_search, Sitelinks",https://220volt.com.ua/elektrika-i-svet/nizkovoltnoe-oborudovanie/rele-tajmeri-fotokontrolleri/rele.htm,FALSE,FALSE,FALSE,FALSE,FALSE,FALSE
источник бесперебойного питания ippon smart winner 3000,10,0,1,1,"AI Overview, also_asks, Thumbnail, Sitelinks",https://220volt.com.ua/ibp-ippon-smart-winner-3000/,FALSE,FALSE,FALSE,FALSE,FALSE,FALSE
np 7,10,3,1,1,"related_search, kn_graph_card, Thumbnail, Sitelinks, snip_image_thumbnail",https://220volt.com.ua/akkumulyatornaya-batareya-yuasa-np7-12/,FALSE,FALSE,FALSE,FALSE,FALSE,FALSE
пускатель schneider,10,4,1,1,"Thumbnail, related_search, Sitelinks, snip_image_thumbnail",https://220volt.com.ua/elektrika-i-svet/nizkovoltnoe-oborudovanie/puskateli-kontaktori/puskateli/schneider/,FALSE,FALSE,FALSE,FALSE,FALSE,FALSE
купить устройство плавного пуска в украине,10,6,1,1,"Thumbnail, related_search, Sitelinks",https://220volt.com.ua/preobrazovateli_chastoty_ustr_plavnogo_puska/ustrojstva-plavnogo-puska-i-tormozheniya.htm,FALSE,TRUE,FALSE,FALSE,FALSE,TRUE
sadko gps 1250,10,1,1,1,"Thumbnail, Sitelinks",https://220volt.com.ua/ua/generator-benzinovij-sadko-gps-1250/,FALSE,FALSE,FALSE,FALSE,FALSE,FALSE
gesan dpas 110e,10,0,1,1,"Thumbnail, Sitelinks",https://220volt.com.ua/ua/generator-dizel-nij-gesan-dpas-110e-ab/,FALSE,FALSE,FALSE,FALSE,FALSE,FALSE
пищепромавтоматика одесса стабилизаторы,10,1,1,1,"Thumbnail, also_asks, Sitelinks",https://220volt.com.ua/information/proizvoditeli/pishchepromavtomatika/,FALSE,FALSE,FALSE,FALSE,FALSE,FALSE
csb gp 672,10,1,1,1,"Thumbnail, Sitelinks",https://220volt.com.ua/ua/akkumulyatornaya-batareya-csb-gp672/,FALSE,FALSE,FALSE,FALSE,FALSE,FALSE
автозапуск для бензинового генератора,10,3,1,1,"Thumbnail, related_search, also_asks, Sitelinks",https://220volt.com.ua/avtomaticheskij-zapusk-generatora.htm,FALSE,FALSE,FALSE,FALSE,FALSE,FALSE
ups east 3kva,10,1,1,1,"shopping_top, Thumbnail, related_search, Sitelinks",https://220volt.com.ua/ibp-east-ea900p-3kva-pro/,FALSE,FALSE,FALSE,FALSE,FALSE,FALSE
пускатель с катушкой на 380,10,1,1,1,"also_asks, Thumbnail, Sitelinks",https://220volt.com.ua/elektrika-i-svet/nizkovoltnoe-oborudovanie/puskateli-kontaktori/puskateli/napr_katushki_kont_i_puskateli_380-400/,FALSE,FALSE,FALSE,FALSE,FALSE,FALSE
challenger 800,10,0,1,1,"kn_graph_card, Sitelinks, snip_image_thumbnail",https://220volt.com.ua/ibp-challenger-homestart-800/,FALSE,FALSE,FALSE,FALSE,FALSE,FALSE
таймер напряжения,10,28,1,1,"Video preview, related_search, Thumbnail, also_asks, Sitelinks, snip_image_thumbnail",https://220volt.com.ua/elektrika-i-svet/nizkovoltnoe-oborudovanie/rele-tajmeri-fotokontrolleri/tajmeri.htm,FALSE,FALSE,FALSE,FALSE,FALSE,FALSE
насос грундфос фекальный,10,3,1,1,"Thumbnail, related_search, Sitelinks",https://220volt.com.ua/nasos/nasosi-dlya-vodootvedeniya/fekalnih-stokov/grundfos/,FALSE,FALSE,FALSE,FALSE,FALSE,FALSE
generac 7144,10,1,1,1,"Thumbnail, Sitelinks, snip_image_thumbnail",https://220volt.com.ua/generator-gazovij-generac-6269-8kw/,FALSE,FALSE,FALSE,FALSE,FALSE,FALSE
емкость аккумулятора норма,10,14,1,1,"Thumbnail, also_asks, related_search, AI Overview, Sitelinks",https://220volt.com.ua/news/chto-takoe-emkost-akkumulyatora-metodika-ee-rascheta/,FALSE,FALSE,FALSE,FALSE,FALSE,FALSE
звукоизоляция генератора,10,3,1,1,"related_search, Thumbnail, also_asks, Video preview, AI Overview, Sitelinks, snip_fqdn_in_aio",https://220volt.com.ua/news/kak-umenshit-shum-ot-generatora-metody-zvukoizolyatsii-i-vybor-tihih-modelej/,FALSE,FALSE,FALSE,FALSE,FALSE,FALSE
ап50б характеристики,10,2,1,1,"Thumbnail, related_search, also_asks, a_box_fsnippet, Sitelinks, snip_featured",https://220volt.com.ua/avtomaticheskij-viklyuchatel-ap50b-3mt-6-3a-10in/,FALSE,FALSE,FALSE,FALSE,FALSE,FALSE
vgd 1500,10,1,1,1,"Thumbnail, Sitelinks",https://220volt.com.ua/ibp-powercom-vgd-1500/,FALSE,FALSE,FALSE,FALSE,FALSE,FALSE
инверторный генератор weekender dl8750ioe,10,1,1,1,"Thumbnail, also_asks, Sitelinks",https://220volt.com.ua/generator-benzinovij-weekender-dl8750ioe/,FALSE,FALSE,FALSE,FALSE,FALSE,FALSE
ибп ippon back comfo pro 600,10,1,1,1,Sitelinks,https://220volt.com.ua/storage/catalog_products/146603/instruction/738.pdf,FALSE,FALSE,FALSE,FALSE,FALSE,FALSE
lp30,10,1,1,1,"Thumbnail, AI Overview, Sitelinks, snip_image_thumbnail",https://220volt.com.ua/ua/ibp-general-electric-lp30-33-s5/,FALSE,FALSE,FALSE,FALSE,FALSE,FALSE
260ah,10,0,1,1,"Thumbnail, Sitelinks",https://220volt.com.ua/akkumulyatornaya-batareya-ritar-dg12-260-12v-260ah-2175/,FALSE,FALSE,FALSE,FALSE,FALSE,FALSE
daishin seb 7000 hsa,10,1,1,1,"Thumbnail, Sitelinks",https://220volt.com.ua/generator-benzinovij-daishin-seb7000hsa/,FALSE,FALSE,FALSE,FALSE,FALSE,FALSE
rt1232,10,0,1,1,"Thumbnail, Sitelinks, snip_image_thumbnail",https://220volt.com.ua/ua/akkumulyatornaya-batareya-ritar-rt1232-12v-3-2ah/,FALSE,FALSE,FALSE,FALSE,FALSE,FALSE
ippon innova rt 1000,10,1,1,1,"shopping_rhs, Sitelinks",https://220volt.com.ua/ibp-ippon-innova-rt-1000/,FALSE,FALSE,FALSE,FALSE,FALSE,FALSE
аккумулятор на 6v,10,18,1,1,"also_asks, Thumbnail, related_search, Sitelinks",https://220volt.com.ua/akkumulatornie-batarei/napryagenie_batarei_block_6/,FALSE,FALSE,FALSE,FALSE,FALSE,FALSE
аккумуляторы agm киев,10,21,1,1,"also_asks, Local pack, related_search, Thumbnail, Sitelinks",https://220volt.com.ua/akkumulatornie-batarei/tip_elementa_agm/,FALSE,TRUE,FALSE,FALSE,FALSE,FALSE
генератор huter dy6500lx,10,2,1,1,"Thumbnail, Sitelinks",https://220volt.com.ua/generator-benzinovij-huter-dy-6500-lxs/,FALSE,FALSE,FALSE,FALSE,FALSE,FALSE
powercom war 500a,10,1,1,1,"Thumbnail, Sitelinks",https://220volt.com.ua/ua/ibp-powercom-war-500a/,FALSE,FALSE,FALSE,FALSE,FALSE,FALSE
датчик давления для водяного насоса,10,18,1,1,"related_search, Thumbnail, also_asks, Sitelinks",https://220volt.com.ua/nasos/komplektuyushchie-dlya-vodosnabzheniya-i-vodootvedeniya/tip_kompl_nasos_rele-davleniya/,FALSE,FALSE,FALSE,FALSE,FALSE,FALSE
ибп для дома цена,10,29,1,1,"also_asks, Thumbnail, related_search, Sitelinks, snip_image_thumbnail",https://220volt.com.ua/istochniki-besperebojnogo-pitaniya/opt_reshenie_ibp_dlya-doma/,FALSE,TRUE,FALSE,FALSE,FALSE,TRUE
покупка аккумуляторных батарей,10,42,1,1,"related_search, also_asks, Sitelinks",https://220volt.com.ua/akkumulatornie-batarei.htm,FALSE,FALSE,FALSE,FALSE,FALSE,FALSE
stabilizator 220v,10,4,1,1,"Thumbnail, related_search, also_asks, Sitelinks",https://220volt.com.ua/stabilizator/phases_stab_odnofaznie/,FALSE,FALSE,FALSE,FALSE,FALSE,FALSE
купить генератор портативный,10,4,1,1,"related_search, Thumbnail, Sitelinks",https://220volt.com.ua/generatory/tip_ustanovki_portativnie/,FALSE,TRUE,FALSE,FALSE,FALSE,TRUE
какой нужен контроллер для солнечной батареи,10,5,1,1,"related_search, also_asks, Thumbnail, Sitelinks",https://220volt.com.ua/news/kak-vibrat-kontroller-zaryada-dlya-solnechnih-batarej/,FALSE,FALSE,FALSE,TRUE,FALSE,FALSE
эко батарея,10,1,1,1,"Thumbnail, also_asks, related_search, Sitelinks",https://220volt.com.ua/akkumulatornie-batarei/bmseco/,FALSE,FALSE,FALSE,FALSE,FALSE,FALSE
286530,10,1,1,1,"Thumbnail, Sitelinks, snip_image_thumbnail",https://220volt.com.ua/avtomaticheskij-viklyuchatel-eaton-moeller-pl6-c6-1-286530/,FALSE,FALSE,FALSE,FALSE,FALSE,FALSE
таймер выключения электричества,10,5,1,1,"Video preview, related_search, Sitelinks",https://220volt.com.ua/elektrika-i-svet/nizkovoltnoe-oborudovanie/rele-tajmeri-fotokontrolleri/tajmeri.htm,FALSE,FALSE,FALSE,FALSE,FALSE,FALSE
щитовое электрооборудование,10,1,1,1,"related_search, a_box_fsnippet, also_asks, Thumbnail, Sitelinks, snip_featured",https://220volt.com.ua/elektrika-i-svet/shitovoe.htm,FALSE,FALSE,FALSE,FALSE,FALSE,FALSE
np 7 12,10,4,1,1,"related_search, Thumbnail, Sitelinks",https://220volt.com.ua/akkumulyatornaya-batareya-yuasa-np7-12/,FALSE,FALSE,FALSE,FALSE,FALSE,FALSE
ud20,10,1,1,1,"Thumbnail, Sitelinks",https://220volt.com.ua/ua/ibp-kstar-ud20/,FALSE,FALSE,FALSE,FALSE,FALSE,FALSE
реле какие бывают,10,3,1,1,"AI Overview, related_search, Thumbnail, also_asks, Sitelinks, snip_image_thumbnail, snip_url_in_aio, snip_fqdn_in_aio",https://220volt.com.ua/news/kakie-byvayut-tipy-rele/,FALSE,FALSE,FALSE,FALSE,FALSE,FALSE
реле напряжения рн 40,10,1,1,1,"also_asks, Thumbnail, Sitelinks, snip_image_thumbnail",https://220volt.com.ua/rele-kontrolya-napryazheniya-asko-rn-40a/,FALSE,FALSE,FALSE,FALSE,FALSE,FALSE
yuasa nph 5 12,10,1,1,1,"AI Overview, Sitelinks, snip_url_in_aio, snip_fqdn_in_aio",https://220volt.com.ua/akkumulyatornaya-batareya-yuasa-nph-5-12/,FALSE,FALSE,FALSE,FALSE,FALSE,FALSE
victron orion tr 12 12,10,0,1,1,"Thumbnail, snip_image_thumbnail, Sitelinks",https://220volt.com.ua/zaryadnoe-ustrojstvo-victron-energy-orion-tr-smart-12-12-18-220w-isolated-ori121222120/,FALSE,FALSE,FALSE,FALSE,FALSE,FALSE
купить реле защиты напряжения,10,40,1,1,"also_asks, related_search, Thumbnail, Local pack, Sitelinks",https://220volt.com.ua/elektrika-i-svet/nizkovoltnoe-oborudovanie/rele-tajmeri-fotokontrolleri/rele/rele_kontrolya_napryajeniya.htm,FALSE,TRUE,FALSE,FALSE,FALSE,TRUE
p250h,10,0,1,1,"Thumbnail, Sitelinks, snip_image_thumbnail",https://220volt.com.ua/generator-dizel-nij-fg-wilson-p250h-2-0/,FALSE,FALSE,FALSE,FALSE,FALSE,FALSE
насос watomo,10,1,1,1,"also_asks, kn_graph_local, Sitelinks",https://220volt.com.ua/ua/nasos/nasosi-dlya-vodosnabzheniya/tsentrobezhnie/watomo/,FALSE,FALSE,FALSE,FALSE,FALSE,FALSE
dg12 100,10,2,1,1,"Thumbnail, Sitelinks, snip_image_thumbnail",https://220volt.com.ua/akkumulyatornaya-batareya-ritar-dg12-100-12v-100ah-4234/,FALSE,FALSE,FALSE,FALSE,FALSE,FALSE
как понять емкость аккумулятора,10,23,1,1,"AI Overview, also_asks, related_search, Thumbnail, Sitelinks, snip_url_in_aio",https://220volt.com.ua/news/chto-takoe-emkost-akkumulyatora-metodika-ee-rascheta/,FALSE,FALSE,FALSE,TRUE,FALSE,FALSE
smart winner 1500,10,1,1,1,"Thumbnail, also_asks, Sitelinks",https://220volt.com.ua/ibp-ippon-smart-winner-1500/,FALSE,FALSE,FALSE,FALSE,FALSE,FALSE
насос для скважин needle,10,2,1,1,"Thumbnail, also_asks, related_search, Sitelinks",https://220volt.com.ua/nasos/nasosi-dlya-vodosnabzheniya/skvazhinnie-nasosi/needle/,FALSE,FALSE,FALSE,FALSE,FALSE,FALSE
самовсасывающий насос цены,10,10,1,1,"related_search, also_asks, Thumbnail, Sitelinks",https://220volt.com.ua/nasos/nasosi-dlya-vodosnabzheniya/tsentrobezhnie/tipvsas_samovsasivayushchie/,FALSE,FALSE,FALSE,FALSE,FALSE,FALSE
мотопомпа koshin sev 80x,10,1,1,1,"Thumbnail, Sitelinks",https://220volt.com.ua/motopompa-koshin-sev-80x/,FALSE,FALSE,FALSE,FALSE,FALSE,FALSE
huter 3000 lx,10,1,1,1,"related_search, Sitelinks",https://220volt.com.ua/generator-benzinovij-huter-dy-3000-lx/,FALSE,FALSE,FALSE,FALSE,FALSE,FALSE
маленький стабилизатор напряжения,10,15,1,1,"Thumbnail, related_search, shopping_top, also_asks, Sitelinks, snip_image_thumbnail",https://220volt.com.ua/stabilizator/ispolnenie_stabilizatorov_perenosnie/,FALSE,FALSE,FALSE,FALSE,FALSE,FALSE
купить солнечную электростанцию для дома,10,21,1,1,"related_search, also_asks, Sitelinks",https://220volt.com.ua/solnechnaya-energetika/solnechnye-elektrostantsii.htm,FALSE,TRUE,FALSE,FALSE,FALSE,TRUE
дизель генератор gesan,10,1,1,1,"Thumbnail, Sitelinks",https://220volt.com.ua/generator-dizel-nij-gesan-dpbs-50-e-me/,FALSE,FALSE,FALSE,FALSE,FALSE,FALSE
sprut mrs,10,1,1,1,"Thumbnail, Video preview, AI Overview, Sitelinks, snip_fqdn_in_aio",https://220volt.com.ua/ua/nasos-poverhnostnij-sprut-mrs-h4/,FALSE,FALSE,FALSE,FALSE,FALSE,FALSE
стоимость газовых генераторов,10,10,1,1,"also_asks, related_search, AI Overview, Sitelinks",https://220volt.com.ua/generatory/tip_generatora_gazovie_generatori/,FALSE,FALSE,FALSE,FALSE,FALSE,FALSE
hr 1221w f2 характеристики,10,1,1,1,"Thumbnail, Sitelinks",https://220volt.com.ua/akkumulyatornaya-batareya-csb-hr1221wf2/,FALSE,FALSE,FALSE,FALSE,FALSE,FALSE
zb32 16,10,1,1,1,"Thumbnail, Sitelinks, snip_image_thumbnail",https://220volt.com.ua/rele-elektroteplovoe-eaton-moeller-zb32-16-278452/,FALSE,FALSE,FALSE,FALSE,FALSE,FALSE
dy5000lx,10,0,1,1,"Thumbnail, Sitelinks, snip_image_thumbnail",https://220volt.com.ua/generator-benzinovij-huter-dy-5000-lx/,FALSE,FALSE,FALSE,FALSE,FALSE,FALSE
2ho,10,1,1,1,"Thumbnail, Sitelinks, snip_image_thumbnail",https://220volt.com.ua/elektrika-i-svet/nizkovoltnoe-oborudovanie/puskateli-kontaktori/puskateli/kontakty_puskateli_2ho/,FALSE,FALSE,FALSE,FALSE,FALSE,FALSE
емкость батареи это,10,10,1,1,"AI Overview, Thumbnail, also_asks, related_search, Sitelinks",https://220volt.com.ua/news/chto-takoe-emkost-akkumulyatora-metodika-ee-rascheta/,FALSE,FALSE,FALSE,FALSE,FALSE,FALSE
ибп ippon back power pro,10,3,1,1,"also_asks, Thumbnail, Sitelinks, snip_image_thumbnail",https://220volt.com.ua/ibp-ippon-new-back-power-pro-600/,FALSE,FALSE,FALSE,FALSE,FALSE,FALSE
matari md20,10,1,1,1,"Thumbnail, Sitelinks",https://220volt.com.ua/ua/generator-dizel-nij-matari-md20/,FALSE,FALSE,FALSE,FALSE,FALSE,FALSE
насос для колодца не вибрационный,10,14,1,1,"Thumbnail, also_asks, related_search, shopping_rhs, Sitelinks",https://220volt.com.ua/nasos/nasosi-dlya-vodosnabzheniya/nasosi-dlya-kolodtsev.htm,FALSE,FALSE,FALSE,FALSE,FALSE,FALSE
форт безперебійник,10,1,1,1,"Thumbnail, related_search, Sitelinks, snip_image_thumbnail",https://220volt.com.ua/ua/istochniki-besperebojnogo-pitaniya/fort/,FALSE,FALSE,FALSE,FALSE,FALSE,FALSE
pl6 c16 2,10,0,1,1,"Thumbnail, Sitelinks, snip_image_thumbnail",https://220volt.com.ua/avtomaticheskij-viklyuchatel-eaton-moeller-pl6-c16-2/,FALSE,FALSE,FALSE,FALSE,FALSE,FALSE
генератор киев цена,10,24,1,1,"also_asks, related_search, Sitelinks",https://220volt.com.ua/ua/generatory.htm,FALSE,TRUE,FALSE,FALSE,FALSE,TRUE
рубильник для света,10,14,1,1,"Thumbnail, also_asks, related_search, Sitelinks, snip_image_thumbnail",https://220volt.com.ua/elektrika-i-svet/nizkovoltnoe-oborudovanie/rubilniki.htm,FALSE,FALSE,FALSE,FALSE,FALSE,FALSE
victron mppt 75 10 smartsolar,10,0,1,1,"related_search, Thumbnail, snip_image_thumbnail, Sitelinks",https://220volt.com.ua/kontroller-dlya-solnechnoj-paneli-victron-energy-smartsolar-mppt-75-10-scc075010060r/,FALSE,FALSE,FALSE,FALSE,FALSE,FALSE
gp12800m8,10,0,1,1,"Sitelinks, snip_image_thumbnail",https://220volt.com.ua/ua/akkumulyatornaya-batareya-merlion-agm-gp12800m8-12v-80ah-2986/,FALSE,FALSE,FALSE,FALSE,FALSE,FALSE
12v 5ah f2,10,1,1,1,"Thumbnail, Sitelinks",https://220volt.com.ua/akkumulyatornaya-batareya-csb-hr1221wf2/,FALSE,FALSE,FALSE,FALSE,FALSE,FALSE
220 вольт режим работы,10,3,1,1,"related_search, also_asks, Thumbnail, Sitelinks",https://220volt.com.ua/,FALSE,FALSE,FALSE,FALSE,FALSE,FALSE
kostal piko 3.0,10,1,1,1,"Thumbnail, Sitelinks",https://220volt.com.ua/invertor-kostal-piko-3-0/,FALSE,FALSE,FALSE,FALSE,FALSE,FALSE
японские генераторы купить,10,5,1,1,Sitelinks,https://220volt.com.ua/generatory/strana_proishozhdeniya_brenda_yaponiya/,FALSE,TRUE,FALSE,FALSE,FALSE,TRUE
сетевой инвертор fronius,10,5,1,1,"related_search, Thumbnail, Sitelinks",https://220volt.com.ua/solnechnaya-energetika/solnechnye-invertory/fronius/,FALSE,FALSE,FALSE,FALSE,FALSE,FALSE
генераторы хитачи цены,10,2,1,1,"Thumbnail, also_asks, a_box_fsnippet, Sitelinks, snip_featured",https://220volt.com.ua/generatory/hitachii/,FALSE,FALSE,FALSE,FALSE,FALSE,FALSE
купить портативную электростанцию в украине,10,20,1,1,"related_search, Thumbnail, Sitelinks",https://220volt.com.ua/portativnye-zaryadnye-stantsii/portativnye-elektrostantsii.htm,FALSE,TRUE,FALSE,FALSE,FALSE,TRUE
gl1290f2,10,1,1,1,"Thumbnail, Sitelinks, snip_image_thumbnail",https://220volt.com.ua/ua/akkumulyatornaya-batareya-merlion-gl1290f2-12-v-9ah-3248/,FALSE,FALSE,FALSE,FALSE,FALSE,FALSE
тихие генераторы,10,14,1,1,"also_asks, Video preview, Sitelinks",https://220volt.com.ua/generatory/ispolnenie_generatora_v-shumopogloshchayushchem-korpuse/,FALSE,FALSE,FALSE,FALSE,FALSE,FALSE
matrix pg 6000 d silent,10,0,1,1,"Thumbnail, Sitelinks",https://220volt.com.ua/ua/generator-dizel-nij-matrix-pg-6000-d-silent/,FALSE,FALSE,FALSE,FALSE,FALSE,FALSE
стабилизатор напряжения сн 250,10,1,1,1,"Thumbnail, also_asks, Sitelinks",https://220volt.com.ua/stabilizator-napryazheniya-sinpro-oberig-sn-250/,FALSE,FALSE,FALSE,FALSE,FALSE,FALSE
homeline 800t12,10,0,1,1,"Thumbnail, Sitelinks",https://220volt.com.ua/ibp-challenger-homeline-800t12/,FALSE,FALSE,FALSE,FALSE,FALSE,FALSE
ra12,10,1,1,1,"Thumbnail, Sitelinks",https://220volt.com.ua/ua/akkumulyatornaya-batareya-ritar-ra12-40-12v-40-0ah/,FALSE,FALSE,FALSE,FALSE,FALSE,FALSE
генератор из синхронного двигателя,10,7,1,1,"AI Overview, also_asks, related_search, Thumbnail, Video preview, Sitelinks",https://220volt.com.ua/generatory/tip_alternatora_sinhronnyj/,FALSE,FALSE,FALSE,FALSE,FALSE,FALSE
csb hr 1224w f2,10,1,1,1,"Thumbnail, Sitelinks",https://220volt.com.ua/akkumulyatornaya-batareya-csb-hr1224wf2/,FALSE,FALSE,FALSE,FALSE,FALSE,FALSE
ибп 3000 вт цена,10,11,1,1,"also_asks, Thumbnail, related_search, Sitelinks, snip_image_thumbnail",https://220volt.com.ua/istochniki-besperebojnogo-pitaniya/fullpower_ibp_1001-3000/,FALSE,TRUE,FALSE,FALSE,FALSE,TRUE
moeller pf6,10,1,1,1,"Thumbnail, Sitelinks, snip_image_thumbnail",https://220volt.com.ua/ua/differentsial-noe-rele-eaton-moeller-pf6-40-4-003-286508/,FALSE,FALSE,FALSE,FALSE,FALSE,FALSE
riello vsd 2200,10,0,1,1,"Thumbnail, related_search, Sitelinks",https://220volt.com.ua/ibp-riello-vsd-2200/,FALSE,FALSE,FALSE,FALSE,TRUE,FALSE
купить ибп в стойку,10,2,1,1,"Thumbnail, Sitelinks",https://220volt.com.ua/istochniki-besperebojnogo-pitaniya/typeispolnenia_montiruemij-v-stojku/,FALSE,TRUE,FALSE,FALSE,FALSE,TRUE
ups 12360,10,1,1,1,"Thumbnail, Sitelinks, snip_image_thumbnail",https://220volt.com.ua/akkumulyatornaya-batareya-csb-ups12360/,FALSE,FALSE,FALSE,FALSE,FALSE,FALSE
авр автоматика для генератора купить,10,10,1,1,"related_search, also_asks, Thumbnail, Sitelinks",https://220volt.com.ua/avtomaticheskij-zapusk-generatora.htm,FALSE,TRUE,FALSE,FALSE,FALSE,TRUE
купить генератор с водяным охлаждением,10,2,1,1,"related_search, also_asks, Thumbnail, Sitelinks",https://220volt.com.ua/generatory/sistema_ohlagdeniya_zhidkostnoe/,FALSE,TRUE,FALSE,FALSE,FALSE,TRUE
схема стабилизатор напряжения для дома,10,3,1,1,"related_search, Thumbnail, Sitelinks, snip_image_thumbnail",https://220volt.com.ua/news/osnovnie-nyuansi-ustanovki-i-shemi-podklyucheniya-stabilizatora-napryazheniya/,FALSE,FALSE,FALSE,FALSE,FALSE,FALSE
реле контроля напряжения рн-40,10,1,1,1,"Thumbnail, Sitelinks",https://220volt.com.ua/rele-kontrolya-napryazheniya-asko-rn-40a/,FALSE,FALSE,FALSE,FALSE,FALSE,FALSE
узо дпа16 купить,10,0,1,1,"Thumbnail, Sitelinks, snip_image_thumbnail",https://220volt.com.ua/ua/adapter-s-zashchitnim-otklyucheniem-iek-uzo-dpa16-16-0-03a/,FALSE,TRUE,FALSE,FALSE,FALSE,TRUE
pkzm0 4 moeller,10,1,1,1,"Thumbnail, Sitelinks, snip_image_thumbnail",https://220volt.com.ua/avtomaticheskij-viklyuchatel-eaton-moeller-pkzm0-4-072737/,FALSE,FALSE,FALSE,FALSE,FALSE,FALSE
cerbo gx price,10,1,1,1,"Thumbnail, also_asks, Sitelinks",https://220volt.com.ua/ua/sistema-victron-energy-cerbo-gx/,FALSE,FALSE,FALSE,FALSE,FALSE,TRUE
купить аккумулятор merlion,10,2,1,1,"related_search, Thumbnail, Sitelinks, snip_image_thumbnail",https://220volt.com.ua/akkumulatornie-batarei/merlion/,FALSE,TRUE,FALSE,FALSE,FALSE,TRUE
dc12 100,10,1,1,1,"Thumbnail, Sitelinks",https://220volt.com.ua/ua/akkumulyatornaya-batareya-ritar-dc12-100-12v-100-0ah/,FALSE,FALSE,FALSE,FALSE,FALSE,FALSE
где находится магазин 220 вольт,10,4,1,1,"Thumbnail, Local pack, related_search, also_asks, Sitelinks, snip_image_thumbnail",https://220volt.com.ua/,FALSE,TRUE,FALSE,TRUE,FALSE,FALSE
трехфазный циркуляционный насос,10,1,1,1,"related_search, Sitelinks",https://220volt.com.ua/nasos/nasosi-dlya-vodosnabzheniya/tsirkulyatsionnie/kol_f_nas_trehfaznij/,FALSE,FALSE,FALSE,FALSE,FALSE,FALSE
pkzm0 20,10,0,1,1,"Thumbnail, Sitelinks",https://220volt.com.ua/avtomaticheskij-viklyuchatel-eaton-moeller-pkzm0-20-046988/,FALSE,FALSE,FALSE,FALSE,FALSE,FALSE
встроенный ибп,10,2,1,1,"Thumbnail, related_search, also_asks, Sitelinks",https://220volt.com.ua/istochniki-besperebojnogo-pitaniya/akkumulyatornaya_batareya_vstroennaya/,FALSE,FALSE,FALSE,FALSE,FALSE,FALSE
csb hr1227wf2,10,1,1,1,"shopping_rhs, Thumbnail, Sitelinks, snip_image_thumbnail",https://220volt.com.ua/akkumulyatornaya-batareya-csb-hr1227wf2/,FALSE,FALSE,FALSE,FALSE,FALSE,FALSE
самовсасывающие водяные насосы,10,12,1,1,"related_search, also_asks, Thumbnail, Sitelinks",https://220volt.com.ua/nasos/nasosi-dlya-vodosnabzheniya/tsentrobezhnie/tipvsas_samovsasivayushchie/,FALSE,FALSE,FALSE,FALSE,FALSE,FALSE
ritar rtp1200,10,0,1,1,"related_search, Thumbnail, Sitelinks",https://220volt.com.ua/ibp-ritar-rtp1200-proxima-l/,FALSE,FALSE,FALSE,FALSE,FALSE,FALSE
rt1272 12v7 2ah,10,1,1,1,"Thumbnail, Sitelinks, snip_image_thumbnail",https://220volt.com.ua/ua/akkumulyatornaya-batareya-ritar-rt1272-12v-7-2ah/,FALSE,FALSE,FALSE,FALSE,FALSE,FALSE
apc smart-ups rt 10000va,10,1,1,1,"Thumbnail, Sitelinks",https://220volt.com.ua/ibp-apc-smart-ups-rt-10000va/,FALSE,FALSE,FALSE,FALSE,FALSE,FALSE
выключатель автоматический ап50б,10,1,1,1,"AI Overview, Video preview, related_search, Sitelinks, snip_url_in_aio, snip_fqdn_in_aio",https://220volt.com.ua/avtomaticheskij-viklyuchatel-ap50b-3mt-6-3a-10in/,FALSE,FALSE,FALSE,FALSE,FALSE,FALSE
реле напряжения 10 квт,10,2,1,1,"Thumbnail, also_asks, Sitelinks, snip_image_thumbnail",https://220volt.com.ua/elektrika-i-svet/nizkovoltnoe-oborudovanie/rele-tajmeri-fotokontrolleri/rele/rele_kontrolya_napryajeniya/max_moshn_nagr_rele_napr_10-1-20/,FALSE,FALSE,FALSE,FALSE,FALSE,FALSE
tpl 121000,10,0,1,1,Sitelinks,https://220volt.com.ua/akkumulyatornaya-batareya-csb-tpl-121000/,FALSE,FALSE,FALSE,FALSE,FALSE,FALSE
аккумулятор challenger a12 100,10,2,1,1,Sitelinks,https://220volt.com.ua/akkumulyatornaya-batareya-challenger-a12-100/,FALSE,FALSE,FALSE,FALSE,FALSE,FALSE
генераторы бензиновые бесшумные,10,17,1,1,"also_asks, Thumbnail, Sitelinks",https://220volt.com.ua/generatory/ispolnenie_generatora_v-shumopogloshchayushchem-korpuse/,FALSE,FALSE,FALSE,FALSE,FALSE,FALSE
магнитный пускатель 220в цена,10,8,1,1,"also_asks, related_search, Thumbnail, Sitelinks, snip_image_thumbnail",https://220volt.com.ua/elektrika-i-svet/nizkovoltnoe-oborudovanie/puskateli-kontaktori/puskateli.htm,FALSE,TRUE,FALSE,FALSE,FALSE,TRUE
электрогенератор купить в киеве,10,16,1,1,"Local pack, related_search, also_asks, Sitelinks, snip_image_thumbnail",https://220volt.com.ua/generatory.htm,FALSE,TRUE,FALSE,FALSE,FALSE,TRUE
lp210,10,1,1,1,"Thumbnail, related_search, Sitelinks, snip_image_thumbnail",https://220volt.com.ua/ua/fotomodul-leapton-lp210-210-m-66-mh-650/,FALSE,FALSE,FALSE,FALSE,FALSE,FALSE
eco4000,10,1,1,1,"Sitelinks, snip_image_thumbnail",https://220volt.com.ua/ua/stabilizator-napryazheniya-volt-eco-4000/,FALSE,FALSE,FALSE,FALSE,FALSE,FALSE
купить низковольтное оборудование,10,1,1,1,"Thumbnail, related_search, Sitelinks",https://220volt.com.ua/elektrika-i-svet/nizkovoltnoe-oborudovanie.htm,FALSE,TRUE,FALSE,FALSE,FALSE,TRUE
pkzm0 16 moeller,10,1,1,1,"Thumbnail, Sitelinks",https://220volt.com.ua/ua/avtomaticheskij-viklyuchatel-eaton-moeller-pkzm0-16-046938/,FALSE,FALSE,FALSE,FALSE,FALSE,FALSE
q power axpert vm iv 5600 48,10,1,1,1,"Thumbnail, Sitelinks",https://220volt.com.ua/ua/invertor-q-power-axpert-vm-iv-5600/,FALSE,FALSE,FALSE,FALSE,FALSE,FALSE
источник бесперебойного питания 10000va,10,1,1,1,"also_asks, Thumbnail, Sitelinks",https://220volt.com.ua/istochniki-besperebojnogo-pitaniya/fullpower_ibp_6001-10000/,FALSE,FALSE,FALSE,FALSE,FALSE,FALSE
fg 6500e,10,3,1,1,"Thumbnail, related_search, Sitelinks",https://220volt.com.ua/ua/generator-benzinovij-forte-fg6500e/,FALSE,FALSE,FALSE,FALSE,FALSE,FALSE
dalgakiran dj 4000 dg-e,10,0,1,1,"Thumbnail, Sitelinks",https://220volt.com.ua/generator-dizel-nij-dalgakiran-dj-4000-dg-e/,FALSE,FALSE,FALSE,FALSE,FALSE,FALSE
генератор бензиновый переносной,10,12,1,1,"related_search, Thumbnail, Sitelinks",https://220volt.com.ua/generatory/tip_ustanovki_portativnie/,FALSE,FALSE,FALSE,FALSE,FALSE,FALSE
war 400a,10,0,1,1,"Thumbnail, Sitelinks",https://220volt.com.ua/ibp-powercom-war-400a-schuko/,FALSE,FALSE,FALSE,FALSE,FALSE,FALSE
агм и кислота,10,1,1,1,"also_asks, Thumbnail, related_search, Sitelinks",https://220volt.com.ua/news/kakaya-raznitsa-mezhdu-agm-gelevoj-i-obichnoj-zhidkokislotnoj-batareej/,FALSE,FALSE,FALSE,FALSE,FALSE,FALSE
типовая схема авр,10,1,1,1,"related_search, Thumbnail, Sitelinks, snip_image_thumbnail",https://220volt.com.ua/news/parametri-elektroseti-pod-polnim-kontrolem-shema-avr-na-kontaktorah/,FALSE,FALSE,FALSE,FALSE,FALSE,FALSE
максимальная мощность генератора,10,3,1,1,"Video preview, AI Overview, also_asks, Thumbnail, Sitelinks",https://220volt.com.ua/news/harakteristiki-moshchnosti-generatora/,FALSE,FALSE,FALSE,FALSE,FALSE,FALSE
электростанция переносная,10,1,1,1,"related_search, Thumbnail, Sitelinks",https://220volt.com.ua/portativnye-zaryadnye-stantsii/portativnye-elektrostantsii.htm,FALSE,FALSE,FALSE,FALSE,FALSE,FALSE
купить реле протока воды для насоса,10,5,1,1,"Local pack, related_search, Sitelinks",https://220volt.com.ua/nasos/komplektuyushchie-dlya-vodosnabzheniya-i-vodootvedeniya/tip_kompl_nasos_rele_protoka__zashchita_ot_suhogo_hoda/,FALSE,TRUE,FALSE,FALSE,FALSE,TRUE
сопутствующие товары примеры,10,1,1,1,"also_asks, Thumbnail, related_search, AI Overview, Sitelinks, snip_url_in_aio, snip_fqdn_in_aio",https://220volt.com.ua/soputstvuushie_tovari.htm,FALSE,FALSE,FALSE,FALSE,FALSE,FALSE
бесшумные электростанции,10,17,1,1,"Video preview, Thumbnail, Sitelinks",https://220volt.com.ua/generatory/ispolnenie_generatora_v-shumopogloshchayushchem-korpuse/,FALSE,FALSE,FALSE,FALSE,FALSE,FALSE
реле контроля напряжения 220,10,7,1,1,"Thumbnail, related_search, also_asks, Sitelinks, snip_image_thumbnail",https://220volt.com.ua/elektrika-i-svet/nizkovoltnoe-oborudovanie/rele-tajmeri-fotokontrolleri/rele/rele_kontrolya_napryajeniya.htm,FALSE,FALSE,FALSE,FALSE,FALSE,FALSE
дизель генератор fg wilson цена,10,2,1,1,"related_search, Thumbnail, also_asks, Sitelinks",https://220volt.com.ua/generatory/fg-wilson/,FALSE,TRUE,FALSE,FALSE,FALSE,TRUE
huter dy 6500 l,10,1,1,1,"related_search, Thumbnail, Sitelinks",https://220volt.com.ua/generator-benzinovij-huter-dy-6500-l/,FALSE,FALSE,FALSE,FALSE,FALSE,FALSE
powercom rpt 800a инструкция,10,1,1,1,"related_search, Thumbnail, Sitelinks",https://220volt.com.ua/storage/catalog_products/155209/instruction/738.pdf,FALSE,FALSE,FALSE,FALSE,FALSE,FALSE
подключение генератора к домашней сети,10,9,1,1,"also_asks, AI Overview, Video preview, Thumbnail, related_search, Sitelinks",https://220volt.com.ua/news/kak-podklyuchit-generator-k-domashnej-elektroseti-instruktsiya-po-bezopasnosti-i-tehnike/,FALSE,FALSE,FALSE,FALSE,FALSE,FALSE
ибп 3000 купить,10,9,1,1,"related_search, Thumbnail, Sitelinks",https://220volt.com.ua/istochniki-besperebojnogo-pitaniya/fullpower_ibp_1001-3000/,FALSE,TRUE,FALSE,FALSE,FALSE,TRUE
220 вольт акции,10,1,1,1,"related_search, Thumbnail, Sitelinks",https://220volt.com.ua/news/220volt/,FALSE,FALSE,FALSE,FALSE,FALSE,FALSE
msbe,10,1,1,1,"Thumbnail, Sitelinks",https://220volt.com.ua/generator-benzinovij-agt-6501-msbe/,FALSE,FALSE,FALSE,FALSE,FALSE,FALSE
какие виды компрессоров бывают,10,2,1,1,"related_search, Video preview, also_asks, Thumbnail, Sitelinks",https://220volt.com.ua/news/kompressori-tipi-osobennosti-prednaznachenie/,FALSE,FALSE,FALSE,FALSE,FALSE,FALSE
американские генераторы бензиновые,10,1,1,1,Sitelinks,https://220volt.com.ua/ua/generatory/strana_proishozhdeniya_brenda_usa/,FALSE,FALSE,FALSE,FALSE,FALSE,FALSE
ippon инструкция,10,1,1,1,"related_search, AI Overview, also_asks, Sitelinks, snip_url_in_aio, snip_fqdn_in_aio",https://220volt.com.ua/storage/catalog_products/146626/instruction/738.pdf,FALSE,FALSE,FALSE,FALSE,FALSE,FALSE
moeller pkzm0-10,10,1,1,1,Sitelinks,https://220volt.com.ua/ua/avtomaticheskij-viklyuchatel-eaton-moeller-pkzm0-10-072739/,FALSE,FALSE,FALSE,FALSE,FALSE,FALSE
бензиновый генератор huter dy6500lxw,10,1,1,1,"also_asks, Thumbnail, Sitelinks",https://220volt.com.ua/generator-benzinovij-huter-dy-6500-lxw/,FALSE,FALSE,FALSE,FALSE,FALSE,FALSE
itc power gg75ei,10,0,1,1,"Thumbnail, Sitelinks, snip_image_thumbnail",https://220volt.com.ua/generator-invertornij-itc-power-gg75ei-6807077/,FALSE,FALSE,FALSE,FALSE,FALSE,FALSE
yuasa npl65 12i,10,1,1,1,"Thumbnail, Sitelinks",https://220volt.com.ua/ua/akkumulyatornaya-batareya-yuasa-npl-65-12/,FALSE,FALSE,FALSE,FALSE,FALSE,FALSE
ml700,10,1,1,1,"Thumbnail, Sitelinks",https://220volt.com.ua/ua/ibp-general-electric-ml700/,FALSE,FALSE,FALSE,FALSE,FALSE,FALSE
низковольтное оборудование купить,10,1,1,1,"Thumbnail, AI Overview, Sitelinks",https://220volt.com.ua/elektrika-i-svet/nizkovoltnoe-oborudovanie.htm,FALSE,TRUE,FALSE,FALSE,FALSE,TRUE
rt1272,10,1,1,1,"Thumbnail, Sitelinks, snip_image_thumbnail",https://220volt.com.ua/ua/akkumulyatornaya-batareya-ritar-rt1272-12v-7-2ah/,FALSE,FALSE,FALSE,FALSE,FALSE,FALSE
стабилизатор напряжения 380 вольт 25 квт,10,5,1,1,"Thumbnail, also_asks, related_search, Sitelinks",https://220volt.com.ua/stabilizator/phases_stab_trehfaznie/,FALSE,FALSE,FALSE,FALSE,FALSE,FALSE
цены на стабилизаторы напряжения в украине,10,44,1,1,"also_asks, related_search, Thumbnail, Sitelinks",https://220volt.com.ua/stabilizator.htm,FALSE,FALSE,FALSE,FALSE,FALSE,FALSE
deca sm 1270 evo,10,1,1,1,"Thumbnail, Sitelinks",https://220volt.com.ua/zaryadnoe-ustrojstvo-deca-sm-1270-230-50-60/,FALSE,FALSE,FALSE,FALSE,FALSE,FALSE
источник бесперебойного питания 500,10,8,1,1,"related_search, also_asks, Thumbnail, Sitelinks",https://220volt.com.ua/istochniki-besperebojnogo-pitaniya/fullpower_ibp_do-500/,FALSE,FALSE,FALSE,FALSE,FALSE,FALSE
упс на акумуляторі,10,2,1,1,"related_search, Thumbnail, Sitelinks",https://220volt.com.ua/ua/istochniki-besperebojnogo-pitaniya/akkumulyatornaya_batareya_vneshnyaya/,FALSE,FALSE,FALSE,FALSE,FALSE,FALSE
генератор huter dy3000l,10,2,1,1,"Thumbnail, Sitelinks",https://220volt.com.ua/generator-benzinovij-huter-dy-3000-l/,FALSE,FALSE,FALSE,FALSE,FALSE,FALSE
handygen 2500a,10,0,1,1,"Thumbnail, Sitelinks",https://220volt.com.ua/generator-benzinovij-briggs-stratton-handy-gen-2500a/,FALSE,FALSE,FALSE,FALSE,FALSE,FALSE
75qjd110 0.25,10,1,1,1,"Thumbnail, Sitelinks, snip_image_thumbnail",https://220volt.com.ua/nasos-skvazhinnij-nasosi-plus-oborudovanie-75qjd110-0-25/,FALSE,FALSE,FALSE,FALSE,FALSE,FALSE
автоматические выключатели dc,10,4,1,1,"related_search, also_asks, Thumbnail, Sitelinks",https://220volt.com.ua/elektrika-i-svet/nizkovoltnoe-oborudovanie/avtomati/modulnie-avtomaticheskie-viklyuchateli/nazn_mod_avt_vikl_dlya-tsepej-postoyannogo-toka-dc-/,FALSE,FALSE,FALSE,FALSE,FALSE,FALSE
rt1255,10,1,1,1,"Thumbnail, Sitelinks, snip_image_thumbnail",https://220volt.com.ua/akkumulyatornaya-batareya-ritar-rt1255-12v-5-5ah-8215/,FALSE,FALSE,FALSE,FALSE,FALSE,FALSE
9sx 5000i,10,1,1,1,"AI Overview, Thumbnail, Sitelinks",https://220volt.com.ua/ibp-eaton-9sx-5000i-rt3u/,FALSE,FALSE,FALSE,FALSE,FALSE,FALSE
таймеры выключения электричества,10,25,1,1,"related_search, also_asks, Thumbnail, Video preview, Sitelinks",https://220volt.com.ua/elektrika-i-svet/nizkovoltnoe-oborudovanie/rele-tajmeri-fotokontrolleri/tajmeri.htm,FALSE,FALSE,FALSE,FALSE,FALSE,FALSE
eaton 9130 5000,10,1,1,1,"Thumbnail, Sitelinks",https://220volt.com.ua/ibp-eaton-9130-5000-va/,FALSE,FALSE,FALSE,FALSE,FALSE,FALSE
ибп back power pro 600,10,1,1,1,"Thumbnail, Sitelinks",https://220volt.com.ua/ibp-ippon-new-back-power-pro-600/,FALSE,FALSE,FALSE,FALSE,FALSE,FALSE
насос дренажный 220 вольт,10,1,1,1,"Thumbnail, also_asks, Sitelinks",https://220volt.com.ua/nasos/nasosi-dlya-vodootvedeniya/gryaznoj-vodi.htm,FALSE,FALSE,FALSE,FALSE,FALSE,FALSE
автоматы иэк каталог,10,9,1,1,"related_search, AI Overview, Sitelinks, snip_url_in_aio, snip_fqdn_in_aio",https://220volt.com.ua/information/proizvoditeli/iek/,FALSE,FALSE,FALSE,FALSE,FALSE,FALSE
fn 9000,10,1,1,1,"Thumbnail, Sitelinks",https://220volt.com.ua/ua/generator-benzinovij-fogo-fh-9000-r/,FALSE,FALSE,FALSE,FALSE,FALSE,FALSE
реле давления 220 вольт,10,3,1,1,"related_search, also_asks, Thumbnail, Sitelinks, snip_image_thumbnail",https://220volt.com.ua/nasos/komplektuyushchie-dlya-vodosnabzheniya-i-vodootvedeniya/tip_kompl_nasos_rele-davleniya/,FALSE,FALSE,FALSE,FALSE,FALSE,FALSE
устройство плавного пуска 220в,10,1,1,1,"Thumbnail, also_asks, related_search, Sitelinks",https://220volt.com.ua/preobrazovateli_chastoty_ustr_plavnogo_puska/ustrojstva-plavnogo-puska-i-tormozheniya.htm,FALSE,FALSE,FALSE,FALSE,FALSE,FALSE
бензиновый генератор europower ep 7000,10,0,1,1,"Thumbnail, Sitelinks, snip_image_thumbnail",https://220volt.com.ua/generator-benzinovij-europower-ep7000/,FALSE,FALSE,FALSE,FALSE,FALSE,FALSE
ибп с внешним автомобильным аккумулятором,10,17,1,1,"Thumbnail, shopping_top, also_asks, related_search, Sitelinks",https://220volt.com.ua/istochniki-besperebojnogo-pitaniya/akkumulyatornaya_batareya_vneshnyaya/,FALSE,FALSE,FALSE,FALSE,FALSE,FALSE
самовсасывающий поверхностный насос,10,10,1,1,"also_asks, related_search, Sitelinks, snip_image_thumbnail",https://220volt.com.ua/nasos/nasosi-dlya-vodosnabzheniya/tsentrobezhnie/tipvsas_samovsasivayushchie/,FALSE,FALSE,FALSE,FALSE,FALSE,FALSE
generac 13kw,10,1,1,1,"Thumbnail, Sitelinks",https://220volt.com.ua/ua/generator-gazovij-generac-6271-13kw/,FALSE,FALSE,FALSE,FALSE,FALSE,FALSE
солнечная система цена,10,31,1,1,"related_search, also_asks, AI Overview, Sitelinks, snip_fqdn_in_aio",https://220volt.com.ua/solnechnaya-energetika/solnechnye-elektrostantsii.htm,FALSE,TRUE,FALSE,FALSE,FALSE,TRUE
генератор stark psg 6500el,10,1,1,1,"Thumbnail, Sitelinks",https://220volt.com.ua/generator-benzinovij-stark-psg-6500el-profi/,FALSE,FALSE,FALSE,FALSE,FALSE,FALSE
ибп непрерывного действия,10,1,1,1,"also_asks, related_search, Thumbnail, Sitelinks",https://220volt.com.ua/istochniki-besperebojnogo-pitaniya/typearhetekturi_neprerivnogo-dejstviya/,FALSE,FALSE,FALSE,FALSE,FALSE,FALSE
графеновые аккумулятор,10,10,1,1,"also_asks, related_search, Video preview, AI Overview, Sitelinks, snip_url_in_aio, snip_fqdn_in_aio",https://220volt.com.ua/akkumulatornie-batarei/tip_elementa_svintsovo-uglerodnie/,FALSE,FALSE,FALSE,FALSE,FALSE,FALSE
электрические переключатели,10,8,1,1,"related_search, AI Overview, Thumbnail, also_asks, Sitelinks, snip_image_thumbnail",https://220volt.com.ua/elektrika-i-svet/nizkovoltnoe-oborudovanie/viklyuchateli-knopki-pereklyuchateli/pereklyuchateli.htm,FALSE,FALSE,FALSE,FALSE,FALSE,FALSE
чем отличаются аккумуляторы,10,17,1,1,"a_box_fsnippet, Thumbnail, related_search, also_asks, Sitelinks, snip_featured",https://220volt.com.ua/news/raznovidnosti-akkumulyatornih-batarej-soglasno-tipu-rabochih-elementov-i-naznacheniyu/,FALSE,FALSE,FALSE,FALSE,FALSE,FALSE
pramac s15000,10,0,1,1,"Thumbnail, Sitelinks, snip_image_thumbnail",https://220volt.com.ua/generator-dizel-nij-pramac-s15000/,FALSE,FALSE,FALSE,FALSE,FALSE,FALSE
купить электромагнитный пускатель в украине,10,10,1,1,"related_search, Thumbnail, Sitelinks",https://220volt.com.ua/elektrika-i-svet/nizkovoltnoe-oborudovanie/puskateli-kontaktori/puskateli.htm,FALSE,TRUE,FALSE,FALSE,FALSE,TRUE
loncin lc2000,10,1,1,1,"Thumbnail, Sitelinks",https://220volt.com.ua/generator-benzinovij-invertornij-loncin-lc-2000-i/,FALSE,FALSE,FALSE,FALSE,FALSE,FALSE
снпто 22,10,0,1,1,"Thumbnail, Sitelinks",https://220volt.com.ua/stabilizator-napryazheniya-volter-snpto-22-pt/,FALSE,FALSE,FALSE,FALSE,FALSE,FALSE
gp645,10,0,1,1,"Thumbnail, Sitelinks, snip_image_thumbnail",https://220volt.com.ua/ua/akkumulyatornaya-batareya-csb-gp645/,FALSE,FALSE,FALSE,FALSE,FALSE,FALSE
forte fgd6500e3 инструкция,10,1,1,1,"Thumbnail, Sitelinks",https://220volt.com.ua/storage/catalog_products/127597/instruction/738.pdf,FALSE,FALSE,FALSE,FALSE,FALSE,FALSE
купить узо moeller,10,0,1,1,"Thumbnail, Sitelinks",https://220volt.com.ua/ua/elektrika-i-svet/nizkovoltnoe-oborudovanie/ustrojstva-zashchitnogo-otklyucheniya-uzo-difavtomati/moeller/,FALSE,TRUE,FALSE,FALSE,FALSE,TRUE
пме 114,10,1,1,1,"Thumbnail, Sitelinks, snip_image_thumbnail",https://220volt.com.ua/puskatel-pme-114/,FALSE,FALSE,FALSE,FALSE,FALSE,FALSE
стабилизатор напряжения logicpower lph 2000rl,10,0,1,1,"Thumbnail, Sitelinks",https://220volt.com.ua/stabilizator-napryazheniya-logicpower-lph-2000rl/,FALSE,FALSE,FALSE,FALSE,FALSE,FALSE
back comfo pro 800,10,1,1,1,"related_search, Thumbnail, Sitelinks",https://220volt.com.ua/ibp-ippon-back-comfo-pro-800-black/,FALSE,FALSE,FALSE,FALSE,FALSE,FALSE
киев генераторы,10,30,1,1,"Thumbnail, also_asks, Local pack, related_search, Sitelinks, snip_image_thumbnail",https://220volt.com.ua/generatory.htm,FALSE,TRUE,FALSE,FALSE,FALSE,FALSE
клапан нз,10,1,1,1,"also_asks, Thumbnail, Sitelinks",https://220volt.com.ua/nasos/elektromagnitnie-klapani/vid_klapana_nz/,FALSE,FALSE,FALSE,FALSE,FALSE,FALSE
abb trio 20,10,0,1,1,"Thumbnail, Sitelinks, snip_image_thumbnail",https://220volt.com.ua/invertor-abb-trio-20-0-tl-outd/,FALSE,FALSE,FALSE,FALSE,FALSE,FALSE
автомат ае 2044,10,1,1,1,"Thumbnail, Sitelinks",https://220volt.com.ua/avtomaticheskij-viklyuchatel-ae-2044-20a-1r-5ka/,FALSE,FALSE,FALSE,FALSE,FALSE,FALSE
ups display,10,1,1,1,"Thumbnail, Sitelinks",https://220volt.com.ua/ua/istochniki-besperebojnogo-pitaniya/indikatsiya_ibp_lcd-displej/,FALSE,FALSE,FALSE,FALSE,FALSE,FALSE
генераторы и электростанции,10,12,1,1,"Thumbnail, also_asks, related_search, Sitelinks",https://220volt.com.ua/generatory.htm,FALSE,FALSE,FALSE,FALSE,FALSE,FALSE
hr 1224w f2,10,1,1,1,"Thumbnail, shopping_top, Sitelinks",https://220volt.com.ua/ua/akkumulyatornaya-batareya-csb-hr1224wf2/,FALSE,FALSE,FALSE,FALSE,FALSE,FALSE
koshin stv 80x,10,1,1,1,"Thumbnail, Sitelinks",https://220volt.com.ua/motopompa-koshin-stv-80x/,FALSE,FALSE,FALSE,FALSE,FALSE,FALSE
83800,10,0,1,1,"Thumbnail, Sitelinks, snip_image_thumbnail",https://220volt.com.ua/generator-benzinovij-miol-83-800/,FALSE,FALSE,FALSE,FALSE,FALSE,FALSE
220 volt интернет магазин,10,22,1,1,"Thumbnail, kn_graph_card, related_search, Sitelinks, snip_image_thumbnail",https://220volt.com.ua/ua/,FALSE,TRUE,FALSE,FALSE,FALSE,FALSE
стабилизатор напряжения 6 квт цена,10,3,1,1,"Thumbnail, also_asks, a_box_fsnippet, related_search, Sitelinks, snip_featured",https://220volt.com.ua/stabilizator/moshnost_stab_block_6/,FALSE,TRUE,FALSE,FALSE,FALSE,TRUE
vgd 1500 rm,10,0,1,1,"Thumbnail, Sitelinks, snip_image_thumbnail",https://220volt.com.ua/ua/ibp-powercom-vgd-1500-rm-2u/,FALSE,FALSE,FALSE,FALSE,FALSE,FALSE
200 volt,10,2,1,1,"related_search, also_asks, Thumbnail, Sitelinks",https://220volt.com.ua/,FALSE,FALSE,FALSE,FALSE,FALSE,FALSE
стабилизатор маленький,10,0,1,1,"related_search, also_asks, Thumbnail, Sitelinks, snip_image_thumbnail",https://220volt.com.ua/stabilizator/ispolnenie_stabilizatorov_perenosnie/,FALSE,FALSE,FALSE,FALSE,FALSE,FALSE
775319,10,0,1,1,"AI Overview, Sitelinks, snip_image_thumbnail, snip_url_in_aio, snip_fqdn_in_aio",https://220volt.com.ua/nasos-poverhnostnij-aquatica-lkj-1300s-775319/,FALSE,FALSE,FALSE,FALSE,FALSE,FALSE
стабилизатор 380 вольт,10,5,1,1,"Thumbnail, related_search, also_asks, Sitelinks",https://220volt.com.ua/stabilizator/phases_stab_trehfaznie/,FALSE,FALSE,FALSE,FALSE,FALSE,FALSE
yuasa 200ah,10,1,1,1,"Thumbnail, Sitelinks",https://220volt.com.ua/ua/akkumulyatornaya-batareya-yuasa-npl-200-6/,FALSE,FALSE,FALSE,FALSE,FALSE,FALSE
бензиновый генератор сколько стоит,10,26,1,1,"related_search, Thumbnail, also_asks, Sitelinks, snip_image_thumbnail",https://220volt.com.ua/generatory/tip_generatora_benzogeneratori/,FALSE,FALSE,FALSE,TRUE,FALSE,FALSE
072737 eaton,10,1,1,1,"Thumbnail, Sitelinks, snip_image_thumbnail",https://220volt.com.ua/ua/avtomaticheskij-viklyuchatel-eaton-moeller-pkzm0-4-072737/,FALSE,FALSE,FALSE,FALSE,FALSE,FALSE
генераторы япония,10,5,1,1,"also_asks, Sitelinks",https://220volt.com.ua/generatory/strana_proishozhdeniya_brenda_yaponiya/,FALSE,FALSE,FALSE,FALSE,FALSE,FALSE
victron phoenix 12 250,10,1,1,1,"shopping_rhs, related_search, Thumbnail, Sitelinks",https://220volt.com.ua/invertor-victron-energy-phoenix-inverter-ve-direct-12-250/,FALSE,FALSE,FALSE,FALSE,FALSE,FALSE
узо moeller,10,2,1,1,"Video preview, Thumbnail, also_asks, related_search, Sitelinks, snip_image_thumbnail",https://220volt.com.ua/elektrika-i-svet/nizkovoltnoe-oborudovanie/ustrojstva-zashchitnogo-otklyucheniya-uzo-difavtomati/moeller/,FALSE,FALSE,FALSE,FALSE,FALSE,FALSE
стабилизатор снпто,10,1,1,1,"also_asks, Thumbnail, Sitelinks",https://220volt.com.ua/stabilizator-napryazheniya-volter-snpto-9-u/,FALSE,FALSE,FALSE,FALSE,FALSE,FALSE
реле переменного тока 220в,10,5,1,1,"also_asks, Thumbnail, related_search, Sitelinks, snip_image_thumbnail",https://220volt.com.ua/elektrika-i-svet/nizkovoltnoe-oborudovanie/rele-tajmeri-fotokontrolleri/rele/promejutochnie_rele.htm,FALSE,FALSE,FALSE,FALSE,FALSE,FALSE
general electric vh 1000,10,1,1,1,"Thumbnail, Sitelinks",https://220volt.com.ua/ua/ibp-general-electric-vh-1000/,FALSE,FALSE,FALSE,FALSE,FALSE,FALSE
rt1245,10,0,1,1,Sitelinks,https://220volt.com.ua/akkumulyatornaya-batareya-ritar-rt1245-12v-4-5ah/,FALSE,FALSE,FALSE,FALSE,FALSE,FALSE
powercom kin 525a,10,1,1,1,"Thumbnail, related_search, Sitelinks",https://220volt.com.ua/ibp-powercom-kin-525a/,FALSE,FALSE,FALSE,FALSE,FALSE,FALSE
ибп плюс аккумулятор,10,17,1,1,"related_search, also_asks, Thumbnail, Sitelinks",https://220volt.com.ua/istochniki-besperebojnogo-pitaniya/akkumulyatornaya_batareya_vneshnyaya/,FALSE,FALSE,FALSE,FALSE,FALSE,FALSE
инверторный генератор автозапуск,10,1,1,1,"Thumbnail, Sitelinks",https://220volt.com.ua/generatory/start_type_avtomatika/,FALSE,FALSE,FALSE,FALSE,FALSE,FALSE
skp 1000a,10,1,1,1,"Thumbnail, Sitelinks",https://220volt.com.ua/ibp-powercom-skp-1000a/,FALSE,FALSE,FALSE,FALSE,FALSE,FALSE
hrl 634w,10,0,1,1,"Thumbnail, Sitelinks, snip_image_thumbnail",https://220volt.com.ua/akkumulyatornaya-batareya-csb-hrl634wf2/,FALSE,FALSE,FALSE,FALSE,FALSE,FALSE
генератор туристичний,10,1,1,1,"Thumbnail, Sitelinks",https://220volt.com.ua/ua/generatory/optimal_gen_turizma/,FALSE,FALSE,FALSE,FALSE,FALSE,FALSE
солнечная система под ключ,10,8,1,1,"ads_bot, related_search, Sitelinks",https://220volt.com.ua/solnechnaya-energetika/solnechnye-elektrostantsii.htm,FALSE,FALSE,FALSE,FALSE,FALSE,FALSE
dj 20,10,0,1,1,"Thumbnail, map, Sitelinks",https://220volt.com.ua/generator-dizelnyi-dalgakiran-dj-20-bd/,FALSE,FALSE,FALSE,FALSE,FALSE,FALSE
yuasa swl 1850,10,0,1,1,"Thumbnail, Sitelinks",https://220volt.com.ua/akkumulyatornaya-batareya-yuasa-swl-1850/,FALSE,FALSE,FALSE,FALSE,FALSE,FALSE
трансформатор 220 14в,10,1,1,1,"Sitelinks, snip_image_thumbnail",https://220volt.com.ua/ua/transformator-upp-utos-osm-1-0-1-220-14/,FALSE,FALSE,FALSE,FALSE,FALSE,FALSE
таймер включения выключения,10,25,1,1,"related_search, also_asks, Thumbnail, Sitelinks",https://220volt.com.ua/elektrika-i-svet/nizkovoltnoe-oborudovanie/rele-tajmeri-fotokontrolleri/tajmeri.htm,FALSE,FALSE,FALSE,FALSE,FALSE,FALSE
генератор бензиновый портативный,10,14,1,1,"Thumbnail, related_search, Sitelinks",https://220volt.com.ua/generatory/tip_ustanovki_portativnie/,FALSE,FALSE,FALSE,FALSE,FALSE,FALSE
challenger homeline 1500t24,10,0,1,1,"Thumbnail, Sitelinks",https://220volt.com.ua/ibp-challenger-homeline-1500t24/,FALSE,FALSE,FALSE,FALSE,FALSE,FALSE
master apc,10,1,1,1,"Thumbnail, related_search, Sitelinks",https://220volt.com.ua/ibp-apc-back-ups-rs-lcd-550-master-control/,FALSE,FALSE,FALSE,FALSE,FALSE,FALSE
ибп 10 ква,10,5,1,1,"Thumbnail, Sitelinks",https://220volt.com.ua/istochniki-besperebojnogo-pitaniya/fullpower_ibp_svishe-10000/,FALSE,FALSE,FALSE,FALSE,FALSE,FALSE
fg2500,10,1,1,1,"Thumbnail, Sitelinks, snip_image_thumbnail",https://220volt.com.ua/generator-benzinovij-forte-fg2500/,FALSE,FALSE,FALSE,FALSE,FALSE,FALSE
снпто 14 ш,10,0,1,1,"Thumbnail, Sitelinks",https://220volt.com.ua/stabilizator-napryazheniya-volter-snpto-14-sh/,FALSE,FALSE,FALSE,FALSE,FALSE,FALSE
netys pr,10,1,1,1,"Thumbnail, Sitelinks, snip_image_thumbnail",https://220volt.com.ua/ibp-socomec-netys-pr-mt1500va/,FALSE,FALSE,FALSE,FALSE,FALSE,FALSE
sdmo weldarc 220 te xl c,10,0,1,1,"Thumbnail, Sitelinks",https://220volt.com.ua/ua/generator-benzinovij-sdmo-weldarc-220-te-xl-c/,FALSE,FALSE,FALSE,FALSE,FALSE,FALSE
ventura аккумулятор,10,6,1,1,"related_search, Sitelinks",https://220volt.com.ua/akkumulatornie-batarei/ventura/,FALSE,FALSE,FALSE,FALSE,FALSE,FALSE
снпто 14 пт,10,1,1,1,"Thumbnail, Sitelinks",https://220volt.com.ua/ua/stabilizator-napryazheniya-volter-snpto-14-pt/,FALSE,FALSE,FALSE,FALSE,FALSE,FALSE
167678,10,0,1,1,"Thumbnail, Sitelinks",https://220volt.com.ua/rele-vremeni-novatek-rev-114/,FALSE,FALSE,FALSE,FALSE,FALSE,FALSE
снпто 5 5,10,1,1,1,"Thumbnail, Sitelinks",https://220volt.com.ua/stabilizator-napryazheniya-volter-snpto-5-5-u/,FALSE,FALSE,FALSE,FALSE,FALSE,FALSE
купить электрогенератор киев,10,31,1,1,"related_search, Sitelinks",https://220volt.com.ua/generatory.htm,FALSE,TRUE,FALSE,FALSE,FALSE,TRUE
упс с выносным аккумулятором,10,27,1,1,"Thumbnail, Sitelinks",https://220volt.com.ua/istochniki-besperebojnogo-pitaniya/akkumulyatornaya_batareya_vneshnyaya/,FALSE,FALSE,FALSE,FALSE,FALSE,FALSE
220 volt 220 volt,10,18,1,1,"related_search, Thumbnail, Video preview, Sitelinks",https://220volt.com.ua/ua/,FALSE,FALSE,FALSE,FALSE,FALSE,FALSE
котел упс,10,7,1,1,"related_search, Thumbnail, Sitelinks",https://220volt.com.ua/ua/istochniki-besperebojnogo-pitaniya/opt_reshenie_ibp_sistem-otopleniya/,FALSE,FALSE,FALSE,FALSE,FALSE,FALSE
насос фекальный мощный,10,8,1,1,"related_search, also_asks, Thumbnail, Sitelinks",https://220volt.com.ua/nasos/nasosi-dlya-vodootvedeniya/fekalnih-stokov/moshnost_nasosa_fekalnogo_do-5/,FALSE,FALSE,FALSE,FALSE,FALSE,FALSE
бензиновые генераторы 380в,10,1,1,1,"related_search, Thumbnail, Sitelinks",https://220volt.com.ua/generatory/faznost_generatorov_3/,FALSE,FALSE,FALSE,FALSE,FALSE,FALSE
ибп eaton 5110,10,2,1,1,"related_search, Thumbnail, Sitelinks",https://220volt.com.ua/ibp-eaton-5110-700-va/,FALSE,FALSE,FALSE,FALSE,FALSE,FALSE
автоматический запуск генератора при отключении электричества,10,3,1,1,"related_search, also_asks, Thumbnail, Sitelinks",https://220volt.com.ua/news/sistemi-avtozapuska/,FALSE,FALSE,FALSE,FALSE,FALSE,FALSE
тяговые батареи цена,10,16,1,1,"a_box_fsnippet, related_search, Thumbnail, Sitelinks, snip_featured",https://220volt.com.ua/akkumulatornie-batarei/tip_elementa_tyagovie/,FALSE,TRUE,FALSE,FALSE,FALSE,TRUE
лампочки неоновые,10,15,1,1,"also_asks, related_search, Thumbnail, Sitelinks, snip_image_thumbnail",https://220volt.com.ua/elektrika-i-svet/nizkovoltnoe-oborudovanie/svetosignalnaya-apparatura/istochnik_sveta_neon/,FALSE,FALSE,FALSE,FALSE,FALSE,FALSE
ибп smart winner 3000,10,1,1,1,"Thumbnail, Sitelinks",https://220volt.com.ua/ibp-ippon-smart-winner-3000/,FALSE,FALSE,FALSE,FALSE,FALSE,FALSE
eaton pf6 25 2 03,10,0,1,1,"Thumbnail, Sitelinks, snip_image_thumbnail",https://220volt.com.ua/differentsial-noe-rele-eaton-moeller-pf6-25-2-03-286494/,FALSE,FALSE,FALSE,FALSE,FALSE,FALSE
ups 24v 220v,10,0,1,1,"Thumbnail, shopping_top, also_asks, related_search, Sitelinks",https://220volt.com.ua/istochniki-besperebojnogo-pitaniya/voltaj_batarei_24-v/,FALSE,FALSE,FALSE,FALSE,FALSE,FALSE
солнечная электростанция киев,10,4,1,1,"kn_graph_local, Thumbnail, related_search, Sitelinks, snip_image_thumbnail",https://220volt.com.ua/solnechnaya-energetika/solnechnye-elektrostantsii.htm,FALSE,TRUE,FALSE,FALSE,FALSE,FALSE
счетчик электрический энергомера,10,4,1,1,"also_asks, related_search, Sitelinks",https://220volt.com.ua/pribori-dlya-kontrolya-i-izmereniya/schetchiki/schetchiki-elektricheskoj-energii/energomera/,FALSE,FALSE,FALSE,FALSE,FALSE,FALSE
stark lpg 6000 profi,10,0,1,1,"Thumbnail, Sitelinks",https://220volt.com.ua/generator-gazovij-stark-lpg-6000/,FALSE,FALSE,FALSE,FALSE,FALSE,FALSE
рзв 4,10,1,1,1,"Thumbnail, Sitelinks, snip_image_thumbnail",https://220volt.com.ua/rele-zashchitnogo-viklyucheniya-promfaktor-rzv-4-4p-40-0-1/,FALSE,FALSE,FALSE,FALSE,FALSE,FALSE
apc smart ups rt 10000,10,1,1,1,"Thumbnail, Sitelinks",https://220volt.com.ua/ua/ibp-apc-smart-ups-rt-10000va/,FALSE,FALSE,FALSE,FALSE,FALSE,FALSE
купить в украине стабилизатор напряжения для дома,10,18,1,1,"related_search, Sitelinks",https://220volt.com.ua/stabilizator.htm,FALSE,TRUE,FALSE,FALSE,FALSE,TRUE
4 вольт,10,18,1,1,"Thumbnail, AI Overview, related_search, also_asks, Sitelinks",https://220volt.com.ua/akkumulatornie-batarei/napryagenie_batarei_block_4/,FALSE,FALSE,FALSE,FALSE,FALSE,FALSE
powercom tca 2000 цена,10,1,1,1,"AI Overview, Sitelinks",https://220volt.com.ua/stabilizator-napryazheniya-powercom-tca-2000/,FALSE,TRUE,FALSE,FALSE,FALSE,TRUE
md120,10,0,1,1,"Thumbnail, Sitelinks",https://220volt.com.ua/generator-dizel-nij-matari-md120/,FALSE,FALSE,FALSE,FALSE,FALSE,FALSE
станция 40,10,1,1,1,"Thumbnail, related_search, kn_graph_local, Sitelinks, snip_image_thumbnail",https://220volt.com.ua/setevaya-solnechnaya-stantsiya-40-kvt-220volt/,FALSE,FALSE,FALSE,FALSE,FALSE,FALSE
генераторы хитачи цена,10,3,1,1,"a_box_fsnippet, Thumbnail, Sitelinks, snip_featured",https://220volt.com.ua/generatory/hitachii/,FALSE,TRUE,FALSE,FALSE,FALSE,TRUE
sdmo ranger 2500,10,0,1,1,"Thumbnail, Sitelinks",https://220volt.com.ua/generator-benzinovij-sdmo-ranger-2500/,FALSE,FALSE,FALSE,FALSE,FALSE,FALSE
звонок 24 вольта,10,1,1,1,"Thumbnail, Sitelinks",https://220volt.com.ua/zvonok-na-din-rejku-promfaktor-fbe-24v/,FALSE,FALSE,FALSE,FALSE,FALSE,FALSE
система отопления теплые полы,10,7,1,1,"related_search, a_box_fsnippet, also_asks, Sitelinks, snip_featured, snip_image_thumbnail",https://220volt.com.ua/news/kak-rabotaet-teplyj-pol-vse-chto-nuzhno-znat-o-sovremennoj-sisteme-otopleniya/,FALSE,FALSE,FALSE,FALSE,FALSE,FALSE
реле контроля напряжения купить в украине,10,43,1,1,"related_search, Sitelinks",https://220volt.com.ua/elektrika-i-svet/nizkovoltnoe-oborudovanie/rele-tajmeri-fotokontrolleri/rele/rele_kontrolya_napryajeniya.htm,FALSE,TRUE,FALSE,FALSE,FALSE,TRUE
back power pro 600,10,1,1,1,"Thumbnail, Sitelinks",https://220volt.com.ua/ua/ibp-ippon-new-back-power-pro-600/,FALSE,FALSE,FALSE,FALSE,FALSE,FALSE
акб гель купить,10,37,1,1,"Thumbnail, also_asks, related_search, Sitelinks, snip_image_thumbnail",https://220volt.com.ua/akkumulatornie-batarei/tip_elementa_gelevie/,FALSE,TRUE,FALSE,FALSE,FALSE,TRUE
220 вольт официальный сайт,10,2,1,1,"related_search, Thumbnail, Sitelinks",https://220volt.com.ua/,FALSE,FALSE,TRUE,FALSE,FALSE,FALSE
dd9,10,1,1,1,"kn_graph_card, Thumbnail, Sitelinks, snip_image_thumbnail",https://220volt.com.ua/ua/ogranichitel-perenapryazhenij-uzip-saltek-rs-dl-rs-dd9/,FALSE,FALSE,FALSE,FALSE,FALSE,FALSE
m1 200,10,1,1,1,"Thumbnail, related_search, Sitelinks, snip_image_thumbnail",https://220volt.com.ua/ua/stabilizator-napryazheniya-reta-strong-200/,FALSE,FALSE,FALSE,FALSE,FALSE,FALSE
pkzm4 50,10,1,1,1,Sitelinks,https://220volt.com.ua/ua/avtomaticheskij-viklyuchatel-eaton-moeller-pkzm4-50-222355/,FALSE,FALSE,FALSE,FALSE,FALSE,FALSE
huter dy6500l,10,1,1,1,"Thumbnail, related_search, Sitelinks",https://220volt.com.ua/ua/generator-benzinovij-huter-dy-6500-l/,FALSE,FALSE,FALSE,FALSE,FALSE,FALSE
погружной насос с защитой от сухого хода,10,1,1,1,"Thumbnail, related_search, also_asks, Sitelinks",https://220volt.com.ua/nasos/nasosi-dlya-vodosnabzheniya/skvazhinnie-nasosi/zash_nas_est/,FALSE,FALSE,FALSE,FALSE,FALSE,FALSE
lorenz electric ли 1000с,10,0,1,1,"Thumbnail, shopping_top, Sitelinks",https://220volt.com.ua/invertor-lorenz-electric-li-1000s/,FALSE,FALSE,FALSE,FALSE,FALSE,FALSE
таймер на электроприборы,10,25,1,1,"related_search, also_asks, Thumbnail, Sitelinks",https://220volt.com.ua/elektrika-i-svet/nizkovoltnoe-oborudovanie/rele-tajmeri-fotokontrolleri/tajmeri.htm,FALSE,FALSE,FALSE,FALSE,FALSE,FALSE
купить узо 20а,10,4,1,1,"Thumbnail, also_asks, Local pack, Sitelinks",https://220volt.com.ua/elektrika-i-svet/nizkovoltnoe-oborudovanie/ustrojstva-zashchitnogo-otklyucheniya-uzo-difavtomati/tok_v_uzo_20-a/,FALSE,TRUE,FALSE,FALSE,FALSE,TRUE
нидл,10,1,1,1,"related_search, Thumbnail, Sitelinks, snip_image_thumbnail",https://220volt.com.ua/nasos/nasosi-dlya-vodosnabzheniya/skvazhinnie-nasosi/needle/,FALSE,FALSE,FALSE,FALSE,FALSE,FALSE
бензиновый генератор huter dy6500l,10,1,1,1,"related_search, Sitelinks",https://220volt.com.ua/generator-benzinovij-huter-dy-6500-l/,FALSE,FALSE,FALSE,FALSE,FALSE,FALSE
где можно купить аккумуляторные батареи,10,45,1,1,"Thumbnail, also_asks, Local pack, related_search, Sitelinks, snip_image_thumbnail",https://220volt.com.ua/akkumulatornie-batarei.htm,FALSE,TRUE,FALSE,TRUE,FALSE,TRUE
ge ибп,10,1,1,1,"related_search, also_asks, Thumbnail, Sitelinks",https://220volt.com.ua/istochniki-besperebojnogo-pitaniya/general-electric/,FALSE,FALSE,FALSE,FALSE,FALSE,FALSE
525a,10,1,1,1,"related_search, Thumbnail, Sitelinks, snip_image_thumbnail",https://220volt.com.ua/ibp-powercom-kin-525a/,FALSE,FALSE,FALSE,FALSE,FALSE,FALSE
csb gp 1245 f2,10,1,1,1,"Thumbnail, Sitelinks",https://220volt.com.ua/akkumulyatornaya-batareya-csb-gp1245-0/,FALSE,FALSE,FALSE,FALSE,FALSE,FALSE
loncin lc 2000,10,1,1,1,"Thumbnail, Sitelinks",https://220volt.com.ua/ua/generator-benzinovij-invertornij-loncin-lc-2000-i/,FALSE,FALSE,FALSE,FALSE,FALSE,FALSE
стабилизатор напряжения 220в для дома цена,10,8,1,1,"also_asks, Thumbnail, related_search, Sitelinks",https://220volt.com.ua/stabilizator/phases_stab_odnofaznie/,FALSE,TRUE,FALSE,FALSE,FALSE,TRUE
актиon зу 12 5000,10,1,1,1,"related_search, shopping_rhs, Thumbnail, Sitelinks",https://220volt.com.ua/ua/zaryadnoe-ustrojstvo-aktion-zu-12-5000/,FALSE,FALSE,FALSE,FALSE,FALSE,FALSE
стабилизатор 380 220,10,5,1,1,"Thumbnail, also_asks, related_search, Sitelinks",https://220volt.com.ua/stabilizator/phases_stab_trehfaznie/,FALSE,FALSE,FALSE,FALSE,FALSE,FALSE
ups apc sua2200i,10,1,1,1,"Thumbnail, Sitelinks",https://220volt.com.ua/ua/ibp-apc-sua2200i/,FALSE,FALSE,FALSE,FALSE,FALSE,FALSE
скидки в 220 вольт,10,0,1,1,"Thumbnail, Sitelinks",https://220volt.com.ua/rasprodaga.htm,FALSE,FALSE,FALSE,FALSE,FALSE,FALSE
dc12 150,10,0,1,1,"Thumbnail, shopping_top, Sitelinks",https://220volt.com.ua/ua/akkumulyatornaya-batareya-ritar-dc12-150-12v-150ah-9843/,FALSE,FALSE,FALSE,FALSE,FALSE,FALSE
vm 5000,10,1,1,1,"Thumbnail, Sitelinks",https://220volt.com.ua/ua/invertor-q-power-axpert-vm-iii-5000-48-5000vt-48v/,FALSE,FALSE,FALSE,FALSE,FALSE,FALSE
генератор forte fg8000e,10,1,1,1,"related_search, shopping_top, Sitelinks",https://220volt.com.ua/generator-benzinovij-forte-fg8000e/,FALSE,FALSE,FALSE,FALSE,FALSE,FALSE
dsk8,10,0,1,1,"Thumbnail, AI Overview, Sitelinks, snip_image_thumbnail",https://220volt.com.ua/ua/kontroller-davleniya-elektronnij-wetron-dsk8-1-779755/,FALSE,FALSE,FALSE,FALSE,FALSE,FALSE
автоматика переключения на генератор,10,9,1,1,"AI Overview, related_search, also_asks, Video preview, Sitelinks",https://220volt.com.ua/avtomaticheskij-zapusk-generatora.htm,FALSE,FALSE,FALSE,FALSE,FALSE,FALSE
струм стабилизатор,10,2,1,1,"Thumbnail, related_search, Sitelinks, snip_image_thumbnail",https://220volt.com.ua/stabilizator/strum/,FALSE,FALSE,FALSE,FALSE,FALSE,FALSE
стабилизатор напряжения на стену,10,5,1,1,"Video preview, also_asks, Thumbnail, related_search, Sitelinks",https://220volt.com.ua/stabilizator/ispolnenie_stabilizatorov_navesnie/,FALSE,FALSE,FALSE,FALSE,FALSE,FALSE
ceme клапан электромагнитный,10,1,1,1,"Thumbnail, Sitelinks",https://220volt.com.ua/nasos/elektromagnitnie-klapani/ceme/,FALSE,FALSE,FALSE,FALSE,FALSE,FALSE
генератор на 380в цена,10,9,1,1,"related_search, also_asks, Thumbnail, Sitelinks, snip_image_thumbnail",https://220volt.com.ua/generatory/faznost_generatorov_3/,FALSE,TRUE,FALSE,FALSE,FALSE,TRUE
струм стр 500,10,0,1,1,"also_asks, Thumbnail, Sitelinks, snip_image_thumbnail",https://220volt.com.ua/stabilizator-napryazheniya-strum-str-500/,FALSE,FALSE,FALSE,FALSE,FALSE,FALSE
реле давления на водяной насос,10,27,1,1,"related_search, Thumbnail, also_asks, shopping_rhs, Video preview, Sitelinks",https://220volt.com.ua/nasos/komplektuyushchie-dlya-vodosnabzheniya-i-vodootvedeniya/tip_kompl_nasos_rele-davleniya/,FALSE,FALSE,FALSE,FALSE,FALSE,FALSE
p275h 2,10,0,1,1,"Thumbnail, Sitelinks, snip_image_thumbnail",https://220volt.com.ua/generator-dizel-nij-fg-wilson-p275h-2-0/,FALSE,FALSE,FALSE,FALSE,FALSE,FALSE
homepro 3000,10,0,1,1,"Thumbnail, shopping_rhs, Sitelinks, snip_image_thumbnail",https://220volt.com.ua/ua/ibp-challenger-homepro-3000/,FALSE,FALSE,FALSE,FALSE,FALSE,FALSE
ибп 10000 вт,10,1,1,1,"Thumbnail, also_asks, Sitelinks",https://220volt.com.ua/istochniki-besperebojnogo-pitaniya/fullpower_ibp_6001-10000/,FALSE,FALSE,FALSE,FALSE,FALSE,FALSE
циркуляционный насос 2,10,1,1,1,"also_asks, Thumbnail, Sitelinks",https://220volt.com.ua/nasos/nasosi-dlya-vodosnabzheniya/tsirkulyatsionnie/diametr_patrub_nas_2/,FALSE,FALSE,FALSE,FALSE,FALSE,FALSE
pkzm0 25 moeller,10,1,1,1,"Thumbnail, Sitelinks",https://220volt.com.ua/ua/avtomaticheskij-viklyuchatel-eaton-moeller-pkzm0-25-046989/,FALSE,FALSE,FALSE,FALSE,FALSE,FALSE
контроллер напряжения сетевого питания,10,13,1,1,"Video preview, Thumbnail, related_search, also_asks, Sitelinks",https://220volt.com.ua/elektrika-i-svet/nizkovoltnoe-oborudovanie/rele-tajmeri-fotokontrolleri/rele/rele_kontrolya_napryajeniya.htm,FALSE,FALSE,FALSE,FALSE,FALSE,FALSE
le dg,10,0,1,1,"Thumbnail, Sitelinks",https://220volt.com.ua/ua/generator-dizel-nij-stark-dg-6500-le/,FALSE,FALSE,FALSE,FALSE,FALSE,FALSE
выпрямитель 380 вольт,10,5,1,1,"related_search, also_asks, Thumbnail, Sitelinks",https://220volt.com.ua/stabilizator/phases_stab_trehfaznie/,FALSE,FALSE,FALSE,FALSE,FALSE,FALSE
40 ip,10,0,1,1,"also_asks, Thumbnail, Sitelinks, snip_image_thumbnail",https://220volt.com.ua/elektrika-i-svet/nizkovoltnoe-oborudovanie/rele-tajmeri-fotokontrolleri/rele/promejutochnie_rele/stepen_zaschiti_rele_ip-40/,FALSE,FALSE,FALSE,FALSE,FALSE,FALSE
половое отопление,10,6,1,1,"AI Overview, related_search, also_asks, Video preview, Thumbnail, Sitelinks, snip_url_in_aio, snip_fqdn_in_aio",https://220volt.com.ua/news/kak-rabotaet-teplyj-pol-vse-chto-nuzhno-znat-o-sovremennoj-sisteme-otopleniya/,FALSE,FALSE,FALSE,FALSE,FALSE,FALSE
nik dg 5000,10,1,1,1,"Thumbnail, Sitelinks",https://220volt.com.ua/ua/generator-dizel-nij-nik-dg5000/,FALSE,FALSE,FALSE,FALSE,FALSE,FALSE
286535,10,1,1,1,"Thumbnail, Sitelinks, snip_image_thumbnail",https://220volt.com.ua/avtomaticheskij-viklyuchatel-eaton-moeller-pl6-c25-1-286535/,FALSE,FALSE,FALSE,FALSE,FALSE,FALSE
портативні електростанції для дому,10,18,1,1,"Video preview, related_search, Sitelinks",https://220volt.com.ua/ua/portativnye-zaryadnye-stantsii/portativnye-elektrostantsii.htm,FALSE,FALSE,FALSE,FALSE,FALSE,FALSE
orion tr smart 12 12 18,10,1,1,1,"related_search, Thumbnail, Sitelinks",https://220volt.com.ua/zaryadnoe-ustrojstvo-victron-energy-orion-tr-smart-12-12-18-220w-isolated-ori121222120/,FALSE,FALSE,FALSE,FALSE,FALSE,FALSE
солнечные батареи на окна купить,10,20,1,1,"Thumbnail, related_search, also_asks, Sitelinks",https://220volt.com.ua/solnechnaya-energetika/solnechnye-paneli-batarei/naznachenie_dlya_fotomoduli__okna/,FALSE,TRUE,FALSE,FALSE,FALSE,TRUE
bnt 400,10,1,1,1,"Thumbnail, Sitelinks",https://220volt.com.ua/ua/ibp-powercom-bnt-400a/,FALSE,FALSE,FALSE,FALSE,FALSE,FALSE
line 2000,10,1,1,1,"Thumbnail, AI Overview, Sitelinks, snip_image_thumbnail",https://220volt.com.ua/ibp-pulsar-ecoline-2000-led/,FALSE,FALSE,FALSE,FALSE,FALSE,FALSE
аккумулятор купить гелевый,10,37,1,1,"related_search, Thumbnail, Sitelinks, snip_image_thumbnail",https://220volt.com.ua/akkumulatornie-batarei/tip_elementa_gelevie/,FALSE,TRUE,FALSE,FALSE,FALSE,TRUE
fronius инвертор,10,3,1,1,"Video preview, related_search, Sitelinks",https://220volt.com.ua/ua/inverter/fronius/,FALSE,FALSE,FALSE,FALSE,FALSE,FALSE
ибп свен 500,10,2,1,1,"Thumbnail, Sitelinks",https://220volt.com.ua/ibp-sven-reserve-home-500/,FALSE,FALSE,FALSE,FALSE,FALSE,FALSE
ykm40 1884 54,10,1,1,1,"Thumbnail, Sitelinks, snip_image_thumbnail",https://220volt.com.ua/korpus-metallicheskij-iek-shchmp-18-8-4-0-74-u2/,FALSE,FALSE,FALSE,FALSE,FALSE,FALSE
генератор киеве купить,10,27,1,1,"Local pack, also_asks, related_search, Sitelinks",https://220volt.com.ua/generatory.htm,FALSE,TRUE,FALSE,FALSE,FALSE,TRUE
инверторный генератор с правильной синусоидой,10,1,1,1,"related_search, also_asks, Sitelinks",https://220volt.com.ua/generatory/osnaschenie_generatora_s-pravilnoj-sinusoidoj/,FALSE,FALSE,FALSE,FALSE,FALSE,FALSE
аккумуляторные батареи 220 вольт,10,17,1,1,"related_search, also_asks, Sitelinks",https://220volt.com.ua/akkumulatornie-batarei.htm,FALSE,FALSE,FALSE,FALSE,FALSE,FALSE
переносные узо,10,1,1,1,"Thumbnail, related_search, also_asks, Sitelinks, snip_image_thumbnail",https://220volt.com.ua/elektrika-i-svet/nizkovoltnoe-oborudovanie/ustrojstva-zashchitnogo-otklyucheniya-uzo-difavtomati.htm,FALSE,FALSE,FALSE,FALSE,FALSE,FALSE
262705,10,0,1,1,"kn_graph_card, Thumbnail, Sitelinks, snip_image_thumbnail",https://220volt.com.ua/avtomaticheskij-viklyuchatel-eaton-moeller-pl7-c20-1-262705/,FALSE,FALSE,FALSE,FALSE,FALSE,FALSE
где купить реле напряжения,10,40,1,1,"related_search, also_asks, Local pack, Thumbnail, Sitelinks, snip_image_thumbnail",https://220volt.com.ua/elektrika-i-svet/nizkovoltnoe-oborudovanie/rele-tajmeri-fotokontrolleri/rele/rele_kontrolya_napryajeniya.htm,FALSE,TRUE,FALSE,TRUE,FALSE,TRUE
реле контроля уровня напряжения,10,2,1,1,"Thumbnail, also_asks, related_search, Sitelinks, snip_image_thumbnail",https://220volt.com.ua/elektrika-i-svet/nizkovoltnoe-oborudovanie/rele-tajmeri-fotokontrolleri/rele/rele_kontrolya_napryajeniya.htm,FALSE,FALSE,FALSE,FALSE,FALSE,FALSE
yuasa npl 200 6,10,1,1,1,"shopping_rhs, Thumbnail, also_asks, Sitelinks",https://220volt.com.ua/akkumulyatornaya-batareya-yuasa-npl-200-6/,FALSE,FALSE,FALSE,FALSE,FALSE,FALSE
в чем измеряется емкость аккумуляторной батареи,10,1,1,1,"related_search, Thumbnail, a_box_fsnippet, also_asks, Sitelinks, snip_featured",https://220volt.com.ua/news/chto-takoe-emkost-akkumulyatora-metodika-ee-rascheta/,FALSE,FALSE,FALSE,FALSE,FALSE,FALSE
корпус щита,10,1,1,1,"related_search, also_asks, Thumbnail, Sitelinks, snip_image_thumbnail",https://220volt.com.ua/elektrika-i-svet/shitovoe/shchiti.htm,FALSE,FALSE,FALSE,FALSE,FALSE,FALSE
стабилизатор напряжения 380 для дома,10,7,1,1,"Thumbnail, related_search, Sitelinks",https://220volt.com.ua/stabilizator/phases_stab_trehfaznie/,FALSE,FALSE,FALSE,FALSE,FALSE,FALSE
tca 200,10,1,1,1,"Thumbnail, Sitelinks",https://220volt.com.ua/stabilizator-napryazheniya-powercom-tca-2000/,FALSE,FALSE,FALSE,FALSE,FALSE,FALSE
таймер выключатель света,10,11,1,1,"Thumbnail, related_search, also_asks, Sitelinks",https://220volt.com.ua/elektrika-i-svet/nizkovoltnoe-oborudovanie/rele-tajmeri-fotokontrolleri/tajmeri.htm,FALSE,FALSE,FALSE,FALSE,FALSE,FALSE
таймеры включения света,10,18,1,1,"also_asks, Thumbnail, related_search, Sitelinks",https://220volt.com.ua/elektrika-i-svet/nizkovoltnoe-oborudovanie/rele-tajmeri-fotokontrolleri/tajmeri.htm,FALSE,FALSE,FALSE,FALSE,FALSE,FALSE
honda scr,10,1,1,1,"Thumbnail, Sitelinks, snip_image_thumbnail",https://220volt.com.ua/ua/motopompa-daishin-scr-50hx-honda-gx160/,FALSE,FALSE,FALSE,FALSE,FALSE,FALSE
nik dg 5000 инструкция,10,1,1,1,"Thumbnail, Sitelinks",https://220volt.com.ua/storage/catalog_products/144084/instruction/738.pdf,FALSE,FALSE,FALSE,FALSE,FALSE,FALSE
пускатель электродвигателя,10,16,1,1,"kn_graph_card, related_search, also_asks, Sitelinks, snip_image_thumbnail",https://220volt.com.ua/elektrika-i-svet/nizkovoltnoe-oborudovanie/puskateli-kontaktori/puskateli.htm,FALSE,FALSE,FALSE,FALSE,FALSE,FALSE
powercom vanguard vgd 1000,10,1,1,1,"Thumbnail, Sitelinks",https://220volt.com.ua/ua/ibp-powercom-vgd-1000/,FALSE,FALSE,FALSE,FALSE,FALSE,FALSE
https 220volt com ua,10,7,1,1,"Thumbnail, related_search, Sitelinks, snip_sitelinks",https://220volt.com.ua/ua/,TRUE,FALSE,TRUE,FALSE,FALSE,FALSE
куплю стабилизатор напряжения 220 вольт,10,8,1,1,"Thumbnail, related_search, also_asks, Sitelinks",https://220volt.com.ua/stabilizator/phases_stab_odnofaznie/,FALSE,FALSE,FALSE,FALSE,FALSE,FALSE
ippon innova rt 3000,10,1,1,1,"Thumbnail, Sitelinks",https://220volt.com.ua/ibp-ippon-innova-rt-3000/,FALSE,FALSE,FALSE,FALSE,FALSE,FALSE
phoenix inverter 12 250,10,1,1,1,"Thumbnail, Sitelinks",https://220volt.com.ua/invertor-victron-energy-phoenix-inverter-ve-direct-12-250/,FALSE,FALSE,FALSE,FALSE,FALSE,FALSE
ибп с зарядкой аккумулятора,10,26,1,1,"related_search, also_asks, Sitelinks",https://220volt.com.ua/istochniki-besperebojnogo-pitaniya/akkumulyatornaya_batareya_vstroennaya/,FALSE,FALSE,FALSE,FALSE,FALSE,FALSE
аккумулятор ventura gpl 12 200,10,1,1,1,"Sitelinks, snip_image_thumbnail",https://220volt.com.ua/akkumulyatornaya-batareya-ventura-gpl-12-200/,FALSE,FALSE,FALSE,FALSE,FALSE,FALSE
автоматичне включення генератора,10,1,1,1,"Video preview, related_search, AI Overview, also_asks, Sitelinks, snip_image_thumbnail, snip_fqdn_in_aio",https://220volt.com.ua/ua/avtomaticheskij-zapusk-generatora.htm,FALSE,FALSE,FALSE,FALSE,FALSE,FALSE
реле на глубинный насос,10,25,1,1,"also_asks, related_search, Thumbnail, Sitelinks, snip_image_thumbnail",https://220volt.com.ua/nasos/komplektuyushchie-dlya-vodosnabzheniya-i-vodootvedeniya/tip_kompl_nasos_rele-davleniya/,FALSE,FALSE,FALSE,FALSE,FALSE,FALSE
blue tayo,10,1,1,1,"Thumbnail, Sitelinks",https://220volt.com.ua/generator-benzinovij-tayo-ty3800bw-blue/,FALSE,FALSE,FALSE,FALSE,FALSE,FALSE
2700i,10,1,1,1,"Thumbnail, related_search, Sitelinks, snip_image_thumbnail",https://220volt.com.ua/generator-benzinovij-nik-2700i/,FALSE,FALSE,FALSE,FALSE,FALSE,FALSE
источники бесперебойного питания general electric,10,1,1,1,"Thumbnail, also_asks, Sitelinks",https://220volt.com.ua/istochniki-besperebojnogo-pitaniya/general-electric/,FALSE,FALSE,FALSE,FALSE,FALSE,FALSE
реле включения насоса скважины,10,27,1,1,"also_asks, Thumbnail, related_search, Sitelinks, snip_image_thumbnail",https://220volt.com.ua/nasos/komplektuyushchie-dlya-vodosnabzheniya-i-vodootvedeniya/tip_kompl_nasos_rele-davleniya/,FALSE,FALSE,FALSE,FALSE,FALSE,FALSE
кнопки выключатели переключатели,10,6,1,1,"Thumbnail, related_search, also_asks, Sitelinks, snip_image_thumbnail",https://220volt.com.ua/elektrika-i-svet/nizkovoltnoe-oborudovanie/viklyuchateli-knopki-pereklyuchateli.htm,FALSE,FALSE,FALSE,FALSE,FALSE,FALSE
pw9130 3000va r,10,1,1,1,"Thumbnail, Sitelinks",https://220volt.com.ua/ibp-eaton-9130-3000-va-0/,FALSE,FALSE,FALSE,FALSE,FALSE,FALSE
инверторный генератор чистый синус,10,2,1,1,"Thumbnail, also_asks, related_search, Sitelinks",https://220volt.com.ua/generatory/osnaschenie_generatora_s-pravilnoj-sinusoidoj/,FALSE,FALSE,FALSE,FALSE,FALSE,FALSE
регулятор давления для водяного насоса,10,11,1,1,"Thumbnail, related_search, also_asks, Sitelinks",https://220volt.com.ua/nasos/komplektuyushchie-dlya-vodosnabzheniya-i-vodootvedeniya/tip_kompl_nasos_rele-davleniya/,FALSE,FALSE,FALSE,FALSE,FALSE,FALSE
ups eaton 5110,10,2,1,1,"Thumbnail, related_search, Sitelinks, snip_image_thumbnail",https://220volt.com.ua/ibp-eaton-5110-700-va/,FALSE,FALSE,FALSE,FALSE,FALSE,FALSE
дизель генераторы gesan,10,1,1,1,"Thumbnail, Sitelinks",https://220volt.com.ua/generator-dizel-nij-gesan-dpbs-50-e-me/,FALSE,FALSE,FALSE,FALSE,FALSE,FALSE
zb32 24,10,1,1,1,Sitelinks,https://220volt.com.ua/rele-elektroteplovoe-eaton-moeller-zb32-24-278453/,FALSE,FALSE,FALSE,FALSE,FALSE,FALSE
regulus pg 500,10,0,1,1,"Thumbnail, Sitelinks",https://220volt.com.ua/ibp-regulus-pg-500-44-a-ch/,FALSE,FALSE,FALSE,FALSE,FALSE,FALSE
пускатель schneider electric,10,4,1,1,"related_search, Thumbnail, Sitelinks, snip_image_thumbnail",https://220volt.com.ua/elektrika-i-svet/nizkovoltnoe-oborudovanie/puskateli-kontaktori/puskateli/schneider/,FALSE,FALSE,FALSE,FALSE,FALSE,FALSE
компактный стабилизатор напряжения,10,1,1,1,"Thumbnail, related_search, also_asks, Sitelinks",https://220volt.com.ua/stabilizator/ispolnenie_stabilizatorov_perenosnie/,FALSE,FALSE,FALSE,FALSE,FALSE,FALSE
ибп макелсан,10,1,1,1,"Thumbnail, Sitelinks",https://220volt.com.ua/istochniki-besperebojnogo-pitaniya/makelsan/,FALSE,FALSE,FALSE,FALSE,FALSE,FALSE
huter dy3000l,10,1,1,1,"Thumbnail, related_search, Sitelinks",https://220volt.com.ua/generator-benzinovij-huter-dy-3000-l/,FALSE,FALSE,FALSE,FALSE,FALSE,FALSE
дренажный насос 5 квт,10,1,1,1,"Thumbnail, related_search, also_asks, Sitelinks",https://220volt.com.ua/nasos/nasosi-dlya-vodootvedeniya/fekalnih-stokov/moshnost_nasosa_fekalnogo_do-5/,FALSE,FALSE,FALSE,FALSE,FALSE,FALSE
rtp 1000,10,0,1,1,"Thumbnail, Sitelinks",https://220volt.com.ua/ibp-ritar-rtp1000-proxima-l/,FALSE,FALSE,FALSE,FALSE,FALSE,FALSE
аккумулятор шестивольтовый,10,15,1,1,"also_asks, Thumbnail, related_search, Sitelinks",https://220volt.com.ua/akkumulatornie-batarei/napryagenie_batarei_block_6/,FALSE,FALSE,FALSE,FALSE,FALSE,FALSE
упс 220 вольт,10,11,1,1,"related_search, Thumbnail, also_asks, Sitelinks",https://220volt.com.ua/istochniki-besperebojnogo-pitaniya.htm,FALSE,FALSE,FALSE,FALSE,FALSE,FALSE
riello sdh 1500,10,1,1,1,"Thumbnail, Sitelinks",https://220volt.com.ua/ibp-riello-sdh-1500/,FALSE,FALSE,FALSE,FALSE,FALSE,FALSE
купить стабилизатор напряжения элим,10,2,1,1,"related_search, Local pack, also_asks, Thumbnail, Sitelinks",https://220volt.com.ua/stabilizator/elim-ukraina/,FALSE,TRUE,FALSE,FALSE,FALSE,TRUE
2012c,10,1,1,1,"related_search, Thumbnail, Sitelinks",https://220volt.com.ua/ua/ibp-pulsar-ir-2012c-2000w-12v-65a/,FALSE,FALSE,FALSE,FALSE,FALSE,FALSE
challenger homeline 5000t48,10,0,1,1,"Thumbnail, Sitelinks",https://220volt.com.ua/ua/ibp-challenger-homeline-5000t48/,FALSE,FALSE,FALSE,FALSE,FALSE,FALSE
merlion прайс,10,0,1,1,"Thumbnail, related_search, Sitelinks, snip_image_thumbnail",https://220volt.com.ua/ua/akkumulatornie-batarei/merlion/,FALSE,FALSE,FALSE,FALSE,FALSE,FALSE
щиток с дин рейкой,10,4,1,1,"Thumbnail, related_search, also_asks, Sitelinks, snip_image_thumbnail",https://220volt.com.ua/elektrika-i-svet/shitovoe/shchiti/nalicie_dinreyki_est/,FALSE,FALSE,FALSE,FALSE,FALSE,FALSE
реле moeller,10,1,1,1,"Thumbnail, also_asks, Sitelinks, snip_image_thumbnail",https://220volt.com.ua/elektrika-i-svet/nizkovoltnoe-oborudovanie/rele-tajmeri-fotokontrolleri/rele/teplovie_rele/moeller/,FALSE,FALSE,FALSE,FALSE,FALSE,FALSE
аккумулятор csb gp 1272,10,9,1,1,"Thumbnail, related_search, Sitelinks",https://220volt.com.ua/akkumulyatornaya-batareya-csb-gp1272f2/,FALSE,FALSE,FALSE,FALSE,FALSE,FALSE
аккумуляторные батареи 6в,10,9,1,1,"also_asks, related_search, Sitelinks",https://220volt.com.ua/akkumulatornie-batarei/napryagenie_batarei_block_6/,FALSE,FALSE,FALSE,FALSE,FALSE,FALSE
sua2200i цена,10,0,1,1,"shopping_top, Thumbnail, Sitelinks",https://220volt.com.ua/ibp-apc-sua2200i/,FALSE,TRUE,FALSE,FALSE,FALSE,TRUE
12600,10,1,1,1,"Thumbnail, Sitelinks, snip_image_thumbnail",https://220volt.com.ua/ua/ibp-elim-ukraina-pnk-12-600/,FALSE,FALSE,FALSE,FALSE,FALSE,FALSE
насос поверхностный 220 вольт,10,1,1,1,"related_search, also_asks, Thumbnail, Sitelinks",https://220volt.com.ua/nasos/nasosi-dlya-vodosnabzheniya/tsentrobezhnie.htm,FALSE,FALSE,FALSE,FALSE,FALSE,FALSE
ippon 600,10,2,1,1,"Thumbnail, Sitelinks",https://220volt.com.ua/ua/ibp-ippon-new-back-power-pro-600/,FALSE,FALSE,FALSE,FALSE,FALSE,FALSE
профиль нагрузки электроэнергии,10,1,1,1,"AI Overview, also_asks, related_search, Sitelinks",https://220volt.com.ua/news/raschet-nagruzki-elektrostantsii/,FALSE,FALSE,FALSE,FALSE,FALSE,FALSE
daishin sgb7001hsa,10,0,1,1,"Thumbnail, Sitelinks, snip_image_thumbnail",https://220volt.com.ua/generator-benzinovij-daishin-sgb7001hsa/,FALSE,FALSE,FALSE,FALSE,FALSE,FALSE
солнечная система электроснабжения,10,10,1,1,"also_asks, Thumbnail, related_search, Video preview, Sitelinks",https://220volt.com.ua/solnechnaya-energetika/solnechnye-elektrostantsii.htm,FALSE,FALSE,FALSE,FALSE,FALSE,FALSE
генератор на 8 5 квт,10,2,1,1,"Thumbnail, related_search, Sitelinks",https://220volt.com.ua/ua/generatory/maksimalnaya_moschnost_block_8_5/,FALSE,FALSE,FALSE,FALSE,FALSE,FALSE
купить стабилизатор напряжения 220 в,10,12,1,1,"Thumbnail, Local pack, related_search, Sitelinks",https://220volt.com.ua/stabilizator/phases_stab_odnofaznie/,FALSE,TRUE,FALSE,FALSE,FALSE,TRUE
солнечные батареи 220 вольт купить,10,12,1,1,"Thumbnail, related_search, also_asks, Sitelinks, snip_image_thumbnail",https://220volt.com.ua/solnechnaya-energetika/solnechnye-paneli-batarei.htm,FALSE,TRUE,FALSE,FALSE,FALSE,TRUE
купить узо 10 ма,10,1,1,1,"Thumbnail, Sitelinks, snip_image_thumbnail",https://220volt.com.ua/elektrika-i-svet/nizkovoltnoe-oborudovanie/ustrojstva-zashchitnogo-otklyucheniya-uzo-difavtomati/tok_utechki_0-01-a/,FALSE,TRUE,FALSE,FALSE,FALSE,TRUE
sdmo phoenix 3000,10,1,1,1,"Thumbnail, related_search, Sitelinks, snip_image_thumbnail",https://220volt.com.ua/generator-benzinovij-sdmo-phoenix-3000/,FALSE,FALSE,FALSE,FALSE,FALSE,FALSE
солнечные инверторы huawei,10,3,1,1,"related_search, also_asks, Thumbnail, Sitelinks",https://220volt.com.ua/solnechnaya-energetika/solnechnye-invertory/huawei/,FALSE,FALSE,FALSE,FALSE,FALSE,FALSE
flp 12 5 v 4,10,0,1,1,"Thumbnail, Sitelinks",https://220volt.com.ua/ogranichitel-perenapryazheniya-uzip-saltek-flp-12-5-v-4/,FALSE,FALSE,FALSE,FALSE,FALSE,FALSE
солнечная станция цена,10,20,1,1,"related_search, Sitelinks",https://220volt.com.ua/solnechnaya-energetika/solnechnye-elektrostantsii.htm,FALSE,TRUE,FALSE,FALSE,FALSE,TRUE
ибп 24 220,10,1,1,1,"Thumbnail, Sitelinks",https://220volt.com.ua/istochniki-besperebojnogo-pitaniya/voltaj_batarei_24-v/,FALSE,FALSE,FALSE,FALSE,FALSE,FALSE
46938,10,0,1,1,"Thumbnail, Sitelinks, snip_image_thumbnail",https://220volt.com.ua/ua/avtomaticheskij-viklyuchatel-eaton-moeller-pkzm0-16-046938/,FALSE,FALSE,FALSE,FALSE,FALSE,FALSE
pl6 b16,10,1,1,1,"Thumbnail, Sitelinks, snip_image_thumbnail",https://220volt.com.ua/avtomaticheskij-viklyuchatel-eaton-moeller-pl6-b16-1-286521/,FALSE,FALSE,FALSE,FALSE,FALSE,FALSE
yuasa swl1800,10,1,1,1,"Thumbnail, Sitelinks, snip_image_thumbnail",https://220volt.com.ua/ua/akkumulyatornaya-batareya-yuasa-swl-1800/,FALSE,FALSE,FALSE,FALSE,FALSE,FALSE
deca class booster 1350,10,0,1,1,"Thumbnail, Sitelinks",https://220volt.com.ua/zaryadnoe-ustrojstvo-deca-class-booster-1350/,FALSE,FALSE,FALSE,FALSE,FALSE,FALSE
ибп green mode,10,2,1,1,"Thumbnail, also_asks, related_search, a_box_fsnippet, Sitelinks, snip_featured",https://220volt.com.ua/storage/catalog_products/153764/instruction/738.pdf,FALSE,FALSE,FALSE,FALSE,FALSE,FALSE
соленоидные электромагнитные клапаны ceme,10,1,1,1,"also_asks, Thumbnail, Sitelinks",https://220volt.com.ua/nasos/elektromagnitnie-klapani/ceme/,FALSE,FALSE,FALSE,FALSE,FALSE,FALSE
аккумулятор gpl,10,3,1,1,"Thumbnail, also_asks, related_search, Sitelinks",https://220volt.com.ua/akkumulyatornaya-batareya-ventura-gpl-12-100/,FALSE,FALSE,FALSE,FALSE,FALSE,FALSE
kin 525a,10,0,1,1,"Thumbnail, Sitelinks, snip_image_thumbnail",https://220volt.com.ua/ua/ibp-powercom-kin-525a/,FALSE,FALSE,FALSE,FALSE,FALSE,FALSE
устройство аккумулятора автомобильного,10,3,1,1,"related_search, AI Overview, also_asks, Thumbnail, Sitelinks, snip_url_in_aio, snip_fqdn_in_aio",https://220volt.com.ua/news/ustrojstvo-avtomobilnogo-akkumulyatora/,FALSE,FALSE,FALSE,FALSE,FALSE,FALSE
ибп с синусоидальным выходным сигналом,10,1,1,1,"Thumbnail, also_asks, Sitelinks",https://220volt.com.ua/istochniki-besperebojnogo-pitaniya/uotformnaprahenia_sinusoida/,FALSE,FALSE,FALSE,FALSE,FALSE,FALSE
fg wilson f50 1,10,1,1,1,"Thumbnail, Sitelinks",https://220volt.com.ua/generator-dizel-nij-fg-wilson-f50-1-0/,FALSE,FALSE,FALSE,FALSE,FALSE,FALSE
challenger homeline 2000w24,10,0,1,1,"shopping_rhs, Thumbnail, Sitelinks",https://220volt.com.ua/ibp-challenger-homeline-2000w24/,FALSE,FALSE,FALSE,FALSE,FALSE,FALSE
корпуса щитов,10,1,1,1,"Thumbnail, related_search, Sitelinks, snip_image_thumbnail",https://220volt.com.ua/elektrika-i-svet/shitovoe/shchiti.htm,FALSE,FALSE,FALSE,FALSE,FALSE,FALSE
ritar rtm500,10,0,1,1,"shopping_top, Thumbnail, Sitelinks",https://220volt.com.ua/ua/ibp-ritar-rtm500-standby-l/,FALSE,FALSE,FALSE,FALSE,FALSE,FALSE
генератор бензиновый intertool dt 1122,10,1,1,1,"Thumbnail, Sitelinks",https://220volt.com.ua/generator-benzinovij-intertool-dt-1122/,FALSE,FALSE,FALSE,FALSE,FALSE,FALSE
csb hr1224wf2,10,0,1,1,"Thumbnail, shopping_rhs, Sitelinks, snip_image_thumbnail",https://220volt.com.ua/akkumulyatornaya-batareya-csb-hr1224wf2/,FALSE,FALSE,FALSE,FALSE,FALSE,FALSE
gp1272f2 csb,10,0,1,1,"shopping_rhs, Thumbnail, related_search, Video preview, Sitelinks",https://220volt.com.ua/ua/akkumulyatornaya-batareya-csb-gp1272f2/,FALSE,FALSE,FALSE,FALSE,FALSE,FALSE
east ea 800 schuko,10,0,1,1,"Thumbnail, Sitelinks",https://220volt.com.ua/ibp-east-ea-800-schuko/,FALSE,FALSE,FALSE,FALSE,FALSE,FALSE
axpert vm iii 3000 24,10,1,1,1,"Thumbnail, Sitelinks",https://220volt.com.ua/ua/invertor-q-power-axpert-vm-iii-3000-24-3000vt-24v/,FALSE,FALSE,FALSE,FALSE,FALSE,FALSE
1122/3,10,0,1,1,"Thumbnail, Sitelinks, snip_image_thumbnail",https://220volt.com.ua/ua/tumbler-asko-1122-3-polozheniya-3-kontakta-250v-1a/,FALSE,FALSE,FALSE,FALSE,FALSE,FALSE
поверхностные самовсасывающие насосы для воды,10,7,1,1,"Video preview, Thumbnail, related_search, Sitelinks",https://220volt.com.ua/nasos/nasosi-dlya-vodosnabzheniya/tsentrobezhnie/tipvsas_samovsasivayushchie/,FALSE,FALSE,FALSE,FALSE,FALSE,FALSE
c 25a,10,1,1,1,"also_asks, Thumbnail, Sitelinks, snip_image_thumbnail",https://220volt.com.ua/avtomaticheskij-viklyuchatel-eti-etimat-6-1p-c-25a-2141518/,FALSE,FALSE,FALSE,FALSE,FALSE,FALSE
ибп с дополнительными батареями,10,1,1,1,"related_search, also_asks, Thumbnail, Sitelinks",https://220volt.com.ua/istochniki-besperebojnogo-pitaniya/akkumulyatornaya_batareya_vneshnyaya/,FALSE,FALSE,FALSE,FALSE,FALSE,FALSE
ups 12360 6 f2f1,10,1,1,1,"Thumbnail, Sitelinks, snip_image_thumbnail",https://220volt.com.ua/ua/akkumulyatornaya-batareya-csb-ups12360/,FALSE,FALSE,FALSE,FALSE,FALSE,FALSE
gp 12 7 s,10,0,1,1,"related_search, Sitelinks",https://220volt.com.ua/akkumulyatornaya-batareya-ventura-gp-12-7/,FALSE,FALSE,FALSE,FALSE,FALSE,FALSE
ups ecm,10,7,1,1,"related_search, also_asks, Thumbnail, Sitelinks",https://220volt.com.ua/istochniki-besperebojnogo-pitaniya/powercom/,FALSE,FALSE,FALSE,FALSE,FALSE,FALSE
ибп с зарядным устройством,10,1,1,1,"related_search, also_asks, Sitelinks",https://220volt.com.ua/istochniki-besperebojnogo-pitaniya/nalichie_zaryad_ustr_ibp_est/,FALSE,FALSE,FALSE,FALSE,FALSE,FALSE
блок авр для бензогенератора,10,20,1,1,"related_search, also_asks, Thumbnail, Sitelinks",https://220volt.com.ua/avtomaticheskij-zapusk-generatora.htm,FALSE,FALSE,FALSE,FALSE,FALSE,FALSE
back comfo pro,10,1,1,1,"Thumbnail, Sitelinks",https://220volt.com.ua/ibp-ippon-back-comfo-pro-600-black/,FALSE,FALSE,FALSE,FALSE,FALSE,FALSE
купить стабилизатор напряжения на 380,10,7,1,1,"also_asks, related_search, Sitelinks",https://220volt.com.ua/stabilizator/phases_stab_trehfaznie/,FALSE,TRUE,FALSE,FALSE,FALSE,TRUE
sdmo ineo 3000 inverter generator,10,1,1,1,"Thumbnail, Sitelinks",https://220volt.com.ua/ua/generator-benzinovij-sdmo-ineo-3000/,FALSE,FALSE,FALSE,FALSE,FALSE,FALSE
md30,10,1,1,1,"Thumbnail, Sitelinks",https://220volt.com.ua/generator-dizel-nij-matari-md30/,FALSE,FALSE,FALSE,FALSE,FALSE,FALSE
какие виды автомобильных аккумуляторов бывают,10,9,1,1,"also_asks, a_box_fsnippet, related_search, Sitelinks, snip_featured, snip_image_thumbnail",https://220volt.com.ua/news/raznovidnosti-akkumulyatornih-batarej-soglasno-tipu-rabochih-elementov-i-naznacheniyu/,FALSE,FALSE,FALSE,FALSE,FALSE,FALSE
контроль тока,10,2,1,1,"related_search, AI Overview, Video preview, Thumbnail, also_asks, Sitelinks, snip_image_thumbnail",https://220volt.com.ua/elektrika-i-svet/nizkovoltnoe-oborudovanie/rele-tajmeri-fotokontrolleri/rele/rele_kontrolya_toka.htm,FALSE,FALSE,FALSE,FALSE,FALSE,FALSE
бесперебойник внешний аккумулятор,10,28,1,1,"Thumbnail, related_search, Sitelinks",https://220volt.com.ua/istochniki-besperebojnogo-pitaniya/akkumulyatornaya_batareya_vneshnyaya/,FALSE,FALSE,FALSE,FALSE,FALSE,FALSE
eaton 072736,10,1,1,1,"Thumbnail, Sitelinks, snip_image_thumbnail",https://220volt.com.ua/ua/avtomaticheskij-viklyuchatel-eaton-moeller-pkzm0-2-5-072736/,FALSE,FALSE,FALSE,FALSE,FALSE,FALSE
powercom wow 300u,10,1,1,1,"Thumbnail, related_search, Sitelinks",https://220volt.com.ua/ibp-powercom-wow-300/,FALSE,FALSE,FALSE,FALSE,FALSE,FALSE
moeller c16,10,1,1,1,"Thumbnail, related_search, Sitelinks, snip_image_thumbnail",https://220volt.com.ua/ua/avtomaticheskij-viklyuchatel-eaton-moeller-pl6-c16-1/,FALSE,FALSE,FALSE,FALSE,FALSE,FALSE
innova rt 1k,10,1,1,1,"related_search, Thumbnail, Sitelinks, snip_image_thumbnail",https://220volt.com.ua/ibp-voltitronic-innova-rt-1k/,FALSE,FALSE,FALSE,FALSE,FALSE,FALSE
автозапуск электростанции,10,5,1,1,"AI Overview, Video preview, also_asks, related_search, Sitelinks, snip_url_in_aio, snip_fqdn_in_aio",https://220volt.com.ua/news/sistemi-avtozapuska/,FALSE,FALSE,FALSE,FALSE,FALSE,FALSE
gpl 100,10,0,1,1,"AI Overview, related_search, Sitelinks, snip_image_thumbnail, snip_url_in_aio, snip_fqdn_in_aio",https://220volt.com.ua/ua/akkumulyatornaya-batareya-ventura-gpl-12-100/,FALSE,FALSE,FALSE,FALSE,FALSE,FALSE
ups b,10,1,1,1,"related_search, also_asks, AI Overview, Sitelinks, snip_url_in_aio, snip_fqdn_in_aio",https://220volt.com.ua/ua/istochniki-besperebojnogo-pitaniya.htm,FALSE,FALSE,FALSE,FALSE,FALSE,FALSE
таймер для включения электроприборов,10,25,1,1,"related_search, also_asks, Thumbnail, Sitelinks",https://220volt.com.ua/elektrika-i-svet/nizkovoltnoe-oborudovanie/rele-tajmeri-fotokontrolleri/tajmeri.htm,FALSE,FALSE,FALSE,FALSE,FALSE,FALSE
купить генераторную станцию,10,16,1,1,"Thumbnail, Local pack, related_search, Sitelinks",https://220volt.com.ua/generatory.htm,FALSE,TRUE,FALSE,FALSE,FALSE,TRUE
eaton pkzm0 20,10,0,1,1,"Thumbnail, Sitelinks, snip_image_thumbnail",https://220volt.com.ua/avtomaticheskij-viklyuchatel-eaton-moeller-pkzm0-20-046988/,FALSE,FALSE,FALSE,FALSE,FALSE,FALSE
рассчитать нагрузку,10,2,1,1,"Thumbnail, related_search, also_asks, Sitelinks",https://220volt.com.ua/news/raschet-nagruzki-elektrostantsii/,FALSE,FALSE,FALSE,FALSE,FALSE,FALSE
inverter fronius 5kw,10,0,1,1,"Thumbnail, Sitelinks",https://220volt.com.ua/ua/invertor-fronius-primo-5-0-1/,FALSE,FALSE,FALSE,FALSE,FALSE,FALSE
lc 2000,10,0,1,1,"Thumbnail, Sitelinks",https://220volt.com.ua/generator-benzinovij-invertornij-loncin-lc-2000-i/,FALSE,FALSE,FALSE,FALSE,FALSE,FALSE
какие бывают автомобильные аккумуляторы,10,19,1,1,"Video preview, related_search, a_box_fsnippet, Thumbnail, also_asks, Sitelinks, snip_featured",https://220volt.com.ua/news/raznovidnosti-akkumulyatornih-batarej-soglasno-tipu-rabochih-elementov-i-naznacheniyu/,FALSE,FALSE,FALSE,FALSE,FALSE,FALSE
бесперебойник 10 квт цена,10,6,1,1,"Thumbnail, also_asks, related_search, Sitelinks",https://220volt.com.ua/istochniki-besperebojnogo-pitaniya/fullpower_ibp_svishe-10000/,FALSE,TRUE,FALSE,FALSE,FALSE,TRUE
выбор контроллера заряда для солнечных батарей,10,3,1,1,"also_asks, related_search, Thumbnail, Sitelinks",https://220volt.com.ua/news/kak-vibrat-kontroller-zaryada-dlya-solnechnih-batarej/,FALSE,FALSE,FALSE,FALSE,FALSE,FALSE
насосная станция hydrojet jp 5,10,0,1,1,"Video preview, Thumbnail, Sitelinks, snip_image_thumbnail",https://220volt.com.ua/nasosnaya-stantsiya-grundfos-hydrojet-jp-5/,FALSE,FALSE,FALSE,FALSE,FALSE,FALSE
дизель генераторы wilson цена,10,3,1,1,"Thumbnail, related_search, also_asks, Sitelinks",https://220volt.com.ua/generatory/fg-wilson/,FALSE,TRUE,FALSE,FALSE,FALSE,TRUE
ritar 150ah battery,10,1,1,1,"Thumbnail, Sitelinks, snip_image_thumbnail",https://220volt.com.ua/akkumulyatornaya-batareya-ritar-dc12-150-12v-150ah-9843/,FALSE,FALSE,FALSE,FALSE,FALSE,FALSE
stark wpt 80,10,1,1,1,Sitelinks,https://220volt.com.ua/ua/motopompa-stark-wpt-80/,FALSE,FALSE,FALSE,FALSE,FALSE,FALSE
автономная электростанция цена,10,8,1,1,"Thumbnail, related_search, a_box_fsnippet, Sitelinks, snip_featured",https://220volt.com.ua/solnechnaya-energetika/solnechnye-elektrostantsii/tip_stantsii_stantsii-dlya-avtonomnoj-raboty/,FALSE,TRUE,FALSE,FALSE,FALSE,TRUE
sinpro 180,10,1,1,1,"Video preview, Thumbnail, Sitelinks",https://220volt.com.ua/ua/ibp-sinpro-180-s310/,FALSE,FALSE,FALSE,FALSE,FALSE,FALSE
регулятор давления водяного насоса,10,14,1,1,"Thumbnail, related_search, also_asks, Sitelinks",https://220volt.com.ua/nasos/komplektuyushchie-dlya-vodosnabzheniya-i-vodootvedeniya/tip_kompl_nasos_rele-davleniya/,FALSE,FALSE,FALSE,FALSE,FALSE,FALSE
рш вш 40а,10,1,1,1,"Thumbnail, Sitelinks, snip_image_thumbnail",https://220volt.com.ua/razedinitel-rsh-vsh-40-40a-220v-ra-va/,FALSE,FALSE,FALSE,FALSE,FALSE,FALSE
подключение генератора с автозапуском к домашней сети,10,9,1,1,"Thumbnail, AI Overview, related_search, Video preview, also_asks, Sitelinks",https://220volt.com.ua/news/kak-podklyuchit-generator-k-domashnej-elektroseti-instruktsiya-po-bezopasnosti-i-tehnike/,FALSE,FALSE,FALSE,FALSE,FALSE,FALSE
сонячна батарея 400 вт,10,0,1,1,"related_search, Sitelinks",https://220volt.com.ua/ua/solnechnaya-energetika/solnechnye-paneli-batarei/moshn_fot_mod_400/,FALSE,FALSE,FALSE,FALSE,FALSE,FALSE
генераторы переменного тока 380 вольт,10,3,1,1,"related_search, Thumbnail, also_asks, Sitelinks",https://220volt.com.ua/generatory/faznost_generatorov_3/,FALSE,FALSE,FALSE,FALSE,FALSE,FALSE
устройство плавного пуска двигателя 220 вольт,10,4,1,1,"Thumbnail, related_search, Sitelinks, snip_image_thumbnail",https://220volt.com.ua/preobrazovateli_chastoty_ustr_plavnogo_puska/ustrojstva-plavnogo-puska-i-tormozheniya.htm,FALSE,FALSE,FALSE,FALSE,FALSE,FALSE
купить дифреле,10,3,1,1,"Thumbnail, related_search, Sitelinks",https://220volt.com.ua/ua/elektrika-i-svet/nizkovoltnoe-oborudovanie/ustrojstva-zashchitnogo-otklyucheniya-uzo-difavtomati/tip_uzo_difrele/,FALSE,TRUE,FALSE,FALSE,FALSE,TRUE
инвертор 10000 вт цена,10,1,1,1,"also_asks, a_box_fsnippet, Sitelinks, snip_featured",https://220volt.com.ua/inverter/moshn_invert_plitka_10/,FALSE,TRUE,FALSE,FALSE,FALSE,TRUE
axpert vm 5000 48,10,1,1,1,"Thumbnail, Sitelinks",https://220volt.com.ua/ua/invertor-q-power-axpert-vm-iii-5000-48-5000vt-48v/,FALSE,FALSE,FALSE,FALSE,FALSE,FALSE
ибп 6000,10,2,1,1,"Thumbnail, related_search, Sitelinks",https://220volt.com.ua/istochniki-besperebojnogo-pitaniya/fullpower_ibp_3001-6000/,FALSE,FALSE,FALSE,FALSE,FALSE,FALSE
аккумуляторная батарея gp 1272 f2,10,5,1,1,"related_search, Sitelinks",https://220volt.com.ua/akkumulyatornaya-batareya-csb-gp1272f2/,FALSE,FALSE,FALSE,FALSE,FALSE,FALSE
таймер 220в,10,6,1,1,"also_asks, related_search, Sitelinks",https://220volt.com.ua/elektrika-i-svet/nizkovoltnoe-oborudovanie/rele-tajmeri-fotokontrolleri/tajmeri.htm,FALSE,FALSE,FALSE,FALSE,FALSE,FALSE
ибп для скважинного насоса,10,4,1,1,"related_search, also_asks, Sitelinks",https://220volt.com.ua/istochniki-besperebojnogo-pitaniya/opt_reshenie_ibp_nasosov/,FALSE,FALSE,FALSE,FALSE,FALSE,FALSE
устройство однофазного генератора,10,6,1,1,"Thumbnail, Video preview, related_search, also_asks, AI Overview, Sitelinks, snip_url_in_aio, snip_fqdn_in_aio",https://220volt.com.ua/news/ustrojstvo-generatora/,FALSE,FALSE,FALSE,FALSE,FALSE,FALSE
gp1272f2 battery,10,2,1,1,"Thumbnail, related_search, Sitelinks",https://220volt.com.ua/ua/akkumulyatornaya-batareya-csb-gp1272f2/,FALSE,FALSE,FALSE,FALSE,FALSE,FALSE
как сравнить светодиодную лампу с обычной,10,13,1,1,"related_search, Thumbnail, also_asks, Video preview, a_box_fsnippet, Sitelinks, snip_featured",https://220volt.com.ua/news/sravnenie-lamp/,FALSE,FALSE,FALSE,TRUE,FALSE,FALSE
csb gp672,10,1,1,1,"Thumbnail, Sitelinks, snip_image_thumbnail",https://220volt.com.ua/ua/akkumulyatornaya-batareya-csb-gp672/,FALSE,FALSE,FALSE,FALSE,FALSE,FALSE
купить электростанцию солнечную,10,5,1,1,"Thumbnail, also_asks, related_search, Sitelinks",https://220volt.com.ua/solnechnaya-energetika/solnechnye-elektrostantsii.htm,FALSE,TRUE,FALSE,FALSE,FALSE,TRUE
ict 530,10,0,1,1,"Thumbnail, Sitelinks",https://220volt.com.ua/ibp-powercom-ict-530/,FALSE,FALSE,FALSE,FALSE,FALSE,FALSE
электронный контроллер давления eps 15 инструкция,10,2,1,1,"related_search, AI Overview, also_asks, Sitelinks, snip_url_in_aio, snip_fqdn_in_aio",https://220volt.com.ua/storage/catalog_products/164065/instruction/738.pdf,FALSE,FALSE,FALSE,FALSE,FALSE,FALSE
генератор loncin 3000,10,1,1,1,Sitelinks,https://220volt.com.ua/generator-benzinovij-loncin-lc-3000-i/,FALSE,FALSE,FALSE,FALSE,FALSE,FALSE
стабилизатор напряжения 380 в купить,10,7,1,1,"Local pack, related_search, Thumbnail, Sitelinks",https://220volt.com.ua/stabilizator/phases_stab_trehfaznie/,FALSE,TRUE,FALSE,FALSE,FALSE,TRUE
купить пускатель магнитный,10,12,1,1,"related_search, Thumbnail, also_asks, Sitelinks",https://220volt.com.ua/elektrika-i-svet/nizkovoltnoe-oborudovanie/puskateli-kontaktori/puskateli.htm,FALSE,TRUE,FALSE,FALSE,FALSE,TRUE
eaton 5sc 750va,10,1,1,1,"related_search, Thumbnail, Sitelinks",https://220volt.com.ua/ibp-eaton-5sc-750-va/,FALSE,FALSE,FALSE,FALSE,FALSE,FALSE
электронное токовое реле,10,5,1,1,"Thumbnail, related_search, also_asks, Sitelinks",https://220volt.com.ua/elektrika-i-svet/nizkovoltnoe-oborudovanie/rele-tajmeri-fotokontrolleri/rele/rele_kontrolya_toka.htm,FALSE,FALSE,FALSE,FALSE,FALSE,FALSE
генераторы cummins цена,10,1,1,1,"also_asks, Thumbnail, Sitelinks",https://220volt.com.ua/generatory/cummins_power_generation/,FALSE,TRUE,FALSE,FALSE,FALSE,TRUE
zephir 1000,10,0,1,1,"Thumbnail, Sitelinks",https://220volt.com.ua/ua/generator-benzinovij-sdmo-zephir-1000/,FALSE,FALSE,FALSE,FALSE,FALSE,FALSE
p11000 pramac,10,1,1,1,"Thumbnail, Sitelinks",https://220volt.com.ua/ua/generator-dizel-nij-pramac-p11000/,FALSE,FALSE,FALSE,FALSE,FALSE,FALSE
bp200,10,1,1,1,"Thumbnail, Sitelinks",https://220volt.com.ua/akkumulyatornaya-batareya-bb-battery-bp200-12-b10/,FALSE,FALSE,FALSE,FALSE,FALSE,FALSE
ups 36v,10,2,1,1,Sitelinks,https://220volt.com.ua/ua/istochniki-besperebojnogo-pitaniya/voltaj_batarei_36-v/,FALSE,FALSE,FALSE,FALSE,FALSE,FALSE
купить генератор для холодильника,10,5,1,1,"also_asks, related_search, Sitelinks, snip_image_thumbnail",https://220volt.com.ua/generatory/optimal_gen_holodilnika/,FALSE,TRUE,FALSE,FALSE,FALSE,TRUE
220 u,10,1,1,1,"Thumbnail, AI Overview, related_search, Sitelinks",https://220volt.com.ua/ua/,FALSE,FALSE,FALSE,FALSE,FALSE,FALSE
переключатель фаз пэф 320,10,1,1,1,"Thumbnail, Video preview, related_search, also_asks, Sitelinks, snip_image_thumbnail",https://220volt.com.ua/elektronnij-pereklyuchatel-faz-novatek-pef-320/,FALSE,FALSE,FALSE,FALSE,FALSE,FALSE
рубильник на свет,10,15,1,1,"also_asks, related_search, Thumbnail, Sitelinks",https://220volt.com.ua/elektrika-i-svet/nizkovoltnoe-oborudovanie/rubilniki.htm,FALSE,FALSE,FALSE,FALSE,FALSE,FALSE
ritar dc12 150,10,0,1,1,"Thumbnail, shopping_rhs, Sitelinks",https://220volt.com.ua/ua/akkumulyatornaya-batareya-ritar-dc12-150-12v-150ah-9843/,FALSE,FALSE,FALSE,FALSE,FALSE,FALSE
ибп 3000 ва,10,7,1,1,"related_search, Thumbnail, Sitelinks",https://220volt.com.ua/istochniki-besperebojnogo-pitaniya/fullpower_ibp_1001-3000/,FALSE,FALSE,FALSE,FALSE,FALSE,FALSE
купить в украине реле контроля напряжения,10,40,1,1,"related_search, Local pack, Thumbnail, Sitelinks",https://220volt.com.ua/elektrika-i-svet/nizkovoltnoe-oborudovanie/rele-tajmeri-fotokontrolleri/rele/rele_kontrolya_napryajeniya.htm,FALSE,TRUE,FALSE,FALSE,FALSE,TRUE
инструкция к инвертору,10,1,1,1,"related_search, Thumbnail, also_asks, Sitelinks",https://220volt.com.ua/storage/catalog_products/151800/instruction/738.pdf,FALSE,FALSE,FALSE,FALSE,FALSE,FALSE
hyundai n50,10,0,1,1,"Thumbnail, Sitelinks, snip_image_thumbnail",https://220volt.com.ua/ua/preobrazovatel-chastoti-hyundai-n50-015sf/,FALSE,FALSE,FALSE,FALSE,FALSE,FALSE
таймер включения и выключения электроприборов,10,18,1,1,"also_asks, related_search, Thumbnail, Sitelinks",https://220volt.com.ua/elektrika-i-svet/nizkovoltnoe-oborudovanie/rele-tajmeri-fotokontrolleri/tajmeri.htm,FALSE,FALSE,FALSE,FALSE,FALSE,FALSE
бензогенератор с водяным охлаждением,10,1,1,1,"Thumbnail, Sitelinks",https://220volt.com.ua/generatory/sistema_ohlagdeniya_zhidkostnoe/,FALSE,FALSE,FALSE,FALSE,FALSE,FALSE
реле давления жидкости,10,23,1,1,"related_search, also_asks, Thumbnail, Sitelinks, snip_image_thumbnail",https://220volt.com.ua/nasos/komplektuyushchie-dlya-vodosnabzheniya-i-vodootvedeniya/tip_kompl_nasos_rele-davleniya/,FALSE,FALSE,FALSE,FALSE,FALSE,FALSE
стабилизатор напряжения 220в купить,10,6,1,1,"also_asks, related_search, Thumbnail, Sitelinks",https://220volt.com.ua/stabilizator/phases_stab_odnofaznie/,FALSE,TRUE,FALSE,FALSE,FALSE,TRUE
axpert 3000w,10,1,1,1,"Thumbnail, Sitelinks",https://220volt.com.ua/ua/invertor-q-power-axpert-vm-iii-3000-24-3000vt-24v/,FALSE,FALSE,FALSE,FALSE,FALSE,FALSE
промышленный стабилизатор напряжения 380 вольт,10,2,1,1,"related_search, Thumbnail, Sitelinks",https://220volt.com.ua/stabilizator/phases_stab_trehfaznie/,FALSE,FALSE,FALSE,FALSE,FALSE,FALSE
2000 вольт магазин,10,2,1,1,"AI Overview, Video preview, related_search, Sitelinks, snip_image_thumbnail, snip_url_in_aio, snip_fqdn_in_aio",https://220volt.com.ua/,FALSE,TRUE,FALSE,FALSE,FALSE,FALSE
sven reserve home 800,10,1,1,1,"Video preview, Sitelinks",https://220volt.com.ua/ua/ibp-sven-reserve-home-800/,FALSE,FALSE,FALSE,FALSE,FALSE,FALSE
9000 r,10,1,1,1,"Thumbnail, Sitelinks, snip_image_thumbnail",https://220volt.com.ua/generator-benzinovij-fogo-fh-9000-r/,FALSE,FALSE,FALSE,FALSE,FALSE,FALSE
novatek реле напряжения,10,1,1,1,"Sitelinks, snip_image_thumbnail",https://220volt.com.ua/elektrika-i-svet/nizkovoltnoe-oborudovanie/rele-tajmeri-fotokontrolleri/rele/rele_kontrolya_napryajeniya/novatek/,FALSE,FALSE,FALSE,FALSE,FALSE,FALSE
терморегулятор otd2 1999,10,0,1,1,"Thumbnail, Sitelinks, snip_image_thumbnail",https://220volt.com.ua/tsifrovoj-termoregulyator-oj-electronics-otd2-1999/,FALSE,FALSE,FALSE,FALSE,FALSE,FALSE
электростанции на солнечных батареях,10,26,1,1,"also_asks, Video preview, related_search, Sitelinks",https://220volt.com.ua/solnechnaya-energetika/solnechnye-elektrostantsii.htm,FALSE,FALSE,FALSE,FALSE,FALSE,FALSE
easy 16,10,1,1,1,"Thumbnail, related_search, Sitelinks, snip_image_thumbnail",https://220volt.com.ua/avtomaticheskij-viklyuchatel-schneider-electric-easy9-1p-16a-har-ka-c-4-5ka-ez9f34116/,FALSE,FALSE,FALSE,FALSE,FALSE,FALSE
eaton 5s 700,10,1,1,1,"Thumbnail, Sitelinks, snip_image_thumbnail",https://220volt.com.ua/ibp-eaton-5s-700-va/,FALSE,FALSE,FALSE,FALSE,FALSE,FALSE
generac price,10,4,1,1,"Video preview, Thumbnail, related_search, also_asks, Sitelinks",https://220volt.com.ua/generatory/generac/,FALSE,FALSE,FALSE,FALSE,FALSE,TRUE
автомат ва63,10,2,1,1,"Thumbnail, also_asks, related_search, Sitelinks, snip_image_thumbnail",https://220volt.com.ua/avtomaticheskij-viklyuchatel-schneider-electric-va63-1p-25a-har-ka-c-4-5ka-11205/,FALSE,FALSE,FALSE,FALSE,FALSE,FALSE
ge vh 1500,10,1,1,1,"Thumbnail, Sitelinks",https://220volt.com.ua/ibp-general-electric-vh-1500/,FALSE,FALSE,FALSE,FALSE,FALSE,FALSE
стабилизатор напряжения 220в 15квт,10,5,1,1,"related_search, also_asks, Thumbnail, Sitelinks",https://220volt.com.ua/stabilizator/moshnost_stab_block_15/,FALSE,FALSE,FALSE,FALSE,FALSE,FALSE
в чем измеряется емкость аккумулятора телефона,10,9,1,1,"Thumbnail, a_box_fsnippet, also_asks, related_search, Sitelinks, snip_featured",https://220volt.com.ua/news/chto-takoe-emkost-akkumulyatora-metodika-ee-rascheta/,FALSE,FALSE,FALSE,FALSE,FALSE,FALSE
eaton 9sx 5000i rt3u,10,1,1,1,"Sitelinks, snip_image_thumbnail",https://220volt.com.ua/ibp-eaton-9sx-5000i-rt3u/,FALSE,FALSE,FALSE,FALSE,FALSE,FALSE
pl4 c25 3,10,1,1,1,"shopping_rhs, Thumbnail, Sitelinks, snip_image_thumbnail",https://220volt.com.ua/avtomaticheskij-viklyuchatel-eaton-moeller-pl4-c25-3-293162/,FALSE,FALSE,FALSE,FALSE,FALSE,FALSE
опн iek,10,1,1,1,"related_search, Thumbnail, Sitelinks",https://220volt.com.ua/elektrika-i-svet/nizkovoltnoe-oborudovanie/ogranichiteli-perenapryazheniya/iek/,FALSE,FALSE,FALSE,FALSE,FALSE,FALSE
bs generator,10,0,1,1,Sitelinks,https://220volt.com.ua/ua/generatory/b-s/,FALSE,FALSE,FALSE,FALSE,FALSE,FALSE
huter dy5000l,10,1,1,1,"related_search, Sitelinks",https://220volt.com.ua/generator-benzinovij-huter-dy-5000-l/,FALSE,FALSE,FALSE,FALSE,FALSE,FALSE
газовый генератор 13 квт,10,1,1,1,"related_search, Thumbnail, Sitelinks",https://220volt.com.ua/generator-gazovij-generac-6271-13kw/,FALSE,FALSE,FALSE,FALSE,FALSE,FALSE
europower ep6500t,10,0,1,1,"Thumbnail, Sitelinks, snip_image_thumbnail",https://220volt.com.ua/generator-benzinovij-europower-ep6500t/,FALSE,FALSE,FALSE,FALSE,FALSE,FALSE
900 ватт,10,1,1,1,"Thumbnail, kn_graph_local, Sitelinks, snip_image_thumbnail",https://220volt.com.ua/generatory/maksimalnaya_moschnost_block_0_9/,FALSE,FALSE,FALSE,FALSE,FALSE,FALSE
концевые выключатели вп,10,1,1,1,"also_asks, Thumbnail, Sitelinks",https://220volt.com.ua/kontsevoj-viklyuchatel-promfaktor-vp-15m4221/,FALSE,FALSE,FALSE,FALSE,FALSE,FALSE
автоматический запуск бензогенератора,10,10,1,1,"related_search, also_asks, Sitelinks",https://220volt.com.ua/avtomaticheskij-zapusk-generatora.htm,FALSE,FALSE,FALSE,FALSE,FALSE,FALSE
реле на 220 вольт 20 ампер,10,7,1,1,"Thumbnail, shopping_top, related_search, Sitelinks",https://220volt.com.ua/elektrika-i-svet/nizkovoltnoe-oborudovanie/rele-tajmeri-fotokontrolleri/rele/promejutochnie_rele.htm,FALSE,FALSE,FALSE,FALSE,FALSE,FALSE
gd100 004g 4 pv,10,0,1,1,"Thumbnail, Sitelinks",https://220volt.com.ua/preobrazovatel-chastoti-invt-gd100-004g-4/,FALSE,FALSE,FALSE,FALSE,FALSE,FALSE
ибп 10000va,10,1,1,1,"Thumbnail, also_asks, Sitelinks",https://220volt.com.ua/istochniki-besperebojnogo-pitaniya/fullpower_ibp_6001-10000/,FALSE,FALSE,FALSE,FALSE,FALSE,FALSE
бесперебойник на 10 квт,10,6,1,1,"related_search, Sitelinks",https://220volt.com.ua/istochniki-besperebojnogo-pitaniya/fullpower_ibp_svishe-10000/,FALSE,FALSE,FALSE,FALSE,FALSE,FALSE
магазин 220 вольт киев,10,19,1,1,"related_search, kn_graph_local, Thumbnail, Sitelinks, snip_sitelinks",https://220volt.com.ua/ua/,FALSE,TRUE,FALSE,FALSE,FALSE,FALSE
ortea orion y20 15,10,1,1,1,"Thumbnail, Sitelinks, snip_image_thumbnail",https://220volt.com.ua/stabilizator-napryazheniya-ortea-orion-y20-15-15-20/,FALSE,FALSE,FALSE,FALSE,FALSE,FALSE
сонячні батареї купити київ,10,49,1,1,"related_search, Sitelinks",https://220volt.com.ua/ua/solnechnaya-energetika/solnechnye-paneli-batarei.htm,FALSE,TRUE,FALSE,FALSE,FALSE,TRUE
блок avr для бензогенератора,10,16,1,1,"Thumbnail, related_search, also_asks, Sitelinks",https://220volt.com.ua/avtomaticheskij-zapusk-generatora.htm,FALSE,FALSE,FALSE,FALSE,FALSE,FALSE
купить узо и дифавтомат,10,5,1,1,"related_search, also_asks, AI Overview, Sitelinks, snip_url_in_aio, snip_fqdn_in_aio",https://220volt.com.ua/elektrika-i-svet/nizkovoltnoe-oborudovanie/ustrojstva-zashchitnogo-otklyucheniya-uzo-difavtomati/promfaktor/,FALSE,TRUE,FALSE,FALSE,FALSE,TRUE
mi3000,10,1,1,1,"Thumbnail, Sitelinks",https://220volt.com.ua/generator-invertornij-matari-mi3000/,FALSE,FALSE,FALSE,FALSE,FALSE,FALSE
ritar 12v 12ah,10,1,1,1,"Thumbnail, shopping_rhs, Sitelinks",https://220volt.com.ua/akkumulyatornaya-batareya-ritar-rt12120-12v-12-0ah/,FALSE,FALSE,FALSE,FALSE,FALSE,FALSE
автоматика для генератора киев,10,1,1,1,"related_search, Thumbnail, Sitelinks",https://220volt.com.ua/avtomaticheskij-zapusk-generatora.htm,FALSE,TRUE,FALSE,FALSE,FALSE,FALSE
пускатель на 24 вольта,10,1,1,1,"Thumbnail, Sitelinks",https://220volt.com.ua/elektrika-i-svet/nizkovoltnoe-oborudovanie/puskateli-kontaktori/puskateli/napr_katushki_kont_i_puskateli_24/,FALSE,FALSE,FALSE,FALSE,FALSE,FALSE
стабилизаторы 380,10,5,1,1,"Thumbnail, related_search, Sitelinks",https://220volt.com.ua/stabilizator/phases_stab_trehfaznie/,FALSE,FALSE,FALSE,FALSE,FALSE,FALSE
мотопомпы stark,10,0,1,1,"Thumbnail, Sitelinks",https://220volt.com.ua/nasos/motopompi/stark/,FALSE,FALSE,FALSE,FALSE,FALSE,FALSE
huter dy6500lxw,10,1,1,1,"related_search, Sitelinks",https://220volt.com.ua/generator-benzinovij-huter-dy-6500-lxw/,FALSE,FALSE,FALSE,FALSE,FALSE,FALSE
csb hr 1221w f2,10,2,1,1,"shopping_rhs, Thumbnail, Sitelinks",https://220volt.com.ua/ua/akkumulyatornaya-batareya-csb-hr1221wf2/,FALSE,FALSE,FALSE,FALSE,FALSE,FALSE
снпто-11,10,1,1,1,"Video preview, Thumbnail, Sitelinks",https://220volt.com.ua/ua/stabilizator-napryazheniya-volter-snpto-11-pt/,FALSE,FALSE,FALSE,FALSE,FALSE,FALSE
электростанция купить киев,10,29,1,1,"also_asks, Local pack, AI Overview, related_search, Sitelinks",https://220volt.com.ua/generatory.htm,FALSE,TRUE,FALSE,FALSE,FALSE,TRUE
mp 40 20,10,1,1,1,"also_asks, Thumbnail, Sitelinks",https://220volt.com.ua/magnitnij-puskatel-promfaktor-mp-40-20-u3/,FALSE,FALSE,FALSE,FALSE,FALSE,FALSE
переносные электростанции цены,10,8,1,1,"related_search, Thumbnail, Sitelinks",https://220volt.com.ua/portativnye-zaryadnye-stantsii/portativnye-elektrostantsii.htm,FALSE,FALSE,FALSE,FALSE,FALSE,FALSE
apc 10000va smart ups surt10000xli,10,1,1,1,"Thumbnail, Sitelinks",https://220volt.com.ua/ibp-apc-smart-ups-rt-10000va/,FALSE,FALSE,FALSE,FALSE,FALSE,FALSE
eps133tde,10,0,1,1,"Thumbnail, Sitelinks, snip_image_thumbnail",https://220volt.com.ua/generator-dizel-nij-europower-new-boy-eps133tde/,FALSE,FALSE,FALSE,FALSE,FALSE,FALSE
forte fgd6500ew,10,1,1,1,"Thumbnail, Sitelinks, snip_image_thumbnail",https://220volt.com.ua/generator-dizel-nij-forte-fgd6500ew/,FALSE,FALSE,FALSE,FALSE,FALSE,FALSE
fg8000ea,10,1,1,1,"Thumbnail, Sitelinks",https://220volt.com.ua/ua/generator-benzinovij-forte-fg8000ea/,FALSE,FALSE,FALSE,FALSE,FALSE,FALSE
стабилизатор напряжения для аудиотехники,10,1,1,1,"Thumbnail, Sitelinks",https://220volt.com.ua/stabilizator/optimal_stab_audio-tehniki-hi-fi/,FALSE,FALSE,FALSE,FALSE,FALSE,FALSE
aksa 55 amplifier,10,0,1,1,"Thumbnail, Sitelinks",https://220volt.com.ua/ua/generator_dizelnyi_aksa_apd_55_bd/,FALSE,FALSE,FALSE,FALSE,FALSE,FALSE
нонс 7500,10,0,1,1,"Thumbnail, Sitelinks, snip_image_thumbnail",https://220volt.com.ua/stabilizator-napryazheniya-reta-nons-7500-breeze/,FALSE,FALSE,FALSE,FALSE,FALSE,FALSE
переносная мини электростанция,10,25,1,1,"Thumbnail, also_asks, Video preview, related_search, Sitelinks",https://220volt.com.ua/portativnye-zaryadnye-stantsii/portativnye-elektrostantsii.htm,FALSE,FALSE,FALSE,FALSE,FALSE,FALSE
sdmo montana j110k,10,1,1,1,"Thumbnail, Sitelinks, snip_image_thumbnail",https://220volt.com.ua/generator-dizel-nij-sdmo-montana-j110k-silent/,FALSE,FALSE,FALSE,FALSE,FALSE,FALSE
стабилизатор напряжения 1000 квт,10,1,1,1,"Thumbnail, related_search, Sitelinks",https://220volt.com.ua/stabilizator/moshnost_stab_block_1/,FALSE,FALSE,FALSE,FALSE,FALSE,FALSE
cs3 hr 1234w f2,10,5,1,1,"Thumbnail, related_search, Sitelinks",https://220volt.com.ua/ua/akkumulyatornaya-batareya-csb-hr1234wf2/,FALSE,FALSE,FALSE,FALSE,FALSE,FALSE
автономная электростанция для дома,10,11,1,1,"Video preview, related_search, also_asks, Sitelinks",https://220volt.com.ua/solnechnaya-energetika/solnechnye-elektrostantsii.htm,FALSE,FALSE,FALSE,FALSE,FALSE,FALSE
гном 50 50,10,1,1,1,"Sitelinks, snip_image_thumbnail",https://220volt.com.ua/nasos-drenazhnij-mnz-gnom-50-50/,FALSE,FALSE,FALSE,FALSE,FALSE,FALSE
pl4 c16 1,10,1,1,1,"Thumbnail, Sitelinks, snip_image_thumbnail",https://220volt.com.ua/avtomaticheskij-viklyuchatel-eaton-moeller-pl4-c16-1/,FALSE,FALSE,FALSE,FALSE,FALSE,FALSE
купить в украине солнечную электростанцию,10,8,1,1,"shopping_rhs, related_search, Thumbnail, Sitelinks",https://220volt.com.ua/solnechnaya-energetika/solnechnye-elektrostantsii.htm,FALSE,TRUE,FALSE,FALSE,FALSE,TRUE
реле напряжения тесла инструкция,10,1,1,1,"also_asks, Thumbnail, Sitelinks",https://220volt.com.ua/storage/catalog_products/162866/instruction/738.pdf,FALSE,FALSE,FALSE,FALSE,FALSE,FALSE
аккумулятор 6 вольт купить,10,10,1,1,"related_search, Sitelinks",https://220volt.com.ua/akkumulatornie-batarei/napryagenie_batarei_block_6/,FALSE,TRUE,FALSE,FALSE,FALSE,TRUE
стационарный генератор для дома,10,2,1,1,"also_asks, related_search, Thumbnail, Sitelinks",https://220volt.com.ua/generatory/tip_ustanovki_statsionarnie/,FALSE,FALSE,FALSE,FALSE,FALSE,FALSE
генератор бензиновый forte fg2500,10,1,1,1,"Thumbnail, Sitelinks",https://220volt.com.ua/generator-benzinovij-forte-fg2500/,FALSE,FALSE,FALSE,FALSE,FALSE,FALSE
виды аккумуляторов для машин,10,8,1,1,"also_asks, related_search, a_box_fsnippet, Sitelinks, snip_featured",https://220volt.com.ua/news/raznovidnosti-akkumulyatornih-batarej-soglasno-tipu-rabochih-elementov-i-naznacheniyu/,FALSE,FALSE,FALSE,FALSE,FALSE,FALSE
купить пускатели в украине,10,9,1,1,"Thumbnail, related_search, Sitelinks",https://220volt.com.ua/ua/elektrika-i-svet/nizkovoltnoe-oborudovanie/puskateli-kontaktori/puskateli.htm,FALSE,TRUE,FALSE,FALSE,FALSE,TRUE
gps3000,10,1,1,1,"Thumbnail, Sitelinks, snip_image_thumbnail",https://220volt.com.ua/generator-benzinovij-sadko-gps-3000/,FALSE,FALSE,FALSE,FALSE,FALSE,FALSE
eaton 9130 2000va,10,1,1,1,"shopping_rhs, Thumbnail, Sitelinks",https://220volt.com.ua/ibp-eaton-9130-2000-va/,FALSE,FALSE,FALSE,FALSE,FALSE,FALSE
csb gp12170b1,10,1,1,1,"Thumbnail, Sitelinks, snip_image_thumbnail",https://220volt.com.ua/akkumulyatornaya-batareya-csb-gp12170b1/,FALSE,FALSE,FALSE,FALSE,FALSE,FALSE
инверторный генератор weekender gs2200i отзывы,10,1,1,1,"related_search, Thumbnail, also_asks, Sitelinks",https://220volt.com.ua/generator-invertornij-weekender-gs2200i/,FALSE,FALSE,FALSE,FALSE,TRUE,FALSE
pkzm4,10,1,1,1,"AI Overview, Thumbnail, Sitelinks, snip_fqdn_in_aio",https://220volt.com.ua/ua/avtomaticheskij-viklyuchatel-eaton-moeller-pkzm4-50-222355/,FALSE,FALSE,FALSE,FALSE,FALSE,FALSE
аналоговый таймер,10,1,1,1,"Thumbnail, related_search, also_asks, Sitelinks",https://220volt.com.ua/elektrika-i-svet/nizkovoltnoe-oborudovanie/rele-tajmeri-fotokontrolleri/tajmeri.htm,FALSE,FALSE,FALSE,FALSE,FALSE,FALSE
16 ah,10,1,1,1,"AI Overview, Thumbnail, Sitelinks, snip_image_thumbnail",https://220volt.com.ua/ua/akkumulatornie-batarei/emkost_ab_block_16/,FALSE,FALSE,FALSE,FALSE,FALSE,FALSE
таймер отключения нагрузки,10,7,1,1,"related_search, also_asks, Thumbnail, Sitelinks",https://220volt.com.ua/elektrika-i-svet/nizkovoltnoe-oborudovanie/rele-tajmeri-fotokontrolleri/tajmeri.htm,FALSE,FALSE,FALSE,FALSE,FALSE,FALSE
купить электросчетчик энергомера,10,3,1,1,"related_search, Thumbnail, also_asks, Sitelinks",https://220volt.com.ua/pribori-dlya-kontrolya-i-izmereniya/schetchiki/schetchiki-elektricheskoj-energii/energomera/,FALSE,TRUE,FALSE,FALSE,FALSE,TRUE
автоматический ввод резерва для генератора,10,16,1,1,"also_asks, Video preview, related_search, Sitelinks",https://220volt.com.ua/avtomaticheskij-zapusk-generatora.htm,FALSE,FALSE,FALSE,FALSE,FALSE,FALSE
ventura battery,10,1,1,1,"ads_bot, related_search, Sitelinks, snip_image_thumbnail",https://220volt.com.ua/ua/akkumulatornie-batarei/ventura/,FALSE,FALSE,FALSE,FALSE,FALSE,FALSE
36v ups,10,2,1,1,"Thumbnail, Sitelinks",https://220volt.com.ua/ua/istochniki-besperebojnogo-pitaniya/voltaj_batarei_36-v/,FALSE,FALSE,FALSE,FALSE,FALSE,FALSE
gp 1272 f2 зарядка,10,1,1,1,"related_search, Thumbnail, Sitelinks",https://220volt.com.ua/akkumulyatornaya-batareya-csb-gp1272f2/,FALSE,FALSE,FALSE,FALSE,FALSE,FALSE
магнитный пускатель 10а,10,1,1,1,"also_asks, Thumbnail, Sitelinks",https://220volt.com.ua/magnitnij-puskatel-etal-pml-1100b-10a-220v/,FALSE,FALSE,FALSE,FALSE,FALSE,FALSE
форте fg9000e,10,1,1,1,"related_search, Thumbnail, Sitelinks, snip_image_thumbnail",https://220volt.com.ua/generator-benzinovij-forte-fg9000e/,FALSE,FALSE,FALSE,FALSE,FALSE,FALSE
световой таймер,10,1,1,1,"also_asks, Thumbnail, related_search, Sitelinks",https://220volt.com.ua/elektrika-i-svet/nizkovoltnoe-oborudovanie/rele-tajmeri-fotokontrolleri/tajmeri.htm,FALSE,FALSE,FALSE,FALSE,FALSE,FALSE
стабилизатор напряжения 380 вольт 3 квт,10,7,1,1,"Thumbnail, also_asks, related_search, Sitelinks",https://220volt.com.ua/stabilizator/phases_stab_trehfaznie/,FALSE,FALSE,FALSE,FALSE,FALSE,FALSE
источник бесперебойного питания внешний аккумулятор,10,28,1,1,"related_search, Sitelinks",https://220volt.com.ua/istochniki-besperebojnogo-pitaniya/akkumulyatornaya_batareya_vneshnyaya/,FALSE,FALSE,FALSE,FALSE,FALSE,FALSE
ибп powercom bnt 400a,10,1,1,1,"Thumbnail, Sitelinks",https://220volt.com.ua/ibp-powercom-bnt-400a/,FALSE,FALSE,FALSE,FALSE,FALSE,FALSE
газовый генератор 250 квт,10,1,1,1,"also_asks, Sitelinks",https://220volt.com.ua/generatory/tip_generatora_gazovie_generatori;maksimalnaya_moschnost_block__250/,FALSE,FALSE,FALSE,FALSE,FALSE,FALSE
дгу 150 квт цена,10,1,1,1,"also_asks, related_search, AI Overview, Sitelinks, snip_url_in_aio, snip_fqdn_in_aio",https://220volt.com.ua/generatory/tip_generatora_dizelnie_generatori;maksimalnaya_moschnost_block__150/,FALSE,TRUE,FALSE,FALSE,FALSE,TRUE
стабилизатор напряжения снпто 7,10,1,1,1,"also_asks, Video preview, Thumbnail, Sitelinks",https://220volt.com.ua/stabilizator-napryazheniya-volter-snpto-7-pt/,FALSE,FALSE,FALSE,FALSE,FALSE,FALSE
daishin sch 5050hx,10,1,1,1,"Thumbnail, Sitelinks, snip_image_thumbnail",https://220volt.com.ua/motopompa-daishin-sch-5050hx/,FALSE,FALSE,FALSE,FALSE,FALSE,FALSE
центральная насосная станция,10,1,1,1,"Thumbnail, related_search, also_asks, Sitelinks, snip_image_thumbnail",https://220volt.com.ua/nasos/nasosi-dlya-vodosnabzheniya/nasosnie-ustanovki.htm,FALSE,FALSE,FALSE,FALSE,FALSE,FALSE
где купить генератор в киеве,10,24,1,1,"also_asks, Local pack, related_search, Sitelinks, snip_image_thumbnail",https://220volt.com.ua/generatory.htm,FALSE,TRUE,FALSE,TRUE,FALSE,TRUE
grundfos jp basic 3 pt,10,1,1,1,"Thumbnail, Sitelinks",https://220volt.com.ua/nasosnaya-stantsiya-grundfos-jp-basic-3-pt-96150003/,FALSE,FALSE,FALSE,FALSE,FALSE,FALSE
challenger homeline 500t12,10,1,1,1,"Thumbnail, Sitelinks",https://220volt.com.ua/ibp-challenger-homeline-500t12/,FALSE,FALSE,FALSE,FALSE,FALSE,FALSE
homeline 1000t12,10,1,1,1,"Thumbnail, Sitelinks",https://220volt.com.ua/ibp-challenger-homeline-1000t12/,FALSE,FALSE,FALSE,FALSE,FALSE,FALSE
генератор форте 8000,10,1,1,1,Sitelinks,https://220volt.com.ua/ua/generator-benzinovij-forte-fg8000e/,FALSE,FALSE,FALSE,FALSE,FALSE,FALSE
eaton pf6 40 4 03,10,1,1,1,"Thumbnail, Sitelinks",https://220volt.com.ua/differentsial-noe-rele-eaton-moeller-pf6-40-4-003-286508/,FALSE,FALSE,FALSE,FALSE,FALSE,FALSE
купить таймер включения света,10,25,1,1,"also_asks, Thumbnail, related_search, Sitelinks",https://220volt.com.ua/elektrika-i-svet/nizkovoltnoe-oborudovanie/rele-tajmeri-fotokontrolleri/tajmeri.htm,FALSE,TRUE,FALSE,FALSE,FALSE,TRUE
286519,10,0,1,1,"Thumbnail, Sitelinks, snip_image_thumbnail",https://220volt.com.ua/avtomaticheskij-viklyuchatel-eaton-moeller-pl6-b10-1/,FALSE,FALSE,FALSE,FALSE,FALSE,FALSE
220 вольт компания,10,1,1,1,"Thumbnail, also_asks, related_search, Sitelinks",https://220volt.com.ua/,FALSE,FALSE,FALSE,FALSE,FALSE,FALSE
литиево ионные аккумуляторы купить,10,32,1,1,"related_search, also_asks, Sitelinks, snip_image_thumbnail",https://220volt.com.ua/akkumulatornie-batarei/tip_elementa_litij-ionnie/,FALSE,TRUE,FALSE,FALSE,FALSE,TRUE
генератор постоянного тока 220 вольт,10,1,1,1,"Thumbnail, related_search, Sitelinks",https://220volt.com.ua/generatory/osnaschenie_generatora_vyhod-postoyannogo-toka-12-v/,FALSE,FALSE,FALSE,FALSE,FALSE,FALSE
электрогенератор 380 вольт,10,10,1,1,"Thumbnail, related_search, also_asks, Sitelinks",https://220volt.com.ua/generatory/faznost_generatorov_3/,FALSE,FALSE,FALSE,FALSE,FALSE,FALSE
fl 2213d,10,1,1,1,"Thumbnail, Sitelinks",https://220volt.com.ua/ua/zaryadnoe-ustrojstvo-deca-fl-2213d/,FALSE,FALSE,FALSE,FALSE,FALSE,FALSE
ups ippon back power pro 600 инструкция,10,1,1,1,"related_search, Thumbnail, Sitelinks",https://220volt.com.ua/storage/catalog_products/146603/instruction/738.pdf,FALSE,FALSE,FALSE,FALSE,FALSE,FALSE
pw5110,10,1,1,1,"related_search, Thumbnail, Sitelinks, snip_image_thumbnail",https://220volt.com.ua/ibp-eaton-5110-700-va/,FALSE,FALSE,FALSE,FALSE,FALSE,FALSE
аккумулятор 5 квт купить,10,1,1,1,"Thumbnail, Sitelinks",https://220volt.com.ua/akkumulyatornaya-batareya-bms-eco-battery-e-wall-5-kvt/,FALSE,TRUE,FALSE,FALSE,FALSE,TRUE
подключить генератор к домашней сети,10,9,1,1,"Video preview, Thumbnail, AI Overview, also_asks, related_search, Sitelinks, snip_url_in_aio, snip_fqdn_in_aio",https://220volt.com.ua/news/kak-podklyuchit-generator-k-domashnej-elektroseti-instruktsiya-po-bezopasnosti-i-tehnike/,FALSE,FALSE,FALSE,FALSE,FALSE,FALSE
глубинный насос сколько киловатт,10,2,1,1,"also_asks, related_search, Thumbnail, Sitelinks",https://220volt.com.ua/nasos/nasosi-dlya-vodosnabzheniya/skvazhinnie-nasosi/moshnost_nasosa_skvaginnogo_do-2-kvt/,FALSE,FALSE,FALSE,TRUE,FALSE,FALSE
стабилизатор напряжения 110 вольт,10,1,1,1,"Thumbnail, Sitelinks",https://220volt.com.ua/stabilizator/optimal_stab_amerikanskoj-tehniki-100-volt/,FALSE,FALSE,FALSE,FALSE,FALSE,FALSE
apc sua2200i,10,1,1,1,"Thumbnail, also_asks, Sitelinks, snip_image_thumbnail",https://220volt.com.ua/ibp-apc-sua2200i/,FALSE,FALSE,FALSE,FALSE,FALSE,FALSE
стабилизатор напряжения на 220в,10,2,1,1,"Thumbnail, related_search, Sitelinks",https://220volt.com.ua/stabilizator/phases_stab_odnofaznie/,FALSE,FALSE,FALSE,FALSE,FALSE,FALSE
клапан ceme,10,1,1,1,"also_asks, Thumbnail, Sitelinks, snip_image_thumbnail",https://220volt.com.ua/nasos/elektromagnitnie-klapani/ceme/,FALSE,FALSE,FALSE,FALSE,FALSE,FALSE
батарея тяговая,10,14,1,1,"also_asks, Thumbnail, related_search, Sitelinks",https://220volt.com.ua/akkumulatornie-batarei/tip_elementa_tyagovie/,FALSE,FALSE,FALSE,FALSE,FALSE,FALSE
реле контроля напряжения 220в,10,9,1,1,"Thumbnail, related_search, also_asks, Sitelinks, snip_image_thumbnail",https://220volt.com.ua/elektrika-i-svet/nizkovoltnoe-oborudovanie/rele-tajmeri-fotokontrolleri/rele/rele_kontrolya_napryajeniya.htm,FALSE,FALSE,FALSE,FALSE,FALSE,FALSE
pl7 c25 3,10,0,1,1,"Thumbnail, Sitelinks, snip_image_thumbnail",https://220volt.com.ua/avtomaticheskij-viklyuchatel-eaton-moeller-pl7-c25-3-263411/,FALSE,FALSE,FALSE,FALSE,FALSE,FALSE
переносные генераторы цена,10,5,1,1,"Thumbnail, related_search, also_asks, Sitelinks",https://220volt.com.ua/generatory/tip_ustanovki_portativnie/,FALSE,TRUE,FALSE,FALSE,FALSE,TRUE
greenpower cc5000 lpg ng т2,10,1,1,1,Sitelinks,https://220volt.com.ua/generator-gazovij-greenpower-cc5000-lpg-ng-t2/,FALSE,FALSE,FALSE,FALSE,FALSE,FALSE
генератор синусоида,10,9,1,1,"also_asks, Thumbnail, AI Overview, related_search, Sitelinks",https://220volt.com.ua/ua/generatory/osnaschenie_generatora_s-pravilnoj-sinusoidoj/,FALSE,FALSE,FALSE,FALSE,FALSE,FALSE
автоматический пускатель,10,16,1,1,"Thumbnail, related_search, also_asks, Sitelinks, snip_image_thumbnail",https://220volt.com.ua/elektrika-i-svet/nizkovoltnoe-oborudovanie/puskateli-kontaktori/puskateli.htm,FALSE,FALSE,FALSE,FALSE,FALSE,FALSE
rt 3kl lcd,10,0,1,1,"related_search, Thumbnail, Sitelinks",https://220volt.com.ua/ibp-ritar-online-rt-3kl-lcd-rec-3000va-3707/,FALSE,FALSE,FALSE,FALSE,FALSE,FALSE
sm1270,10,1,1,1,"Thumbnail, Sitelinks, snip_image_thumbnail",https://220volt.com.ua/ua/zaryadnoe-ustrojstvo-deca-sm-1270-230-50-60/,FALSE,FALSE,FALSE,FALSE,FALSE,FALSE
реле напряжения рнпп-311,10,7,1,1,"related_search, also_asks, Thumbnail, Sitelinks, snip_image_thumbnail",https://220volt.com.ua/rele-napryazheniya-novatek-rnpp-311/,FALSE,FALSE,FALSE,FALSE,FALSE,FALSE
ritar rtp600,10,0,1,1,"Thumbnail, Sitelinks",https://220volt.com.ua/ua/ibp-ritar-rtp600-proxima-l/,FALSE,FALSE,FALSE,FALSE,FALSE,FALSE
реле давления воды киев,10,9,1,1,"related_search, Sitelinks",https://220volt.com.ua/nasos/komplektuyushchie-dlya-vodosnabzheniya-i-vodootvedeniya/tip_kompl_nasos_rele-davleniya/,FALSE,TRUE,FALSE,FALSE,FALSE,FALSE
honda generator eg5000cl,10,1,1,1,"Thumbnail, related_search, Sitelinks, snip_image_thumbnail",https://220volt.com.ua/generator-benzinovij-honda-eg5500cl/,FALSE,FALSE,FALSE,FALSE,FALSE,FALSE
challenger 1000,10,1,1,1,"Thumbnail, Sitelinks, snip_image_thumbnail",https://220volt.com.ua/ua/ibp-challenger-homepro-1000/,FALSE,FALSE,FALSE,FALSE,FALSE,FALSE
генератор на улице,10,1,1,1,"AI Overview, Thumbnail, also_asks, Sitelinks, snip_url_in_aio",https://220volt.com.ua/news/ustanovka-generatora-na-ulitse/,FALSE,FALSE,FALSE,FALSE,FALSE,FALSE
cube4,10,1,1,1,"Thumbnail, Sitelinks",https://220volt.com.ua/stabilizator-napryazheniya-ritar-cube-4/,FALSE,FALSE,FALSE,FALSE,FALSE,FALSE
магнитный пускатель киев,10,11,1,1,"related_search, also_asks, Thumbnail, Sitelinks",https://220volt.com.ua/elektrika-i-svet/nizkovoltnoe-oborudovanie/puskateli-kontaktori/puskateli.htm,FALSE,TRUE,FALSE,FALSE,FALSE,FALSE
генератор nik dg 6000,10,1,1,1,"Thumbnail, Sitelinks",https://220volt.com.ua/generator-dizel-nij-nik-dg6000/,FALSE,FALSE,FALSE,FALSE,FALSE,FALSE
источник бесперебойного питания 500ва,10,4,1,1,"related_search, AI Overview, Sitelinks",https://220volt.com.ua/istochniki-besperebojnogo-pitaniya/fullpower_ibp_do-500/,FALSE,FALSE,FALSE,FALSE,FALSE,FALSE
csb battery 100ah,10,1,1,1,Sitelinks,https://220volt.com.ua/ua/akkumulyatornaya-batareya-csb-gpl121000-12v-100ah-3406/,FALSE,FALSE,FALSE,FALSE,FALSE,FALSE
victron orion tr smart 12 12 30 isolated,10,0,1,1,"also_asks, Video preview, related_search, Sitelinks",https://220volt.com.ua/ua/zaryadnoe-ustrojstvo-victron-energy-orion-tr-smart-12-12-30-360w-isolated-ori121236120/,FALSE,FALSE,FALSE,FALSE,FALSE,FALSE
источник бесперебойного питания powercom wow 300,10,1,1,1,Sitelinks,https://220volt.com.ua/ibp-powercom-wow-300/,FALSE,FALSE,FALSE,FALSE,FALSE,FALSE
стабилизатор напряжения оптима,10,1,1,1,"related_search, Thumbnail, also_asks, Sitelinks",https://220volt.com.ua/stabilizator-napryazheniya-ukrtehnologiya-nsn-9000-optimum/,FALSE,FALSE,FALSE,FALSE,FALSE,FALSE
дренажный насос инструкция,10,1,1,1,"also_asks, Sitelinks",https://220volt.com.ua/storage/catalog_products/154353/instruction/738.pdf,FALSE,FALSE,FALSE,FALSE,FALSE,FALSE
струм стр 300,10,1,1,1,"Thumbnail, also_asks, Sitelinks",https://220volt.com.ua/stabilizator-napryazheniya-strum-str-300/,FALSE,FALSE,FALSE,FALSE,FALSE,FALSE
ge vh 3000 ups,10,1,1,1,"Thumbnail, Sitelinks",https://220volt.com.ua/ibp-general-electric-vh-3000/,FALSE,FALSE,FALSE,FALSE,FALSE,FALSE
цены на бесперебойник,10,50,1,1,"Thumbnail, related_search, also_asks, Sitelinks",https://220volt.com.ua/istochniki-besperebojnogo-pitaniya.htm,FALSE,FALSE,FALSE,FALSE,FALSE,FALSE
трехфазные инверторы,10,5,1,1,"related_search, Thumbnail, also_asks, Sitelinks",https://220volt.com.ua/inverter/faznost_invert_trexfaznyi;op_reshenie_solnecnye-invertory/,FALSE,FALSE,FALSE,FALSE,FALSE,FALSE
солнечные станции под ключ цена,10,20,1,1,"related_search, also_asks, Sitelinks",https://220volt.com.ua/solnechnaya-energetika/solnechnye-elektrostantsii.htm,FALSE,TRUE,FALSE,FALSE,FALSE,TRUE
ventura vg 12 65,10,0,1,1,"Sitelinks, snip_image_thumbnail",https://220volt.com.ua/ua/akkumulyatornaya-batareya-ventura-vg-12-65-gel/,FALSE,FALSE,FALSE,FALSE,FALSE,FALSE
7146,10,2,1,1,"Thumbnail, Sitelinks, snip_image_thumbnail",https://220volt.com.ua/ua/generator-gazovij-generac-6271-13kw/,FALSE,FALSE,FALSE,FALSE,FALSE,FALSE
преобразователь 1ф в 3ф,10,1,1,1,"related_search, Thumbnail, Sitelinks",https://220volt.com.ua/preobrazovatel-chastoti-fvp-1-5-1-5-kvt-1f-3f-220v/,FALSE,FALSE,FALSE,FALSE,FALSE,FALSE
стабилизатор напряжения 30000,10,1,1,1,"Thumbnail, Sitelinks",https://220volt.com.ua/stabilizator/moshnost_stab_block_30/,FALSE,FALSE,FALSE,FALSE,FALSE,FALSE
riello ups vision vst 2000,10,1,1,1,"Thumbnail, Sitelinks",https://220volt.com.ua/ibp-riello-vst-2000/,FALSE,FALSE,FALSE,FALSE,TRUE,FALSE
магнитные пускатели цена,10,4,1,1,"Thumbnail, also_asks, related_search, Sitelinks",https://220volt.com.ua/elektrika-i-svet/nizkovoltnoe-oborudovanie/puskateli-kontaktori/puskateli.htm,FALSE,TRUE,FALSE,FALSE,FALSE,TRUE
delta vfd el настройка,10,1,1,1,"also_asks, related_search, Thumbnail, Sitelinks",https://220volt.com.ua/storage/catalog_products/146642/instruction/738.pdf,FALSE,FALSE,FALSE,FALSE,FALSE,FALSE
exa power sl 600,10,0,1,1,"Thumbnail, shopping_rhs, related_search, Sitelinks",https://220volt.com.ua/invertor-exa-power-sl600/,FALSE,FALSE,FALSE,FALSE,FALSE,FALSE
voltronic axpert vm iii,10,1,1,1,"Thumbnail, related_search, Sitelinks",https://220volt.com.ua/ua/invertor-q-power-axpert-vm-iii-5000-48-5000vt-48v/,FALSE,FALSE,FALSE,FALSE,FALSE,FALSE
ups makelsan,10,1,1,1,Sitelinks,https://220volt.com.ua/ua/istochniki-besperebojnogo-pitaniya/makelsan/,FALSE,FALSE,FALSE,FALSE,FALSE,FALSE
pa950djk,10,1,1,1,"AI Overview, Sitelinks, snip_image_thumbnail, snip_url_in_aio, snip_fqdn_in_aio",https://220volt.com.ua/ua/generator-dizel-nij-palmera-pa950djk/,FALSE,FALSE,FALSE,FALSE,FALSE,FALSE
инверторный генератор с дистанционным запуском,10,0,1,1,"related_search, Sitelinks",https://220volt.com.ua/generatory/osnaschenie_generatora_distantsionnym-s-pulta/,FALSE,FALSE,FALSE,FALSE,FALSE,FALSE
1102410,10,0,1,1,"Thumbnail, Sitelinks, snip_image_thumbnail",https://220volt.com.ua/ua/blok-raspredelitel-nij-eti-edbm-1-n-1102410/,FALSE,FALSE,FALSE,FALSE,FALSE,FALSE
handygen 2500,10,1,1,1,"Thumbnail, Sitelinks, snip_image_thumbnail",https://220volt.com.ua/generator-benzinovij-briggs-stratton-handy-gen-2500a/,FALSE,FALSE,FALSE,FALSE,FALSE,FALSE
переносные электрогенераторы,10,6,1,1,"Thumbnail, related_search, also_asks, Sitelinks",https://220volt.com.ua/generatory/tip_ustanovki_portativnie/,FALSE,FALSE,FALSE,FALSE,FALSE,FALSE
генератор huter dy6500l,10,1,1,1,"Thumbnail, also_asks, Sitelinks",https://220volt.com.ua/generator-benzinovij-huter-dy-6500-l/,FALSE,FALSE,FALSE,FALSE,FALSE,FALSE
rt613,10,0,1,1,"Thumbnail, Sitelinks, snip_image_thumbnail",https://220volt.com.ua/ua/akkumulyatornaya-batareya-ritar-rt613-6v-1-3ah/,FALSE,FALSE,FALSE,FALSE,FALSE,FALSE
мобильная электростанция цена,10,1,1,1,"related_search, Thumbnail, also_asks, Sitelinks",https://220volt.com.ua/portativnye-zaryadnye-stantsii/portativnye-elektrostantsii.htm,FALSE,TRUE,FALSE,FALSE,FALSE,TRUE
inverter cover,10,0,1,1,"related_search, Thumbnail, Sitelinks",https://220volt.com.ua/istochniki-besperebojnogo-pitaniya/cover/,FALSE,FALSE,FALSE,FALSE,FALSE,FALSE
купить стабилизатор напряжения 10000,10,3,1,1,"related_search, Thumbnail, also_asks, Sitelinks",https://220volt.com.ua/stabilizator/moshnost_stab_block_10/,FALSE,TRUE,FALSE,FALSE,FALSE,TRUE
gd35,10,1,1,1,"Thumbnail, Sitelinks",https://220volt.com.ua/preobrazovatel-chastoti-invt-gd35-090g-4/,FALSE,FALSE,FALSE,FALSE,FALSE,FALSE
сэс 5 квт,10,18,1,1,"related_search, AI Overview, Sitelinks, snip_url_in_aio, snip_fqdn_in_aio",https://220volt.com.ua/solnechnaya-energetika/solnechnye-elektrostantsii/moshnost_set_stanc_5/,FALSE,FALSE,FALSE,FALSE,FALSE,FALSE
ippon smart,10,3,1,1,"related_search, Thumbnail, Sitelinks",https://220volt.com.ua/ibp-ippon-smart-power-pro-1000/,FALSE,FALSE,FALSE,FALSE,FALSE,FALSE
реле электротепловое,10,1,1,1,"Thumbnail, also_asks, Sitelinks, snip_image_thumbnail",https://220volt.com.ua/elektrika-i-svet/nizkovoltnoe-oborudovanie/rele-tajmeri-fotokontrolleri/rele/teplovie_rele.htm,FALSE,FALSE,FALSE,FALSE,FALSE,FALSE
реле давления воды купить киев,10,18,1,1,"AI Overview, related_search, Local pack, Sitelinks",https://220volt.com.ua/nasos/komplektuyushchie-dlya-vodosnabzheniya-i-vodootvedeniya/tip_kompl_nasos_rele-davleniya/,FALSE,TRUE,FALSE,FALSE,FALSE,TRUE
3 3 kw,10,4,1,1,"Thumbnail, AI Overview, also_asks, related_search, Sitelinks",https://220volt.com.ua/invertor-stark-enersolar-3kw/,FALSE,FALSE,FALSE,FALSE,FALSE,FALSE
220v hertz,10,1,1,1,"Thumbnail, related_search, Sitelinks",https://220volt.com.ua/information/proizvoditeli/hertz/,FALSE,FALSE,FALSE,FALSE,FALSE,FALSE
магнитный пускатель eaton,10,1,1,1,"Thumbnail, Sitelinks, snip_image_thumbnail",https://220volt.com.ua/elektrika-i-svet/nizkovoltnoe-oborudovanie/puskateli-kontaktori/puskateli/moeller/,FALSE,FALSE,FALSE,FALSE,FALSE,FALSE
ritar rtsw 1500 lcd 24v,10,1,1,1,"related_search, Sitelinks",https://220volt.com.ua/ibp-ritar-rtsw-1500-lcd-8331/,FALSE,FALSE,FALSE,FALSE,FALSE,FALSE
дизельный генератор купить в киеве,10,18,1,1,"related_search, Local pack, Thumbnail, Sitelinks",https://220volt.com.ua/generatory/tip_generatora_dizelnie_generatori/,FALSE,TRUE,FALSE,FALSE,FALSE,TRUE
в каких единицах измеряется емкость аккумуляторной батареи,10,21,1,1,"Thumbnail, also_asks, related_search, a_box_fsnippet, Sitelinks, snip_featured",https://220volt.com.ua/news/chto-takoe-emkost-akkumulyatora-metodika-ee-rascheta/,FALSE,FALSE,FALSE,FALSE,FALSE,FALSE
переносные устройства защитного отключения,10,1,1,1,"also_asks, Thumbnail, Sitelinks",https://220volt.com.ua/elektrika-i-svet/nizkovoltnoe-oborudovanie/ustrojstva-zashchitnogo-otklyucheniya-uzo-difavtomati.htm,FALSE,FALSE,FALSE,FALSE,FALSE,FALSE
j66,10,1,1,1,"Thumbnail, Sitelinks",https://220volt.com.ua/generator-dizel-nij-sdmo-montana-j66k-silent/,FALSE,FALSE,FALSE,FALSE,FALSE,FALSE
generator 220 volt,10,12,1,1,"Thumbnail, also_asks, related_search, Sitelinks",https://220volt.com.ua/generatory.htm,FALSE,FALSE,FALSE,FALSE,FALSE,FALSE
eaton 046938,10,0,1,1,"Thumbnail, Sitelinks, snip_image_thumbnail",https://220volt.com.ua/ua/avtomaticheskij-viklyuchatel-eaton-moeller-pkzm0-16-046938/,FALSE,FALSE,FALSE,FALSE,FALSE,FALSE
генератор dy6500l,10,1,1,1,"Thumbnail, also_asks, Sitelinks",https://220volt.com.ua/generator-benzinovij-huter-dy-6500-l/,FALSE,FALSE,FALSE,FALSE,FALSE,FALSE
riello vsd 1500,10,0,1,1,"related_search, Thumbnail, Sitelinks",https://220volt.com.ua/ibp-riello-vsd-1500/,FALSE,FALSE,FALSE,FALSE,TRUE,FALSE
инвертор форт,10,5,1,1,"Thumbnail, Sitelinks",https://220volt.com.ua/istochniki-besperebojnogo-pitaniya/fort/,FALSE,FALSE,FALSE,FALSE,FALSE,FALSE
генератор huter 2 5 квт,10,2,1,1,"Thumbnail, also_asks, Sitelinks",https://220volt.com.ua/generator-benzinovij-huter-dy-3000-l/,FALSE,FALSE,FALSE,FALSE,FALSE,FALSE
стабилизатор с двойным преобразованием купить,10,4,1,1,"related_search, Thumbnail, also_asks, Sitelinks",https://220volt.com.ua/stabilizator/tip_regulirovaniya_stabilizatora_dvojnogo-preobrazovaniya/,FALSE,TRUE,FALSE,FALSE,FALSE,TRUE
riello sdh,10,1,1,1,"Thumbnail, Sitelinks",https://220volt.com.ua/ua/ibp-riello-sdh-3000-er-bez-batarej/,FALSE,FALSE,FALSE,FALSE,FALSE,FALSE
скважинный насос grundfos цена,10,1,1,1,"Thumbnail, also_asks, related_search, a_box_fsnippet, Sitelinks, snip_featured",https://220volt.com.ua/nasos/nasosi-dlya-vodosnabzheniya/skvazhinnie-nasosi/grundfos/,FALSE,TRUE,FALSE,FALSE,FALSE,TRUE
типы бесперебойников,10,4,1,1,"related_search, Video preview, also_asks, a_box_fsnippet, Thumbnail, Sitelinks, snip_featured, snip_image_thumbnail",https://220volt.com.ua/news/vidi-istochnikov-besperebojnogo-pitaniya/,FALSE,FALSE,FALSE,FALSE,FALSE,FALSE
купить стабилизатор напряжения 220в,10,3,1,1,"also_asks, Thumbnail, Local pack, related_search, Sitelinks",https://220volt.com.ua/stabilizator/phases_stab_odnofaznie/,FALSE,TRUE,FALSE,FALSE,FALSE,TRUE
220 volt hertz,10,1,1,1,"Thumbnail, AI Overview, Sitelinks, snip_url_in_aio, snip_fqdn_in_aio",https://220volt.com.ua/ua/generatory/hertz/,FALSE,FALSE,FALSE,FALSE,FALSE,FALSE
swl 2500,10,1,1,1,"Thumbnail, Sitelinks",https://220volt.com.ua/akkumulyatornaya-batareya-yuasa-swl-2500/,FALSE,FALSE,FALSE,FALSE,FALSE,FALSE
netys pe 600,10,1,1,1,"Thumbnail, Sitelinks, snip_image_thumbnail",https://220volt.com.ua/ibp-socomec-netys-pe-600va/,FALSE,FALSE,FALSE,FALSE,FALSE,FALSE
бензогенератор huter dy6500lxw,10,0,1,1,"related_search, Thumbnail, Sitelinks",https://220volt.com.ua/generator-benzinovij-huter-dy-6500-lxw/,FALSE,FALSE,FALSE,FALSE,FALSE,FALSE
ups 5000,10,2,1,1,"Thumbnail, Sitelinks, snip_image_thumbnail",https://220volt.com.ua/ibp-volter-ups-5000/,FALSE,FALSE,FALSE,FALSE,FALSE,FALSE
ebara 120,10,1,1,1,Sitelinks,https://220volt.com.ua/ua/nasos-poverhnostnij-ebara-jem-120/,FALSE,FALSE,FALSE,FALSE,FALSE,FALSE
ибп 3000 va,10,1,1,1,"Thumbnail, related_search, Sitelinks, snip_image_thumbnail",https://220volt.com.ua/istochniki-besperebojnogo-pitaniya/fullpower_ibp_1001-3000/,FALSE,FALSE,FALSE,FALSE,FALSE,FALSE
honda ranger 2500,10,0,1,1,"Thumbnail, AI Overview, Sitelinks, snip_url_in_aio, snip_fqdn_in_aio",https://220volt.com.ua/ua/generator-benzinovij-sdmo-ranger-2500/,FALSE,FALSE,FALSE,FALSE,FALSE,FALSE
hr1234f2,10,3,1,1,"shopping_top, related_search, Thumbnail, Sitelinks, snip_image_thumbnail",https://220volt.com.ua/ua/akkumulyatornaya-batareya-csb-hr1234wf2/,FALSE,FALSE,FALSE,FALSE,FALSE,FALSE
solis mini 2500 4g,10,1,1,1,"Thumbnail, Sitelinks",https://220volt.com.ua/ua/invertor-solis-mini-2500/,FALSE,FALSE,FALSE,FALSE,FALSE,FALSE
реле регулятор давления,10,23,1,1,"Video preview, also_asks, Thumbnail, related_search, Sitelinks, snip_image_thumbnail",https://220volt.com.ua/nasos/komplektuyushchie-dlya-vodosnabzheniya-i-vodootvedeniya/tip_kompl_nasos_rele-davleniya/,FALSE,FALSE,FALSE,FALSE,FALSE,FALSE
pl6 c25 2,10,1,1,1,"shopping_rhs, Thumbnail, Sitelinks, snip_image_thumbnail",https://220volt.com.ua/avtomaticheskij-viklyuchatel-eaton-moeller-pl6-c25-2-286569/,FALSE,FALSE,FALSE,FALSE,FALSE,FALSE
насос скважинный grundfos цена,10,10,1,1,"related_search, also_asks, a_box_fsnippet, Thumbnail, Sitelinks, snip_featured",https://220volt.com.ua/nasos/nasosi-dlya-vodosnabzheniya/skvazhinnie-nasosi/grundfos/,FALSE,TRUE,FALSE,FALSE,FALSE,TRUE
акб 51,10,1,1,1,"related_search, Thumbnail, Sitelinks, snip_image_thumbnail",https://220volt.com.ua/akkumulatornie-batarei/napryagenie_batarei_block_51_2/,FALSE,FALSE,FALSE,FALSE,FALSE,FALSE
устройство авто аккумулятора,10,3,1,1,"Thumbnail, Video preview, also_asks, related_search, Sitelinks",https://220volt.com.ua/news/ustrojstvo-avtomobilnogo-akkumulyatora/,FALSE,FALSE,FALSE,FALSE,FALSE,FALSE
купить стабилизатор напряжения для дома трехфазный,10,12,1,1,"related_search, Thumbnail, also_asks, Sitelinks",https://220volt.com.ua/stabilizator/phases_stab_trehfaznie/,FALSE,TRUE,FALSE,FALSE,FALSE,TRUE
электрический таймер включения,10,27,1,1,"related_search, Thumbnail, Sitelinks",https://220volt.com.ua/elektrika-i-svet/nizkovoltnoe-oborudovanie/rele-tajmeri-fotokontrolleri/tajmeri.htm,FALSE,FALSE,FALSE,FALSE,FALSE,FALSE
dg7500,10,1,1,1,"related_search, Thumbnail, Sitelinks, snip_image_thumbnail",https://220volt.com.ua/generator-dizel-nij-nik-dg7500/,FALSE,FALSE,FALSE,FALSE,FALSE,FALSE
упс 3000,10,4,1,1,"related_search, Thumbnail, Sitelinks",https://220volt.com.ua/istochniki-besperebojnogo-pitaniya/fullpower_ibp_1001-3000/,FALSE,FALSE,FALSE,FALSE,FALSE,FALSE
стабилизатор 30000 вт,10,1,1,1,"also_asks, Thumbnail, Sitelinks",https://220volt.com.ua/stabilizator/moshnost_stab_block_30/,FALSE,FALSE,FALSE,FALSE,FALSE,FALSE
аккумуляторная емкость,10,12,1,1,"Thumbnail, related_search, a_box_fsnippet, also_asks, Sitelinks, snip_featured",https://220volt.com.ua/news/chto-takoe-emkost-akkumulyatora-metodika-ee-rascheta/,FALSE,FALSE,FALSE,FALSE,FALSE,FALSE
механический таймер для включения выключения электроприборов,10,18,1,1,"related_search, also_asks, Thumbnail, Sitelinks",https://220volt.com.ua/elektrika-i-svet/nizkovoltnoe-oborudovanie/rele-tajmeri-fotokontrolleri/tajmeri.htm,FALSE,FALSE,FALSE,FALSE,FALSE,FALSE
innova rt 3k,10,1,1,1,"Thumbnail, Sitelinks, snip_image_thumbnail",https://220volt.com.ua/ibp-ippon-innova-rt-3000/,FALSE,FALSE,FALSE,FALSE,FALSE,FALSE
генератор на 380 цена,10,9,1,1,"related_search, Thumbnail, Sitelinks, snip_image_thumbnail",https://220volt.com.ua/generatory/faznost_generatorov_3/,FALSE,TRUE,FALSE,FALSE,FALSE,TRUE
стабилизаторы напряжения на 220 вольт,10,8,1,1,"related_search, also_asks, Sitelinks",https://220volt.com.ua/stabilizator/phases_stab_odnofaznie/,FALSE,FALSE,FALSE,FALSE,FALSE,FALSE
современные счетчики электрической энергии,10,17,1,1,"related_search, also_asks, Thumbnail, Sitelinks",https://220volt.com.ua/news/schetchiki-elektricheskoj-energii-kakie-byvayut/,FALSE,FALSE,FALSE,FALSE,FALSE,FALSE
насосы для колодцев электрические цена,10,2,1,1,"a_box_fsnippet, also_asks, related_search, Thumbnail, Sitelinks, snip_featured",https://220volt.com.ua/nasos/nasosi-dlya-vodosnabzheniya/nasosi-dlya-kolodtsev.htm,FALSE,TRUE,FALSE,FALSE,FALSE,TRUE
реле контроля тока цена,10,4,1,1,"a_box_fsnippet, Thumbnail, related_search, also_asks, Sitelinks, snip_featured",https://220volt.com.ua/elektrika-i-svet/nizkovoltnoe-oborudovanie/rele-tajmeri-fotokontrolleri/rele/rele_kontrolya_toka.htm,FALSE,TRUE,FALSE,FALSE,FALSE,TRUE
inverter 48 volt 220 volt,10,4,1,1,"Video preview, related_search, AI Overview, Sitelinks",https://220volt.com.ua/inverter/napr_ak_invert_48/,FALSE,FALSE,FALSE,FALSE,FALSE,FALSE
ritar dg12 200,10,1,1,1,"Sitelinks, snip_image_thumbnail",https://220volt.com.ua/ua/akkumulyatornaya-batareya-ritar-dg12-200-12v-200ah-2185/,FALSE,FALSE,FALSE,FALSE,FALSE,FALSE
eaton c20,10,0,1,1,"Thumbnail, Sitelinks, snip_image_thumbnail",https://220volt.com.ua/avtomaticheskij-viklyuchatel-eaton-moeller-pl6-c20-1/,FALSE,FALSE,FALSE,FALSE,FALSE,FALSE
бензогенератор huter ht950a,10,1,1,1,Sitelinks,https://220volt.com.ua/generator-benzinovij-huter-ht-950-a/,FALSE,FALSE,FALSE,FALSE,FALSE,FALSE
самовсасывающие поверхностные насосы,10,10,1,1,"related_search, also_asks, Thumbnail, Sitelinks",https://220volt.com.ua/nasos/nasosi-dlya-vodosnabzheniya/tsentrobezhnie/tipvsas_samovsasivayushchie/,FALSE,FALSE,FALSE,FALSE,FALSE,FALSE
40hd,10,0,1,1,"Thumbnail, Sitelinks",https://220volt.com.ua/ua/avr-konner-sohnen-ats-1-40hd/,FALSE,FALSE,FALSE,FALSE,FALSE,FALSE
дизельный генератор pa950djk,10,1,1,1,"Thumbnail, Sitelinks",https://220volt.com.ua/generator-dizel-nij-palmera-pa950djk/,FALSE,FALSE,FALSE,FALSE,FALSE,FALSE
op 2e,10,1,1,1,"AI Overview, Thumbnail, Sitelinks, snip_image_thumbnail",https://220volt.com.ua/otvertka-probnik-iek-op-2e/,FALSE,FALSE,FALSE,FALSE,FALSE,FALSE
бокс с дин рейкой,10,1,1,1,"shopping_top, Thumbnail, related_search, Sitelinks, snip_image_thumbnail",https://220volt.com.ua/elektrika-i-svet/shitovoe/shchiti/nalicie_dinreyki_est/,FALSE,FALSE,FALSE,FALSE,FALSE,FALSE
palmera pa950djk,10,1,1,1,"Thumbnail, Sitelinks, snip_image_thumbnail",https://220volt.com.ua/ua/generator-dizel-nij-palmera-pa950djk/,FALSE,FALSE,FALSE,FALSE,FALSE,FALSE
ибп smart winner 2000,10,1,1,1,"Thumbnail, Sitelinks",https://220volt.com.ua/ibp-ippon-smart-winner-2000/,FALSE,FALSE,FALSE,FALSE,FALSE,FALSE
корпус щита распределительного,10,1,1,1,"related_search, Thumbnail, Sitelinks, snip_image_thumbnail",https://220volt.com.ua/elektrika-i-svet/shitovoe/shchiti.htm,FALSE,FALSE,FALSE,FALSE,FALSE,FALSE
challenger homeline 500w12,10,1,1,1,"Video preview, Thumbnail, Sitelinks",https://220volt.com.ua/ua/ibp-challenger-homeline-500w12/,FALSE,FALSE,FALSE,FALSE,FALSE,FALSE
бесперебойник с внешним аккумулятором купить,10,28,1,1,"related_search, Thumbnail, Sitelinks",https://220volt.com.ua/istochniki-besperebojnogo-pitaniya/akkumulyatornaya_batareya_vneshnyaya/,FALSE,TRUE,FALSE,FALSE,FALSE,TRUE
generac 14kw,10,1,1,1,"related_search, Sitelinks",https://220volt.com.ua/generator-gazovij-generac-5821-14kw/,FALSE,FALSE,FALSE,FALSE,FALSE,FALSE
электронный таймер включения,10,27,1,1,"related_search, Thumbnail, Sitelinks",https://220volt.com.ua/elektrika-i-svet/nizkovoltnoe-oborudovanie/rele-tajmeri-fotokontrolleri/tajmeri.htm,FALSE,FALSE,FALSE,FALSE,FALSE,FALSE
ибп на 10 квт цена,10,1,1,1,"Thumbnail, Sitelinks",https://220volt.com.ua/istochniki-besperebojnogo-pitaniya/fullpower_ibp_svishe-10000/,FALSE,TRUE,FALSE,FALSE,FALSE,TRUE
riello ups vst 2000,10,1,1,1,"Thumbnail, related_search, Sitelinks",https://220volt.com.ua/ibp-riello-vst-2000/,FALSE,FALSE,FALSE,FALSE,TRUE,FALSE
rtswrl 1000,10,1,1,1,"shopping_rhs, Thumbnail, Sitelinks, snip_image_thumbnail",https://220volt.com.ua/ua/ibp-ritar-rtswrl-1000-9356/,FALSE,FALSE,FALSE,FALSE,FALSE,FALSE
концевик 220 вольт,10,3,1,1,"also_asks, related_search, Thumbnail, Sitelinks, snip_image_thumbnail",https://220volt.com.ua/elektrika-i-svet/nizkovoltnoe-oborudovanie/viklyuchateli-knopki-pereklyuchateli/viklyuchateli.htm,FALSE,FALSE,FALSE,FALSE,FALSE,FALSE
купить 3 фазный стабилизатор,10,12,1,1,"Local pack, also_asks, related_search, Thumbnail, Sitelinks",https://220volt.com.ua/stabilizator/phases_stab_trehfaznie/,FALSE,TRUE,FALSE,FALSE,FALSE,TRUE
general electric источники бесперебойного питания,10,1,1,1,"Thumbnail, also_asks, Sitelinks",https://220volt.com.ua/istochniki-besperebojnogo-pitaniya/general-electric/,FALSE,FALSE,FALSE,FALSE,FALSE,FALSE
емкость заряда аккумулятора,10,20,1,1,"Thumbnail, related_search, also_asks, Sitelinks",https://220volt.com.ua/news/chto-takoe-emkost-akkumulyatora-metodika-ee-rascheta/,FALSE,FALSE,FALSE,FALSE,FALSE,FALSE
staba psn 500,10,1,1,1,"shopping_rhs, Thumbnail, Sitelinks",https://220volt.com.ua/ibp-staba-psn-500/,FALSE,FALSE,FALSE,FALSE,FALSE,FALSE
реле в,10,6,1,1,"also_asks, related_search, Thumbnail, Sitelinks, snip_image_thumbnail",https://220volt.com.ua/elektrika-i-svet/nizkovoltnoe-oborudovanie/rele-tajmeri-fotokontrolleri/rele.htm,FALSE,FALSE,FALSE,FALSE,FALSE,FALSE
типы цоколей ламп дневного света,10,4,1,1,"related_search, also_asks, a_box_fsnippet, Thumbnail, Sitelinks, snip_featured",https://220volt.com.ua/news/vibor-lamp/,FALSE,FALSE,FALSE,FALSE,FALSE,FALSE
exa l,10,1,1,1,"Thumbnail, AI Overview, Sitelinks",https://220volt.com.ua/ua/invertor-exa-power-exa-l-1kva/,FALSE,FALSE,FALSE,FALSE,FALSE,FALSE
диф автомат 63а schneider,10,1,1,1,"also_asks, Thumbnail, Sitelinks, snip_image_thumbnail",https://220volt.com.ua/elektrika-i-svet/nizkovoltnoe-oborudovanie/ustrojstva-zashchitnogo-otklyucheniya-uzo-difavtomati/schneider/tok_v_uzo_63-a/,FALSE,FALSE,FALSE,FALSE,FALSE,FALSE
biedronka gp2022bs,10,0,1,1,"Thumbnail, also_asks, Sitelinks",https://220volt.com.ua/ua/generator-benzinovij-biedronka-gp2022bs/,FALSE,FALSE,FALSE,FALSE,FALSE,FALSE
солнечные панели в окнах,10,3,1,1,"related_search, Thumbnail, also_asks, Sitelinks",https://220volt.com.ua/solnechnaya-energetika/solnechnye-paneli-batarei/naznachenie_dlya_fotomoduli__okna/,FALSE,FALSE,FALSE,FALSE,FALSE,FALSE
генератор nik 2700i,10,1,1,1,"Thumbnail, Sitelinks",https://220volt.com.ua/generator-benzinovij-nik-2700i/,FALSE,FALSE,FALSE,FALSE,FALSE,FALSE
orion tr smart 12 24 15,10,1,1,1,"Thumbnail, Sitelinks, snip_image_thumbnail",https://220volt.com.ua/zaryadnoe-ustrojstvo-victron-energy-orion-tr-smart-12-24-15-360w-isolated-ori122436120/,FALSE,FALSE,FALSE,FALSE,FALSE,FALSE
ritar rt1270 12v7 0ah 20hr,10,1,1,1,"Thumbnail, shopping_top, Sitelinks",https://220volt.com.ua/akkumulyatornaya-batareya-ritar-rt1270-12v-7-0ah/,FALSE,FALSE,FALSE,FALSE,FALSE,FALSE
lpt 800rl,10,0,1,1,"Thumbnail, Sitelinks, snip_image_thumbnail",https://220volt.com.ua/stabilizator-napryazheniya-logicpower-lpt-800rl/,FALSE,FALSE,FALSE,FALSE,FALSE,FALSE
реле питания,10,4,1,1,"also_asks, Thumbnail, Video preview, related_search, Sitelinks, snip_image_thumbnail",https://220volt.com.ua/elektrika-i-svet/nizkovoltnoe-oborudovanie/rele-tajmeri-fotokontrolleri/rele/rele_kontrolya_napryajeniya.htm,FALSE,FALSE,FALSE,FALSE,FALSE,FALSE
пускатели купить,10,13,1,1,"Thumbnail, related_search, Sitelinks",https://220volt.com.ua/elektrika-i-svet/nizkovoltnoe-oborudovanie/puskateli-kontaktori/puskateli.htm,FALSE,TRUE,FALSE,FALSE,FALSE,TRUE
5sc1000,10,1,1,1,"Thumbnail, Sitelinks, snip_image_thumbnail",https://220volt.com.ua/ibp-eaton-5sc-1000-va/,FALSE,FALSE,FALSE,FALSE,FALSE,FALSE
газовые генераторы green power,10,1,1,1,"Thumbnail, Sitelinks",https://220volt.com.ua/generatory/greenpower/,FALSE,FALSE,FALSE,FALSE,FALSE,FALSE
стабилизатор напряжения 380в,10,12,1,1,"Thumbnail, related_search, also_asks, Sitelinks",https://220volt.com.ua/stabilizator/phases_stab_trehfaznie/,FALSE,FALSE,FALSE,FALSE,FALSE,FALSE
таймер питания,10,18,1,1,"Thumbnail, also_asks, related_search, Sitelinks",https://220volt.com.ua/elektrika-i-svet/nizkovoltnoe-oborudovanie/rele-tajmeri-fotokontrolleri/tajmeri.htm,FALSE,FALSE,FALSE,FALSE,FALSE,FALSE
ибп sinpro 180,10,1,1,1,"Video preview, Thumbnail, Sitelinks",https://220volt.com.ua/ibp-sinpro-180-s310/,FALSE,FALSE,FALSE,FALSE,FALSE,FALSE
схема стабилизатора напряжения для дома,10,1,1,1,"Thumbnail, related_search, also_asks, Sitelinks, snip_image_thumbnail",https://220volt.com.ua/news/osnovnie-nyuansi-ustanovki-i-shemi-podklyucheniya-stabilizatora-napryazheniya/,FALSE,FALSE,FALSE,FALSE,FALSE,FALSE
источник бесперебойного питания smart winner 3000,10,1,1,1,"Thumbnail, Sitelinks",https://220volt.com.ua/ibp-ippon-smart-winner-3000/,FALSE,FALSE,FALSE,FALSE,FALSE,FALSE
теплый пол отопление дома,10,2,1,1,"a_box_fsnippet, Thumbnail, related_search, also_asks, Sitelinks, snip_featured, snip_image_thumbnail",https://220volt.com.ua/news/kak-rabotaet-teplyj-pol-vse-chto-nuzhno-znat-o-sovremennoj-sisteme-otopleniya/,FALSE,FALSE,FALSE,FALSE,FALSE,FALSE
ибп ups 500,10,10,1,1,"Thumbnail, related_search, Sitelinks",https://220volt.com.ua/istochniki-besperebojnogo-pitaniya/fullpower_ibp_do-500/,FALSE,FALSE,FALSE,FALSE,FALSE,FALSE
ибп powercom kin 525a,10,1,1,1,"Thumbnail, Sitelinks",https://220volt.com.ua/ibp-powercom-kin-525a/,FALSE,FALSE,FALSE,FALSE,FALSE,FALSE
реле давления насос,10,27,1,1,"Thumbnail, also_asks, related_search, Video preview, Sitelinks, snip_image_thumbnail",https://220volt.com.ua/nasos/komplektuyushchie-dlya-vodosnabzheniya-i-vodootvedeniya/tip_kompl_nasos_rele-davleniya/,FALSE,FALSE,FALSE,FALSE,FALSE,FALSE
ибп под аккумулятор,10,28,1,1,"Thumbnail, Video preview, related_search, Sitelinks",https://220volt.com.ua/istochniki-besperebojnogo-pitaniya/akkumulyatornaya_batareya_vneshnyaya/,FALSE,FALSE,FALSE,FALSE,FALSE,FALSE
аккумулятор 6 вольт купить спб,10,0,1,1,"Thumbnail, related_search, also_asks, Local pack, Sitelinks",https://220volt.com.ua/akkumulatornie-batarei/napryagenie_batarei_block_6/,FALSE,TRUE,FALSE,FALSE,FALSE,TRUE
eaton c2,10,1,1,1,"Thumbnail, Sitelinks, snip_image_thumbnail",https://220volt.com.ua/avtomaticheskij-viklyuchatel-eaton-moeller-pl6-c2-1/,FALSE,FALSE,FALSE,FALSE,FALSE,FALSE
riello ups fault a62,10,1,1,1,"Thumbnail, related_search, also_asks, Sitelinks",https://220volt.com.ua/storage/catalog_products/155041/instruction/738.pdf,FALSE,FALSE,FALSE,FALSE,FALSE,FALSE
ибп sven reserve 800,10,1,1,1,"Thumbnail, Sitelinks",https://220volt.com.ua/ibp-sven-reserve-home-800/,FALSE,FALSE,FALSE,FALSE,FALSE,FALSE
источник бесперебойного питания 3000va,10,9,1,1,"AI Overview, related_search, Sitelinks",https://220volt.com.ua/istochniki-besperebojnogo-pitaniya/fullpower_ibp_1001-3000/,FALSE,FALSE,FALSE,FALSE,FALSE,FALSE
источники бесперебойного питания 3000,10,3,1,1,"Thumbnail, Sitelinks",https://220volt.com.ua/istochniki-besperebojnogo-pitaniya/fullpower_ibp_1001-3000/,FALSE,FALSE,FALSE,FALSE,FALSE,FALSE
gp 6,10,1,1,1,"Thumbnail, Sitelinks",https://220volt.com.ua/ua/akkumulyatornaya-batareya-ventura-gp-6-4-5/,FALSE,FALSE,FALSE,FALSE,FALSE,FALSE
дбж lvt оптимус 250,10,1,1,1,"related_search, Thumbnail, Sitelinks",https://220volt.com.ua/ibp-lvt-optimus-250/,FALSE,FALSE,FALSE,FALSE,FALSE,FALSE
yuasa swl 1800 fr,10,1,1,1,"shopping_rhs, Thumbnail, Sitelinks",https://220volt.com.ua/akkumulyatornaya-batareya-yuasa-swl-1800/,FALSE,FALSE,FALSE,FALSE,FALSE,FALSE
9sx 5000i rt3u,10,1,1,1,"Thumbnail, Sitelinks, snip_image_thumbnail",https://220volt.com.ua/ibp-eaton-9sx-5000i-rt3u/,FALSE,FALSE,FALSE,FALSE,FALSE,FALSE
1132a,10,1,1,1,Sitelinks,https://220volt.com.ua/mul-timetr-uni-t-utm-1132a/,FALSE,FALSE,FALSE,FALSE,FALSE,FALSE
перекидной автомат шнайдер,10,1,1,1,"Thumbnail, shopping_rhs, related_search, also_asks, Sitelinks, snip_image_thumbnail",https://220volt.com.ua/elektrika-i-svet/nizkovoltnoe-oborudovanie/rubilniki/schneider/tip_rubilnika_perekidnoj/,FALSE,FALSE,FALSE,FALSE,FALSE,FALSE
источник бесперебойного питания ups 500,10,7,1,1,"Thumbnail, shopping_rhs, related_search, also_asks, Sitelinks, snip_image_thumbnail",https://220volt.com.ua/istochniki-besperebojnogo-pitaniya/fullpower_ibp_do-500/,FALSE,FALSE,FALSE,FALSE,FALSE,FALSE
скважинный насос ebara,10,1,1,1,"Thumbnail, also_asks, Sitelinks",https://220volt.com.ua/nasos/nasosi-dlya-vodosnabzheniya/skvazhinnie-nasosi/ebara/,FALSE,FALSE,FALSE,FALSE,FALSE,FALSE
forte fgd6500e инструкция,10,2,1,1,"Thumbnail, related_search, Sitelinks",https://220volt.com.ua/storage/catalog_products/127597/instruction/738.pdf,FALSE,FALSE,FALSE,FALSE,FALSE,FALSE
электронный стабилизатор напряжения 220в,10,6,1,1,"Thumbnail, Video preview, related_search, also_asks, Sitelinks",https://220volt.com.ua/stabilizator/phases_stab_odnofaznie/,FALSE,FALSE,FALSE,FALSE,FALSE,FALSE
jet inox,10,1,1,1,"related_search, Thumbnail, Sitelinks",https://220volt.com.ua/nasosnaya-stantsiya-ultropump-jet-inox-15-24/,FALSE,FALSE,FALSE,FALSE,FALSE,FALSE
бензиновый генератор matari m3800e,10,1,1,1,"Thumbnail, also_asks, Sitelinks",https://220volt.com.ua/generator-benzinovij-matari-m3800e/,FALSE,FALSE,FALSE,FALSE,FALSE,FALSE
3600 power,10,1,1,1,"Thumbnail, Sitelinks, snip_image_thumbnail",https://220volt.com.ua/invertor-q-power-axpert-max-3600-24-230-3600vt-24v/,FALSE,FALSE,FALSE,FALSE,FALSE,FALSE
m22 ddl gr x1 x0 k11 230 w,10,1,1,1,"Thumbnail, Sitelinks",https://220volt.com.ua/sdvoennie-knopki-eaton-moeller-m22-ddl-gr-x1-x0-k11-230-w/,FALSE,FALSE,FALSE,FALSE,FALSE,FALSE
пускатель eaton,10,3,1,1,"Thumbnail, Sitelinks, snip_image_thumbnail",https://220volt.com.ua/elektrika-i-svet/nizkovoltnoe-oborudovanie/puskateli-kontaktori/puskateli/moeller/,FALSE,FALSE,FALSE,FALSE,FALSE,FALSE
200 вольт интернет магазин,10,2,1,1,"also_asks, Thumbnail, related_search, Sitelinks",https://220volt.com.ua/,FALSE,TRUE,FALSE,FALSE,FALSE,FALSE
виды электрических счетчиков,10,3,1,1,"related_search, Thumbnail, a_box_fsnippet, also_asks, Sitelinks, snip_featured, snip_image_thumbnail",https://220volt.com.ua/news/schetchiki-elektricheskoj-energii-kakie-byvayut/,FALSE,FALSE,FALSE,FALSE,FALSE,FALSE
электрогенератор со стартером,10,9,1,1,"related_search, also_asks, Thumbnail, Sitelinks",https://220volt.com.ua/generatory/start_type_elektrostarter/,FALSE,FALSE,FALSE,FALSE,FALSE,FALSE
gp 33,10,0,1,1,"Thumbnail, Sitelinks, snip_image_thumbnail",https://220volt.com.ua/ibp-ritar-gp-33-10kva-18041/,FALSE,FALSE,FALSE,FALSE,FALSE,FALSE
ra12 100 battery,10,0,1,1,"Thumbnail, shopping_rhs, Sitelinks",https://220volt.com.ua/ua/akkumulyatornaya-batareya-ritar-ra12-100-12v-100ah/,FALSE,FALSE,FALSE,FALSE,FALSE,FALSE
трансформатор осм 063,10,2,1,1,"Thumbnail, Sitelinks",https://220volt.com.ua/transformator-osm-1-0-063-220-12-5/,FALSE,FALSE,FALSE,FALSE,FALSE,FALSE
насос самовсасывающий купить,10,10,1,1,"also_asks, Thumbnail, related_search, Sitelinks",https://220volt.com.ua/nasos/nasosi-dlya-vodosnabzheniya/tsentrobezhnie/tipvsas_samovsasivayushchie/,FALSE,TRUE,FALSE,FALSE,FALSE,TRUE
стр 2000,10,0,1,1,"Thumbnail, Sitelinks",https://220volt.com.ua/stabilizator-napryazheniya-strum-str-2000/,FALSE,FALSE,FALSE,FALSE,FALSE,FALSE
генератор форте 6500 е,10,5,1,1,"related_search, Thumbnail, Sitelinks",https://220volt.com.ua/generator-benzinovij-forte-fg6500e/,FALSE,FALSE,FALSE,FALSE,FALSE,FALSE
yuasa nph5 12,10,1,1,1,"Thumbnail, Sitelinks",https://220volt.com.ua/akkumulyatornaya-batareya-yuasa-nph-5-12/,FALSE,FALSE,FALSE,FALSE,FALSE,FALSE
джерело безперебійного живлення ritar,10,4,1,1,"Thumbnail, Sitelinks",https://220volt.com.ua/ua/istochniki-besperebojnogo-pitaniya/ritar/,FALSE,FALSE,FALSE,FALSE,FALSE,FALSE
generac 10 квт,10,4,1,1,"Thumbnail, Sitelinks",https://220volt.com.ua/ua/generator-gazovij-generac-6270-10kw/,FALSE,FALSE,FALSE,FALSE,FALSE,FALSE
сэс для дома,10,2,1,1,"Video preview, related_search, also_asks, Sitelinks",https://220volt.com.ua/solnechnaya-energetika/solnechnye-elektrostantsii.htm,FALSE,FALSE,FALSE,FALSE,FALSE,FALSE
установка бензогенератора на улице,10,1,1,1,"also_asks, related_search, Sitelinks",https://220volt.com.ua/news/ustanovka-generatora-na-ulitse/,FALSE,FALSE,FALSE,FALSE,FALSE,FALSE
снпто 18,10,0,1,1,"Thumbnail, Sitelinks",https://220volt.com.ua/stabilizator-napryazheniya-volter-snpto-18-ptsh/,FALSE,FALSE,FALSE,FALSE,FALSE,FALSE
stark 6500 eco,10,1,1,1,"Thumbnail, Sitelinks",https://220volt.com.ua/generator-benzinovij-stark-6500-eco/,FALSE,FALSE,FALSE,FALSE,FALSE,FALSE
ups exa l 1kva,10,1,1,1,"related_search, Sitelinks",https://220volt.com.ua/ua/invertor-exa-power-exa-l-1kva/,FALSE,FALSE,FALSE,FALSE,FALSE,FALSE
фрониус инвертор цена,10,3,1,1,"also_asks, related_search, Thumbnail, Sitelinks",https://220volt.com.ua/solnechnaya-energetika/solnechnye-invertory/fronius/,FALSE,TRUE,FALSE,FALSE,FALSE,TRUE
узо 20,10,1,1,1,"shopping_rhs, Thumbnail, Sitelinks",https://220volt.com.ua/ua/elektrika-i-svet/nizkovoltnoe-oborudovanie/ustrojstva-zashchitnogo-otklyucheniya-uzo-difavtomati/tok_v_uzo_20-a/,FALSE,FALSE,FALSE,FALSE,FALSE,FALSE
rt1280 12v8 0ah 20hr,10,1,1,1,"Thumbnail, Sitelinks",https://220volt.com.ua/akkumulyatornaya-batareya-ritar-rt1280-12v-8-0ah/,FALSE,FALSE,FALSE,FALSE,FALSE,FALSE
час зарядки гелевого аккумулятора,10,15,1,1,"related_search, a_box_fsnippet, also_asks, Sitelinks, snip_featured",https://220volt.com.ua/news/pravilnaya-zaryadka-gelevogo-akkumulyatora-kak-uvelichit-srok-ego-sluzhby/,FALSE,FALSE,FALSE,FALSE,FALSE,FALSE
контактное реле 220в,10,13,1,1,"also_asks, Thumbnail, related_search, Sitelinks, snip_image_thumbnail",https://220volt.com.ua/elektrika-i-svet/nizkovoltnoe-oborudovanie/rele-tajmeri-fotokontrolleri/rele/promejutochnie_rele.htm,FALSE,FALSE,FALSE,FALSE,FALSE,FALSE
генератор 360 вольт,10,12,1,1,"related_search, also_asks, Sitelinks",https://220volt.com.ua/generatory/faznost_generatorov_3/,FALSE,FALSE,FALSE,FALSE,FALSE,FALSE
генератор для пикника,10,1,1,1,"Thumbnail, also_asks, Sitelinks",https://220volt.com.ua/news/generatori-dlya-piknika-viezda-na-prirodu/,FALSE,FALSE,FALSE,FALSE,FALSE,FALSE
авр generac,10,0,1,1,"also_asks, Thumbnail, Sitelinks",https://220volt.com.ua/news/montaj-avr-generac/,FALSE,FALSE,FALSE,FALSE,FALSE,FALSE
ибп 6000 вт,10,2,1,1,"Thumbnail, also_asks, related_search, Sitelinks",https://220volt.com.ua/istochniki-besperebojnogo-pitaniya/fullpower_ibp_3001-6000/,FALSE,FALSE,FALSE,FALSE,FALSE,FALSE
dg12,10,1,1,1,"related_search, Thumbnail, Sitelinks, snip_image_thumbnail",https://220volt.com.ua/ua/akkumulyatornaya-batareya-ritar-dg12-40-12v-40ah-2518/,FALSE,FALSE,FALSE,FALSE,FALSE,FALSE
фирма 220 вольт,10,17,1,1,"Thumbnail, related_search, Local pack, also_asks, kn_graph_card, Sitelinks, snip_sitelinks",https://220volt.com.ua/,FALSE,FALSE,FALSE,FALSE,FALSE,FALSE
fronius 5kw,10,1,1,1,"Thumbnail, related_search, Sitelinks",https://220volt.com.ua/invertor-fronius-primo-5-0-1/,FALSE,FALSE,FALSE,FALSE,FALSE,FALSE
deca 119,10,1,1,1,"Thumbnail, Sitelinks, snip_image_thumbnail",https://220volt.com.ua/zaryadnoe-ustrojstvo-deca-matic-119/,FALSE,FALSE,FALSE,FALSE,FALSE,FALSE
параметры генератора,10,4,1,1,"also_asks, Thumbnail, Video preview, related_search, Sitelinks",https://220volt.com.ua/news/harakteristiki-moshchnosti-generatora/,FALSE,FALSE,FALSE,FALSE,FALSE,FALSE
md 30,10,1,1,1,"Thumbnail, Sitelinks",https://220volt.com.ua/generator-dizel-nij-matari-md30/,FALSE,FALSE,FALSE,FALSE,FALSE,FALSE
устройство акб автомобиля,10,3,1,1,"Thumbnail, related_search, also_asks, Sitelinks",https://220volt.com.ua/news/ustrojstvo-avtomobilnogo-akkumulyatora/,FALSE,FALSE,FALSE,FALSE,FALSE,FALSE
аккумулятор siap 6 gel 105,10,1,1,1,"related_search, Thumbnail, Sitelinks, snip_image_thumbnail",https://220volt.com.ua/akkumulyatornaya-batareya-siap-6-gel-105/,FALSE,FALSE,FALSE,FALSE,FALSE,FALSE
challenger homepro,10,1,1,1,"Thumbnail, Sitelinks",https://220volt.com.ua/ibp-challenger-homepro-3000/,FALSE,FALSE,FALSE,FALSE,FALSE,FALSE
inversor híbrido 3000w 24v voltronic axpert vmiii,10,0,1,1,"Thumbnail, Sitelinks",https://220volt.com.ua/ua/invertor-q-power-axpert-vm-iii-3000-24-3000vt-24v/,FALSE,FALSE,FALSE,FALSE,FALSE,FALSE
itcpower gg20i,10,1,1,1,"Thumbnail, Sitelinks",https://220volt.com.ua/ua/generator-invertornij-itc-power-gg20i-6807071/,FALSE,FALSE,FALSE,FALSE,FALSE,FALSE
gg18i,10,1,1,1,"Thumbnail, Sitelinks, snip_image_thumbnail",https://220volt.com.ua/generator-invertornij-itc-power-gg18i-6807070/,FALSE,FALSE,FALSE,FALSE,FALSE,FALSE
eco 300,10,1,1,1,"Thumbnail, Sitelinks, snip_image_thumbnail",https://220volt.com.ua/ua/stabilizator-napryazheniya-volt-eco-300/,FALSE,FALSE,FALSE,FALSE,FALSE,FALSE
ups victron,10,1,1,1,"related_search, also_asks, Thumbnail, Sitelinks",https://220volt.com.ua/istochniki-besperebojnogo-pitaniya/victron-energy/,FALSE,FALSE,FALSE,FALSE,FALSE,FALSE
упп цена,10,3,1,1,"also_asks, related_search, Thumbnail, Sitelinks",https://220volt.com.ua/preobrazovateli_chastoty_ustr_plavnogo_puska/ustrojstva-plavnogo-puska-i-tormozheniya.htm,FALSE,TRUE,FALSE,FALSE,FALSE,TRUE
генератор generac инструкция,10,1,1,1,"related_search, also_asks, AI Overview, Sitelinks",https://220volt.com.ua/storage/catalog_products/150395/instruction/738.pdf,FALSE,FALSE,FALSE,FALSE,FALSE,FALSE
gpd25,10,1,1,1,"Thumbnail, shopping_top, Sitelinks, snip_image_thumbnail",https://220volt.com.ua/nasos-tsirkulyatsionnij-aquatica-gpd25-8s-180-774141/,FALSE,FALSE,FALSE,FALSE,FALSE,FALSE
daishin seb6000ha,10,0,1,1,"Thumbnail, Sitelinks, snip_image_thumbnail",https://220volt.com.ua/generator-benzinovij-daishin-seb6000ha/,FALSE,FALSE,FALSE,FALSE,FALSE,FALSE
электрогенератор на 380в,10,9,1,1,"related_search, Sitelinks",https://220volt.com.ua/generatory/faznost_generatorov_3/,FALSE,FALSE,FALSE,FALSE,FALSE,FALSE
контактор с катушкой на 24в,10,1,1,1,"Thumbnail, Sitelinks",https://220volt.com.ua/elektrika-i-svet/nizkovoltnoe-oborudovanie/puskateli-kontaktori/puskateli/napr_katushki_kont_i_puskateli_24/,FALSE,FALSE,FALSE,FALSE,FALSE,FALSE
offline inverter,10,2,1,1,"AI Overview, Thumbnail, related_search, Sitelinks",https://220volt.com.ua/istochniki-besperebojnogo-pitaniya/typearhetekturi_rezervnij_off-line/,FALSE,FALSE,FALSE,FALSE,FALSE,FALSE
безперебійник на акумуляторі,10,7,1,1,"Thumbnail, related_search, Sitelinks",https://220volt.com.ua/ua/istochniki-besperebojnogo-pitaniya/akkumulyatornaya_batareya_vneshnyaya/,FALSE,FALSE,FALSE,FALSE,FALSE,FALSE
кемпинговый генератор,10,1,1,1,"also_asks, AI Overview, Thumbnail, related_search, Video preview, Sitelinks",https://220volt.com.ua/generatory/optimal_gen_turizma/,FALSE,FALSE,FALSE,FALSE,FALSE,FALSE
fx 25,10,1,1,1,"Thumbnail, Sitelinks",https://220volt.com.ua/ibp-fort-fx25/,FALSE,FALSE,FALSE,FALSE,FALSE,FALSE
ups vh series 3000,10,1,1,1,"Thumbnail, Sitelinks",https://220volt.com.ua/ua/ibp-general-electric-vh-3000/,FALSE,FALSE,FALSE,FALSE,FALSE,FALSE
ventura аккумуляторные батареи,10,1,1,1,"Thumbnail, related_search, Sitelinks",https://220volt.com.ua/akkumulatornie-batarei/ventura/,FALSE,FALSE,FALSE,FALSE,FALSE,FALSE
таймер на электричество,10,30,1,1,"Thumbnail, also_asks, shopping_rhs, related_search, Sitelinks",https://220volt.com.ua/elektrika-i-svet/nizkovoltnoe-oborudovanie/rele-tajmeri-fotokontrolleri/tajmeri.htm,FALSE,FALSE,FALSE,FALSE,FALSE,FALSE
4 вольтовая батарейка,10,13,1,1,"also_asks, Thumbnail, related_search, Sitelinks",https://220volt.com.ua/akkumulatornie-batarei/napryagenie_batarei_block_4/,FALSE,FALSE,FALSE,FALSE,FALSE,FALSE
таймер выключения 220 вольт,10,1,1,1,"also_asks, Thumbnail, related_search, Sitelinks",https://220volt.com.ua/elektrika-i-svet/nizkovoltnoe-oborudovanie/rele-tajmeri-fotokontrolleri/tajmeri.htm,FALSE,FALSE,FALSE,FALSE,FALSE,FALSE
36pt,10,1,1,1,"Thumbnail, Sitelinks, snip_image_thumbnail",https://220volt.com.ua/shchit-naruzhnij-raspredelitel-nij-eti-ect-36-pt-1101004/,FALSE,FALSE,FALSE,FALSE,FALSE,FALSE
солнечная єлектростанция,10,26,1,1,"related_search, Video preview, kn_graph_card, Sitelinks",https://220volt.com.ua/ua/solnechnaya-energetika/solnechnye-elektrostantsii.htm,FALSE,FALSE,FALSE,FALSE,FALSE,FALSE
электрогенераторы киев,10,45,1,1,"Local pack, related_search, Sitelinks",https://220volt.com.ua/generatory.htm,FALSE,TRUE,FALSE,FALSE,FALSE,FALSE
easy9 отзывы,10,1,1,1,"Thumbnail, also_asks, Sitelinks",https://220volt.com.ua/avtomaticheskij-viklyuchatel-schneider-electric-easy9-1p-10a-har-ka-c-4-5ka-ez9f34110/,FALSE,FALSE,FALSE,FALSE,TRUE,FALSE
насосы grundfos фекальные,10,4,1,1,"related_search, Thumbnail, Sitelinks",https://220volt.com.ua/nasos/nasosi-dlya-vodootvedeniya/fekalnih-stokov/grundfos/,FALSE,FALSE,FALSE,FALSE,FALSE,FALSE
ippon pro 800,10,1,1,1,"Thumbnail, Sitelinks",https://220volt.com.ua/ua/ibp-ippon-back-comfo-pro-800-black/,FALSE,FALSE,FALSE,FALSE,FALSE,FALSE
генератор 140 ампер какой нужен аккумулятор,10,2,1,1,"also_asks, related_search, Thumbnail, Sitelinks",https://220volt.com.ua/news/kak-podobrat-akkumulyator-dlya-generatora-tipy-emkost-i-srok-sluzhby/,FALSE,FALSE,FALSE,TRUE,FALSE,FALSE
стабилизатор напряжения 220в для дачи цена,10,2,1,1,"also_asks, related_search, Thumbnail, Sitelinks",https://220volt.com.ua/stabilizator/phases_stab_odnofaznie/,FALSE,TRUE,FALSE,FALSE,FALSE,TRUE
jet110,10,1,1,1,"Thumbnail, Sitelinks, snip_image_thumbnail",https://220volt.com.ua/ua/nasos-poverhnostnij-rudes-jet-110/,FALSE,FALSE,FALSE,FALSE,FALSE,FALSE
генератор huter dy5000l,10,0,1,1,Sitelinks,https://220volt.com.ua/generator-benzinovij-huter-dy-5000-l/,FALSE,FALSE,FALSE,FALSE,FALSE,FALSE
220 вольт сервисный центр,10,0,1,1,"kn_graph_local, AI Overview, related_search, Sitelinks, snip_fqdn_in_aio",https://220volt.com.ua/ua/information/uslugi/obsluzhivanie-stabilizatorov/,FALSE,FALSE,FALSE,FALSE,FALSE,FALSE
powercom war 1000ap,10,1,1,1,"Thumbnail, Sitelinks",https://220volt.com.ua/ibp-powercom-war-1000ap/,FALSE,FALSE,FALSE,FALSE,FALSE,FALSE
ebara multigo m40 8,10,0,1,1,"Thumbnail, Sitelinks",https://220volt.com.ua/ua/nasos-poverhnostnij-ebara-multigo-m40-08-in-line/,FALSE,FALSE,FALSE,FALSE,FALSE,FALSE
стабилизатор 220 вольт купить,10,2,1,1,"Thumbnail, also_asks, related_search, Sitelinks",https://220volt.com.ua/stabilizator/phases_stab_odnofaznie/,FALSE,TRUE,FALSE,FALSE,FALSE,TRUE
асинхронный генератор цена,10,4,1,1,"Thumbnail, also_asks, Sitelinks",https://220volt.com.ua/generatory/tip_alternatora_asinhronnyj/,FALSE,TRUE,FALSE,FALSE,FALSE,TRUE
challenger ибп,10,1,1,1,"Thumbnail, Sitelinks",https://220volt.com.ua/istochniki-besperebojnogo-pitaniya/challenger/,FALSE,FALSE,FALSE,FALSE,FALSE,FALSE
номинальная емкость аккумулятора это,10,2,1,1,"AI Overview, Thumbnail, related_search, also_asks, Sitelinks, snip_url_in_aio, snip_fqdn_in_aio",https://220volt.com.ua/news/chto-takoe-emkost-akkumulyatora-metodika-ee-rascheta/,FALSE,FALSE,FALSE,FALSE,FALSE,FALSE
узо 01,10,1,1,1,"Thumbnail, also_asks, Sitelinks",https://220volt.com.ua/elektrika-i-svet/nizkovoltnoe-oborudovanie/ustrojstva-zashchitnogo-otklyucheniya-uzo-difavtomati/tok_utechki_0-01-a/,FALSE,FALSE,FALSE,FALSE,FALSE,FALSE
csb 12360,10,1,1,1,"Thumbnail, Sitelinks, snip_image_thumbnail",https://220volt.com.ua/ua/akkumulyatornaya-batareya-csb-ups12360/,FALSE,FALSE,FALSE,FALSE,FALSE,FALSE
бесперебойник ippon инструкция,10,1,1,1,"Thumbnail, also_asks, related_search, Sitelinks",https://220volt.com.ua/storage/catalog_products/146603/instruction/738.pdf,FALSE,FALSE,FALSE,FALSE,FALSE,FALSE
m8000e,10,0,1,1,"Thumbnail, Sitelinks, snip_image_thumbnail",https://220volt.com.ua/generator-benzinovij-matari-m8000e/,FALSE,FALSE,FALSE,FALSE,FALSE,FALSE
rtp500,10,1,1,1,"Thumbnail, Sitelinks, snip_image_thumbnail",https://220volt.com.ua/ua/ibp-ritar-rtp500-standby-l/,FALSE,FALSE,FALSE,FALSE,FALSE,FALSE
зарядка аккумулятора 220 вольт,10,1,1,1,"Thumbnail, also_asks, Sitelinks",https://220volt.com.ua/news/zaryazhaem-akkumulyator/,FALSE,FALSE,FALSE,FALSE,FALSE,FALSE
циркуляционный насос 220,10,1,1,1,"Thumbnail, also_asks, Sitelinks",https://220volt.com.ua/nasos/nasosi-dlya-vodosnabzheniya/tsirkulyatsionnie.htm,FALSE,FALSE,FALSE,FALSE,FALSE,FALSE
стабилизатор напряжения на симисторе,10,1,1,1,"related_search, also_asks, Thumbnail, Sitelinks",https://220volt.com.ua/stabilizator/control_simistornie/,FALSE,FALSE,FALSE,FALSE,FALSE,FALSE
аккумулятор для квартиры 220 вольт,10,11,1,1,"related_search, also_asks, Sitelinks",https://220volt.com.ua/akkumulatornie-batarei.htm,FALSE,FALSE,FALSE,FALSE,FALSE,FALSE
акб challenger,10,3,1,1,"also_asks, related_search, Sitelinks",https://220volt.com.ua/akkumulatornie-batarei/challenger/,FALSE,FALSE,FALSE,FALSE,FALSE,FALSE
220 вольт интернет магазин каталог,10,21,1,1,"related_search, Thumbnail, Sitelinks",https://220volt.com.ua/,FALSE,TRUE,FALSE,FALSE,FALSE,FALSE
реле с управлением 220 вольт,10,10,1,1,"Thumbnail, related_search, Sitelinks, snip_image_thumbnail",https://220volt.com.ua/elektrika-i-svet/nizkovoltnoe-oborudovanie/rele-tajmeri-fotokontrolleri/rele/promejutochnie_rele.htm,FALSE,FALSE,FALSE,FALSE,FALSE,FALSE
стабилизатор переменного напряжения для сети 220 вольт,10,1,1,1,"Video preview, also_asks, related_search, Thumbnail, Sitelinks",https://220volt.com.ua/stabilizator/phases_stab_odnofaznie/,FALSE,FALSE,FALSE,FALSE,FALSE,FALSE
стабилизаторы ortea,10,1,1,1,"Thumbnail, related_search, Sitelinks",https://220volt.com.ua/stabilizator-napryazheniya-ortea-vega-1000-20/,FALSE,FALSE,FALSE,FALSE,FALSE,FALSE
щитовая продукция,10,1,1,1,"Thumbnail, Sitelinks",https://220volt.com.ua/elektrika-i-svet/shitovoe/shchitovoe-oborudovanie.htm,FALSE,FALSE,FALSE,FALSE,FALSE,FALSE
ибп general electric,10,1,1,1,"Thumbnail, also_asks, Sitelinks",https://220volt.com.ua/istochniki-besperebojnogo-pitaniya/general-electric/,FALSE,FALSE,FALSE,FALSE,FALSE,FALSE
victron energy phoenix inverter 12v 350va,10,1,1,1,"Thumbnail, Sitelinks",https://220volt.com.ua/invertor-victron-energy-phoenix-inverter-12-350-schuko-outlet/,FALSE,FALSE,FALSE,FALSE,FALSE,FALSE
ups 10 kw,10,6,1,1,Sitelinks,https://220volt.com.ua/ua/istochniki-besperebojnogo-pitaniya/fullpower_ibp_svishe-10000/,FALSE,FALSE,FALSE,FALSE,FALSE,FALSE
online ups 1kva,10,1,1,1,"Thumbnail, related_search, Sitelinks",https://220volt.com.ua/istochniki-besperebojnogo-pitaniya/typearhetekturi_neprerivnogo-dejstviya/,FALSE,FALSE,FALSE,FALSE,FALSE,FALSE
dg5000,10,1,1,1,"Thumbnail, also_asks, Sitelinks, snip_image_thumbnail",https://220volt.com.ua/generator-dizel-nij-nik-dg5000/,FALSE,FALSE,FALSE,FALSE,FALSE,FALSE
снпто стабилизатор,10,1,1,1,"Thumbnail, also_asks, Sitelinks",https://220volt.com.ua/stabilizator-napryazheniya-volter-snpto-7-pt/,FALSE,FALSE,FALSE,FALSE,FALSE,FALSE
электростанции переносные,10,15,1,1,"Thumbnail, also_asks, related_search, Sitelinks",https://220volt.com.ua/portativnye-zaryadnye-stantsii/portativnye-elektrostantsii.htm,FALSE,FALSE,FALSE,FALSE,FALSE,FALSE
водяной насос высокого давления цена,10,11,1,1,"related_search, Thumbnail, a_box_fsnippet, Sitelinks, snip_featured",https://220volt.com.ua/nasos/nasosi-dlya-vodosnabzheniya/nasosy_dlya_povysheniya_davleniya.htm,FALSE,TRUE,FALSE,FALSE,FALSE,TRUE
реле на 220 вольт переменного тока,10,10,1,1,"Thumbnail, related_search, also_asks, Sitelinks",https://220volt.com.ua/elektrika-i-svet/nizkovoltnoe-oborudovanie/rele-tajmeri-fotokontrolleri/rele/promejutochnie_rele.htm,FALSE,FALSE,FALSE,FALSE,FALSE,FALSE
csb hr1221w f2,10,2,1,1,Sitelinks,https://220volt.com.ua/ua/akkumulyatornaya-batareya-csb-hr1221wf2/,FALSE,FALSE,FALSE,FALSE,FALSE,FALSE
генератор киів,10,2,1,1,"Local pack, related_search, Thumbnail, Sitelinks",https://220volt.com.ua/ua/generatory.htm,FALSE,FALSE,FALSE,FALSE,FALSE,FALSE
электронный стабилизатор напряжения 220,10,3,1,1,"Thumbnail, related_search, also_asks, Video preview, Sitelinks",https://220volt.com.ua/stabilizator/phases_stab_odnofaznie/,FALSE,FALSE,FALSE,FALSE,FALSE,FALSE
выпрямитель на 220 вольт,10,11,1,1,"also_asks, related_search, Thumbnail, Sitelinks",https://220volt.com.ua/stabilizator/phases_stab_odnofaznie/,FALSE,FALSE,FALSE,FALSE,FALSE,FALSE
6000i,10,1,1,1,"Thumbnail, Sitelinks",https://220volt.com.ua/ibp-eaton-9sx-6000i-rt3u/,FALSE,FALSE,FALSE,FALSE,FALSE,FALSE
реле протока купить,10,6,1,1,"related_search, Thumbnail, Sitelinks, snip_image_thumbnail",https://220volt.com.ua/nasos/komplektuyushchie-dlya-vodosnabzheniya-i-vodootvedeniya/tip_kompl_nasos_rele_protoka__zashchita_ot_suhogo_hoda/,FALSE,TRUE,FALSE,FALSE,FALSE,TRUE
ибп внешняя батарея,10,28,1,1,"Thumbnail, shopping_rhs, related_search, also_asks, Sitelinks",https://220volt.com.ua/istochniki-besperebojnogo-pitaniya/akkumulyatornaya_batareya_vneshnyaya/,FALSE,FALSE,FALSE,FALSE,FALSE,FALSE
генератор переносной купить,10,14,1,1,"related_search, Sitelinks",https://220volt.com.ua/generatory/tip_ustanovki_portativnie/,FALSE,TRUE,FALSE,FALSE,FALSE,TRUE
схема установки реле давления,10,3,1,1,"related_search, Thumbnail, also_asks, Sitelinks",https://220volt.com.ua/storage/catalog_products/156470/instruction/738.pdf,FALSE,FALSE,FALSE,FALSE,FALSE,FALSE
тепловое реле иэк,10,1,1,1,"Thumbnail, also_asks, Sitelinks, snip_image_thumbnail",https://220volt.com.ua/elektrika-i-svet/nizkovoltnoe-oborudovanie/rele-tajmeri-fotokontrolleri/rele/teplovie_rele/iek/,FALSE,FALSE,FALSE,FALSE,FALSE,FALSE
насос генератор,10,1,1,1,"Thumbnail, related_search, also_asks, Sitelinks",https://220volt.com.ua/generatory/optimal_gen_nasosnoj-stantsii/,FALSE,FALSE,FALSE,FALSE,FALSE,FALSE
бесперебойный блок питания с внешним аккумулятором,10,28,1,1,"also_asks, related_search, Thumbnail, Sitelinks",https://220volt.com.ua/istochniki-besperebojnogo-pitaniya/akkumulyatornaya_batareya_vneshnyaya/,FALSE,FALSE,FALSE,FALSE,FALSE,FALSE
бокс на дин рейку,10,1,1,1,"Thumbnail, Video preview, Sitelinks, snip_image_thumbnail",https://220volt.com.ua/elektrika-i-svet/shitovoe/shchiti/nalicie_dinreyki_est/,FALSE,FALSE,FALSE,FALSE,FALSE,FALSE
реле протока воды цена,10,11,1,1,"Thumbnail, also_asks, related_search, Sitelinks, snip_image_thumbnail",https://220volt.com.ua/nasos/komplektuyushchie-dlya-vodosnabzheniya-i-vodootvedeniya/tip_kompl_nasos_rele_protoka__zashchita_ot_suhogo_hoda/,FALSE,TRUE,FALSE,FALSE,FALSE,TRUE
vsd 1500,10,1,1,1,"Thumbnail, Sitelinks",https://220volt.com.ua/ibp-riello-vsd-1500/,FALSE,FALSE,FALSE,FALSE,TRUE,FALSE
fg2500 generator,10,1,1,1,"Thumbnail, ads_top, Sitelinks",https://220volt.com.ua/ua/generator-benzinovij-forte-fg2500/,FALSE,FALSE,FALSE,FALSE,FALSE,FALSE
карманный генератор электричества,10,11,1,1,"related_search, Thumbnail, Sitelinks",https://220volt.com.ua/generatory/tip_ustanovki_portativnie/,FALSE,FALSE,FALSE,FALSE,FALSE,FALSE
csb hr1234w f2,10,9,1,1,"related_search, Thumbnail, Sitelinks",https://220volt.com.ua/ua/akkumulyatornaya-batareya-csb-hr1234wf2/,FALSE,FALSE,FALSE,FALSE,FALSE,FALSE
реле давления для скважины купить,10,27,1,1,"Local pack, also_asks, related_search, Thumbnail, Sitelinks",https://220volt.com.ua/nasos/komplektuyushchie-dlya-vodosnabzheniya-i-vodootvedeniya/tip_kompl_nasos_rele-davleniya/,FALSE,TRUE,FALSE,FALSE,FALSE,TRUE
th 3900,10,0,1,1,"Thumbnail, Sitelinks, snip_image_thumbnail",https://220volt.com.ua/generator-benzinovij-kruzer-th-3900/,FALSE,FALSE,FALSE,FALSE,FALSE,FALSE
dy3000l huter,10,1,1,1,Sitelinks,https://220volt.com.ua/generator-benzinovij-huter-dy-3000-l/,FALSE,FALSE,FALSE,FALSE,FALSE,FALSE
ritar rtswbt 500,10,0,1,1,"related_search, Sitelinks",https://220volt.com.ua/ua/ibp-ritar-rtswbt-500/,FALSE,FALSE,FALSE,FALSE,FALSE,FALSE
реле коммутационное 220в,10,5,1,1,"Thumbnail, related_search, also_asks, Sitelinks, snip_image_thumbnail",https://220volt.com.ua/elektrika-i-svet/nizkovoltnoe-oborudovanie/rele-tajmeri-fotokontrolleri/rele/promejutochnie_rele.htm,FALSE,FALSE,FALSE,FALSE,FALSE,FALSE
rudes drf1100cutf,10,0,1,1,"Thumbnail, Sitelinks, snip_image_thumbnail",https://220volt.com.ua/nasos-drenazhno-fekal-nij-rudes-drf1100cutf/,FALSE,FALSE,FALSE,FALSE,FALSE,FALSE
источник бесперебойного питания makelsan,10,1,1,1,"Thumbnail, also_asks, Sitelinks",https://220volt.com.ua/istochniki-besperebojnogo-pitaniya/makelsan/,FALSE,FALSE,FALSE,FALSE,FALSE,FALSE
реле протока воды для насоса купить,10,5,1,1,"also_asks, Thumbnail, related_search, Local pack, Sitelinks",https://220volt.com.ua/nasos/komplektuyushchie-dlya-vodosnabzheniya-i-vodootvedeniya/tip_kompl_nasos_rele_protoka__zashchita_ot_suhogo_hoda/,FALSE,TRUE,FALSE,FALSE,FALSE,TRUE
нормально разомкнутое реле 220в,10,1,1,1,"also_asks, related_search, Thumbnail, Sitelinks, snip_image_thumbnail",https://220volt.com.ua/elektrika-i-svet/nizkovoltnoe-oborudovanie/rele-tajmeri-fotokontrolleri/rele.htm,FALSE,FALSE,FALSE,FALSE,FALSE,FALSE
стабилизатор напряжения 3 х фазный промышленный,10,5,1,1,"related_search, also_asks, Thumbnail, Sitelinks",https://220volt.com.ua/stabilizator/phases_stab_trehfaznie/,FALSE,FALSE,FALSE,FALSE,FALSE,FALSE
спрут насос цена,10,7,1,1,"a_box_fsnippet, Thumbnail, related_search, Sitelinks, snip_featured",https://220volt.com.ua/nasos/nasosi-dlya-vodosnabzheniya/skvazhinnie-nasosi/sprut/,FALSE,TRUE,FALSE,FALSE,FALSE,TRUE
gd20 004g 4 eu,10,1,1,1,"related_search, Thumbnail, Sitelinks",https://220volt.com.ua/preobrazovatel-chastoti-invt-gd20-004g-4/,FALSE,FALSE,FALSE,FALSE,FALSE,FALSE
ippon 1000va,10,1,1,1,"Thumbnail, also_asks, Sitelinks",https://220volt.com.ua/ibp-ippon-smart-power-pro-1000/,FALSE,FALSE,FALSE,FALSE,FALSE,FALSE
europower psw ep3000wm24,10,0,1,1,"Thumbnail, Sitelinks",https://220volt.com.ua/ibp-europower-psw-ep3000wm24-2135/,FALSE,FALSE,FALSE,FALSE,FALSE,FALSE
трехфазный инверторный стабилизатор напряжения,10,8,1,1,"related_search, Thumbnail, also_asks, Sitelinks",https://220volt.com.ua/stabilizator/phases_stab_trehfaznie/,FALSE,FALSE,FALSE,FALSE,FALSE,FALSE
воздушный тепловой коллектор,10,3,1,1,"Thumbnail, a_box_fsnippet, Sitelinks, snip_featured",https://220volt.com.ua/news/vozdushnie-solnechnie-kollektori-dlya-obogreva-i-ventilyatsii/,FALSE,FALSE,FALSE,FALSE,FALSE,FALSE
220 вольт каталог,10,19,1,1,"kn_graph_card, related_search, Thumbnail, Sitelinks, snip_image_thumbnail",https://220volt.com.ua/,FALSE,FALSE,FALSE,FALSE,FALSE,FALSE
gp 672,10,1,1,1,"Thumbnail, Sitelinks, snip_image_thumbnail",https://220volt.com.ua/akkumulyatornaya-batareya-csb-gp672/,FALSE,FALSE,FALSE,FALSE,FALSE,FALSE
циркуляционный насос 220в,10,1,1,1,"related_search, Thumbnail, Sitelinks",https://220volt.com.ua/nasos/nasosi-dlya-vodosnabzheniya/tsirkulyatsionnie.htm,FALSE,FALSE,FALSE,FALSE,FALSE,FALSE
ибп онлайн типа купить,10,12,1,1,"related_search, Sitelinks",https://220volt.com.ua/istochniki-besperebojnogo-pitaniya/typearhetekturi_neprerivnogo-dejstviya/,FALSE,TRUE,FALSE,FALSE,FALSE,TRUE
220 volt battery,10,1,1,1,"Thumbnail, related_search, also_asks, Sitelinks",https://220volt.com.ua/ua/,FALSE,FALSE,FALSE,FALSE,FALSE,FALSE
display ups,10,0,1,1,"Thumbnail, also_asks, Sitelinks",https://220volt.com.ua/ua/istochniki-besperebojnogo-pitaniya/indikatsiya_ibp_lcd-displej/,FALSE,FALSE,FALSE,FALSE,FALSE,FALSE
купить ибп форт,10,1,1,1,"Thumbnail, related_search, Sitelinks",https://220volt.com.ua/ua/istochniki-besperebojnogo-pitaniya/fort/,FALSE,TRUE,FALSE,FALSE,FALSE,TRUE
купить бензиновый генератор 380 вольт,10,3,1,1,"Thumbnail, related_search, Sitelinks",https://220volt.com.ua/generatory/faznost_generatorov_3/,FALSE,TRUE,FALSE,FALSE,FALSE,TRUE
аккумуляторная батарея для дома 220 вольт,10,15,1,1,"Thumbnail, also_asks, related_search, Sitelinks, snip_image_thumbnail",https://220volt.com.ua/akkumulatornie-batarei.htm,FALSE,FALSE,FALSE,FALSE,FALSE,FALSE
опн 220 вольт,10,1,1,1,"also_asks, Thumbnail, Sitelinks",https://220volt.com.ua/elektrika-i-svet/nizkovoltnoe-oborudovanie/ogranichiteli-perenapryazheniya/napryagenie_v_ogranichitelyah_220_v/,FALSE,FALSE,FALSE,FALSE,FALSE,FALSE
229 вольт магазин,10,7,1,1,"Thumbnail, related_search, Local pack, also_asks, Sitelinks",https://220volt.com.ua/,FALSE,TRUE,FALSE,FALSE,FALSE,FALSE
ограничитель напряжения трехфазный,10,2,1,1,"related_search, Thumbnail, Sitelinks",https://220volt.com.ua/stabilizator/phases_stab_trehfaznie/,FALSE,FALSE,FALSE,FALSE,FALSE,FALSE
купить газовый генератор цена,10,21,1,1,"related_search, also_asks, AI Overview, Sitelinks, snip_image_thumbnail",https://220volt.com.ua/ua/generatory/tip_generatora_gazovie_generatori/,FALSE,TRUE,FALSE,FALSE,FALSE,TRUE
fv 20000 tre,10,1,1,1,Sitelinks,https://220volt.com.ua/ua/generator-benzinovij-fogo-fv-20000-tre/,FALSE,FALSE,FALSE,FALSE,FALSE,FALSE
стабилизатор настенный,10,5,1,1,"Thumbnail, also_asks, related_search, Sitelinks, snip_image_thumbnail",https://220volt.com.ua/stabilizator/ispolnenie_stabilizatorov_navesnie/,FALSE,FALSE,FALSE,FALSE,FALSE,FALSE
генератор для отдыха на природе,10,1,1,1,"also_asks, Sitelinks",https://220volt.com.ua/news/generatori-dlya-piknika-viezda-na-prirodu/,FALSE,FALSE,FALSE,FALSE,FALSE,FALSE
huter dy 3000 l,10,2,1,1,"Thumbnail, Sitelinks",https://220volt.com.ua/generator-benzinovij-huter-dy-3000-l/,FALSE,FALSE,FALSE,FALSE,FALSE,FALSE
500rd,10,0,1,1,"Thumbnail, Sitelinks",https://220volt.com.ua/ua/stabilizator-napryazheniya-logicpower-lph-500rd/,FALSE,FALSE,FALSE,FALSE,FALSE,FALSE
таймер для электроприборов,10,25,1,1,"also_asks, related_search, Thumbnail, Sitelinks",https://220volt.com.ua/elektrika-i-svet/nizkovoltnoe-oborudovanie/rele-tajmeri-fotokontrolleri/tajmeri.htm,FALSE,FALSE,FALSE,FALSE,FALSE,FALSE
портативная электрическая станция,10,28,1,1,"Thumbnail, related_search, Sitelinks",https://220volt.com.ua/portativnye-zaryadnye-stantsii/portativnye-elektrostantsii.htm,FALSE,FALSE,FALSE,FALSE,FALSE,FALSE
стабилизатор напряжения 3 в,10,15,1,1,"Thumbnail, related_search, Sitelinks",https://220volt.com.ua/stabilizator/phases_stab_trehfaznie/,FALSE,FALSE,FALSE,FALSE,FALSE,FALSE
емкость аккумуляторной батареи характеризует,10,3,1,1,"also_asks, Thumbnail, AI Overview, related_search, Sitelinks",https://220volt.com.ua/news/chto-takoe-emkost-akkumulyatora-metodika-ee-rascheta/,FALSE,FALSE,FALSE,FALSE,FALSE,FALSE
стабилизатор 220 5 квт,10,10,1,1,"also_asks, related_search, Thumbnail, Sitelinks",https://220volt.com.ua/stabilizator/moshnost_stab_block_5/,FALSE,FALSE,FALSE,FALSE,FALSE,FALSE
солнечная батарея станция,10,16,1,1,"related_search, Thumbnail, shopping_rhs, Sitelinks",https://220volt.com.ua/solnechnaya-energetika/solnechnye-elektrostantsii.htm,FALSE,FALSE,FALSE,FALSE,FALSE,FALSE
luxpower lxp 5k hybrid mg,10,1,1,1,"AI Overview, Sitelinks",https://220volt.com.ua/ua/invertor_gibridnyi_luxpower_lxp_5k_hybrid_mg/,FALSE,FALSE,FALSE,FALSE,FALSE,FALSE
mppt 150 100 tr,10,0,1,1,"Thumbnail, also_asks, snip_image_thumbnail, Sitelinks",https://220volt.com.ua/kontroller-solnechnoy-batarei-victron-energy-smartsolar-mppt-150-100-tr-scc010100210/,FALSE,FALSE,FALSE,FALSE,FALSE,FALSE
бесперебойник 24в,10,13,1,1,"related_search, Sitelinks",https://220volt.com.ua/istochniki-besperebojnogo-pitaniya/voltaj_batarei_24-v/,FALSE,FALSE,FALSE,FALSE,FALSE,FALSE
fogo fh 6001 tre,10,1,1,1,"Sitelinks, snip_image_thumbnail",https://220volt.com.ua/ua/generator-benzinovij-fogo-fh-6001-tre/,FALSE,FALSE,FALSE,FALSE,FALSE,FALSE
бензогенератор huter 3000,10,2,1,1,"Thumbnail, Sitelinks",https://220volt.com.ua/generator-benzinovij-huter-dy-3000-l/,FALSE,FALSE,FALSE,FALSE,FALSE,FALSE
аккумуляторная батарея киев,10,33,1,1,"Thumbnail, Local pack, related_search, Sitelinks",https://220volt.com.ua/akkumulatornie-batarei.htm,FALSE,TRUE,FALSE,FALSE,FALSE,FALSE
psr30 600 7,10,1,1,1,"Thumbnail, Sitelinks, snip_image_thumbnail",https://220volt.com.ua/ustrojstvo-plavnogo-puska-i-tormozheniya-abb-psr30-600-70-1sfa896109r7000/,FALSE,FALSE,FALSE,FALSE,FALSE,FALSE
генератор дизельный genpower gdg 7000 dg ec,10,1,1,1,"related_search, Thumbnail, Sitelinks, snip_image_thumbnail",https://220volt.com.ua/generator-dizel-nij-genpower-gdg-7000-dg-ec/,FALSE,FALSE,FALSE,FALSE,FALSE,FALSE
что такое дополнительный товар,10,1,1,1,"also_asks, Thumbnail, AI Overview, Sitelinks, snip_url_in_aio, snip_fqdn_in_aio",https://220volt.com.ua/soputstvuushie_tovari.htm,FALSE,FALSE,FALSE,TRUE,FALSE,FALSE
eco 7000,10,0,1,1,"Thumbnail, Sitelinks",https://220volt.com.ua/stabilizator-napryazheniya-volt-eco-7000/,FALSE,FALSE,FALSE,FALSE,FALSE,FALSE
аккумуляторный источник бесперебойного питания,10,22,1,1,"Video preview, also_asks, related_search, Thumbnail, Sitelinks",https://220volt.com.ua/istochniki-besperebojnogo-pitaniya/akkumulyatornaya_batareya_vstroennaya/,FALSE,FALSE,FALSE,FALSE,FALSE,FALSE
сечение кабеля для электрокотла 9 квт,10,1,1,1,"a_box_fsnippet, also_asks, Thumbnail, Sitelinks, snip_featured",https://220volt.com.ua/news/osnovnie-printsipi-vibora-elektricheskih-kotlov/,FALSE,FALSE,FALSE,FALSE,FALSE,FALSE
generator hitachi,10,3,1,1,"Thumbnail, Sitelinks",https://220volt.com.ua/generatory/hitachii/,FALSE,FALSE,FALSE,FALSE,FALSE,FALSE
lpm psw 1000va,10,1,1,1,"Video preview, Sitelinks",https://220volt.com.ua/ua/ibp-logicpower-lpm-psw-1000/,FALSE,FALSE,FALSE,FALSE,FALSE,FALSE
реле замыкания контактов,10,1,1,1,"Thumbnail, related_search, also_asks, Sitelinks, snip_image_thumbnail",https://220volt.com.ua/elektrika-i-svet/nizkovoltnoe-oborudovanie/rele-tajmeri-fotokontrolleri/rele.htm,FALSE,FALSE,FALSE,FALSE,FALSE,FALSE
диф автомат шнайдер 63а,10,1,1,1,"Thumbnail, shopping_rhs, also_asks, Sitelinks, snip_image_thumbnail",https://220volt.com.ua/elektrika-i-svet/nizkovoltnoe-oborudovanie/ustrojstva-zashchitnogo-otklyucheniya-uzo-difavtomati/schneider/tok_v_uzo_63-a/,FALSE,FALSE,FALSE,FALSE,FALSE,FALSE
бессальниковые циркуляционные насосы фирмы grundfos,10,0,1,1,"related_search, also_asks, Sitelinks",https://220volt.com.ua/nasos/nasosi-dlya-vodosnabzheniya/tsirkulyatsionnie/grundfos/,FALSE,FALSE,FALSE,FALSE,FALSE,FALSE
ippon smart power pro 1000 батареи,10,1,1,1,"also_asks, Thumbnail, Sitelinks",https://220volt.com.ua/ibp-ippon-smart-power-pro-1000/,FALSE,FALSE,FALSE,FALSE,FALSE,FALSE
fx25,10,0,1,1,"Thumbnail, Sitelinks",https://220volt.com.ua/ibp-fort-fx25/,FALSE,FALSE,FALSE,FALSE,FALSE,FALSE
как рассчитать электрокотел для дома,10,1,1,1,"also_asks, a_box_fsnippet, related_search, Sitelinks, snip_featured",https://220volt.com.ua/news/osnovnie-printsipi-vibora-elektricheskih-kotlov/,FALSE,FALSE,FALSE,TRUE,FALSE,FALSE
стабилизатор напряжения 220в для дома,10,12,1,1,"also_asks, Thumbnail, related_search, Sitelinks",https://220volt.com.ua/stabilizator/phases_stab_odnofaznie/,FALSE,FALSE,FALSE,FALSE,FALSE,FALSE
ritar rt1270 12v 7ah,10,1,1,1,"Thumbnail, Video preview, Sitelinks",https://220volt.com.ua/akkumulyatornaya-batareya-ritar-rt1270-12v-7-0ah/,FALSE,FALSE,FALSE,FALSE,FALSE,FALSE
ultra pro plus,10,1,1,1,"Thumbnail, Sitelinks",https://220volt.com.ua/rele-protoka-ultropump-ultrapro-plus/,FALSE,FALSE,FALSE,FALSE,FALSE,FALSE
электрогенератор dy6500lx,10,1,1,1,"Thumbnail, Sitelinks",https://220volt.com.ua/generator-benzinovij-huter-dy-6500-lxs/,FALSE,FALSE,FALSE,FALSE,FALSE,FALSE
pl6 c4 1,10,0,1,1,"Thumbnail, Sitelinks, snip_image_thumbnail",https://220volt.com.ua/avtomaticheskij-viklyuchatel-eaton-moeller-pl6-c4-1-286529/,FALSE,FALSE,FALSE,FALSE,FALSE,FALSE
ибп под внешний акб,10,27,1,1,"shopping_rhs, related_search, Sitelinks",https://220volt.com.ua/istochniki-besperebojnogo-pitaniya/akkumulyatornaya_batareya_vneshnyaya/,FALSE,FALSE,FALSE,FALSE,FALSE,FALSE
генератор sadko gps 8500e,10,1,1,1,"Thumbnail, Sitelinks",https://220volt.com.ua/generator-benzinovij-sadko-gps-8500e/,FALSE,FALSE,FALSE,FALSE,FALSE,FALSE
alternator 380v,10,12,1,1,"related_search, also_asks, Thumbnail, Sitelinks",https://220volt.com.ua/generatory/faznost_generatorov_3/,FALSE,FALSE,FALSE,FALSE,FALSE,FALSE
hitachi e62sc,10,0,1,1,"Thumbnail, Sitelinks, snip_image_thumbnail",https://220volt.com.ua/ua/generator-benzinovij-hitachi-e62sc/,FALSE,FALSE,FALSE,FALSE,FALSE,FALSE
hitachi бензогенератор,10,2,1,1,"Thumbnail, also_asks, Sitelinks",https://220volt.com.ua/generatory/hitachii/,FALSE,FALSE,FALSE,FALSE,FALSE,FALSE
rtl 2000,10,1,1,1,"Thumbnail, Sitelinks",https://220volt.com.ua/ua/ibp-exa-power-2000-rtl/,FALSE,FALSE,FALSE,FALSE,FALSE,FALSE
солнечный инвертор хуавей,10,1,1,1,"also_asks, Thumbnail, ads_top, related_search, Sitelinks",https://220volt.com.ua/solnechnaya-energetika/solnechnye-invertory/huawei/,FALSE,FALSE,FALSE,FALSE,FALSE,FALSE
система автозапуска для генератора,10,11,1,1,"Thumbnail, related_search, also_asks, Sitelinks",https://220volt.com.ua/avtomaticheskij-zapusk-generatora.htm,FALSE,FALSE,FALSE,FALSE,FALSE,FALSE
vega 400,10,1,1,1,"Thumbnail, Sitelinks, snip_image_thumbnail",https://220volt.com.ua/stabilizator-napryazheniya-ortea-vega-400-15-25/,FALSE,FALSE,FALSE,FALSE,FALSE,FALSE
вольтер донецк,10,0,1,1,"Thumbnail, Sitelinks",https://220volt.com.ua/information/proizvoditeli/volter/,FALSE,FALSE,FALSE,FALSE,FALSE,FALSE
sprut fsp 1843,10,0,1,1,"Thumbnail, Sitelinks",https://220volt.com.ua/nasos-dlya-fontana-sprut-fsp-1843/,FALSE,FALSE,FALSE,FALSE,FALSE,FALSE
smart 1115,10,0,1,1,"Thumbnail, Sitelinks, snip_image_thumbnail",https://220volt.com.ua/zaryadnoe-ustrojstvo-deca-smart-1115/,FALSE,FALSE,FALSE,FALSE,FALSE,FALSE
challenger homepro 3000 h 12,10,1,1,1,"Thumbnail, Sitelinks, snip_image_thumbnail",https://220volt.com.ua/ibp-challenger-homepro-3000-h-12/,FALSE,FALSE,FALSE,FALSE,FALSE,FALSE
контактор модульный 220в,10,11,1,1,"Thumbnail, also_asks, related_search, Sitelinks",https://220volt.com.ua/elektrika-i-svet/nizkovoltnoe-oborudovanie/puskateli-kontaktori/puskateli/tip_puskateley_modul-nie/,FALSE,FALSE,FALSE,FALSE,FALSE,FALSE
электростанция hitachi,10,2,1,1,"Thumbnail, Sitelinks",https://220volt.com.ua/generatory/hitachii/,FALSE,FALSE,FALSE,FALSE,FALSE,FALSE
оконные солнечные батареи,10,8,1,1,"also_asks, Thumbnail, related_search, Sitelinks",https://220volt.com.ua/solnechnaya-energetika/solnechnye-paneli-batarei/naznachenie_dlya_fotomoduli__okna/,FALSE,FALSE,FALSE,FALSE,FALSE,FALSE
схемы avr,10,5,1,1,"related_search, also_asks, a_box_fsnippet, Thumbnail, Sitelinks, snip_featured",https://220volt.com.ua/news/parametri-elektroseti-pod-polnim-kontrolem-shema-avr-na-kontaktorah/,FALSE,FALSE,FALSE,FALSE,FALSE,FALSE
конструкция аккумулятора,10,5,1,1,"Thumbnail, Video preview, AI Overview, also_asks, Sitelinks, snip_image_thumbnail, snip_url_in_aio, snip_fqdn_in_aio",https://220volt.com.ua/news/ustrojstvo-avtomobilnogo-akkumulyatora/,FALSE,FALSE,FALSE,FALSE,FALSE,FALSE
pw5110 700i,10,1,1,1,"Thumbnail, Sitelinks",https://220volt.com.ua/ibp-eaton-5110-700-va/,FALSE,FALSE,FALSE,FALSE,FALSE,FALSE
nik2700i,10,1,1,1,"Thumbnail, Sitelinks, snip_image_thumbnail",https://220volt.com.ua/generator-benzinovij-nik-2700i/,FALSE,FALSE,FALSE,FALSE,FALSE,FALSE
каталог магазин 220 вольт,10,19,1,1,"related_search, Thumbnail, Sitelinks",https://220volt.com.ua/,FALSE,TRUE,FALSE,FALSE,FALSE,FALSE
купить бензиновый генератор hitachi,10,3,1,1,"related_search, Thumbnail, also_asks, Sitelinks, snip_image_thumbnail",https://220volt.com.ua/generatory/hitachii/,FALSE,TRUE,FALSE,FALSE,FALSE,TRUE
стабилизаторы напряжения однофазные 220в,10,3,1,1,"related_search, Thumbnail, also_asks, Sitelinks",https://220volt.com.ua/stabilizator/phases_stab_odnofaznie/,FALSE,FALSE,FALSE,FALSE,FALSE,FALSE
стабилизатор напряжения на 380,10,5,1,1,"also_asks, related_search, Thumbnail, Sitelinks",https://220volt.com.ua/stabilizator/phases_stab_trehfaznie/,FALSE,FALSE,FALSE,FALSE,FALSE,FALSE
генератор hitachi e57,10,1,1,1,"Thumbnail, Sitelinks, snip_image_thumbnail",https://220volt.com.ua/generator-benzinovij-hitachi-e57s/,FALSE,FALSE,FALSE,FALSE,FALSE,FALSE
электрогенератор ht1000l huter,10,1,1,1,Sitelinks,https://220volt.com.ua/generator-benzinovij-huter-ht-1000-l/,FALSE,FALSE,FALSE,FALSE,FALSE,FALSE
сила тока для зарядки гелевого аккумулятора,10,1,1,1,"related_search, AI Overview, also_asks, Sitelinks",https://220volt.com.ua/news/pravilnaya-zaryadka-gelevogo-akkumulyatora-kak-uvelichit-srok-ego-sluzhby/,FALSE,FALSE,FALSE,FALSE,FALSE,FALSE
240 вольт магазин,10,1,1,1,"Thumbnail, related_search, Sitelinks, snip_image_thumbnail",https://220volt.com.ua/,FALSE,TRUE,FALSE,FALSE,FALSE,FALSE
rt1223,10,0,1,1,"Thumbnail, Sitelinks, snip_image_thumbnail",https://220volt.com.ua/akkumulyatornaya-batareya-ritar-rt1223-12v-2-3ah/,FALSE,FALSE,FALSE,FALSE,FALSE,FALSE
емкость аккумулятора измеряется в,10,23,1,1,"related_search, also_asks, a_box_fsnippet, Sitelinks, snip_featured",https://220volt.com.ua/news/chto-takoe-emkost-akkumulyatora-metodika-ee-rascheta/,FALSE,FALSE,FALSE,FALSE,FALSE,FALSE
tpr10,10,0,1,1,"Thumbnail, Sitelinks, snip_image_thumbnail",https://220volt.com.ua/otvertka-probnik-iek-op-1/,FALSE,FALSE,FALSE,FALSE,FALSE,FALSE
vh700,10,1,1,1,"Thumbnail, Sitelinks",https://220volt.com.ua/ibp-general-electric-vh-700/,FALSE,FALSE,FALSE,FALSE,FALSE,FALSE
пускатель шнайдер цена,10,2,1,1,"Thumbnail, related_search, Sitelinks",https://220volt.com.ua/elektrika-i-svet/nizkovoltnoe-oborudovanie/puskateli-kontaktori/puskateli/schneider/,FALSE,TRUE,FALSE,FALSE,FALSE,TRUE
220 во,10,20,1,1,"related_search, Thumbnail, Sitelinks, snip_image_thumbnail",https://220volt.com.ua/ua/,FALSE,FALSE,FALSE,FALSE,FALSE,FALSE
ritar rtm1200,10,0,1,1,"Video preview, Thumbnail, Sitelinks",https://220volt.com.ua/ua/ibp-ritar-rtm1200-proxima-d/,FALSE,FALSE,FALSE,FALSE,FALSE,FALSE
2p 2r,10,0,1,1,"Thumbnail, Sitelinks, snip_image_thumbnail",https://220volt.com.ua/elektrika-i-svet/nizkovoltnoe-oborudovanie/razemi/chislo_polusov_razemov_2p-pe/,FALSE,FALSE,FALSE,FALSE,FALSE,FALSE
бензиновый генератор 380,10,9,1,1,"also_asks, Thumbnail, related_search, Sitelinks",https://220volt.com.ua/generatory/faznost_generatorov_3/,FALSE,FALSE,FALSE,FALSE,FALSE,FALSE
csb hr1221w,10,1,1,1,"Thumbnail, Sitelinks, snip_image_thumbnail",https://220volt.com.ua/ua/akkumulyatornaya-batareya-csb-hr1221wf2/,FALSE,FALSE,FALSE,FALSE,FALSE,FALSE
stark psg6500el,10,1,1,1,"Thumbnail, Sitelinks, snip_image_thumbnail",https://220volt.com.ua/ua/generator-benzinovij-stark-psg-6500el-profi/,FALSE,FALSE,FALSE,FALSE,FALSE,FALSE
электрорубильник,10,1,1,1,"Thumbnail, also_asks, related_search, Sitelinks, snip_image_thumbnail",https://220volt.com.ua/elektrika-i-svet/nizkovoltnoe-oborudovanie/rubilniki.htm,FALSE,FALSE,FALSE,FALSE,FALSE,FALSE
yuasa np 4 12,10,0,1,1,"Thumbnail, Sitelinks",https://220volt.com.ua/ua/akkumulyatornaya-batareya-yuasa-np4-12/,FALSE,FALSE,FALSE,FALSE,FALSE,FALSE
сэс стоимость,10,14,1,1,"related_search, Thumbnail, also_asks, Sitelinks",https://220volt.com.ua/solnechnaya-energetika/solnechnye-elektrostantsii.htm,FALSE,FALSE,FALSE,FALSE,FALSE,FALSE
аккумуляторная батарея csb gp 1272 f2,10,9,1,1,"Thumbnail, related_search, Sitelinks",https://220volt.com.ua/akkumulyatornaya-batareya-csb-gp1272f2/,FALSE,FALSE,FALSE,FALSE,FALSE,FALSE
ritar ra12 55,10,0,1,1,"shopping_rhs, Thumbnail, Sitelinks",https://220volt.com.ua/akkumulyatornaya-batareya-ritar-ra12-55-12v-55-0ah/,FALSE,FALSE,FALSE,FALSE,FALSE,FALSE
abb at1,10,0,1,1,"Thumbnail, Sitelinks",https://220volt.com.ua/rele-tajmer-sutochnij-abb-at1-r-2csm204215r0601/,FALSE,FALSE,FALSE,FALSE,FALSE,FALSE
ippon back comfo pro,10,1,1,1,Sitelinks,https://220volt.com.ua/ua/ibp-ippon-back-comfo-pro-800-black/,FALSE,FALSE,FALSE,FALSE,FALSE,FALSE
генераторы ручные,10,11,1,1,"Thumbnail, Sitelinks",https://220volt.com.ua/generatory/start_type_ruchnoj-zapusk/,FALSE,FALSE,FALSE,FALSE,FALSE,FALSE
ritar ra12 40,10,1,1,1,Sitelinks,https://220volt.com.ua/ua/akkumulyatornaya-batareya-ritar-ra12-40-12v-40-0ah/,FALSE,FALSE,FALSE,FALSE,FALSE,FALSE
стабілізатор напруги купити україна,10,30,1,1,"AI Overview, related_search, also_asks, Sitelinks, snip_url_in_aio, snip_fqdn_in_aio",https://220volt.com.ua/ua/stabilizator.htm,FALSE,TRUE,FALSE,FALSE,FALSE,TRUE
220 вольт телефон,10,6,1,1,"also_asks, related_search, Local pack, Sitelinks",https://220volt.com.ua/contact/,FALSE,FALSE,FALSE,FALSE,FALSE,FALSE
трансформаторы однофазные сухие,10,1,1,1,"Thumbnail, also_asks, Sitelinks",https://220volt.com.ua/elektrika-i-svet/transformatory/transformatory-odnofaznye-sukhie-tipa-osm.htm,FALSE,FALSE,FALSE,FALSE,FALSE,FALSE
тепловое реле 220 вольт,10,0,1,1,"Thumbnail, Sitelinks, snip_image_thumbnail",https://220volt.com.ua/ua/elektrika-i-svet/nizkovoltnoe-oborudovanie/rele-tajmeri-fotokontrolleri/rele/teplovie_rele.htm,FALSE,FALSE,FALSE,FALSE,FALSE,FALSE
генератор бензиновый miol 83 200,10,1,1,1,"Thumbnail, Sitelinks",https://220volt.com.ua/generator-benzinovij-miol-83-200/,FALSE,FALSE,FALSE,FALSE,FALSE,FALSE
ибп general electric vh 3000,10,1,1,1,"Thumbnail, Sitelinks",https://220volt.com.ua/ibp-general-electric-vh-3000/,FALSE,FALSE,FALSE,FALSE,FALSE,FALSE
электростанция мобильная,10,2,1,1,"related_search, also_asks, Thumbnail, Sitelinks",https://220volt.com.ua/portativnye-zaryadnye-stantsii/portativnye-elektrostantsii.htm,FALSE,FALSE,FALSE,FALSE,FALSE,FALSE
generator green,10,1,1,1,"related_search, Thumbnail, also_asks, Sitelinks, snip_image_thumbnail",https://220volt.com.ua/ua/generatory/greenpower/,FALSE,FALSE,FALSE,FALSE,FALSE,FALSE
стабилизатор напряжения схема подключения,10,6,1,1,"also_asks, related_search, Thumbnail, Sitelinks, snip_image_thumbnail",https://220volt.com.ua/news/osnovnie-nyuansi-ustanovki-i-shemi-podklyucheniya-stabilizatora-napryazheniya/,FALSE,FALSE,FALSE,FALSE,FALSE,FALSE
монтаж ибп,10,1,1,1,"also_asks, AI Overview, Video preview, related_search, Sitelinks, snip_url_in_aio, snip_fqdn_in_aio",https://220volt.com.ua/information/uslugi/montaj-ibp/,FALSE,FALSE,FALSE,FALSE,FALSE,FALSE
ritar rtsw 3000,10,1,1,1,Sitelinks,https://220volt.com.ua/ibp-ritar-rtsw-3000-12309/,FALSE,FALSE,FALSE,FALSE,FALSE,FALSE
купить бесперебойник 220 вольт,10,16,1,1,"related_search, Sitelinks",https://220volt.com.ua/ua/istochniki-besperebojnogo-pitaniya.htm,FALSE,TRUE,FALSE,FALSE,FALSE,TRUE
ups electric,10,17,1,1,"related_search, also_asks, kn_graph_card, Sitelinks, snip_image_thumbnail",https://220volt.com.ua/istochniki-besperebojnogo-pitaniya/general-electric/,FALSE,FALSE,FALSE,FALSE,FALSE,FALSE
купить таймер включения,10,25,1,1,"related_search, Thumbnail, Sitelinks",https://220volt.com.ua/elektrika-i-svet/nizkovoltnoe-oborudovanie/rele-tajmeri-fotokontrolleri/tajmeri.htm,FALSE,TRUE,FALSE,FALSE,FALSE,TRUE
220 вольт генератор,10,13,1,1,"related_search, also_asks, Thumbnail, Sitelinks",https://220volt.com.ua/generatory.htm,FALSE,FALSE,FALSE,FALSE,FALSE,FALSE
csb ups 12360,10,1,1,1,"Thumbnail, Sitelinks, snip_image_thumbnail",https://220volt.com.ua/akkumulyatornaya-batareya-csb-ups12360/,FALSE,FALSE,FALSE,FALSE,FALSE,FALSE
авр для бензогенератора huter dy5000lx dy6500lx,10,1,1,1,"related_search, Sitelinks",https://220volt.com.ua/avr-huter-dy5000lx-dy6500lx/,FALSE,FALSE,FALSE,FALSE,FALSE,FALSE
cs 65,10,1,1,1,"Thumbnail, Sitelinks",https://220volt.com.ua/nasos-poverhnostnij-speroni-cs-65-160-b/,FALSE,FALSE,FALSE,FALSE,FALSE,FALSE
jp basic 4 pt,10,1,1,1,"Thumbnail, Sitelinks",https://220volt.com.ua/ua/nasosnaya-stantsiya-grundfos-jp-basic-4-pt/,FALSE,FALSE,FALSE,FALSE,FALSE,FALSE
pl6 c2 1,10,1,1,1,"Thumbnail, Sitelinks, snip_image_thumbnail",https://220volt.com.ua/avtomaticheskij-viklyuchatel-eaton-moeller-pl6-c2-1/,FALSE,FALSE,FALSE,FALSE,FALSE,FALSE
реле давления водяной станции,10,24,1,1,"Thumbnail, related_search, also_asks, Sitelinks",https://220volt.com.ua/nasos/komplektuyushchie-dlya-vodosnabzheniya-i-vodootvedeniya/tip_kompl_nasos_rele-davleniya/,FALSE,FALSE,FALSE,FALSE,FALSE,FALSE
бесперебойник ритар,10,4,1,1,"Thumbnail, related_search, Sitelinks",https://220volt.com.ua/istochniki-besperebojnogo-pitaniya/ritar/,FALSE,FALSE,FALSE,FALSE,FALSE,FALSE
ups 3k,10,1,1,1,"related_search, also_asks, Thumbnail, Sitelinks",https://220volt.com.ua/istochniki-besperebojnogo-pitaniya/fullpower_ibp_1001-3000/,FALSE,FALSE,FALSE,FALSE,FALSE,FALSE
насос реле давления,10,27,1,1,"related_search, also_asks, Thumbnail, Video preview, Sitelinks",https://220volt.com.ua/nasos/komplektuyushchie-dlya-vodosnabzheniya-i-vodootvedeniya/tip_kompl_nasos_rele-davleniya/,FALSE,FALSE,FALSE,FALSE,FALSE,FALSE
таймеры для электроприборов,10,25,1,1,"Thumbnail, also_asks, related_search, Sitelinks",https://220volt.com.ua/elektrika-i-svet/nizkovoltnoe-oborudovanie/rele-tajmeri-fotokontrolleri/tajmeri.htm,FALSE,FALSE,FALSE,FALSE,FALSE,FALSE
plht c40 3,10,0,1,1,"Thumbnail, Sitelinks",https://220volt.com.ua/avtomaticheskij-viklyuchatel-eaton-moeller-plht-c40-3-248036/,FALSE,FALSE,FALSE,FALSE,FALSE,FALSE
бензиновый генератор matari m8000e,10,0,1,1,"shopping_rhs, ads_top, Thumbnail, Sitelinks",https://220volt.com.ua/generator-benzinovij-matari-m8000e/,FALSE,FALSE,FALSE,FALSE,FALSE,FALSE
морозостойкий стабилизатор,10,1,1,1,"Thumbnail, Sitelinks",https://220volt.com.ua/stabilizator/optimal_stab_ulitsy-morozostojkie/,FALSE,FALSE,FALSE,FALSE,FALSE,FALSE
ub15,10,0,1,1,"Thumbnail, Sitelinks, snip_image_thumbnail",https://220volt.com.ua/ibp-kstar-ub15/,FALSE,FALSE,FALSE,FALSE,FALSE,FALSE
pl4 c25 1,10,0,1,1,"Thumbnail, Sitelinks, snip_image_thumbnail",https://220volt.com.ua/avtomaticheskij-viklyuchatel-eaton-moeller-pl4-c25-1-293126/,FALSE,FALSE,FALSE,FALSE,FALSE,FALSE
ritar rt1270 battery,10,2,1,1,"related_search, Thumbnail, Sitelinks",https://220volt.com.ua/akkumulyatornaya-batareya-ritar-rt1270-12v-7-0ah/,FALSE,FALSE,FALSE,FALSE,FALSE,FALSE
генератор хитачи е 50,10,1,1,1,"Thumbnail, Sitelinks",https://220volt.com.ua/generator-benzinovij-hitachi-e-50/,FALSE,FALSE,FALSE,FALSE,FALSE,FALSE
стабилизатор напряжения снпто 11,10,0,1,1,"Thumbnail, Video preview, Sitelinks",https://220volt.com.ua/stabilizator-napryazheniya-volter-snpto-11-pt/,FALSE,FALSE,FALSE,FALSE,FALSE,FALSE
стр 300,10,1,1,1,"Thumbnail, Sitelinks, snip_image_thumbnail",https://220volt.com.ua/stabilizator-napryazheniya-strum-str-300/,FALSE,FALSE,FALSE,FALSE,FALSE,FALSE
challenger homepro 3000 s,10,1,1,1,"Thumbnail, Sitelinks, snip_image_thumbnail",https://220volt.com.ua/ibp-challenger-homepro-3000-s/,FALSE,FALSE,FALSE,FALSE,FALSE,FALSE
ws33,10,1,1,1,"related_search, Sitelinks",https://220volt.com.ua/generator-dizel-nij-wattstream-ws33-ws/,FALSE,FALSE,FALSE,FALSE,FALSE,FALSE
бесперебойник 500w,10,6,1,1,"related_search, also_asks, Thumbnail, Sitelinks",https://220volt.com.ua/istochniki-besperebojnogo-pitaniya/fullpower_ibp_do-500/,FALSE,FALSE,FALSE,FALSE,FALSE,FALSE
генератор huter 1 квт,10,4,1,1,"Thumbnail, also_asks, Sitelinks",https://220volt.com.ua/generator-benzinovij-huter-ht-1000-l/,FALSE,FALSE,FALSE,FALSE,FALSE,FALSE
smk 1000a,10,1,1,1,"Thumbnail, Sitelinks",https://220volt.com.ua/ibp-powercom-smk-1000a-lcd-rm/,FALSE,FALSE,FALSE,FALSE,FALSE,FALSE
источник бесперебойного питания ritar rtswrl 1000,10,1,1,1,"related_search, Thumbnail, Sitelinks",https://220volt.com.ua/ibp-ritar-rtswrl-1000-9356/,FALSE,FALSE,FALSE,FALSE,FALSE,FALSE
портативные электрогенераторы,10,8,1,1,"also_asks, Video preview, Sitelinks",https://220volt.com.ua/generatory/tip_ustanovki_portativnie/,FALSE,FALSE,FALSE,FALSE,FALSE,FALSE
ups ever,10,1,1,1,"Thumbnail, Sitelinks",https://220volt.com.ua/istochniki-besperebojnogo-pitaniya/ever/,FALSE,FALSE,FALSE,FALSE,FALSE,FALSE
axpert vm3000 24,10,1,1,1,"related_search, Thumbnail, Sitelinks",https://220volt.com.ua/ua/invertor-q-power-axpert-vm-iii-3000-24-3000vt-24v/,FALSE,FALSE,FALSE,FALSE,FALSE,FALSE
самый маленький генератор 220,10,24,1,1,"Thumbnail, AI Overview, related_search, also_asks, Sitelinks",https://220volt.com.ua/generatory/tip_ustanovki_portativnie/,FALSE,FALSE,FALSE,FALSE,FALSE,FALSE
узо дпа16в,10,0,1,1,"Thumbnail, Sitelinks",https://220volt.com.ua/ua/adapter-s-zashchitnim-otklyucheniem-iek-uzo-dpa16v-16-0-03a-s-krishkoj/,FALSE,FALSE,FALSE,FALSE,FALSE,FALSE
ebara 2cdx 200 40,10,0,1,1,"Thumbnail, Sitelinks",https://220volt.com.ua/nasos-poverhnostnij-ebara-2cdx-200-40/,FALSE,FALSE,FALSE,FALSE,FALSE,FALSE
csb ups12460,10,1,1,1,"Sitelinks, snip_image_thumbnail",https://220volt.com.ua/ua/akkumulyatornaya-batareya-csb-ups12460/,FALSE,FALSE,FALSE,FALSE,FALSE,FALSE
tur 800a,10,0,1,1,"Thumbnail, Sitelinks",https://220volt.com.ua/ua/ibp-powercom-tur-800a/,FALSE,FALSE,FALSE,FALSE,FALSE,FALSE
тяговые аккумуляторы грн,10,18,1,1,"related_search, also_asks, Thumbnail, Sitelinks",https://220volt.com.ua/akkumulatornie-batarei/tip_elementa_tyagovie/,FALSE,FALSE,FALSE,FALSE,FALSE,FALSE
huter dn1000,10,1,1,1,"Thumbnail, Sitelinks",https://220volt.com.ua/ua/generator-benzinovij-huter-dn1000/,FALSE,FALSE,FALSE,FALSE,FALSE,FALSE
согласование проектов электроснабжения,10,1,1,1,"Thumbnail, also_asks, Sitelinks",https://220volt.com.ua/information/uslugi/soglasovanie-v-energosnabzhayushchih-organizatsiyah/,FALSE,FALSE,FALSE,FALSE,FALSE,FALSE
стабилизатор напряжения для радиоаппаратуры,10,0,1,1,"Thumbnail, related_search, also_asks, Sitelinks",https://220volt.com.ua/stabilizator/optimal_stab_audio-tehniki-hi-fi/,FALSE,FALSE,FALSE,FALSE,FALSE,FALSE
gp 1272 f2 csb,10,7,1,1,"Thumbnail, Video preview, related_search, Sitelinks",https://220volt.com.ua/ua/akkumulyatornaya-batareya-csb-gp1272f2/,FALSE,FALSE,FALSE,FALSE,FALSE,FALSE
бензогенератор energy power 2500,10,1,1,1,"Thumbnail, Sitelinks",https://220volt.com.ua/generator-benzinovij-energy-power-2500/,FALSE,FALSE,FALSE,FALSE,FALSE,FALSE
насос для воды 10 кубов в час,10,1,1,1,"also_asks, Thumbnail, Sitelinks",https://220volt.com.ua/nasos/nasosi-dlya-vodosnabzheniya/skvazhinnie-nasosi/proizvod_nas_5_1-10/,FALSE,FALSE,FALSE,FALSE,FALSE,FALSE
mkp12 v 24 40 10,10,1,1,1,"Thumbnail, Sitelinks, snip_image_thumbnail",https://220volt.com.ua/korpus-plastikovij-iek-shchrv-p-24/,FALSE,FALSE,FALSE,FALSE,FALSE,FALSE
бензиновая мотопомпа daishin scr 100hx,10,0,1,1,"Thumbnail, Sitelinks, snip_image_thumbnail",https://220volt.com.ua/motopompa-daishin-scr-100hx/,FALSE,FALSE,FALSE,FALSE,FALSE,FALSE
купити італійський генератор,10,1,1,1,"related_search, Sitelinks",https://220volt.com.ua/ua/generatory/strana_proishozhdeniya_brenda_italiya/,FALSE,TRUE,FALSE,FALSE,FALSE,TRUE
реле контроля напряжения 220 вольт,10,14,1,1,"related_search, also_asks, Thumbnail, Sitelinks, snip_image_thumbnail",https://220volt.com.ua/elektrika-i-svet/nizkovoltnoe-oborudovanie/rele-tajmeri-fotokontrolleri/rele/rele_kontrolya_napryajeniya.htm,FALSE,FALSE,FALSE,FALSE,FALSE,FALSE
challenger a12 100a,10,1,1,1,"Thumbnail, related_search, Sitelinks",https://220volt.com.ua/akkumulyatornaya-batareya-challenger-a12-100/,FALSE,FALSE,FALSE,FALSE,FALSE,FALSE
itc power gg10000let,10,1,1,1,"Thumbnail, Sitelinks",https://220volt.com.ua/ua/generator-benzinovij-itc-power-gg10000let-6813619/,FALSE,FALSE,FALSE,FALSE,FALSE,FALSE
100hx,10,0,1,1,"Thumbnail, Sitelinks",https://220volt.com.ua/motopompa-daishin-swt-100hx/,FALSE,FALSE,FALSE,FALSE,FALSE,FALSE
fg wilson p150 1,10,1,1,1,"Thumbnail, Sitelinks",https://220volt.com.ua/generator-dizel-nij-fg-wilson-p150-1/,FALSE,FALSE,FALSE,FALSE,FALSE,FALSE
ибп для котла 1000 вт,10,17,1,1,"also_asks, related_search, Sitelinks",https://220volt.com.ua/istochniki-besperebojnogo-pitaniya/fullpower_ibp_501-1000/,FALSE,FALSE,FALSE,FALSE,FALSE,FALSE
ippon back power pro 600 купить,10,1,1,1,"Thumbnail, Sitelinks, snip_image_thumbnail",https://220volt.com.ua/ibp-ippon-new-back-power-pro-600/,FALSE,TRUE,FALSE,FALSE,FALSE,TRUE
gg10000let,10,1,1,1,"Sitelinks, snip_image_thumbnail",https://220volt.com.ua/ua/generator-benzinovij-itc-power-gg10000let-6813619/,FALSE,FALSE,FALSE,FALSE,FALSE,FALSE
купить генератор 380 в украине,10,9,1,1,"related_search, Sitelinks",https://220volt.com.ua/ua/generatory/faznost_generatorov_3/,FALSE,TRUE,FALSE,FALSE,FALSE,TRUE
реле отключения насоса,10,23,1,1,"Thumbnail, Video preview, related_search, also_asks, AI Overview, Sitelinks",https://220volt.com.ua/nasos/komplektuyushchie-dlya-vodosnabzheniya-i-vodootvedeniya/tip_kompl_nasos_rele-davleniya/,FALSE,FALSE,FALSE,FALSE,FALSE,FALSE
sdmo res 12 tec,10,0,1,1,"Thumbnail, Sitelinks",https://220volt.com.ua/ua/generator-gazovij-sdmo-res-12-tec/,FALSE,FALSE,FALSE,FALSE,FALSE,FALSE
стабилизатор напряжения 380в купить,10,12,1,1,"related_search, Thumbnail, also_asks, Sitelinks",https://220volt.com.ua/stabilizator/phases_stab_trehfaznie/,FALSE,TRUE,FALSE,FALSE,FALSE,TRUE
gp1270f2,10,1,1,1,"Thumbnail, Sitelinks, snip_image_thumbnail",https://220volt.com.ua/akkumulyatornaya-batareya-merlion-agm-gp1270f2-12-v-7-ah-5701/,FALSE,FALSE,FALSE,FALSE,FALSE,FALSE
генератор fg wilson цена,10,2,1,1,"Thumbnail, also_asks, related_search, Sitelinks",https://220volt.com.ua/generatory/fg-wilson/,FALSE,TRUE,FALSE,FALSE,FALSE,TRUE
sdmo t 16,10,0,1,1,"Thumbnail, Sitelinks",https://220volt.com.ua/ua/generator-dizel-nij-sdmo-pacific-t-16-k/,FALSE,FALSE,FALSE,FALSE,FALSE,FALSE
авдт с16,10,1,1,1,"related_search, also_asks, Sitelinks, snip_image_thumbnail",https://220volt.com.ua/differentsial-nij-avtomat-iek-avdt-32-s16-16-0-03a-6ka/,FALSE,FALSE,FALSE,FALSE,FALSE,FALSE
zb12 2 4,10,0,1,1,"Thumbnail, Sitelinks",https://220volt.com.ua/rele-elektroteplovoe-eaton-moeller-zb12-2-4-278437/,FALSE,FALSE,FALSE,FALSE,FALSE,FALSE
купить насосы ebara,10,1,1,1,"also_asks, Thumbnail, Sitelinks",https://220volt.com.ua/nasos/nasosi-dlya-vodosnabzheniya/tsentrobezhnie/ebara/,FALSE,TRUE,FALSE,FALSE,FALSE,TRUE
переключатель электрический купить,10,11,1,1,"also_asks, related_search, Sitelinks",https://220volt.com.ua/elektrika-i-svet/nizkovoltnoe-oborudovanie/viklyuchateli-knopki-pereklyuchateli/pereklyuchateli.htm,FALSE,TRUE,FALSE,FALSE,FALSE,TRUE
купить аккумулятор 220 вольт,10,16,1,1,"also_asks, Sitelinks, snip_image_thumbnail",https://220volt.com.ua/akkumulatornie-batarei.htm,FALSE,TRUE,FALSE,FALSE,FALSE,TRUE
10000 p,10,0,1,1,"Thumbnail, AI Overview, Sitelinks",https://220volt.com.ua/stabilizator-napryazheniya-elim-ukraina-snan-10000-p/,FALSE,FALSE,FALSE,FALSE,FALSE,FALSE
challenger 45,10,0,1,1,"Thumbnail, Sitelinks, snip_image_thumbnail",https://220volt.com.ua/ua/akkumulyatornaya-batareya-challenger-evg12-45/,FALSE,FALSE,FALSE,FALSE,FALSE,FALSE
gd200a 7r5g 011p 4,10,0,1,1,"Thumbnail, Sitelinks",https://220volt.com.ua/preobrazovatel-chastoti-invt-gd200-7r5g-011p-4/,FALSE,FALSE,FALSE,FALSE,FALSE,FALSE
автомобильные аккумуляторы виды,10,12,1,1,"also_asks, a_box_fsnippet, related_search, Sitelinks, snip_featured, snip_image_thumbnail",https://220volt.com.ua/news/raznovidnosti-akkumulyatornih-batarej-soglasno-tipu-rabochih-elementov-i-naznacheniyu/,FALSE,FALSE,FALSE,FALSE,FALSE,FALSE
зубр реле напряжения цена,10,21,1,1,"Thumbnail, related_search, also_asks, Sitelinks, snip_image_thumbnail",https://220volt.com.ua/elektrika-i-svet/nizkovoltnoe-oborudovanie/rele-tajmeri-fotokontrolleri/rele/rele_kontrolya_napryajeniya/zubr/,FALSE,TRUE,FALSE,FALSE,FALSE,TRUE
насос ebara lps,10,1,1,1,"Thumbnail, Sitelinks",https://220volt.com.ua/nasos-tsirkulyatsionnij-ebara-lps-50-75-m/,FALSE,FALSE,FALSE,FALSE,FALSE,FALSE
powercom war 400a,10,1,1,1,"Thumbnail, Sitelinks",https://220volt.com.ua/ibp-powercom-war-400a-schuko/,FALSE,FALSE,FALSE,FALSE,FALSE,FALSE
киев генератор,10,26,1,1,"Local pack, Thumbnail, related_search, Sitelinks",https://220volt.com.ua/ua/generatory.htm,FALSE,TRUE,FALSE,FALSE,FALSE,FALSE
электрогенераторы цена киев,10,22,1,1,"also_asks, related_search, Sitelinks",https://220volt.com.ua/generatory.htm,FALSE,TRUE,FALSE,FALSE,FALSE,TRUE
10 ups,10,6,1,1,"related_search, also_asks, Thumbnail, Sitelinks, snip_image_thumbnail",https://220volt.com.ua/istochniki-besperebojnogo-pitaniya/fullpower_ibp_svishe-10000/,FALSE,FALSE,FALSE,FALSE,FALSE,FALSE
автоматы мюллер цена,10,7,1,1,"Thumbnail, related_search, a_box_fsnippet, Sitelinks, snip_featured",https://220volt.com.ua/elektrika-i-svet/nizkovoltnoe-oborudovanie/avtomati/silovie-avtomati/moeller/,FALSE,TRUE,FALSE,FALSE,FALSE,TRUE
мощность генератора в чем измеряется,10,3,1,1,"related_search, also_asks, a_box_fsnippet, Thumbnail, Sitelinks, snip_featured",https://220volt.com.ua/news/harakteristiki-moshchnosti-generatora/,FALSE,FALSE,FALSE,FALSE,FALSE,FALSE
упс на 500 вт,10,9,1,1,"Thumbnail, also_asks, Sitelinks, snip_image_thumbnail",https://220volt.com.ua/istochniki-besperebojnogo-pitaniya/fullpower_ibp_do-500/,FALSE,FALSE,FALSE,FALSE,FALSE,FALSE
пускатели schneider electric каталог,10,2,1,1,"related_search, Thumbnail, Sitelinks",https://220volt.com.ua/elektrika-i-svet/nizkovoltnoe-oborudovanie/puskateli-kontaktori/puskateli/schneider/,FALSE,FALSE,FALSE,FALSE,FALSE,FALSE
psw epw500tw12,10,1,1,1,"Thumbnail, Sitelinks, snip_image_thumbnail",https://220volt.com.ua/ibp-europower-psw-epw500tw12-14818/,FALSE,FALSE,FALSE,FALSE,FALSE,FALSE
hr 1234w f2 купить,10,3,1,1,"related_search, Sitelinks",https://220volt.com.ua/akkumulyatornaya-batareya-csb-hr1234wf2/,FALSE,TRUE,FALSE,FALSE,FALSE,TRUE
реле регулятор давления воды,10,23,1,1,"related_search, Thumbnail, also_asks, Sitelinks",https://220volt.com.ua/nasos/komplektuyushchie-dlya-vodosnabzheniya-i-vodootvedeniya/tip_kompl_nasos_rele-davleniya/,FALSE,FALSE,FALSE,FALSE,FALSE,FALSE
ws90,10,0,1,1,"Thumbnail, Sitelinks",https://220volt.com.ua/generator-dizel-nij-wattstream-ws90-ws/,FALSE,FALSE,FALSE,FALSE,FALSE,FALSE
matari md16,10,1,1,1,"Thumbnail, Sitelinks",https://220volt.com.ua/generator-dizel-nij-matari-md16/,FALSE,FALSE,FALSE,FALSE,FALSE,FALSE
инвертор фрониус цена,10,3,1,1,"related_search, Thumbnail, Sitelinks",https://220volt.com.ua/solnechnaya-energetika/solnechnye-invertory/fronius/,FALSE,TRUE,FALSE,FALSE,FALSE,TRUE
интернет 220 вольт,10,3,1,1,"also_asks, related_search, Thumbnail, Sitelinks",https://220volt.com.ua/,FALSE,FALSE,FALSE,FALSE,FALSE,FALSE
реле водяного давления,10,25,1,1,"also_asks, Thumbnail, related_search, Sitelinks, snip_image_thumbnail",https://220volt.com.ua/nasos/komplektuyushchie-dlya-vodosnabzheniya-i-vodootvedeniya/tip_kompl_nasos_rele-davleniya/,FALSE,FALSE,FALSE,FALSE,FALSE,FALSE
куплю портативную электростанцию,10,23,1,1,"related_search, also_asks, Sitelinks",https://220volt.com.ua/portativnye-zaryadnye-stantsii/portativnye-elektrostantsii.htm,FALSE,FALSE,FALSE,FALSE,FALSE,FALSE
lph 800rv,10,0,1,1,"Thumbnail, Sitelinks, snip_image_thumbnail",https://220volt.com.ua/stabilizator-napryazheniya-logicpower-lph-800rv/,FALSE,FALSE,FALSE,FALSE,FALSE,FALSE
ep 580,10,0,1,1,"Thumbnail, Sitelinks",https://220volt.com.ua/impul-snoe-rele-dlya-lyustri-hager-ep580/,FALSE,FALSE,FALSE,FALSE,FALSE,FALSE
солнечные электростанции купить в украине,10,20,1,1,"Thumbnail, also_asks, related_search, Sitelinks",https://220volt.com.ua/solnechnaya-energetika/solnechnye-elektrostantsii.htm,FALSE,TRUE,FALSE,FALSE,FALSE,TRUE
реле 220в 16а,10,2,1,1,"Thumbnail, Sitelinks, snip_image_thumbnail",https://220volt.com.ua/elektrika-i-svet/nizkovoltnoe-oborudovanie/rele-tajmeri-fotokontrolleri/rele/promejutochnie_rele/tok_rele_0-25-16-a/,FALSE,FALSE,FALSE,FALSE,FALSE,FALSE
psv 500va,10,0,1,1,Sitelinks,https://220volt.com.ua/ua/ibp-logicpower-psv-500va/,FALSE,FALSE,FALSE,FALSE,FALSE,FALSE
agt 7201 hsb,10,1,1,1,"Thumbnail, Sitelinks",https://220volt.com.ua/generator-benzinovij-agt-7201-hsb-tti/,FALSE,FALSE,FALSE,FALSE,FALSE,FALSE
каталог 220 вольт,10,5,1,1,"Thumbnail, related_search, Sitelinks",https://220volt.com.ua/,FALSE,FALSE,FALSE,FALSE,FALSE,FALSE
ибп с внешним аккумулятором купить,10,27,1,1,"related_search, Sitelinks",https://220volt.com.ua/istochniki-besperebojnogo-pitaniya/akkumulyatornaya_batareya_vneshnyaya/,FALSE,TRUE,FALSE,FALSE,FALSE,TRUE
купить регулятор давления воды для насоса,10,7,1,1,"related_search, also_asks, Local pack, Thumbnail, Sitelinks",https://220volt.com.ua/nasos/komplektuyushchie-dlya-vodosnabzheniya-i-vodootvedeniya/tip_kompl_nasos_rele-davleniya/,FALSE,TRUE,FALSE,FALSE,FALSE,TRUE
купить насос ebara,10,3,1,1,"Thumbnail, Sitelinks, snip_image_thumbnail",https://220volt.com.ua/nasos/nasosi-dlya-vodosnabzheniya/tsentrobezhnie/ebara/,FALSE,TRUE,FALSE,FALSE,FALSE,TRUE
переключающее реле 220в,10,5,1,1,"related_search, also_asks, Thumbnail, Sitelinks",https://220volt.com.ua/elektrika-i-svet/nizkovoltnoe-oborudovanie/rele-tajmeri-fotokontrolleri/rele/promejutochnie_rele.htm,FALSE,FALSE,FALSE,FALSE,FALSE,FALSE
ge vh 3000,10,1,1,1,Sitelinks,https://220volt.com.ua/ua/ibp-general-electric-vh-3000/,FALSE,FALSE,FALSE,FALSE,FALSE,FALSE
таймер включения купить,10,30,1,1,"Thumbnail, shopping_rhs, related_search, Sitelinks",https://220volt.com.ua/elektrika-i-svet/nizkovoltnoe-oborudovanie/rele-tajmeri-fotokontrolleri/tajmeri.htm,FALSE,TRUE,FALSE,FALSE,FALSE,TRUE
цены на стабилизаторы,10,45,1,1,"AI Overview, related_search, also_asks, Sitelinks",https://220volt.com.ua/stabilizator.htm,FALSE,FALSE,FALSE,FALSE,FALSE,FALSE
насосы генераторы,10,1,1,1,"Thumbnail, Video preview, also_asks, Sitelinks",https://220volt.com.ua/generatory/optimal_gen_nasosnoj-stantsii/,FALSE,FALSE,FALSE,FALSE,FALSE,FALSE
трехфазный генератор для частного дома,10,13,1,1,"related_search, also_asks, Thumbnail, Sitelinks",https://220volt.com.ua/generatory/faznost_generatorov_3/,FALSE,FALSE,FALSE,FALSE,FALSE,FALSE
электрическая станция купить,10,21,1,1,"related_search, also_asks, Sitelinks",https://220volt.com.ua/portativnye-zaryadnye-stantsii/portativnye-elektrostantsii.htm,FALSE,TRUE,FALSE,FALSE,FALSE,TRUE
merlion 12v 100ah ft 12100,10,1,1,1,Sitelinks,https://220volt.com.ua/akkumulyatornaya-batareya-merlion-agm-ft-12100-12v-100ah-q1-11704/,FALSE,FALSE,FALSE,FALSE,FALSE,FALSE
ritar ra12 33,10,1,1,1,"shopping_top, Thumbnail, Sitelinks",https://220volt.com.ua/akkumulyatornaya-batareya-ritar-ra12-33-12v-33-0ah/,FALSE,FALSE,FALSE,FALSE,FALSE,FALSE
сравнительная характеристика ламп,10,2,1,1,"related_search, Thumbnail, also_asks, Sitelinks",https://220volt.com.ua/news/sravnenie-lamp/,FALSE,FALSE,FALSE,FALSE,FALSE,FALSE
польза инфракрасных лучей,10,7,1,1,"Thumbnail, related_search, a_box_fsnippet, also_asks, Sitelinks, snip_featured",https://220volt.com.ua/news/vred-ili-polza-infrakrasnie-luchi-ot-obogrevatelej/,FALSE,FALSE,FALSE,FALSE,FALSE,FALSE
ua300,10,1,1,1,"Thumbnail, Sitelinks",https://220volt.com.ua/ibp-kstar-ua300/,FALSE,FALSE,FALSE,FALSE,FALSE,FALSE
pkzm0 32,10,1,1,1,"Thumbnail, Sitelinks",https://220volt.com.ua/avtomaticheskij-viklyuchatel-eaton-moeller-pkzm0-32-278489/,FALSE,FALSE,FALSE,FALSE,FALSE,FALSE
challenger homeline 1500t12,10,0,1,1,"Thumbnail, Sitelinks",https://220volt.com.ua/ibp-challenger-homeline-1500t12/,FALSE,FALSE,FALSE,FALSE,FALSE,FALSE
etimat 50a,10,0,1,1,"Thumbnail, Sitelinks",https://220volt.com.ua/avtomaticheskij-viklyuchatel-eti-etimat-6-3p-c-50a-2145521/,FALSE,FALSE,FALSE,FALSE,FALSE,FALSE
kin 525ap,10,1,1,1,"Thumbnail, related_search, Sitelinks, snip_image_thumbnail",https://220volt.com.ua/ua/ibp-powercom-kin-525a/,FALSE,FALSE,FALSE,FALSE,FALSE,FALSE
генератор патриот 6500,10,1,1,1,"Thumbnail, Sitelinks",https://220volt.com.ua/generator-benzinovij-patriot-srge-6500/,FALSE,FALSE,FALSE,FALSE,FALSE,FALSE
онлайн ибп купить цена,10,17,1,1,"Thumbnail, related_search, also_asks, Sitelinks",https://220volt.com.ua/istochniki-besperebojnogo-pitaniya/typearhetekturi_neprerivnogo-dejstviya/,FALSE,TRUE,FALSE,FALSE,FALSE,TRUE
циркуляционный насос 220 вольт,10,4,1,1,"also_asks, related_search, Thumbnail, Sitelinks, snip_image_thumbnail",https://220volt.com.ua/nasos/nasosi-dlya-vodosnabzheniya/tsirkulyatsionnie.htm,FALSE,FALSE,FALSE,FALSE,FALSE,FALSE
магазин 220 вольт киев телиги,10,0,1,1,"related_search, Thumbnail, kn_graph_local, Sitelinks",https://220volt.com.ua/,FALSE,TRUE,FALSE,FALSE,FALSE,FALSE
yuasa swl4250,10,1,1,1,"Thumbnail, Sitelinks",https://220volt.com.ua/ua/akkumulyatornaya-batareya-yuasa-swl-4250/,FALSE,FALSE,FALSE,FALSE,FALSE,FALSE
корпус щита электрического,10,2,1,1,"related_search, Thumbnail, Sitelinks, snip_image_thumbnail",https://220volt.com.ua/elektrika-i-svet/shitovoe/shchiti.htm,FALSE,FALSE,FALSE,FALSE,FALSE,FALSE
320 ah,10,0,1,1,"Thumbnail, shopping_rhs, AI Overview, Sitelinks, snip_image_thumbnail",https://220volt.com.ua/ua/akkumulatornie-batarei/emkost_ab_block_320/,FALSE,FALSE,FALSE,FALSE,FALSE,FALSE
дизельный генератор дгу,10,3,1,1,"also_asks, Video preview, related_search, Sitelinks",https://220volt.com.ua/generatory/tip_generatora_dizelni_ustanovki_dgu/,FALSE,FALSE,FALSE,FALSE,FALSE,FALSE
виды контактов реле,10,2,1,1,"Thumbnail, related_search, also_asks, Sitelinks",https://220volt.com.ua/news/kakie-byvayut-tipy-rele/,FALSE,FALSE,FALSE,FALSE,FALSE,FALSE
t601,10,0,1,1,"Thumbnail, related_search, Sitelinks",https://220volt.com.ua/ua/ibp-vir-electric-nb-t601/,FALSE,FALSE,FALSE,FALSE,FALSE,FALSE
merlion yt ch 12200,10,0,1,1,"Sitelinks, snip_image_thumbnail",https://220volt.com.ua/ua/zaryadnoe-ustrojstvo-merlion-yt-ch-12200/,FALSE,FALSE,FALSE,FALSE,FALSE,FALSE
электрогенератор киев,10,45,1,1,"related_search, Local pack, Sitelinks",https://220volt.com.ua/ua/generatory.htm,FALSE,TRUE,FALSE,FALSE,FALSE,FALSE
мотопомпа 220 вольт,10,0,1,1,"also_asks, Thumbnail, Sitelinks",https://220volt.com.ua/nasos/motopompi.htm,FALSE,FALSE,FALSE,FALSE,FALSE,FALSE
бензогенератор hitachi,10,3,1,1,"Thumbnail, Sitelinks",https://220volt.com.ua/generatory/hitachii/,FALSE,FALSE,FALSE,FALSE,FALSE,FALSE
ибп для водяного насоса,10,9,1,1,"related_search, Thumbnail, also_asks, Sitelinks",https://220volt.com.ua/istochniki-besperebojnogo-pitaniya/opt_reshenie_ibp_nasosov/,FALSE,FALSE,FALSE,FALSE,FALSE,FALSE
эл пускатель,10,13,1,1,"related_search, also_asks, Video preview, kn_graph_card, Sitelinks",https://220volt.com.ua/elektrika-i-svet/nizkovoltnoe-oborudovanie/puskateli-kontaktori/puskateli.htm,FALSE,FALSE,FALSE,FALSE,FALSE,FALSE
солнечные панели 220 вольт,10,8,1,1,"Thumbnail, also_asks, related_search, Sitelinks",https://220volt.com.ua/solnechnaya-energetika/solnechnye-paneli-batarei.htm,FALSE,FALSE,FALSE,FALSE,FALSE,FALSE
осм 0.063,10,0,1,1,"Thumbnail, Sitelinks, snip_image_thumbnail",https://220volt.com.ua/transformator-osm-1-0-063-220-12-5/,FALSE,FALSE,FALSE,FALSE,FALSE,FALSE
vh 3000 ups,10,1,1,1,"Thumbnail, Sitelinks",https://220volt.com.ua/ibp-general-electric-vh-3000/,FALSE,FALSE,FALSE,FALSE,FALSE,FALSE
газовые электрогенераторы для дома цена,10,10,1,1,"AI Overview, related_search, also_asks, Sitelinks",https://220volt.com.ua/generatory/tip_generatora_gazovie_generatori/,FALSE,TRUE,FALSE,FALSE,FALSE,TRUE
15000 вольт,10,0,1,1,"AI Overview, related_search, Thumbnail, Sitelinks, snip_url_in_aio, snip_fqdn_in_aio",https://220volt.com.ua/stabilizator/moshnost_stab_block_15/,FALSE,FALSE,FALSE,FALSE,FALSE,FALSE
купить реле напряжения зубр в киеве,10,25,1,1,"Thumbnail, Local pack, related_search, also_asks, Sitelinks",https://220volt.com.ua/elektrika-i-svet/nizkovoltnoe-oborudovanie/rele-tajmeri-fotokontrolleri/rele/rele_kontrolya_napryajeniya/zubr/,FALSE,TRUE,FALSE,FALSE,FALSE,TRUE
ritar 12v 40ah,10,1,1,1,"Thumbnail, Sitelinks",https://220volt.com.ua/akkumulyatornaya-batareya-ritar-ra12-40-12v-40-0ah/,FALSE,FALSE,FALSE,FALSE,FALSE,FALSE
sdmo j88,10,1,1,1,"Thumbnail, Sitelinks",https://220volt.com.ua/ua/generator-dizel-nij-sdmo-montana-j88k-silent/,FALSE,FALSE,FALSE,FALSE,FALSE,FALSE
generac 8kw,10,1,1,1,"Thumbnail, Sitelinks",https://220volt.com.ua/ua/generator-gazovij-generac-6269-8kw/,FALSE,FALSE,FALSE,FALSE,FALSE,FALSE
реле напряжения 5 квт,10,1,1,1,"also_asks, Thumbnail, Sitelinks, snip_image_thumbnail",https://220volt.com.ua/elektrika-i-svet/nizkovoltnoe-oborudovanie/rele-tajmeri-fotokontrolleri/rele/rele_kontrolya_napryajeniya/max_moshn_nagr_rele_napr_do-5/,FALSE,FALSE,FALSE,FALSE,FALSE,FALSE
генератор с трехфазного двигателя,10,11,1,1,"Thumbnail, also_asks, Sitelinks",https://220volt.com.ua/generatory/faznost_generatorov_3/,FALSE,FALSE,FALSE,FALSE,FALSE,FALSE
стабилизатор напряжения volter снпто 7,10,1,1,1,"also_asks, Thumbnail, Sitelinks",https://220volt.com.ua/stabilizator-napryazheniya-volter-snpto-7-pt/,FALSE,FALSE,FALSE,FALSE,FALSE,FALSE
иппон 2000,10,1,1,1,"Thumbnail, Sitelinks",https://220volt.com.ua/ibp-ippon-smart-winner-2000/,FALSE,FALSE,FALSE,FALSE,FALSE,FALSE
buy fronius inverter,10,3,1,1,"Thumbnail, also_asks, related_search, Sitelinks",https://220volt.com.ua/solnechnaya-energetika/solnechnye-invertory/fronius/,FALSE,FALSE,FALSE,FALSE,FALSE,TRUE
ups pro 600,10,1,1,1,"related_search, also_asks, Thumbnail, Sitelinks, snip_image_thumbnail",https://220volt.com.ua/ibp-ippon-new-back-power-pro-600/,FALSE,FALSE,FALSE,FALSE,FALSE,FALSE
ippon winner 3000,10,1,1,1,"Thumbnail, Sitelinks",https://220volt.com.ua/ibp-ippon-smart-winner-3000/,FALSE,FALSE,FALSE,FALSE,FALSE,FALSE
купить сэс,10,11,1,1,"Thumbnail, related_search, Sitelinks",https://220volt.com.ua/ua/solnechnaya-energetika/solnechnye-elektrostantsii.htm,FALSE,TRUE,FALSE,FALSE,FALSE,TRUE
сварочный полуавтомат преимущества,10,1,1,1,"Video preview, Thumbnail, a_box_fsnippet, related_search, also_asks, Sitelinks, snip_featured",https://220volt.com.ua/news/vibiraem-svarochnij-poluavtomat-chto-neobhodimo-znat/,FALSE,FALSE,FALSE,FALSE,FALSE,FALSE
sn 400,10,1,1,1,"Thumbnail, Sitelinks, snip_image_thumbnail",https://220volt.com.ua/stabilizator-napryazheniya-sinpro-oberig-sn-400/,FALSE,FALSE,FALSE,FALSE,FALSE,FALSE
csb 1234,10,2,1,1,"related_search, Sitelinks, snip_image_thumbnail",https://220volt.com.ua/ua/akkumulyatornaya-batareya-csb-hr1234wf2/,FALSE,FALSE,FALSE,FALSE,FALSE,FALSE
генератор переносной цена,10,11,1,1,"related_search, Thumbnail, also_asks, Sitelinks",https://220volt.com.ua/generatory/tip_ustanovki_portativnie/,FALSE,TRUE,FALSE,FALSE,FALSE,TRUE
dg 750,10,1,1,1,"Thumbnail, Sitelinks",https://220volt.com.ua/ua/generator-dizel-nij-dalgakiran-dj-750-dd/,FALSE,FALSE,FALSE,FALSE,FALSE,FALSE
солнечные батареи 220 вольт,10,8,1,1,"related_search, Sitelinks, snip_image_thumbnail",https://220volt.com.ua/solnechnaya-energetika/solnechnye-paneli-batarei.htm,FALSE,FALSE,FALSE,FALSE,FALSE,FALSE
md 16,10,1,1,1,"Thumbnail, Sitelinks, snip_image_thumbnail",https://220volt.com.ua/ua/generator-dizel-nij-matari-md16/,FALSE,FALSE,FALSE,FALSE,FALSE,FALSE
насос фекальный grundfos,10,4,1,1,"Thumbnail, Sitelinks",https://220volt.com.ua/nasos/nasosi-dlya-vodootvedeniya/fekalnih-stokov/grundfos/,FALSE,FALSE,FALSE,FALSE,FALSE,FALSE
гелевые аккумуляторные батареи купить,10,30,1,1,"related_search, also_asks, Local pack, Thumbnail, Sitelinks, snip_image_thumbnail",https://220volt.com.ua/akkumulatornie-batarei/tip_elementa_gelevie/,FALSE,TRUE,FALSE,FALSE,FALSE,TRUE
магнітні пускачі купити,10,3,1,1,"related_search, Sitelinks",https://220volt.com.ua/ua/elektrika-i-svet/nizkovoltnoe-oborudovanie/puskateli-kontaktori/puskateli.htm,FALSE,TRUE,FALSE,FALSE,FALSE,TRUE
автономная станция для дома,10,5,1,1,"related_search, Video preview, Sitelinks",https://220volt.com.ua/solnechnaya-energetika/solnechnye-elektrostantsii.htm,FALSE,FALSE,FALSE,FALSE,FALSE,FALSE
victron multiplus 12 3000 120 50,10,1,1,1,"Thumbnail, related_search, Sitelinks",https://220volt.com.ua/ibp-victron-energy-multiplus-12-3000-120-50/,FALSE,FALSE,FALSE,FALSE,FALSE,FALSE
акб гелевый цена,10,37,1,1,"related_search, also_asks, Sitelinks, snip_image_thumbnail",https://220volt.com.ua/akkumulatornie-batarei/tip_elementa_gelevie/,FALSE,TRUE,FALSE,FALSE,FALSE,TRUE
powercom skp 500a,10,0,1,1,"Thumbnail, Sitelinks",https://220volt.com.ua/ibp-powercom-skp-500a/,FALSE,FALSE,FALSE,FALSE,FALSE,FALSE
2csm204135r1341,10,1,1,1,"Thumbnail, Sitelinks, snip_image_thumbnail",https://220volt.com.ua/ua/sumerechnoe-rele-abb-tw1-2csm204135r1341/,FALSE,FALSE,FALSE,FALSE,FALSE,FALSE
220 магазин киев,10,19,1,1,"related_search, Thumbnail, Local pack, Sitelinks, snip_image_thumbnail",https://220volt.com.ua/,FALSE,TRUE,FALSE,FALSE,FALSE,FALSE
плавный пуск двигателя 220 купить,10,5,1,1,"Thumbnail, also_asks, related_search, Sitelinks",https://220volt.com.ua/preobrazovateli_chastoty_ustr_plavnogo_puska/ustrojstva-plavnogo-puska-i-tormozheniya.htm,FALSE,TRUE,FALSE,FALSE,FALSE,TRUE
электроснабжение магазина,10,1,1,1,"also_asks, Thumbnail, Sitelinks",https://220volt.com.ua/information/uslugi/proektirovanie-elektrosnabzheniya/,FALSE,TRUE,FALSE,FALSE,FALSE,FALSE
как правильно выключать бесперебойник,10,1,1,1,"AI Overview, related_search, Thumbnail, also_asks, Sitelinks",https://220volt.com.ua/news/pravila-i-rekomendatsii-po-ekspluatatsii-ibp/,FALSE,FALSE,FALSE,TRUE,FALSE,FALSE
от чего работает теплый пол,10,1,1,1,"AI Overview, Thumbnail, also_asks, related_search, Sitelinks, snip_url_in_aio, snip_fqdn_in_aio",https://220volt.com.ua/news/kak-rabotaet-teplyj-pol-vse-chto-nuzhno-znat-o-sovremennoj-sisteme-otopleniya/,FALSE,FALSE,FALSE,FALSE,FALSE,FALSE
fronius symo 5 3 m,10,0,1,1,"Thumbnail, Sitelinks",https://220volt.com.ua/ua/invertor-fronius-symo-5-0-3-m/,FALSE,FALSE,FALSE,FALSE,FALSE,FALSE
таймер для,10,22,1,1,"related_search, Thumbnail, also_asks, Sitelinks",https://220volt.com.ua/elektrika-i-svet/nizkovoltnoe-oborudovanie/rele-tajmeri-fotokontrolleri/tajmeri.htm,FALSE,FALSE,FALSE,FALSE,FALSE,FALSE
fg wilson купить,10,3,1,1,"related_search, Thumbnail, Sitelinks",https://220volt.com.ua/generatory/fg-wilson/,FALSE,TRUE,FALSE,FALSE,FALSE,TRUE
купить реле контроля напряжения в украине,10,35,1,1,"also_asks, Local pack, related_search, Sitelinks",https://220volt.com.ua/elektrika-i-svet/nizkovoltnoe-oborudovanie/rele-tajmeri-fotokontrolleri/rele/rele_kontrolya_napryajeniya.htm,FALSE,TRUE,FALSE,FALSE,FALSE,TRUE
солнечное отопление и горячее водоснабжение,10,0,1,1,"related_search, also_asks, Thumbnail, Sitelinks",https://220volt.com.ua/news/solnechnij-kollektor-otoplenie-doma-i-goryachee-vodosnabzhenie-s-ekonomiej/,FALSE,FALSE,FALSE,FALSE,FALSE,FALSE
солнечная панель на 220 вольт,10,8,1,1,"also_asks, Thumbnail, related_search, Sitelinks",https://220volt.com.ua/solnechnaya-energetika/solnechnye-paneli-batarei.htm,FALSE,FALSE,FALSE,FALSE,FALSE,FALSE
ограничитель напряжения 220 вольт,10,3,1,1,"Thumbnail, also_asks, related_search, Sitelinks, snip_image_thumbnail",https://220volt.com.ua/elektrika-i-svet/nizkovoltnoe-oborudovanie/rele-tajmeri-fotokontrolleri/rele/rele_kontrolya_napryajeniya.htm,FALSE,FALSE,FALSE,FALSE,FALSE,FALSE
магнитный пускатель 110 вольт,10,0,1,1,"Thumbnail, Sitelinks",https://220volt.com.ua/elektrika-i-svet/nizkovoltnoe-oborudovanie/puskateli-kontaktori/puskateli/napr_katushki_kont_i_puskateli_110/,FALSE,FALSE,FALSE,FALSE,FALSE,FALSE
генератор huter 3000,10,1,1,1,Sitelinks,https://220volt.com.ua/generator-benzinovij-huter-dy-3000-l/,FALSE,FALSE,FALSE,FALSE,FALSE,FALSE
dc12 200,10,1,1,1,"related_search, Thumbnail, Sitelinks",https://220volt.com.ua/akkumulyatornaya-batareya-ritar-dc12-200-12v-200ah/,FALSE,FALSE,FALSE,FALSE,FALSE,FALSE
alternator hitachi,10,1,1,1,"related_search, Thumbnail, Sitelinks, snip_image_thumbnail",https://220volt.com.ua/generatory/hitachii/,FALSE,FALSE,FALSE,FALSE,FALSE,FALSE
генератор huter dy 6500 lx,10,2,1,1,"Thumbnail, Sitelinks",https://220volt.com.ua/generator-benzinovij-huter-dy-6500-lxs/,FALSE,FALSE,FALSE,FALSE,FALSE,FALSE
дренажный насос 220в,10,1,1,1,"related_search, also_asks, Sitelinks",https://220volt.com.ua/nasos/nasosi-dlya-vodootvedeniya/gryaznoj-vodi.htm,FALSE,FALSE,FALSE,FALSE,FALSE,FALSE
ups ippon smart winner 1500,10,1,1,1,"Thumbnail, Sitelinks, snip_image_thumbnail",https://220volt.com.ua/ibp-ippon-smart-winner-1500/,FALSE,FALSE,FALSE,FALSE,FALSE,FALSE
авр с генератором,10,22,1,1,"Thumbnail, related_search, also_asks, Sitelinks",https://220volt.com.ua/avtomaticheskij-zapusk-generatora.htm,FALSE,FALSE,FALSE,FALSE,FALSE,FALSE
j188,10,0,1,1,"Thumbnail, Sitelinks, snip_image_thumbnail",https://220volt.com.ua/post-odnomestnij-avarijnij-stop-asko-xal-j188/,FALSE,FALSE,FALSE,FALSE,FALSE,FALSE
аккумулятор быстро теряет емкость,10,2,1,1,"also_asks, related_search, Sitelinks",https://220volt.com.ua/news/osnovnie-prichini-vliyayushchie-na-uhudshenie-rabochih-harakteristik-akkumulyatorov/,FALSE,FALSE,FALSE,FALSE,FALSE,FALSE
eaton 222354,10,1,1,1,"Thumbnail, Sitelinks, snip_image_thumbnail",https://220volt.com.ua/ua/avtomaticheskij-viklyuchatel-eaton-moeller-pkzm4-40-222354/,FALSE,FALSE,FALSE,FALSE,FALSE,FALSE
реле протока жидкости,10,4,1,1,"related_search, Thumbnail, also_asks, Sitelinks, snip_image_thumbnail",https://220volt.com.ua/nasos/komplektuyushchie-dlya-vodosnabzheniya-i-vodootvedeniya/tip_kompl_nasos_rele_protoka__zashchita_ot_suhogo_hoda/,FALSE,FALSE,FALSE,FALSE,FALSE,FALSE
мотопомпа дайшин,10,1,1,1,"Thumbnail, Sitelinks",https://220volt.com.ua/nasos/motopompi/daishin/,FALSE,FALSE,FALSE,FALSE,FALSE,FALSE
cummins c175,10,0,1,1,"Thumbnail, Sitelinks",https://220volt.com.ua/generator-dizel-nij-cummins-c175-d5e/,FALSE,FALSE,FALSE,FALSE,FALSE,FALSE
щит внутренней установки,10,1,1,1,"related_search, also_asks, Thumbnail, Sitelinks, snip_image_thumbnail",https://220volt.com.ua/elektrika-i-svet/shitovoe/shchiti.htm,FALSE,FALSE,FALSE,FALSE,FALSE,FALSE
ups bnt 400a,10,1,1,1,"Thumbnail, Sitelinks",https://220volt.com.ua/ua/ibp-powercom-bnt-400a/,FALSE,FALSE,FALSE,FALSE,FALSE,FALSE
kin 425ap,10,1,1,1,"Thumbnail, Sitelinks, snip_image_thumbnail",https://220volt.com.ua/ua/ibp-powercom-kin-425ap/,FALSE,FALSE,FALSE,FALSE,FALSE,FALSE
бензиновый генератор для компьютера,10,15,1,1,"also_asks, related_search, Thumbnail, Sitelinks",https://220volt.com.ua/generatory/optimal_gen_kompyutera/,FALSE,FALSE,FALSE,FALSE,FALSE,FALSE
ippon 800,10,1,1,1,"Thumbnail, Sitelinks",https://220volt.com.ua/ua/ibp-ippon-back-comfo-pro-800-black/,FALSE,FALSE,FALSE,FALSE,FALSE,FALSE
автономная солнечная электростанция 5 квт,10,18,1,1,"Thumbnail, also_asks, related_search, Video preview, Sitelinks",https://220volt.com.ua/avtonomnaya-solnechnaya-stantsiya-na-5kvt/,FALSE,FALSE,FALSE,FALSE,FALSE,FALSE
etr4 51,10,1,1,1,"Thumbnail, Sitelinks",https://220volt.com.ua/rele-vremeni-eaton-moeller-etr4-51-a-031884/,FALSE,FALSE,FALSE,FALSE,FALSE,FALSE
насос для фонтана 220 вольт,10,1,1,1,"Thumbnail, related_search, Sitelinks",https://220volt.com.ua/nasos/nasosi_dlya_fontanov_i_prudov.htm,FALSE,FALSE,FALSE,FALSE,FALSE,FALSE
контактор на 220 вольт,10,5,1,1,"related_search, Thumbnail, Sitelinks",https://220volt.com.ua/elektrika-i-svet/nizkovoltnoe-oborudovanie/puskateli-kontaktori/puskateli/tip_puskateley_modul-nie/,FALSE,FALSE,FALSE,FALSE,FALSE,FALSE
ritar rt6120,10,1,1,1,"Thumbnail, shopping_rhs, Sitelinks",https://220volt.com.ua/akkumulyatornaya-batareya-ritar-rt6120a-6v-12ah/,FALSE,FALSE,FALSE,FALSE,FALSE,FALSE
stark country 3000 online,10,0,1,1,"Video preview, Thumbnail, Sitelinks",https://220volt.com.ua/ibp-stark-country-3000-online/,FALSE,FALSE,FALSE,FALSE,FALSE,FALSE
стабілізатори напруги київ,10,6,1,1,"Thumbnail, Local pack, related_search, Sitelinks",https://220volt.com.ua/ua/stabilizator.htm,FALSE,TRUE,FALSE,FALSE,FALSE,FALSE
matari m8000e,10,1,1,1,"Thumbnail, Sitelinks, snip_image_thumbnail",https://220volt.com.ua/generator-benzinovij-matari-m8000e/,FALSE,FALSE,FALSE,FALSE,FALSE,FALSE
электрогенератор 380,10,10,1,1,"related_search, Sitelinks",https://220volt.com.ua/generatory/faznost_generatorov_3/,FALSE,FALSE,FALSE,FALSE,FALSE,FALSE
ritar dc12 200,10,1,1,1,Sitelinks,https://220volt.com.ua/ua/akkumulyatornaya-batareya-ritar-dc12-200-12v-200ah/,FALSE,FALSE,FALSE,FALSE,FALSE,FALSE
расчёт контроллера для солнечных батарей,10,2,1,1,"also_asks, AI Overview, related_search, Video preview, Sitelinks",https://220volt.com.ua/news/kak-vibrat-kontroller-zaryada-dlya-solnechnih-batarej/,FALSE,FALSE,FALSE,FALSE,FALSE,FALSE
гелевый аккумулятор напряжение заряда,10,12,1,1,"also_asks, related_search, AI Overview, Sitelinks",https://220volt.com.ua/news/pravilnaya-zaryadka-gelevogo-akkumulyatora-kak-uvelichit-srok-ego-sluzhby/,FALSE,FALSE,FALSE,FALSE,FALSE,FALSE
стабилизатор напряжения vega,10,0,1,1,"Thumbnail, AI Overview, also_asks, Sitelinks, snip_url_in_aio, snip_fqdn_in_aio",https://220volt.com.ua/stabilizator-napryazheniya-ortea-vega-150-25/,FALSE,FALSE,FALSE,FALSE,FALSE,FALSE
npl65 12,10,1,1,1,"Thumbnail, Sitelinks, snip_image_thumbnail",https://220volt.com.ua/ua/akkumulyatornaya-batareya-yuasa-npl-65-12/,FALSE,FALSE,FALSE,FALSE,FALSE,FALSE
генератор для котла и холодильника,10,6,1,1,"also_asks, Video preview, Sitelinks",https://220volt.com.ua/generatory/optimal_gen_kotla/,FALSE,FALSE,FALSE,FALSE,FALSE,FALSE
бесперебойник ups 500,10,8,1,1,"related_search, also_asks, Thumbnail, Sitelinks",https://220volt.com.ua/istochniki-besperebojnogo-pitaniya/fullpower_ibp_do-500/,FALSE,FALSE,FALSE,FALSE,FALSE,FALSE
moeller b16,10,0,1,1,Sitelinks,https://220volt.com.ua/avtomaticheskij-viklyuchatel-eaton-moeller-pl6-b16-1-286521/,FALSE,FALSE,FALSE,FALSE,FALSE,FALSE
9sx5000i,10,1,1,1,"Thumbnail, Sitelinks, snip_image_thumbnail",https://220volt.com.ua/ibp-eaton-9sx-5000i-rt3u/,FALSE,FALSE,FALSE,FALSE,FALSE,FALSE
генератор от вала отбора мощности цена,10,3,1,1,"Thumbnail, related_search, also_asks, Sitelinks",https://220volt.com.ua/generatory/tip_generatora_ot-vala-otbora-moshchnosti/,FALSE,TRUE,FALSE,FALSE,FALSE,TRUE
ippon smart power pro 2000,10,1,1,1,"Thumbnail, related_search, Sitelinks",https://220volt.com.ua/ibp-ippon-smart-power-pro-2000/,FALSE,FALSE,FALSE,FALSE,FALSE,FALSE
volter донецк,10,0,1,1,"Thumbnail, Sitelinks",https://220volt.com.ua/information/proizvoditeli/volter/,FALSE,FALSE,FALSE,FALSE,FALSE,FALSE
самокачающий насос,10,1,1,1,"related_search, also_asks, Thumbnail, Sitelinks",https://220volt.com.ua/nasos/nasosi-dlya-vodosnabzheniya/tsentrobezhnie/tipvsas_samovsasivayushchie/,FALSE,FALSE,FALSE,FALSE,FALSE,FALSE
13kw generac generator,10,1,1,1,"Thumbnail, also_asks, Sitelinks",https://220volt.com.ua/ua/generator-gazovij-generac-6271-13kw/,FALSE,FALSE,FALSE,FALSE,FALSE,FALSE
насосная станция ebara,10,0,1,1,"also_asks, Thumbnail, Sitelinks",https://220volt.com.ua/nasos/nasosi-dlya-vodosnabzheniya/nasosnie-ustanovki/ebara/,FALSE,FALSE,FALSE,FALSE,FALSE,FALSE
sdmo ineo 2000,10,0,1,1,"Thumbnail, Sitelinks",https://220volt.com.ua/generator-benzinovij-sdmo-ineo-2000/,FALSE,FALSE,FALSE,FALSE,FALSE,FALSE
хитачи генератор,10,3,1,1,"Thumbnail, Sitelinks",https://220volt.com.ua/generatory/hitachii/,FALSE,FALSE,FALSE,FALSE,FALSE,FALSE
ибп в стойку,10,1,1,1,"Thumbnail, Sitelinks",https://220volt.com.ua/istochniki-besperebojnogo-pitaniya/typeispolnenia_montiruemij-v-stojku/,FALSE,FALSE,FALSE,FALSE,FALSE,FALSE
аккумулятор challenger a12 100a,10,1,1,1,"related_search, Thumbnail, Sitelinks",https://220volt.com.ua/akkumulyatornaya-batareya-challenger-a12-100/,FALSE,FALSE,FALSE,FALSE,FALSE,FALSE
генератор бизон 6500,10,1,1,1,"Thumbnail, also_asks, Sitelinks",https://220volt.com.ua/generator-benzinovyj-bison-bs6500/,FALSE,FALSE,FALSE,FALSE,FALSE,FALSE
автоматическое включение генератора при отключении света,10,3,1,1,"Thumbnail, also_asks, related_search, Sitelinks",https://220volt.com.ua/news/sistemi-avtozapuska/,FALSE,FALSE,FALSE,FALSE,FALSE,FALSE
matari md7500e,10,1,1,1,"Thumbnail, Sitelinks, snip_image_thumbnail",https://220volt.com.ua/ua/generator-dizel-nij-matari-md7500e/,FALSE,FALSE,FALSE,FALSE,FALSE,FALSE
fg wilson p700 1,10,0,1,1,"Thumbnail, Sitelinks",https://220volt.com.ua/generator-dizel-nij-fg-wilson-p700-1/,FALSE,FALSE,FALSE,FALSE,FALSE,FALSE
ebara jexm a 150,10,0,1,1,"Thumbnail, Sitelinks",https://220volt.com.ua/nasos-poverhnostnij-ebara-jexm-150/,FALSE,FALSE,FALSE,FALSE,FALSE,FALSE
np4 12,10,1,1,1,"Thumbnail, Sitelinks, snip_image_thumbnail",https://220volt.com.ua/akkumulyatornaya-batareya-yuasa-np4-12/,FALSE,FALSE,FALSE,FALSE,FALSE,FALSE
200 am,10,0,1,1,"related_search, Thumbnail, Sitelinks",https://220volt.com.ua/ua/akkumulatornie-batarei/emkost_ab_block_200/,FALSE,FALSE,FALSE,FALSE,FALSE,FALSE
стабилизатор напруги 380,10,7,1,1,"also_asks, related_search, Thumbnail, Sitelinks",https://220volt.com.ua/stabilizator/phases_stab_trehfaznie/,FALSE,FALSE,FALSE,FALSE,FALSE,FALSE
купить японский генератор,10,5,1,1,"AI Overview, Sitelinks",https://220volt.com.ua/ua/generatory/strana_proishozhdeniya_brenda_yaponiya/,FALSE,TRUE,FALSE,FALSE,FALSE,TRUE
ad 12,10,2,1,1,"AI Overview, Thumbnail, Sitelinks",https://220volt.com.ua/ua/differentsial-nij-avtomat-iek-ad12-2r-25-0-03a-4-5-ka/,FALSE,FALSE,FALSE,FALSE,FALSE,FALSE
lrs 15 6s 130,10,1,1,1,Sitelinks,https://220volt.com.ua/ua/nasos-tsirkulyatsionnij-sprut-lrs-15-6s-130/,FALSE,FALSE,FALSE,FALSE,FALSE,FALSE
ritar agm rt1270,10,2,1,1,"related_search, Thumbnail, Sitelinks",https://220volt.com.ua/akkumulyatornaya-batareya-ritar-rt1270-12v-7-0ah/,FALSE,FALSE,FALSE,FALSE,FALSE,FALSE
упс на 10 квт,10,8,1,1,"Thumbnail, related_search, Sitelinks",https://220volt.com.ua/istochniki-besperebojnogo-pitaniya/fullpower_ibp_svishe-10000/,FALSE,FALSE,FALSE,FALSE,FALSE,FALSE
deca fl,10,1,1,1,"Thumbnail, Sitelinks, snip_image_thumbnail",https://220volt.com.ua/zaryadnoe-ustrojstvo-deca-fl-3713d/,FALSE,FALSE,FALSE,FALSE,FALSE,FALSE
200 вольт магазин,10,21,1,1,"Thumbnail, related_search, Sitelinks, snip_image_thumbnail",https://220volt.com.ua/,FALSE,TRUE,FALSE,FALSE,FALSE,FALSE
3мт,10,1,1,1,"related_search, Sitelinks",https://220volt.com.ua/avtomaticheskij-viklyuchatel-ap50b-3mt-6-3a-10in/,FALSE,FALSE,FALSE,FALSE,FALSE,FALSE
stark 6500,10,1,1,1,"Thumbnail, Sitelinks",https://220volt.com.ua/generator-benzinovij-stark-6500-eco/,FALSE,FALSE,FALSE,FALSE,FALSE,FALSE
huter 6500 lx,10,0,1,1,"Thumbnail, Sitelinks",https://220volt.com.ua/generator-benzinovij-huter-dy-6500-lxs/,FALSE,FALSE,FALSE,FALSE,FALSE,FALSE
электрогенератор для отопления,10,5,1,1,"also_asks, Thumbnail, Sitelinks",https://220volt.com.ua/generatory/optimal_gen_kotla/,FALSE,FALSE,FALSE,FALSE,FALSE,FALSE
бензогенератор 380 в,10,13,1,1,"related_search, Thumbnail, Sitelinks",https://220volt.com.ua/generatory/faznost_generatorov_3/,FALSE,FALSE,FALSE,FALSE,FALSE,FALSE
pwm lcd,10,1,1,1,"Thumbnail, related_search, Sitelinks",https://220volt.com.ua/kontroller-zaryada-victron-energy-bluesolar-pwm-lcd-usb-12-24v-20a/,FALSE,FALSE,FALSE,FALSE,FALSE,FALSE
стабилизаторы напряжения 220 вольт купить,10,14,1,1,"related_search, also_asks, Thumbnail, Sitelinks",https://220volt.com.ua/stabilizator/phases_stab_odnofaznie/,FALSE,TRUE,FALSE,FALSE,FALSE,TRUE
электрическая схема авр,10,8,1,1,"related_search, a_box_fsnippet, also_asks, Sitelinks, snip_featured, snip_image_thumbnail",https://220volt.com.ua/news/parametri-elektroseti-pod-polnim-kontrolem-shema-avr-na-kontaktorah/,FALSE,FALSE,FALSE,FALSE,FALSE,FALSE
1101081,10,0,1,1,"kn_graph_card, Thumbnail, Sitelinks, snip_image_thumbnail",https://220volt.com.ua/shchit-naruzhnij-raspredelitel-nij-eti-ect-2x18-pt-1101081/,FALSE,FALSE,FALSE,FALSE,FALSE,FALSE
ттх генератора,10,1,1,1,"AI Overview, also_asks, related_search, Thumbnail, Sitelinks",https://220volt.com.ua/ua/news/harakteristiki-moshchnosti-generatora/,FALSE,FALSE,FALSE,FALSE,FALSE,FALSE
выпрямитель напряжения 220 купить,10,10,1,1,"Thumbnail, also_asks, related_search, Sitelinks",https://220volt.com.ua/stabilizator/phases_stab_odnofaznie/,FALSE,TRUE,FALSE,FALSE,FALSE,TRUE
выключатель ап50б,10,1,1,1,"also_asks, related_search, Thumbnail, Sitelinks",https://220volt.com.ua/avtomaticheskij-viklyuchatel-ap50b-3mt-6-3a-10in/,FALSE,FALSE,FALSE,FALSE,FALSE,FALSE
реле запуска насоса,10,0,1,1,"Thumbnail, also_asks, related_search, Sitelinks, snip_image_thumbnail",https://220volt.com.ua/nasos/komplektuyushchie-dlya-vodosnabzheniya-i-vodootvedeniya/tip_kompl_nasos_rele-davleniya/,FALSE,FALSE,FALSE,FALSE,FALSE,FALSE
av 27,10,0,1,1,"Thumbnail, Sitelinks, snip_image_thumbnail",https://220volt.com.ua/ua/generator-traktornij-agrovolt-av-27/,FALSE,FALSE,FALSE,FALSE,FALSE,FALSE
система отопления на солнечных коллекторах,10,7,1,1,"Thumbnail, also_asks, related_search, Sitelinks",https://220volt.com.ua/news/solnechnie-kollektori-v-sistemah-otopleniya/,FALSE,FALSE,FALSE,FALSE,FALSE,FALSE
стабилизатор 220 в 5 квт,10,15,1,1,"Thumbnail, also_asks, related_search, Sitelinks",https://220volt.com.ua/stabilizator/moshnost_stab_block_5/,FALSE,FALSE,FALSE,FALSE,FALSE,FALSE
солнечные батареи комплектующие,10,1,1,1,"related_search, Thumbnail, a_box_fsnippet, also_asks, Sitelinks, snip_featured",https://220volt.com.ua/solnechnaya-energetika/komplektuyuschie-dlya-solnechnyh-stantsij.htm,FALSE,FALSE,FALSE,FALSE,FALSE,FALSE
аккумуляторные батареи на 220 вольт,10,17,1,1,"Thumbnail, related_search, also_asks, Sitelinks, snip_image_thumbnail",https://220volt.com.ua/akkumulatornie-batarei.htm,FALSE,FALSE,FALSE,FALSE,FALSE,FALSE
бензогенератор 380,10,11,1,1,"Thumbnail, related_search, Sitelinks",https://220volt.com.ua/generatory/faznost_generatorov_3/,FALSE,FALSE,FALSE,FALSE,FALSE,FALSE
купить солнечную станцию для квартиры,10,23,1,1,"Thumbnail, related_search, also_asks, Sitelinks",https://220volt.com.ua/solnechnaya-energetika/solnechnye-elektrostantsii.htm,FALSE,TRUE,FALSE,FALSE,FALSE,TRUE
генератор медиа лайн,10,1,1,1,"Video preview, Sitelinks",https://220volt.com.ua/ua/generatory/medialine/,FALSE,FALSE,FALSE,FALSE,FALSE,FALSE
ибп ippon back power pro 600,10,1,1,1,"also_asks, Thumbnail, Sitelinks",https://220volt.com.ua/ibp-ippon-new-back-power-pro-600/,FALSE,FALSE,FALSE,FALSE,FALSE,FALSE
акб challenger a12 55,10,0,1,1,"related_search, Thumbnail, Sitelinks",https://220volt.com.ua/akkumulyatornaya-batareya-challenger-a12-55/,FALSE,FALSE,FALSE,FALSE,FALSE,FALSE
batareya satisi,10,0,1,1,"also_asks, AI Overview, related_search, Thumbnail, Sitelinks, snip_url_in_aio, snip_fqdn_in_aio",https://220volt.com.ua/ua/akkumulatornie-batarei.htm,FALSE,FALSE,FALSE,FALSE,FALSE,FALSE
sc13000 iii,10,0,1,1,"Thumbnail, Sitelinks, snip_image_thumbnail",https://220volt.com.ua/generator-benzinovij-vulkan-sc13000-iii/,FALSE,FALSE,FALSE,FALSE,FALSE,FALSE
форт дбж,10,1,1,1,"Thumbnail, Sitelinks",https://220volt.com.ua/ua/istochniki-besperebojnogo-pitaniya/fort/,FALSE,FALSE,FALSE,FALSE,FALSE,FALSE
насос погружной фекальный grundfos,10,4,1,1,"related_search, also_asks, Thumbnail, Sitelinks",https://220volt.com.ua/nasos/nasosi-dlya-vodootvedeniya/fekalnih-stokov/grundfos/,FALSE,FALSE,FALSE,FALSE,FALSE,FALSE
powermax ii,10,1,1,1,"Thumbnail, Sitelinks",https://220volt.com.ua/invertor-q-power-max-ii-8000/,FALSE,FALSE,FALSE,FALSE,FALSE,FALSE
источник бесперебойного питания 3000ва,10,4,1,1,"related_search, shopping_top, also_asks, Thumbnail, Sitelinks",https://220volt.com.ua/istochniki-besperebojnogo-pitaniya/fullpower_ibp_1001-3000/,FALSE,FALSE,FALSE,FALSE,FALSE,FALSE
europower psw ep800wm12,10,1,1,1,Sitelinks,https://220volt.com.ua/ibp-europower-psw-ep800wm12-14823/,FALSE,FALSE,FALSE,FALSE,FALSE,FALSE
механические генераторы,10,12,1,1,"also_asks, Thumbnail, related_search, Sitelinks",https://220volt.com.ua/generatory/start_type_ruchnoj-zapusk/,FALSE,FALSE,FALSE,FALSE,FALSE,FALSE
ибп powercom war 500a,10,1,1,1,"Thumbnail, Sitelinks",https://220volt.com.ua/ibp-powercom-war-500a/,FALSE,FALSE,FALSE,FALSE,FALSE,FALSE
ибп ippon back comfo pro 600 black,10,1,1,1,"Thumbnail, Sitelinks, snip_image_thumbnail",https://220volt.com.ua/ibp-ippon-back-comfo-pro-600-black/,FALSE,FALSE,FALSE,FALSE,FALSE,FALSE
генераторы с ручным запуском,10,1,1,1,"AI Overview, also_asks, Video preview, Sitelinks, snip_url_in_aio, snip_fqdn_in_aio",https://220volt.com.ua/generatory/start_type_ruchnoj-zapusk/,FALSE,FALSE,FALSE,FALSE,FALSE,FALSE
iek щит пластиковый,10,2,1,1,"Thumbnail, Sitelinks",https://220volt.com.ua/elektrika-i-svet/shitovoe/shchiti/iek/,FALSE,FALSE,FALSE,FALSE,FALSE,FALSE
kstar ubr10l,10,0,1,1,"Thumbnail, Sitelinks, snip_image_thumbnail",https://220volt.com.ua/ua/ibp-kstar-ubr10l/,FALSE,FALSE,FALSE,FALSE,FALSE,FALSE
бензогенератор 700 вт,10,1,1,1,"also_asks, Thumbnail, Sitelinks",https://220volt.com.ua/generatory/maksimalnaya_moschnost_block_0_7/,FALSE,FALSE,FALSE,FALSE,FALSE,FALSE
p12000,10,1,1,1,"Thumbnail, Sitelinks",https://220volt.com.ua/generator-benzinovij-pramac-p12000/,FALSE,FALSE,FALSE,FALSE,FALSE,FALSE
dps ii 22a инструкция,10,1,1,1,"Thumbnail, Sitelinks",https://220volt.com.ua/storage/catalog_products/164065/instruction/738.pdf,FALSE,FALSE,FALSE,FALSE,FALSE,FALSE
pylontech us2000c 2 4kwh,10,2,1,1,"related_search, Thumbnail, Sitelinks",https://220volt.com.ua/akkumulyatornaya-batareya-pylontech-us2000c-2-4-kvt-ch-48v/,FALSE,FALSE,FALSE,FALSE,FALSE,FALSE
що таке емкость,10,6,1,1,"related_search, also_asks, Sitelinks",https://220volt.com.ua/news/chto-takoe-emkost-akkumulyatora-metodika-ee-rascheta/,FALSE,FALSE,FALSE,TRUE,FALSE,FALSE
какой погружной насос для колодца лучше,10,1,1,1,"Thumbnail, related_search, also_asks, a_box_fsnippet, Sitelinks, snip_featured",https://220volt.com.ua/news/kak-vybrat-nasos-dlya-kolodtsa-sovety-ot-ekspertov-internet-magazina-220-volt/,FALSE,FALSE,FALSE,TRUE,FALSE,FALSE
speroni cam 80/22,10,1,1,1,"Thumbnail, Sitelinks",https://220volt.com.ua/nasosnaya-stantsiya-speroni-marina-cam-80-22-hl/,FALSE,FALSE,FALSE,FALSE,FALSE,FALSE
dj 580,10,0,1,1,"Thumbnail, Sitelinks",https://220volt.com.ua/generator-dizel-nij-dalgakiran-dj-580-dd/,FALSE,FALSE,FALSE,FALSE,FALSE,FALSE
электростанция передвижная цена,10,2,1,1,"also_asks, Thumbnail, Sitelinks",https://220volt.com.ua/portativnye-zaryadnye-stantsii/portativnye-elektrostantsii.htm,FALSE,TRUE,FALSE,FALSE,FALSE,TRUE
генератор miol 83 800,10,0,1,1,"Thumbnail, Sitelinks",https://220volt.com.ua/generator-benzinovij-miol-83-800/,FALSE,FALSE,FALSE,FALSE,FALSE,FALSE
стабилизатор напряжения 220в 1 квт,10,5,1,1,"related_search, Thumbnail, also_asks, Sitelinks",https://220volt.com.ua/stabilizator/moshnost_stab_block_1/,FALSE,FALSE,FALSE,FALSE,FALSE,FALSE
портативные бензиновые генераторы,10,10,1,1,"also_asks, Thumbnail, Sitelinks",https://220volt.com.ua/generatory/tip_ustanovki_portativnie/,FALSE,FALSE,FALSE,FALSE,FALSE,FALSE
ибп 500 вт цена,10,7,1,1,"related_search, Thumbnail, also_asks, Sitelinks, snip_image_thumbnail",https://220volt.com.ua/istochniki-besperebojnogo-pitaniya/fullpower_ibp_do-500/,FALSE,TRUE,FALSE,FALSE,FALSE,TRUE
стабилизатор напряжения 220 купить,10,7,1,1,"related_search, also_asks, Sitelinks",https://220volt.com.ua/stabilizator/phases_stab_odnofaznie/,FALSE,TRUE,FALSE,FALSE,FALSE,TRUE
rt 1245,10,1,1,1,"Thumbnail, shopping_rhs, Sitelinks, snip_image_thumbnail",https://220volt.com.ua/akkumulyatornaya-batareya-ritar-rt1245-12v-4-5ah/,FALSE,FALSE,FALSE,FALSE,FALSE,FALSE
источник бесперебойного питания с аккумуляторной батареей,10,16,1,1,"Thumbnail, also_asks, related_search, Sitelinks",https://220volt.com.ua/istochniki-besperebojnogo-pitaniya/akkumulyatornaya_batareya_vstroennaya/,FALSE,FALSE,FALSE,FALSE,FALSE,FALSE
акб устройство,10,6,1,1,"also_asks, related_search, Thumbnail, Sitelinks",https://220volt.com.ua/news/ustrojstvo-avtomobilnogo-akkumulyatora/,FALSE,FALSE,FALSE,FALSE,FALSE,FALSE
ippon smart winner 3000 new,10,1,1,1,"related_search, Sitelinks",https://220volt.com.ua/ua/ibp-ippon-smart-winner-3000/,FALSE,FALSE,FALSE,FALSE,FALSE,FALSE
ибп 3000,10,11,1,1,"related_search, Sitelinks",https://220volt.com.ua/istochniki-besperebojnogo-pitaniya/fullpower_ibp_1001-3000/,FALSE,FALSE,FALSE,FALSE,FALSE,FALSE
стоимость дизельного электрогенератора,10,18,1,1,"related_search, AI Overview, also_asks, Sitelinks",https://220volt.com.ua/generatory/tip_generatora_dizelnie_generatori/,FALSE,FALSE,FALSE,FALSE,FALSE,FALSE
генератор хутер 6500 цена,10,1,1,1,"Thumbnail, Sitelinks, snip_image_thumbnail",https://220volt.com.ua/generator-benzinovij-huter-dy-6500-l/,FALSE,TRUE,FALSE,FALSE,FALSE,TRUE
moeller pkzm4 63,10,0,1,1,"shopping_top, Thumbnail, Sitelinks",https://220volt.com.ua/ua/avtomaticheskij-viklyuchatel-eaton-moeller-pkzm4-63-222413/,FALSE,FALSE,FALSE,FALSE,FALSE,FALSE
str 750,10,0,1,1,"Thumbnail, Sitelinks, snip_image_thumbnail",https://220volt.com.ua/stabilizator-napryazheniya-strum-str-750/,FALSE,FALSE,FALSE,FALSE,FALSE,FALSE
victron orion tr smart 12 12 18a,10,0,1,1,"related_search, Thumbnail, snip_image_thumbnail, Sitelinks",https://220volt.com.ua/zaryadnoe-ustrojstvo-victron-energy-orion-tr-smart-12-12-18-220w-isolated-ori121222120/,FALSE,FALSE,FALSE,FALSE,FALSE,FALSE
гесан,10,1,1,1,"Thumbnail, kn_graph_local, Sitelinks, snip_image_thumbnail",https://220volt.com.ua/information/proizvoditeli/gesan/,FALSE,FALSE,FALSE,FALSE,FALSE,FALSE
бытовые стабилизаторы напряжения 220 вольт,10,4,1,1,"also_asks, related_search, Sitelinks",https://220volt.com.ua/stabilizator/phases_stab_odnofaznie/,FALSE,FALSE,FALSE,FALSE,FALSE,FALSE
акб gp 1272 f2,10,4,1,1,"related_search, Thumbnail, Sitelinks",https://220volt.com.ua/akkumulyatornaya-batareya-csb-gp1272f2/,FALSE,FALSE,FALSE,FALSE,FALSE,FALSE
scr 252m2,10,1,1,1,"Thumbnail, Sitelinks",https://220volt.com.ua/motopompa-daishin-scr-252m2/,FALSE,FALSE,FALSE,FALSE,FALSE,FALSE
ups с возможностью подключения внешних батарей,10,27,1,1,"Thumbnail, related_search, Sitelinks",https://220volt.com.ua/istochniki-besperebojnogo-pitaniya/akkumulyatornaya_batareya_vneshnyaya/,FALSE,FALSE,FALSE,FALSE,FALSE,FALSE
выпрямитель напряжения 220,10,10,1,1,"related_search, Thumbnail, also_asks, Sitelinks",https://220volt.com.ua/stabilizator/phases_stab_odnofaznie/,FALSE,FALSE,FALSE,FALSE,FALSE,FALSE
куплю солнечную электростанцию,10,15,1,1,"related_search, Sitelinks",https://220volt.com.ua/solnechnaya-energetika/solnechnye-elektrostantsii.htm,FALSE,FALSE,FALSE,FALSE,FALSE,FALSE
зарядный ток гелевого аккумулятора,10,12,1,1,"related_search, also_asks, Sitelinks",https://220volt.com.ua/news/pravilnaya-zaryadka-gelevogo-akkumulyatora-kak-uvelichit-srok-ego-sluzhby/,FALSE,FALSE,FALSE,FALSE,FALSE,FALSE
солнечные генераторы для дома,10,13,1,1,"Video preview, also_asks, related_search, Sitelinks",https://220volt.com.ua/solnechnaya-energetika/solnechnye-elektrostantsii.htm,FALSE,FALSE,FALSE,FALSE,FALSE,FALSE
ограничитель перенапряжения на дин рейку,10,1,1,1,"related_search, Thumbnail, also_asks, Sitelinks",https://220volt.com.ua/elektrika-i-svet/nizkovoltnoe-oborudovanie/ogranichiteli-perenapryazheniya/sposob_ustanovki_na-din-rejku/,FALSE,FALSE,FALSE,FALSE,FALSE,FALSE
купить генераторную установку,10,3,1,1,"also_asks, Local pack, related_search, Thumbnail, Sitelinks",https://220volt.com.ua/generatory/tip_generatora_dizelni_ustanovki_dgu/,FALSE,TRUE,FALSE,FALSE,FALSE,TRUE
инверторный генератор 2500,10,3,1,1,"Thumbnail, Video preview, also_asks, Sitelinks",https://220volt.com.ua/generatory/tip_generatora_invertornie_generatori;maksimalnaya_moschnost_block_2_5/,FALSE,FALSE,FALSE,FALSE,FALSE,FALSE
стабилизатор тока 220,10,4,1,1,"Thumbnail, related_search, also_asks, Sitelinks",https://220volt.com.ua/stabilizator/phases_stab_odnofaznie/,FALSE,FALSE,FALSE,FALSE,FALSE,FALSE
купить генератор бензиновый 380 вольт,10,2,1,1,"related_search, Thumbnail, Sitelinks",https://220volt.com.ua/generatory/faznost_generatorov_3/,FALSE,TRUE,FALSE,FALSE,FALSE,TRUE
np1 2 12,10,1,1,1,Sitelinks,https://220volt.com.ua/ua/akkumulyatornaya-batareya-yuasa-np-1-2-12/,FALSE,FALSE,FALSE,FALSE,FALSE,FALSE
matari md 16,10,1,1,1,"Thumbnail, Sitelinks",https://220volt.com.ua/generator-dizel-nij-matari-md16/,FALSE,FALSE,FALSE,FALSE,FALSE,FALSE
аккумулятор ritar rt1270,10,1,1,1,"shopping_rhs, related_search, Thumbnail, Sitelinks",https://220volt.com.ua/akkumulyatornaya-batareya-ritar-rt1270-12v-7-0ah/,FALSE,FALSE,FALSE,FALSE,FALSE,FALSE
matari m15000e,10,0,1,1,"Thumbnail, Sitelinks, snip_image_thumbnail",https://220volt.com.ua/generator-benzinovij-matari-m15000e/,FALSE,FALSE,FALSE,FALSE,FALSE,FALSE
technic 15000 ta avr c5,10,0,1,1,"Thumbnail, Sitelinks",https://220volt.com.ua/generator-benzinovyj-sdmo-technic-15000-ta-avr-c5/,FALSE,FALSE,FALSE,FALSE,FALSE,FALSE
генератор wpg 3600a,10,1,1,1,"related_search, Thumbnail, Sitelinks",https://220volt.com.ua/generator-benzinovij-werk-wpg-3600a/,FALSE,FALSE,FALSE,FALSE,FALSE,FALSE
упс на 24 вольта,10,5,1,1,"Thumbnail, Sitelinks, snip_image_thumbnail",https://220volt.com.ua/ua/istochniki-besperebojnogo-pitaniya/voltaj_batarei_24-v/,FALSE,FALSE,FALSE,FALSE,FALSE,FALSE
7hl,10,0,1,1,"Thumbnail, Sitelinks, snip_image_thumbnail",https://220volt.com.ua/stabilizator-napryazheniya-volter-snpto-7hl/,FALSE,FALSE,FALSE,FALSE,FALSE,FALSE
ибп 24,10,8,1,1,"Thumbnail, also_asks, related_search, Sitelinks",https://220volt.com.ua/istochniki-besperebojnogo-pitaniya/voltaj_batarei_24-v/,FALSE,FALSE,FALSE,FALSE,FALSE,FALSE
бытовой стабилизатор напряжения 220в,10,3,1,1,"related_search, also_asks, Thumbnail, Video preview, Sitelinks",https://220volt.com.ua/stabilizator/phases_stab_odnofaznie/,FALSE,FALSE,FALSE,FALSE,FALSE,FALSE
цена газогенератора,10,9,1,1,"related_search, also_asks, AI Overview, Sitelinks",https://220volt.com.ua/generatory/tip_generatora_gazovie_generatori/,FALSE,TRUE,FALSE,FALSE,FALSE,TRUE
бензиновый генератор на 380 вольт купить,10,1,1,1,"AI Overview, related_search, Sitelinks, snip_url_in_aio, snip_fqdn_in_aio",https://220volt.com.ua/generatory/faznost_generatorov_3/,FALSE,TRUE,FALSE,FALSE,FALSE,TRUE
ибп на 10 квт,10,6,1,1,"related_search, Sitelinks",https://220volt.com.ua/istochniki-besperebojnogo-pitaniya/fullpower_ibp_svishe-10000/,FALSE,FALSE,FALSE,FALSE,FALSE,FALSE
itc power gg34ei,10,1,1,1,"Thumbnail, Sitelinks, snip_image_thumbnail",https://220volt.com.ua/generator-invertornij-itc-power-gg34ei-6823894/,FALSE,FALSE,FALSE,FALSE,FALSE,FALSE
рубильники электрические,10,5,1,1,"related_search, also_asks, Thumbnail, Sitelinks, snip_image_thumbnail",https://220volt.com.ua/elektrika-i-svet/nizkovoltnoe-oborudovanie/rubilniki.htm,FALSE,FALSE,FALSE,FALSE,FALSE,FALSE
источник бесперебойного питания riello,10,1,1,1,"also_asks, related_search, Thumbnail, Sitelinks",https://220volt.com.ua/istochniki-besperebojnogo-pitaniya/riello/,FALSE,FALSE,FALSE,FALSE,FALSE,FALSE
ае 2046 технические характеристики,10,1,1,1,"related_search, Thumbnail, a_box_fsnippet, Sitelinks, snip_featured",https://220volt.com.ua/avtomaticheskij-viklyuchatel-ae-2046-mp-50a-3r-4-5ka/,FALSE,FALSE,FALSE,FALSE,FALSE,FALSE
батарея gp 1272 f2 купить,10,3,1,1,"related_search, Sitelinks, snip_image_thumbnail",https://220volt.com.ua/akkumulyatornaya-batareya-csb-gp1272f2/,FALSE,TRUE,FALSE,FALSE,FALSE,TRUE
аккумуляторы автомобильные виды,10,18,1,1,"Video preview, a_box_fsnippet, also_asks, related_search, Sitelinks, snip_featured, snip_image_thumbnail",https://220volt.com.ua/news/raznovidnosti-akkumulyatornih-batarej-soglasno-tipu-rabochih-elementov-i-naznacheniyu/,FALSE,FALSE,FALSE,FALSE,FALSE,FALSE
ritar rt12200,10,1,1,1,"Thumbnail, Sitelinks",https://220volt.com.ua/akkumulyatornaya-batareya-ritar-rt12200-12v-20-0ah/,FALSE,FALSE,FALSE,FALSE,FALSE,FALSE
технические характеристики генераторов,10,4,1,1,"also_asks, related_search, Thumbnail, Sitelinks",https://220volt.com.ua/news/harakteristiki-moshchnosti-generatora/,FALSE,FALSE,FALSE,FALSE,FALSE,FALSE
m22 k11,10,1,1,1,"Thumbnail, Sitelinks, snip_image_thumbnail",https://220volt.com.ua/sdvoennie-knopki-eaton-moeller-m22-ddl-gr-x1-x0-k11-230-w/,FALSE,FALSE,FALSE,FALSE,FALSE,FALSE
магнитные пускатели купить,10,14,1,1,"Thumbnail, related_search, also_asks, Sitelinks",https://220volt.com.ua/elektrika-i-svet/nizkovoltnoe-oborudovanie/puskateli-kontaktori/puskateli.htm,FALSE,TRUE,FALSE,FALSE,FALSE,TRUE
бензиновый генератор nik,10,1,1,1,"Thumbnail, Sitelinks",https://220volt.com.ua/generatory/nic/,FALSE,FALSE,FALSE,FALSE,FALSE,FALSE
ups ippon 600,10,2,1,1,"Thumbnail, also_asks, Sitelinks",https://220volt.com.ua/ibp-ippon-new-back-power-pro-600/,FALSE,FALSE,FALSE,FALSE,FALSE,FALSE
vst 800,10,0,1,1,"Thumbnail, Sitelinks",https://220volt.com.ua/ua/ibp-riello-vst-800/,FALSE,FALSE,FALSE,FALSE,TRUE,FALSE
202 вольт,10,1,1,1,"also_asks, related_search, Thumbnail, Sitelinks",https://220volt.com.ua/,FALSE,FALSE,FALSE,FALSE,FALSE,FALSE
ud40,10,1,1,1,"Thumbnail, Sitelinks",https://220volt.com.ua/ibp_kstar_ud40/,FALSE,FALSE,FALSE,FALSE,FALSE,FALSE
однофазные погружные насосы,10,1,1,1,"related_search, Thumbnail, also_asks, Sitelinks",https://220volt.com.ua/nasos/nasosi-dlya-vodosnabzheniya/skvazhinnie-nasosi/kol_f_nas_odnofaznij/,FALSE,FALSE,FALSE,FALSE,FALSE,FALSE
smart power pro 2000,10,1,1,1,Sitelinks,https://220volt.com.ua/ibp-ippon-smart-power-pro-2000/,FALSE,FALSE,FALSE,FALSE,FALSE,FALSE
ceme клапан,10,3,1,1,"Thumbnail, Sitelinks, snip_image_thumbnail",https://220volt.com.ua/nasos/elektromagnitnie-klapani/ceme/,FALSE,FALSE,FALSE,FALSE,FALSE,FALSE
ups ippon back comfo pro 800,10,1,1,1,"related_search, Thumbnail, Sitelinks",https://220volt.com.ua/ua/ibp-ippon-back-comfo-pro-800-black/,FALSE,FALSE,FALSE,FALSE,FALSE,FALSE
11000l,10,0,1,1,"Thumbnail, Sitelinks",https://220volt.com.ua/ua/stabilizator-napryazheniya-ferumina-action-11000l/,FALSE,FALSE,FALSE,FALSE,FALSE,FALSE
dy3000l generator,10,1,1,1,"Thumbnail, Video preview, Sitelinks",https://220volt.com.ua/ua/generator-benzinovij-huter-dy-3000-l/,FALSE,FALSE,FALSE,FALSE,FALSE,FALSE
бензиновый генератор forte fg8000e,10,1,1,1,"also_asks, related_search, Sitelinks",https://220volt.com.ua/generator-benzinovij-forte-fg8000e/,FALSE,FALSE,FALSE,FALSE,FALSE,FALSE
узо 2,10,0,1,1,"also_asks, Thumbnail, Sitelinks",https://220volt.com.ua/elektrika-i-svet/nizkovoltnoe-oborudovanie/ustrojstva-zashchitnogo-otklyucheniya-uzo-difavtomati/polusa_v_uzo_2/,FALSE,FALSE,FALSE,FALSE,FALSE,FALSE
moeller c32,10,1,1,1,"Thumbnail, Sitelinks, snip_image_thumbnail",https://220volt.com.ua/avtomaticheskij-viklyuchatel-eaton-moeller-pl6-c32-3-286604/,FALSE,FALSE,FALSE,FALSE,FALSE,FALSE
hrl634wf2,10,1,1,1,"Sitelinks, snip_image_thumbnail",https://220volt.com.ua/ua/akkumulyatornaya-batareya-csb-hrl634wf2/,FALSE,FALSE,FALSE,FALSE,FALSE,FALSE
jet 110,10,0,1,1,"Thumbnail, Sitelinks",https://220volt.com.ua/nasos-poverhnostnij-rudes-jet-110/,FALSE,FALSE,FALSE,FALSE,FALSE,FALSE
fogo fv 13000 tre,10,0,1,1,"Thumbnail, Sitelinks, snip_image_thumbnail",https://220volt.com.ua/generator-benzinovij-fogo-fv-13000-tre/,FALSE,FALSE,FALSE,FALSE,FALSE,FALSE
el5m9s2p,10,0,1,1,"Thumbnail, Sitelinks, snip_image_thumbnail",https://220volt.com.ua/ibp-east-ea902p-srt-4-9iec-05900032/,FALSE,FALSE,FALSE,FALSE,FALSE,FALSE
бензогенераторы 380в,10,1,1,1,"Thumbnail, related_search, Sitelinks",https://220volt.com.ua/generatory/faznost_generatorov_3/,FALSE,FALSE,FALSE,FALSE,FALSE,FALSE
стабилизатор напряжения 220 вольт купить,10,5,1,1,"Thumbnail, related_search, Sitelinks",https://220volt.com.ua/stabilizator/phases_stab_odnofaznie/,FALSE,TRUE,FALSE,FALSE,FALSE,TRUE
fronius 200,10,1,1,1,"Thumbnail, Sitelinks",https://220volt.com.ua/invertor-setevoj-fronius-symo-advanced-200-3-m/,FALSE,FALSE,FALSE,FALSE,FALSE,FALSE
initial current аккумулятора,10,3,1,1,"Thumbnail, also_asks, related_search, Sitelinks",https://220volt.com.ua/news/pravilnaya-zaryadka-gelevogo-akkumulyatora-kak-uvelichit-srok-ego-sluzhby/,FALSE,FALSE,FALSE,FALSE,FALSE,FALSE
бензоагрегат,10,4,1,1,"also_asks, Thumbnail, related_search, Sitelinks, snip_image_thumbnail",https://220volt.com.ua/generatory/tip_generatora_benzogeneratori/,FALSE,FALSE,FALSE,FALSE,FALSE,FALSE
46989,10,1,1,1,"Thumbnail, Sitelinks, snip_image_thumbnail",https://220volt.com.ua/avtomaticheskij-viklyuchatel-eaton-moeller-pkzm0-25-046989/,FALSE,FALSE,FALSE,FALSE,FALSE,FALSE
генератор huter ht1000l,10,1,1,1,"Thumbnail, Sitelinks",https://220volt.com.ua/generator-benzinovij-huter-ht-1000-l/,FALSE,FALSE,FALSE,FALSE,FALSE,FALSE
ebara jexm 80,10,1,1,1,"Thumbnail, Sitelinks",https://220volt.com.ua/ua/nasos-poverhnostnij-ebara-jexm-80/,FALSE,FALSE,FALSE,FALSE,FALSE,FALSE
ups котел,10,28,1,1,"Thumbnail, related_search, also_asks, Sitelinks",https://220volt.com.ua/istochniki-besperebojnogo-pitaniya/opt_reshenie_ibp_sistem-otopleniya/,FALSE,FALSE,FALSE,FALSE,FALSE,FALSE
victron energy ups,10,1,1,1,"Thumbnail, related_search, Sitelinks",https://220volt.com.ua/ua/istochniki-besperebojnogo-pitaniya/victron-energy/,FALSE,FALSE,FALSE,FALSE,FALSE,FALSE
узо промфактор,10,0,1,1,"Thumbnail, also_asks, Sitelinks",https://220volt.com.ua/elektrika-i-svet/nizkovoltnoe-oborudovanie/ustrojstva-zashchitnogo-otklyucheniya-uzo-difavtomati/promfaktor/,FALSE,FALSE,FALSE,FALSE,FALSE,FALSE
электрогенератор бензиновый huter dy8000lx,10,1,1,1,Sitelinks,https://220volt.com.ua/generator-benzinovij-huter-dy-8000-lx/,FALSE,FALSE,FALSE,FALSE,FALSE,FALSE
реле напряжения новатек купить,10,2,1,1,"related_search, Thumbnail, also_asks, Sitelinks, snip_image_thumbnail",https://220volt.com.ua/elektrika-i-svet/nizkovoltnoe-oborudovanie/rele-tajmeri-fotokontrolleri/rele/rele_kontrolya_napryajeniya/novatek/,FALSE,TRUE,FALSE,FALSE,FALSE,TRUE
купить реле для насоса,10,25,1,1,"related_search, also_asks, Thumbnail, Sitelinks",https://220volt.com.ua/nasos/komplektuyushchie-dlya-vodosnabzheniya-i-vodootvedeniya/tip_kompl_nasos_rele-davleniya/,FALSE,TRUE,FALSE,FALSE,FALSE,TRUE
grundfos jp basic 3pt,10,1,1,1,"Thumbnail, Sitelinks, snip_image_thumbnail",https://220volt.com.ua/ua/nasosnaya-stantsiya-grundfos-jp-basic-3-pt-96150003/,FALSE,FALSE,FALSE,FALSE,FALSE,FALSE
источник бесперебойного питания 6000,10,2,1,1,"Thumbnail, Sitelinks",https://220volt.com.ua/istochniki-besperebojnogo-pitaniya/fullpower_ibp_3001-6000/,FALSE,FALSE,FALSE,FALSE,FALSE,FALSE
dj 22,10,1,1,1,"Thumbnail, AI Overview, map, Sitelinks",https://220volt.com.ua/ua/generator-dizel-nij-dalgakiran-dj-22-cp/,FALSE,FALSE,FALSE,FALSE,FALSE,FALSE
rt12140,10,0,1,1,"Thumbnail, shopping_top, Sitelinks, snip_image_thumbnail",https://220volt.com.ua/akkumulyatornaya-batareya-ritar-rt12140-12v-14-0ah/,FALSE,FALSE,FALSE,FALSE,FALSE,FALSE
солнечные панели для дома под ключ,10,14,1,1,"AI Overview, related_search, also_asks, Sitelinks",https://220volt.com.ua/solnechnaya-energetika/solnechnye-elektrostantsii.htm,FALSE,FALSE,FALSE,FALSE,FALSE,FALSE
бензогенератор с дистанционным запуском,10,2,1,1,"related_search, also_asks, Sitelinks",https://220volt.com.ua/generatory/osnaschenie_generatora_distantsionnym-s-pulta/,FALSE,FALSE,FALSE,FALSE,FALSE,FALSE
нормальновсасывающий насос,10,1,1,1,"also_asks, Thumbnail, Sitelinks, snip_image_thumbnail",https://220volt.com.ua/nasos/nasosi-dlya-vodosnabzheniya/tsentrobezhnie/tipvsas_normal-novsasivayushchie/,FALSE,FALSE,FALSE,FALSE,FALSE,FALSE
loncin generator 3000,10,2,1,1,"Thumbnail, Video preview, Sitelinks",https://220volt.com.ua/ua/generator-benzinovij-loncin-lc-3000-i/,FALSE,FALSE,FALSE,FALSE,FALSE,FALSE
бензогенератор huter dy6500lx,10,1,1,1,"Thumbnail, Sitelinks",https://220volt.com.ua/generator-benzinovij-huter-dy-6500-lxs/,FALSE,FALSE,FALSE,FALSE,FALSE,FALSE
электрогенератор dy3000l huter,10,2,1,1,"Thumbnail, also_asks, Video preview, Sitelinks",https://220volt.com.ua/generator-benzinovij-huter-dy-3000-l/,FALSE,FALSE,FALSE,FALSE,FALSE,FALSE
таймер выключения лампы,10,11,1,1,"related_search, also_asks, Thumbnail, Sitelinks",https://220volt.com.ua/elektrika-i-svet/nizkovoltnoe-oborudovanie/rele-tajmeri-fotokontrolleri/tajmeri.htm,FALSE,FALSE,FALSE,FALSE,FALSE,FALSE
gd20 5r5g 4,10,0,1,1,"Thumbnail, Sitelinks",https://220volt.com.ua/preobrazovatel-chastoti-invt-gd20-5r5g-4/,FALSE,FALSE,FALSE,FALSE,FALSE,FALSE
аккумуляторная батарея устройство,10,10,1,1,"related_search, Thumbnail, also_asks, Sitelinks",https://220volt.com.ua/news/ustrojstvo-avtomobilnogo-akkumulyatora/,FALSE,FALSE,FALSE,FALSE,FALSE,FALSE
реле давления для насоса цена,10,24,1,1,"Thumbnail, related_search, also_asks, Sitelinks, snip_image_thumbnail",https://220volt.com.ua/nasos/komplektuyushchie-dlya-vodosnabzheniya-i-vodootvedeniya/tip_kompl_nasos_rele-davleniya/,FALSE,TRUE,FALSE,FALSE,FALSE,TRUE
ибп для дома 10 квт,10,6,1,1,"related_search, Sitelinks",https://220volt.com.ua/istochniki-besperebojnogo-pitaniya/fullpower_ibp_svishe-10000/,FALSE,FALSE,FALSE,FALSE,FALSE,FALSE
реле времени на 220в,10,22,1,1,"Thumbnail, related_search, Sitelinks",https://220volt.com.ua/elektrika-i-svet/nizkovoltnoe-oborudovanie/rele-tajmeri-fotokontrolleri/rele/rele_vremeni.htm,FALSE,FALSE,FALSE,FALSE,FALSE,FALSE
соларна станция,10,22,1,1,"related_search, Thumbnail, Sitelinks",https://220volt.com.ua/solnechnaya-energetika/solnechnye-elektrostantsii.htm,FALSE,FALSE,FALSE,FALSE,FALSE,FALSE
авдт 32 с25,10,1,1,1,"also_asks, AI Overview, Sitelinks, snip_fqdn_in_aio",https://220volt.com.ua/differentsial-nij-avtomat-iek-avdt-32-s25-25-0-03a-6ka/,FALSE,FALSE,FALSE,FALSE,FALSE,FALSE
forte fgd6500e3 інструкція по эксплуатации,10,1,1,1,"related_search, also_asks, AI Overview, Sitelinks, snip_url_in_aio, snip_fqdn_in_aio",https://220volt.com.ua/storage/catalog_products/127597/instruction/738.pdf,FALSE,FALSE,FALSE,FALSE,FALSE,FALSE
купить газовый генератор киев,10,25,1,1,"Local pack, related_search, Sitelinks",https://220volt.com.ua/ua/generatory/tip_generatora_gazovie_generatori/,FALSE,TRUE,FALSE,FALSE,FALSE,TRUE
купить мотопомпу кошин,10,1,1,1,"Thumbnail, Local pack, related_search, Sitelinks",https://220volt.com.ua/nasos/motopompi/koshin/,FALSE,TRUE,FALSE,FALSE,FALSE,TRUE
ippon power pro 1000,10,1,1,1,"Thumbnail, Sitelinks, snip_image_thumbnail",https://220volt.com.ua/ua/ibp-ippon-smart-power-pro-1000/,FALSE,FALSE,FALSE,FALSE,FALSE,FALSE
wpg 3600a,10,2,1,1,"also_asks, Thumbnail, related_search, Sitelinks, snip_image_thumbnail",https://220volt.com.ua/generator-benzinovij-werk-wpg-3600a/,FALSE,FALSE,FALSE,FALSE,FALSE,FALSE
fort professional,10,1,1,1,"Thumbnail, Sitelinks",https://220volt.com.ua/ibp-fort-xt403/,FALSE,FALSE,FALSE,FALSE,FALSE,FALSE
pt 110,10,0,1,1,"Thumbnail, Sitelinks",https://220volt.com.ua/akkumulyatornaya-batareya-siap-6-pt-110/,FALSE,FALSE,FALSE,FALSE,FALSE,FALSE
kin 625a,10,1,1,1,"Thumbnail, Sitelinks, snip_image_thumbnail",https://220volt.com.ua/ibp-powercom-kin-625ap/,FALSE,FALSE,FALSE,FALSE,FALSE,FALSE
vu222,10,0,1,1,"Thumbnail, Sitelinks, snip_image_thumbnail",https://220volt.com.ua/ua/kontsevoj-viklyuchatel-promfaktor-vu-222/,FALSE,FALSE,FALSE,FALSE,FALSE,FALSE
генераторы хитачи купить,10,3,1,1,"related_search, Thumbnail, Sitelinks, snip_image_thumbnail",https://220volt.com.ua/generatory/hitachii/,FALSE,TRUE,FALSE,FALSE,FALSE,TRUE
дизельний генератор купити київ,10,21,1,1,"Thumbnail, related_search, ads_bot, Sitelinks",https://220volt.com.ua/ua/generatory/tip_generatora_dizelnie_generatori/,FALSE,TRUE,FALSE,FALSE,FALSE,TRUE
распределительный щит наружной установки,10,2,1,1,"Thumbnail, also_asks, Video preview, Sitelinks",https://220volt.com.ua/elektrika-i-svet/shitovoe/shchiti.htm,FALSE,FALSE,FALSE,FALSE,FALSE,FALSE
rtm2000,10,0,1,1,"Thumbnail, Sitelinks, snip_image_thumbnail",https://220volt.com.ua/ibp-ritar-rtm2000-proxima-d-lcd-5864/,FALSE,FALSE,FALSE,FALSE,FALSE,FALSE
jcb g275qx,10,0,1,1,"Thumbnail, Sitelinks",https://220volt.com.ua/generator-dizel-nij-jcb-g275qx/,FALSE,FALSE,FALSE,FALSE,FALSE,FALSE
генератор miol 83 200,10,1,1,1,Sitelinks,https://220volt.com.ua/generator-benzinovij-miol-83-200/,FALSE,FALSE,FALSE,FALSE,FALSE,FALSE
кнопка старт стоп 220в,10,1,1,1,"Thumbnail, Sitelinks",https://220volt.com.ua/elektrika-i-svet/nizkovoltnoe-oborudovanie/viklyuchateli-knopki-pereklyuchateli/knopki.htm,FALSE,FALSE,FALSE,FALSE,FALSE,FALSE
miol 83 200,10,1,1,1,"Thumbnail, Sitelinks, snip_image_thumbnail",https://220volt.com.ua/generator-benzinovij-miol-83-200/,FALSE,FALSE,FALSE,FALSE,FALSE,FALSE
smart power pro 1000,10,1,1,1,"Thumbnail, Sitelinks",https://220volt.com.ua/ua/ibp-ippon-smart-power-pro-1000/,FALSE,FALSE,FALSE,FALSE,FALSE,FALSE
электростанции купить киев,10,3,1,1,"related_search, Local pack, also_asks, Sitelinks",https://220volt.com.ua/generatory.htm,FALSE,TRUE,FALSE,FALSE,FALSE,TRUE
schneider electric easy9 c25,10,1,1,1,"Thumbnail, shopping_rhs, Sitelinks",https://220volt.com.ua/ua/avtomaticheskij-viklyuchatel-schneider-electric-easy9-2p-25a-har-ka-c-4-5ka-ez9f34225/,FALSE,FALSE,FALSE,FALSE,FALSE,FALSE
аккумуляторная батарея csb hr 1221w f2,10,2,1,1,"Thumbnail, Sitelinks",https://220volt.com.ua/akkumulyatornaya-batareya-csb-hr1221wf2/,FALSE,FALSE,FALSE,FALSE,FALSE,FALSE
аккумулятор ventura купить,10,5,1,1,"Thumbnail, Local pack, related_search, Sitelinks",https://220volt.com.ua/akkumulatornie-batarei/ventura/,FALSE,TRUE,FALSE,FALSE,FALSE,TRUE
pcm war 500a,10,1,1,1,"Thumbnail, Sitelinks",https://220volt.com.ua/ibp-powercom-war-500a/,FALSE,FALSE,FALSE,FALSE,FALSE,FALSE
powercom vgd 700,10,0,1,1,"Thumbnail, Sitelinks",https://220volt.com.ua/ibp-powercom-vgd-700/,FALSE,FALSE,FALSE,FALSE,FALSE,FALSE
victron orion tr smart 12 12 18,10,1,1,1,"related_search, Thumbnail, Sitelinks",https://220volt.com.ua/zaryadnoe-ustrojstvo-victron-energy-orion-tr-smart-12-12-18-220w-isolated-ori121222120/,FALSE,FALSE,FALSE,FALSE,FALSE,FALSE
dj750,10,1,1,1,"map, Thumbnail, Sitelinks, snip_image_thumbnail",https://220volt.com.ua/generator-dizel-nij-dalgakiran-dj-750-dd/,FALSE,FALSE,FALSE,FALSE,FALSE,FALSE
ибп большой емкости,10,24,1,1,"Thumbnail, also_asks, related_search, Sitelinks",https://220volt.com.ua/istochniki-besperebojnogo-pitaniya/akkumulyatornaya_batareya_vneshnyaya/,FALSE,FALSE,FALSE,FALSE,FALSE,FALSE
коммутатор 220 вольт,10,1,1,1,"Thumbnail, Sitelinks",https://220volt.com.ua/elektrika-i-svet/nizkovoltnoe-oborudovanie/viklyuchateli-knopki-pereklyuchateli/pereklyuchateli.htm,FALSE,FALSE,FALSE,FALSE,FALSE,FALSE
циркуляционный насос 2 дюйма,10,1,1,1,"Thumbnail, Sitelinks",https://220volt.com.ua/nasos/nasosi-dlya-vodosnabzheniya/tsirkulyatsionnie/diametr_patrub_nas_2/,FALSE,FALSE,FALSE,FALSE,FALSE,FALSE
сетевой фильтр или ибп,10,1,1,1,"related_search, also_asks, Thumbnail, Sitelinks",https://220volt.com.ua/news/setevoj-filtr-ili-ibp-chto-luchshe/,FALSE,FALSE,FALSE,FALSE,FALSE,FALSE
gel akku,10,19,1,1,"related_search, also_asks, Thumbnail, Sitelinks",https://220volt.com.ua/akkumulatornie-batarei/tip_elementa_gelevie/,FALSE,FALSE,FALSE,FALSE,FALSE,FALSE
циркуляционный насос для отопления 220 вольт сколько квт,10,4,1,1,"related_search, also_asks, AI Overview, Thumbnail, Sitelinks",https://220volt.com.ua/nasos/nasosi-dlya-vodosnabzheniya/tsirkulyatsionnie.htm,FALSE,FALSE,FALSE,TRUE,FALSE,FALSE
ups pc 500w,10,2,1,1,"Thumbnail, also_asks, related_search, Sitelinks",https://220volt.com.ua/istochniki-besperebojnogo-pitaniya/fullpower_ibp_do-500/,FALSE,FALSE,FALSE,FALSE,FALSE,FALSE
avr generac,10,0,1,1,"Thumbnail, also_asks, Sitelinks",https://220volt.com.ua/news/montaj-avr-generac/,FALSE,FALSE,FALSE,FALSE,FALSE,FALSE
пэф 301 схема подключения,10,1,1,1,"Thumbnail, Sitelinks",https://220volt.com.ua/storage/catalog_products/146150/instruction/738.pdf,FALSE,FALSE,FALSE,FALSE,FALSE,FALSE
купить аккумулятор 500 ампер часов,10,2,1,1,"Thumbnail, also_asks, Sitelinks",https://220volt.com.ua/akkumulatornie-batarei/emkost_ab_block_500/,FALSE,TRUE,FALSE,FALSE,FALSE,TRUE
газовый генератор generac инструкция,10,1,1,1,"Thumbnail, also_asks, Sitelinks",https://220volt.com.ua/storage/catalog_products/150395/instruction/738.pdf,FALSE,FALSE,FALSE,FALSE,FALSE,FALSE
war 500a,10,1,1,1,"Thumbnail, Sitelinks",https://220volt.com.ua/ua/ibp-powercom-war-500a/,FALSE,FALSE,FALSE,FALSE,FALSE,FALSE
gd10 2r2g 4 b,10,1,1,1,"Thumbnail, Sitelinks",https://220volt.com.ua/preobrazovatel-chastoti-invt-gd10-2r2g-4/,FALSE,FALSE,FALSE,FALSE,FALSE,FALSE
278438,10,1,1,1,"kn_graph_card, Thumbnail, Sitelinks, snip_image_thumbnail",https://220volt.com.ua/rele-elektroteplovoe-eaton-moeller-zb12-4-278438/,FALSE,FALSE,FALSE,FALSE,FALSE,FALSE
dalgakiran dj 4000 dg e,10,0,1,1,"Thumbnail, Sitelinks",https://220volt.com.ua/generator-dizel-nij-dalgakiran-dj-4000-dg-e/,FALSE,FALSE,FALSE,FALSE,FALSE,FALSE
ибп с батареей,10,13,1,1,"related_search, also_asks, Thumbnail, Sitelinks",https://220volt.com.ua/istochniki-besperebojnogo-pitaniya/akkumulyatornaya_batareya_vstroennaya/,FALSE,FALSE,FALSE,FALSE,FALSE,FALSE
датчик давления на водяной насос,10,25,1,1,"also_asks, Thumbnail, related_search, Sitelinks",https://220volt.com.ua/nasos/komplektuyushchie-dlya-vodosnabzheniya-i-vodootvedeniya/tip_kompl_nasos_rele-davleniya/,FALSE,FALSE,FALSE,FALSE,FALSE,FALSE
сколько стоит неоновая лампа,10,11,1,1,"Thumbnail, related_search, a_box_fsnippet, also_asks, Sitelinks, snip_featured",https://220volt.com.ua/elektrika-i-svet/nizkovoltnoe-oborudovanie/svetosignalnaya-apparatura/istochnik_sveta_neon/,FALSE,FALSE,FALSE,TRUE,FALSE,FALSE
ebara jem 120,10,0,1,1,"Thumbnail, Sitelinks",https://220volt.com.ua/ua/nasos-poverhnostnij-ebara-jem-120/,FALSE,FALSE,FALSE,FALSE,FALSE,FALSE
электрогенератор с электростартером,10,9,1,1,"Thumbnail, related_search, Sitelinks",https://220volt.com.ua/generatory/start_type_elektrostarter/,FALSE,FALSE,FALSE,FALSE,FALSE,FALSE
генератор бензиновый huter dy6500lx,10,1,1,1,"also_asks, Thumbnail, Sitelinks",https://220volt.com.ua/generator-benzinovij-huter-dy-6500-lxs/,FALSE,FALSE,FALSE,FALSE,FALSE,FALSE
аккумулятор rt1270,10,2,1,1,"Thumbnail, shopping_rhs, related_search, Sitelinks",https://220volt.com.ua/akkumulyatornaya-batareya-ritar-rt1270-12v-7-0ah/,FALSE,FALSE,FALSE,FALSE,FALSE,FALSE
ибп ippon smart winner 1500 new,10,1,1,1,"Thumbnail, Sitelinks",https://220volt.com.ua/ibp-ippon-smart-winner-1500/,FALSE,FALSE,FALSE,FALSE,FALSE,FALSE
victron energy ибп,10,1,1,1,"Thumbnail, related_search, Sitelinks",https://220volt.com.ua/istochniki-besperebojnogo-pitaniya/victron-energy/,FALSE,FALSE,FALSE,FALSE,FALSE,FALSE
koshin stv 50x,10,1,1,1,Sitelinks,https://220volt.com.ua/ua/motopompa-koshin-stv-50x/,FALSE,FALSE,FALSE,FALSE,FALSE,FALSE
киев генератор купить,10,52,1,1,"related_search, Sitelinks",https://220volt.com.ua/generatory.htm,FALSE,TRUE,FALSE,FALSE,FALSE,TRUE
md16,10,0,1,1,"Thumbnail, Video preview, Sitelinks",https://220volt.com.ua/generator-dizel-nij-matari-md16/,FALSE,FALSE,FALSE,FALSE,FALSE,FALSE
стабилизатор напряжения 220в для дома купить,10,14,1,1,"Thumbnail, related_search, also_asks, Sitelinks",https://220volt.com.ua/stabilizator/phases_stab_odnofaznie/,FALSE,TRUE,FALSE,FALSE,FALSE,TRUE
ritar rtm600,10,1,1,1,"Thumbnail, Sitelinks",https://220volt.com.ua/ua/ibp-ritar-rtm600-proxima-l/,FALSE,FALSE,FALSE,FALSE,FALSE,FALSE
бензогенератор патриот 6500,10,1,1,1,"Thumbnail, Sitelinks",https://220volt.com.ua/generator-benzinovij-patriot-srge-6500/,FALSE,FALSE,FALSE,FALSE,FALSE,FALSE
генератор хутер 1000,10,1,1,1,"Thumbnail, related_search, Sitelinks",https://220volt.com.ua/generator-benzinovij-huter-ht-1000-l/,FALSE,FALSE,FALSE,FALSE,FALSE,FALSE
устройства плавного пуска и торможения,10,1,1,1,"AI Overview, related_search, Video preview, also_asks, Sitelinks",https://220volt.com.ua/preobrazovateli_chastoty_ustr_plavnogo_puska/ustrojstva-plavnogo-puska-i-tormozheniya.htm,FALSE,FALSE,FALSE,FALSE,FALSE,FALSE
стабилизатор напряжения logicpower lph 2000rv,10,0,1,1,"Thumbnail, also_asks, Sitelinks",https://220volt.com.ua/stabilizator-napryazheniya-logicpower-lph-2000rv/,FALSE,FALSE,FALSE,FALSE,FALSE,FALSE
ибп для насоса купить,10,2,1,1,"related_search, also_asks, Sitelinks",https://220volt.com.ua/istochniki-besperebojnogo-pitaniya/opt_reshenie_ibp_nasosov/,FALSE,TRUE,FALSE,FALSE,FALSE,TRUE
поверхностный самовсасывающий насос для воды,10,10,1,1,"Thumbnail, related_search, also_asks, Sitelinks",https://220volt.com.ua/nasos/nasosi-dlya-vodosnabzheniya/tsentrobezhnie/tipvsas_samovsasivayushchie/,FALSE,FALSE,FALSE,FALSE,FALSE,FALSE
abi solar sl 5048 mppt,10,0,1,1,"Thumbnail, Sitelinks",https://220volt.com.ua/invertor-abi-solar-sl-mppt-5048/,FALSE,FALSE,FALSE,FALSE,FALSE,FALSE
бесщеточный генератор купить,10,1,1,1,"also_asks, Thumbnail, Sitelinks",https://220volt.com.ua/generatory/tip_alternatora_asinhronnyj/,FALSE,TRUE,FALSE,FALSE,FALSE,TRUE
general electric ml 500,10,1,1,1,"Thumbnail, Sitelinks",https://220volt.com.ua/ibp-general-electric-ml500/,FALSE,FALSE,FALSE,FALSE,FALSE,FALSE
speroni apm 100,10,1,1,1,"Thumbnail, Sitelinks",https://220volt.com.ua/nasos-poverhnostnij-speroni-apm-100/,FALSE,FALSE,FALSE,FALSE,FALSE,FALSE
powercom bnt 400a,10,1,1,1,"Thumbnail, Sitelinks",https://220volt.com.ua/ua/ibp-powercom-bnt-400a/,FALSE,FALSE,FALSE,FALSE,FALSE,FALSE
авр для генератора с автозапуском,10,13,1,1,"Video preview, related_search, also_asks, Thumbnail, Sitelinks",https://220volt.com.ua/avtomaticheskij-zapusk-generatora.htm,FALSE,FALSE,FALSE,FALSE,FALSE,FALSE
powercom tca 1200 цена,10,1,1,1,"related_search, Thumbnail, Sitelinks",https://220volt.com.ua/ua/stabilizator-napryazheniya-powercom-tca-1200/,FALSE,TRUE,FALSE,FALSE,FALSE,TRUE
генератор хутер 6500,10,1,1,1,"Thumbnail, Sitelinks",https://220volt.com.ua/generator-benzinovij-huter-dy-6500-lxs/,FALSE,FALSE,FALSE,FALSE,FALSE,FALSE
бесперебойник форт,10,8,1,1,"related_search, Thumbnail, Sitelinks",https://220volt.com.ua/istochniki-besperebojnogo-pitaniya/fort/,FALSE,FALSE,FALSE,FALSE,FALSE,FALSE
ect24po,10,0,1,1,"Thumbnail, Sitelinks, snip_image_thumbnail",https://220volt.com.ua/shchit-naruzhnij-raspredelitel-nij-eti-ect-24-po-1101008/,FALSE,FALSE,FALSE,FALSE,FALSE,FALSE
vsk1,10,0,1,1,"Thumbnail, Sitelinks, snip_image_thumbnail",https://220volt.com.ua/klapan-obratnij-aquatica-vsk1-1-779644/,FALSE,FALSE,FALSE,FALSE,TRUE,FALSE
eaton 850 va,10,1,1,1,"Thumbnail, Sitelinks, snip_image_thumbnail",https://220volt.com.ua/ibp-eaton-5e850iusb-850-va/,FALSE,FALSE,FALSE,FALSE,FALSE,FALSE
авр basic 3ф 63 63,10,1,1,1,"Thumbnail, shopping_top, Sitelinks",https://220volt.com.ua/avr-basic-3f-63-63/,FALSE,FALSE,FALSE,FALSE,FALSE,FALSE
аккумулятор автомобильный устройство,10,3,1,1,"related_search, Thumbnail, also_asks, Sitelinks",https://220volt.com.ua/news/ustrojstvo-avtomobilnogo-akkumulyatora/,FALSE,FALSE,FALSE,FALSE,FALSE,FALSE
ht1000l,10,1,1,1,"Thumbnail, related_search, Sitelinks, snip_image_thumbnail",https://220volt.com.ua/generator-benzinovij-huter-ht-1000-l/,FALSE,FALSE,FALSE,FALSE,FALSE,FALSE
5500w,10,1,1,1,"Thumbnail, Sitelinks",https://220volt.com.ua/ua/invertor-off-grid-sumry-hgp-5500w-5kw/,FALSE,FALSE,FALSE,FALSE,FALSE,FALSE
6 kva,10,1,1,1,"AI Overview, Thumbnail, Sitelinks",https://220volt.com.ua/ua/ibp-borri-leonardo-rt-6-kva/,FALSE,FALSE,FALSE,FALSE,FALSE,FALSE
генератор для отопления дома,10,1,1,1,"AI Overview, Video preview, also_asks, related_search, Sitelinks, snip_url_in_aio, snip_fqdn_in_aio",https://220volt.com.ua/generatory/optimal_gen_kotla/,FALSE,FALSE,FALSE,FALSE,FALSE,FALSE
moeller pkzm0 4,10,1,1,1,"Thumbnail, Sitelinks",https://220volt.com.ua/avtomaticheskij-viklyuchatel-eaton-moeller-pkzm0-4-072737/,FALSE,FALSE,FALSE,FALSE,FALSE,FALSE
vfd el manual,10,1,1,1,"AI Overview, related_search, Sitelinks, snip_url_in_aio, snip_fqdn_in_aio",https://220volt.com.ua/storage/catalog_products/146646/instruction/738.pdf,FALSE,FALSE,FALSE,FALSE,FALSE,FALSE
ventura gp 12 26,10,1,1,1,"Sitelinks, snip_image_thumbnail",https://220volt.com.ua/ua/akkumulyatornaya-batareya-ventura-gp-12-26/,FALSE,FALSE,FALSE,FALSE,FALSE,FALSE
батарея 6в,10,18,1,1,"also_asks, Thumbnail, related_search, Sitelinks",https://220volt.com.ua/akkumulatornie-batarei/napryagenie_batarei_block_6/,FALSE,FALSE,FALSE,FALSE,FALSE,FALSE
eaton 750,10,1,1,1,"Thumbnail, Sitelinks, snip_image_thumbnail",https://220volt.com.ua/ua/ibp-eaton-5sc-750-va/,FALSE,FALSE,FALSE,FALSE,FALSE,FALSE
купить солнечную электростанцию под ключ,10,20,1,1,"related_search, Thumbnail, Sitelinks",https://220volt.com.ua/solnechnaya-energetika/solnechnye-elektrostantsii.htm,FALSE,TRUE,FALSE,FALSE,FALSE,TRUE
купить стабилизатор напряжения 380в,10,11,1,1,"Thumbnail, Local pack, related_search, Sitelinks",https://220volt.com.ua/stabilizator/phases_stab_trehfaznie/,FALSE,TRUE,FALSE,FALSE,FALSE,TRUE
як перевірити потужність бензинового генератора,10,1,1,1,"also_asks, Thumbnail, AI Overview, Sitelinks, snip_fqdn_in_aio",https://220volt.com.ua/ua/news/kak-opredelit-moschnost-benzinovogo-generatora-dlya-sobstvennyh-nuzhd/,FALSE,FALSE,FALSE,TRUE,FALSE,FALSE
forte fg 8000 e,10,1,1,1,"Thumbnail, Video preview, Sitelinks, snip_image_thumbnail",https://220volt.com.ua/ua/generator-benzinovij-forte-fg8000e/,FALSE,FALSE,FALSE,FALSE,FALSE,FALSE
дифреле цена,10,3,1,1,"Thumbnail, also_asks, related_search, Sitelinks",https://220volt.com.ua/elektrika-i-svet/nizkovoltnoe-oborudovanie/ustrojstva-zashchitnogo-otklyucheniya-uzo-difavtomati/tip_uzo_difrele/,FALSE,TRUE,FALSE,FALSE,FALSE,TRUE
солнечные электростанции для дома цена,10,22,1,1,"also_asks, related_search, Sitelinks",https://220volt.com.ua/solnechnaya-energetika/solnechnye-elektrostantsii.htm,FALSE,TRUE,FALSE,FALSE,FALSE,TRUE
stark psg 2500l,10,1,1,1,"Thumbnail, Sitelinks",https://220volt.com.ua/generator-benzinovij-stark-psg-2500l-profi/,FALSE,FALSE,FALSE,FALSE,FALSE,FALSE
ибп 10 кв,10,1,1,1,"also_asks, Sitelinks",https://220volt.com.ua/istochniki-besperebojnogo-pitaniya/fullpower_ibp_svishe-10000/,FALSE,FALSE,FALSE,FALSE,FALSE,FALSE
таймер включения отключения,10,25,1,1,"also_asks, Thumbnail, related_search, Sitelinks",https://220volt.com.ua/elektrika-i-svet/nizkovoltnoe-oborudovanie/rele-tajmeri-fotokontrolleri/tajmeri.htm,FALSE,FALSE,FALSE,FALSE,FALSE,FALSE
генератор forte 8000,10,0,1,1,"Thumbnail, Video preview, Sitelinks, snip_image_thumbnail",https://220volt.com.ua/generator-benzinovij-forte-fg8000e/,FALSE,FALSE,FALSE,FALSE,FALSE,FALSE
ritar dc12 120,10,1,1,1,"Thumbnail, Sitelinks",https://220volt.com.ua/ua/akkumulyatornaya-batareya-ritar-dc12-120-12v-120ah-8224/,FALSE,FALSE,FALSE,FALSE,FALSE,FALSE
eco 600,10,1,1,1,"Thumbnail, Sitelinks, snip_image_thumbnail",https://220volt.com.ua/ua/stabilizator-napryazheniya-volt-eco-600/,FALSE,FALSE,FALSE,FALSE,FALSE,FALSE
challenger ups,10,1,1,1,"Thumbnail, Sitelinks",https://220volt.com.ua/ua/istochniki-besperebojnogo-pitaniya/challenger/,FALSE,FALSE,FALSE,FALSE,FALSE,FALSE
датчик давления водяного насоса,10,19,1,1,"Thumbnail, related_search, also_asks, Sitelinks",https://220volt.com.ua/nasos/komplektuyushchie-dlya-vodosnabzheniya-i-vodootvedeniya/tip_kompl_nasos_rele-davleniya/,FALSE,FALSE,FALSE,FALSE,FALSE,FALSE
schneider electric easy9 отзывы,10,1,1,1,"Thumbnail, also_asks, Sitelinks",https://220volt.com.ua/avtomaticheskij-viklyuchatel-schneider-electric-easy9-1p-40a-har-ka-c-4-5ka-ez9f34140/,FALSE,FALSE,FALSE,FALSE,TRUE,FALSE
lpy c psw 1000va,10,0,1,1,"Thumbnail, Sitelinks",https://220volt.com.ua/ua/invertor-logicpower-lpy-s-psw-1000va/,FALSE,FALSE,FALSE,FALSE,FALSE,FALSE
аккумулятор csb hr 1221w,10,3,1,1,"Thumbnail, Sitelinks",https://220volt.com.ua/akkumulyatornaya-batareya-csb-hr1221wf2/,FALSE,FALSE,FALSE,FALSE,FALSE,FALSE
энергосберегающие лампы сравнение,10,5,1,1,"related_search, also_asks, Thumbnail, Sitelinks",https://220volt.com.ua/news/sravnenie-lamp/,FALSE,FALSE,FALSE,FALSE,TRUE,FALSE
насос grundfos jp basic 3pt,10,1,1,1,"Thumbnail, Sitelinks",https://220volt.com.ua/nasosnaya-stantsiya-grundfos-jp-basic-3-pt-96150003/,FALSE,FALSE,FALSE,FALSE,FALSE,FALSE
innova 1000,10,1,1,1,"Thumbnail, Sitelinks",https://220volt.com.ua/ibp-ippon-innova-rt-1000/,FALSE,FALSE,FALSE,FALSE,FALSE,FALSE
himoinsa hfw 100 t5 ins,10,1,1,1,"Thumbnail, Sitelinks",https://220volt.com.ua/generator-dizel-nij-himoinsa-hfw-100-t5-0/,FALSE,FALSE,FALSE,FALSE,FALSE,FALSE
spo3,10,1,1,1,"Thumbnail, Sitelinks, snip_image_thumbnail",https://220volt.com.ua/nasos-dlya-kolodtsev-grundfos-spo3-65-a/,FALSE,FALSE,FALSE,FALSE,FALSE,FALSE
40v inverter,10,1,1,1,"also_asks, Video preview, Thumbnail, Sitelinks",https://220volt.com.ua/ua/inverter/moshn_invert_plitka_40/,FALSE,FALSE,FALSE,FALSE,FALSE,FALSE
440lb,10,0,1,1,"Thumbnail, Sitelinks",https://220volt.com.ua/ua/solnecnaya_panel_ja_solar_jam54d41_440lb_440_wp_mono/,FALSE,FALSE,FALSE,FALSE,FALSE,FALSE
rtm3000,10,1,1,1,"related_search, Thumbnail, Sitelinks",https://220volt.com.ua/ibp-ritar-rtm3000-proxima-d-5865/,FALSE,FALSE,FALSE,FALSE,FALSE,FALSE
купити стабілізатор україна,10,16,1,1,"related_search, Sitelinks",https://220volt.com.ua/ua/stabilizator.htm,FALSE,TRUE,FALSE,FALSE,FALSE,TRUE
электростанция 380,10,8,1,1,"also_asks, Thumbnail, related_search, Sitelinks, snip_image_thumbnail",https://220volt.com.ua/generatory/faznost_generatorov_3/,FALSE,FALSE,FALSE,FALSE,FALSE,FALSE
солнечные электростанции продажа,10,8,1,1,"related_search, also_asks, Sitelinks",https://220volt.com.ua/solnechnaya-energetika/solnechnye-elektrostantsii.htm,FALSE,FALSE,FALSE,FALSE,FALSE,FALSE
электросчетчик энергомера купить,10,3,1,1,"related_search, also_asks, Thumbnail, Sitelinks",https://220volt.com.ua/pribori-dlya-kontrolya-i-izmereniya/schetchiki/schetchiki-elektricheskoj-energii/energomera/,FALSE,TRUE,FALSE,FALSE,FALSE,TRUE
bnt 400ap,10,1,1,1,"Video preview, Sitelinks",https://220volt.com.ua/ua/ibp-powercom-bnt-400ap/,FALSE,FALSE,FALSE,FALSE,FALSE,FALSE
eaton pkzm4 40,10,1,1,1,"Thumbnail, Sitelinks, snip_image_thumbnail",https://220volt.com.ua/avtomaticheskij-viklyuchatel-eaton-moeller-pkzm4-40-222354/,FALSE,FALSE,FALSE,FALSE,FALSE,FALSE
потужна сонячна станція,10,9,1,1,"Thumbnail, related_search, AI Overview, Sitelinks, snip_image_thumbnail",https://220volt.com.ua/ua/solnechnaya-energetika/solnechnye-elektrostantsii.htm,FALSE,FALSE,FALSE,FALSE,FALSE,FALSE
ибп дженерал электрик,10,2,1,1,"Thumbnail, also_asks, Sitelinks",https://220volt.com.ua/istochniki-besperebojnogo-pitaniya/general-electric/,FALSE,FALSE,FALSE,FALSE,FALSE,FALSE
какой контроллер выбрать для солнечной батареи,10,3,1,1,"also_asks, related_search, Sitelinks",https://220volt.com.ua/news/kak-vibrat-kontroller-zaryada-dlya-solnechnih-batarej/,FALSE,FALSE,FALSE,TRUE,FALSE,FALSE
sdmo booster 2000 inverter generator,10,0,1,1,"Thumbnail, Sitelinks",https://220volt.com.ua/ua/generator-benzinovij-sdmo-booster-2000/,FALSE,FALSE,FALSE,FALSE,FALSE,FALSE
rudes cpm 158,10,0,1,1,"Thumbnail, Sitelinks, snip_image_thumbnail",https://220volt.com.ua/nasos-poverhnostnij-rudes-cpm-158/,FALSE,FALSE,FALSE,FALSE,FALSE,FALSE
узо иэк цена,10,1,1,1,"Thumbnail, Sitelinks",https://220volt.com.ua/elektrika-i-svet/nizkovoltnoe-oborudovanie/ustrojstva-zashchitnogo-otklyucheniya-uzo-difavtomati/iek/,FALSE,TRUE,FALSE,FALSE,FALSE,TRUE
omron inverters,10,0,1,1,"Thumbnail, Sitelinks",https://220volt.com.ua/solnechnaya-energetika/solnechnye-invertory/omron/,FALSE,FALSE,FALSE,FALSE,FALSE,FALSE
etimat 16a,10,1,1,1,"related_search, Thumbnail, Sitelinks",https://220volt.com.ua/avtomaticheskij-viklyuchatel-eti-etimat-6-1p-c-16a-2141516/,FALSE,FALSE,FALSE,FALSE,FALSE,FALSE
купить магнитные пускатели,10,13,1,1,"Thumbnail, related_search, Sitelinks",https://220volt.com.ua/elektrika-i-svet/nizkovoltnoe-oborudovanie/puskateli-kontaktori/puskateli.htm,FALSE,TRUE,FALSE,FALSE,FALSE,TRUE
286528,10,0,1,1,"Thumbnail, Sitelinks, snip_image_thumbnail",https://220volt.com.ua/avtomaticheskij-viklyuchatel-eaton-moeller-pl6-c2-1/,FALSE,FALSE,FALSE,FALSE,FALSE,FALSE
все виды аккумуляторов,10,18,1,1,"Thumbnail, AI Overview, also_asks, related_search, Sitelinks, snip_url_in_aio, snip_fqdn_in_aio",https://220volt.com.ua/news/raznovidnosti-akkumulyatornih-batarej-soglasno-tipu-rabochih-elementov-i-naznacheniyu/,FALSE,FALSE,FALSE,FALSE,FALSE,FALSE
ippon smart winner 1500 new,10,1,1,1,"related_search, Thumbnail, Sitelinks",https://220volt.com.ua/ibp-ippon-smart-winner-1500/,FALSE,FALSE,FALSE,FALSE,FALSE,FALSE
gf generator,10,1,1,1,"Thumbnail, Sitelinks",https://220volt.com.ua/generator-dizel-nij-fullpower-gf-200/,FALSE,FALSE,FALSE,FALSE,FALSE,FALSE
магнитный пускатель для насоса,10,5,1,1,"related_search, also_asks, Thumbnail, Sitelinks",https://220volt.com.ua/elektrika-i-svet/nizkovoltnoe-oborudovanie/puskateli-kontaktori/puskateli.htm,FALSE,FALSE,FALSE,FALSE,FALSE,FALSE
psw ep1000wm12,10,0,1,1,"Thumbnail, Sitelinks, snip_image_thumbnail",https://220volt.com.ua/ibp-europower-psw-ep1000wm12-14824/,FALSE,FALSE,FALSE,FALSE,FALSE,FALSE
аккумулятор np 7 12,10,2,1,1,Sitelinks,https://220volt.com.ua/akkumulyatornaya-batareya-yuasa-np7-12/,FALSE,FALSE,FALSE,FALSE,FALSE,FALSE
реле промежуточное 16а,10,1,1,1,"Thumbnail, also_asks, Sitelinks, snip_image_thumbnail",https://220volt.com.ua/elektrika-i-svet/nizkovoltnoe-oborudovanie/rele-tajmeri-fotokontrolleri/rele/promejutochnie_rele/tok_rele_0-25-16-a/,FALSE,FALSE,FALSE,FALSE,FALSE,FALSE
стабилизатор напряжения 220 вольт цена,10,8,1,1,"related_search, Thumbnail, also_asks, Sitelinks",https://220volt.com.ua/stabilizator/phases_stab_odnofaznie/,FALSE,TRUE,FALSE,FALSE,FALSE,TRUE
cs3 аккумулятор,10,4,1,1,"Thumbnail, related_search, Sitelinks",https://220volt.com.ua/akkumulatornie-batarei/csb/,FALSE,FALSE,FALSE,FALSE,FALSE,FALSE
fg wilson p55 1,10,1,1,1,"Thumbnail, Sitelinks",https://220volt.com.ua/generator-dizel-nij-fg-wilson-p-55-1/,FALSE,FALSE,FALSE,FALSE,FALSE,FALSE
huter dy,10,2,1,1,"related_search, also_asks, Thumbnail, Sitelinks",https://220volt.com.ua/generator-benzinovij-huter-dy-5000-l/,FALSE,FALSE,FALSE,FALSE,FALSE,FALSE
купить бесперебойник ritar,10,4,1,1,"related_search, Sitelinks, snip_image_thumbnail",https://220volt.com.ua/istochniki-besperebojnogo-pitaniya/ritar/,FALSE,TRUE,FALSE,FALSE,FALSE,TRUE
бензиновый генератор huter ht950a,10,1,1,1,"Thumbnail, Sitelinks",https://220volt.com.ua/generator-benzinovij-huter-ht-950-a/,FALSE,FALSE,FALSE,FALSE,FALSE,FALSE
eco600,10,1,1,1,"Thumbnail, Sitelinks, snip_image_thumbnail",https://220volt.com.ua/stabilizator-napryazheniya-volt-eco-600/,FALSE,FALSE,FALSE,FALSE,FALSE,FALSE
хитачи е57,10,1,1,1,"Thumbnail, Sitelinks",https://220volt.com.ua/generator-benzinovij-hitachi-e57s/,FALSE,FALSE,FALSE,FALSE,FALSE,FALSE
ef 30,10,1,1,1,"Thumbnail, Sitelinks",https://220volt.com.ua/preobrazovatel-chastoti-e-next-e-f-drive-30/,FALSE,FALSE,FALSE,FALSE,FALSE,FALSE
ups 4000,10,1,1,1,"Thumbnail, also_asks, shopping_rhs, Sitelinks, snip_image_thumbnail",https://220volt.com.ua/ibp-volter-ups-4000/,FALSE,FALSE,FALSE,FALSE,FALSE,FALSE
ch350,10,0,1,1,"Thumbnail, Sitelinks",https://220volt.com.ua/ua/zaryadnoe-ustrojstvo-bres-ch-350-48/,FALSE,FALSE,FALSE,FALSE,FALSE,FALSE
солнечная электростанция для дома цена,10,20,1,1,"related_search, also_asks, Thumbnail, Sitelinks",https://220volt.com.ua/solnechnaya-energetika/solnechnye-elektrostantsii.htm,FALSE,TRUE,FALSE,FALSE,FALSE,TRUE
электростанции генераторы,10,13,1,1,"Video preview, related_search, Thumbnail, also_asks, Sitelinks",https://220volt.com.ua/generatory.htm,FALSE,FALSE,FALSE,FALSE,FALSE,FALSE
пользовательские генератор,10,1,1,1,"related_search, also_asks, Thumbnail, Sitelinks",https://220volt.com.ua/generatory.htm,FALSE,FALSE,FALSE,FALSE,FALSE,FALSE
powercom imd 525ap,10,1,1,1,"Thumbnail, Sitelinks",https://220volt.com.ua/ibp-powercom-imd-525ap/,FALSE,FALSE,FALSE,FALSE,FALSE,FALSE
ап50б 3мт характеристики,10,2,1,1,"also_asks, a_box_fsnippet, Thumbnail, Sitelinks, snip_featured, snip_image_thumbnail",https://220volt.com.ua/avtomaticheskij-viklyuchatel-ap50b-3mt-6-3a-10in/,FALSE,FALSE,FALSE,FALSE,FALSE,FALSE
sma 60 kw inverter,10,1,1,1,"Thumbnail, Sitelinks, snip_image_thumbnail",https://220volt.com.ua/file_download.php?filename=/uploads/shop_info_data/file/0536/17.pdf,FALSE,FALSE,FALSE,FALSE,FALSE,FALSE
hyw 45 t5,10,1,1,1,"Thumbnail, Sitelinks, snip_image_thumbnail",https://220volt.com.ua/generator-dizel-nij-himoinsa-hyw-45-t5-0/,FALSE,FALSE,FALSE,FALSE,FALSE,FALSE
бесперебойник киев цена,10,38,1,1,"also_asks, AI Overview, related_search, Sitelinks",https://220volt.com.ua/istochniki-besperebojnogo-pitaniya.htm,FALSE,TRUE,FALSE,FALSE,FALSE,TRUE
автоматичний вимикач ав2000,10,1,1,1,"a_box_fsnippet, Thumbnail, Sitelinks, snip_featured, snip_image_thumbnail",https://220volt.com.ua/ua/avtomaticheskij-viklyuchatel-promfaktor-av2000-3r-d-80a-10ka/,FALSE,FALSE,FALSE,FALSE,FALSE,FALSE
csb 1234w f2,10,9,1,1,"related_search, Sitelinks",https://220volt.com.ua/ua/akkumulyatornaya-batareya-csb-hr1234wf2/,FALSE,FALSE,FALSE,FALSE,FALSE,FALSE
www 220 volt,10,19,1,1,"Thumbnail, related_search, also_asks, Sitelinks",https://220volt.com.ua/,FALSE,FALSE,FALSE,FALSE,FALSE,FALSE
ippon innova rt 2k,10,1,1,1,"Thumbnail, Sitelinks",https://220volt.com.ua/ibp-ippon-innova-rt-2000/,FALSE,FALSE,FALSE,FALSE,FALSE,FALSE
бесперебойник плюс аккумулятор,10,17,1,1,"related_search, Thumbnail, shopping_top, Sitelinks",https://220volt.com.ua/istochniki-besperebojnogo-pitaniya/akkumulyatornaya_batareya_vneshnyaya/,FALSE,FALSE,FALSE,FALSE,FALSE,FALSE
стабилизатор вольт есо 300,10,2,1,1,"Thumbnail, shopping_rhs, Sitelinks",https://220volt.com.ua/stabilizator-napryazheniya-volt-eco-300/,FALSE,FALSE,FALSE,FALSE,FALSE,FALSE
fogo fh8220w,10,0,1,1,"Thumbnail, Sitelinks, snip_image_thumbnail",https://220volt.com.ua/generator-benzinovij-fogo-fh-8220-w/,FALSE,FALSE,FALSE,FALSE,FALSE,FALSE
teksan каталог,10,1,1,1,"Thumbnail, Sitelinks",https://220volt.com.ua/information/proizvoditeli/teksan/,FALSE,FALSE,FALSE,FALSE,FALSE,FALSE
1 kva inverter,10,0,1,1,"related_search, Sitelinks",https://220volt.com.ua/invertor-exa-power-exa-l-1kva/,FALSE,FALSE,FALSE,FALSE,FALSE,FALSE
купить солнечные станции для дома,10,21,1,1,"also_asks, Thumbnail, related_search, Sitelinks",https://220volt.com.ua/solnechnaya-energetika/solnechnye-elektrostantsii.htm,FALSE,TRUE,FALSE,FALSE,FALSE,TRUE
реле давления насосной,10,29,1,1,"Thumbnail, also_asks, related_search, Sitelinks",https://220volt.com.ua/nasos/komplektuyushchie-dlya-vodosnabzheniya-i-vodootvedeniya/tip_kompl_nasos_rele-davleniya/,FALSE,FALSE,FALSE,FALSE,FALSE,FALSE
11 ш,10,0,1,1,"Thumbnail, Sitelinks, snip_image_thumbnail",https://220volt.com.ua/stabilizator-napryazheniya-volter-snpto-11-sh/,FALSE,FALSE,FALSE,FALSE,FALSE,FALSE
купить 3 фазный стабилизатор напряжения для дома,10,2,1,1,"also_asks, related_search, Sitelinks",https://220volt.com.ua/stabilizator/phases_stab_trehfaznie/,FALSE,TRUE,FALSE,FALSE,FALSE,TRUE
аккумулятор np7 12,10,2,1,1,"also_asks, Thumbnail, Sitelinks",https://220volt.com.ua/akkumulyatornaya-batareya-yuasa-np7-12/,FALSE,FALSE,FALSE,FALSE,FALSE,FALSE
challenger 60,10,1,1,1,"Thumbnail, Sitelinks",https://220volt.com.ua/ua/akkumulyatornaya-batareya-challenger-evg12-60/,FALSE,FALSE,FALSE,FALSE,FALSE,FALSE
зарядное устройство устройство,10,45,1,1,"also_asks, Thumbnail, related_search, Sitelinks",https://220volt.com.ua/zaryadnie-ustrojstva.htm,FALSE,FALSE,FALSE,FALSE,FALSE,FALSE
запчасти для реле давления насосной станции,10,1,1,1,"Thumbnail, Sitelinks",https://220volt.com.ua/nasos/komplektuyushchie-dlya-vodosnabzheniya-i-vodootvedeniya.htm,FALSE,FALSE,FALSE,FALSE,FALSE,FALSE
5500f,10,1,1,1,"Thumbnail, related_search, Sitelinks",https://220volt.com.ua/ua/generator-benzinovij-matrix-pg-5500f-3n/,FALSE,FALSE,FALSE,FALSE,FALSE,FALSE
286605,10,0,1,1,"Thumbnail, kn_graph_card, Sitelinks, snip_image_thumbnail",https://220volt.com.ua/avtomaticheskij-viklyuchatel-eaton-moeller-pl6-c40-3-286605/,FALSE,FALSE,FALSE,FALSE,FALSE,FALSE
gp2500i,10,1,1,1,"Thumbnail, Sitelinks, snip_image_thumbnail",http://220volt.com.ua/generator-benzinovij-glendale-gp2500i/,FALSE,FALSE,FALSE,FALSE,FALSE,FALSE
макелсан ибп,10,2,1,1,"Thumbnail, Sitelinks",https://220volt.com.ua/istochniki-besperebojnogo-pitaniya/makelsan/,FALSE,FALSE,FALSE,FALSE,FALSE,FALSE
delta vfd el manual,10,1,1,1,"related_search, Thumbnail, Sitelinks",https://220volt.com.ua/storage/catalog_products/146642/instruction/738.pdf,FALSE,FALSE,FALSE,FALSE,FALSE,FALSE
гелевый аккумулятор продажа,10,37,1,1,"related_search, Local pack, Thumbnail, Sitelinks",https://220volt.com.ua/akkumulatornie-batarei/tip_elementa_gelevie/,FALSE,FALSE,FALSE,FALSE,FALSE,FALSE
vm iii,10,1,1,1,"Video preview, Thumbnail, related_search, Sitelinks",https://220volt.com.ua/ua/invertor-q-power-axpert-vm-iii-5000-48-5000vt-48v/,FALSE,FALSE,FALSE,FALSE,FALSE,FALSE
сколько времени заряжать гелевый аккумулятор на скутер,10,9,1,1,"also_asks, related_search, a_box_fsnippet, Thumbnail, Sitelinks, snip_featured",https://220volt.com.ua/news/pravilnaya-zaryadka-gelevogo-akkumulyatora-kak-uvelichit-srok-ego-sluzhby/,FALSE,FALSE,FALSE,TRUE,FALSE,FALSE
купити електрогенератор київ,10,28,1,1,"Thumbnail, related_search, Sitelinks",https://220volt.com.ua/ua/generatory.htm,FALSE,TRUE,FALSE,FALSE,FALSE,TRUE
pe 4000,10,0,1,1,"Thumbnail, related_search, Sitelinks",https://220volt.com.ua/generator-benzinovij-rucelf-pe-4000/,FALSE,FALSE,FALSE,FALSE,FALSE,FALSE
тексан каталог,10,1,1,1,Sitelinks,https://220volt.com.ua/information/proizvoditeli/teksan/,FALSE,FALSE,FALSE,FALSE,FALSE,FALSE
авр для бензогенератора dy5000lx dy6500lx,10,0,1,1,"shopping_rhs, related_search, Thumbnail, Sitelinks",https://220volt.com.ua/avr-huter-dy5000lx-dy6500lx/,FALSE,FALSE,FALSE,FALSE,FALSE,FALSE
150 amp,10,0,1,1,"AI Overview, related_search, Thumbnail, Sitelinks, snip_url_in_aio, snip_fqdn_in_aio",https://220volt.com.ua/ua/akkumulatornie-batarei/emkost_ab_block_150/,FALSE,FALSE,FALSE,FALSE,FALSE,FALSE
генератор бензиновый huter dy6500l,10,1,1,1,"Thumbnail, Sitelinks",https://220volt.com.ua/generator-benzinovij-huter-dy-6500-l/,FALSE,FALSE,FALSE,FALSE,FALSE,FALSE
smk 1500a rm,10,0,1,1,"Thumbnail, Sitelinks, snip_image_thumbnail",https://220volt.com.ua/ibp-powercom-smk-1500a-lcd-rm/,FALSE,FALSE,FALSE,FALSE,FALSE,FALSE
mst 20,10,1,1,1,"Thumbnail, Sitelinks",https://220volt.com.ua/ibp-riello-mct-mst-20/,FALSE,FALSE,FALSE,FALSE,FALSE,FALSE
nik pg 6300,10,0,1,1,"shopping_rhs, Thumbnail, related_search, Sitelinks",https://220volt.com.ua/generator-benzinovij-nik-pg6300/,FALSE,FALSE,FALSE,FALSE,FALSE,FALSE
мотопомпа 30 кубов,10,0,1,1,"also_asks, Thumbnail, Sitelinks",https://220volt.com.ua/nasos/motopompi/proizvoditelnost2_do-30/,FALSE,FALSE,FALSE,FALSE,FALSE,FALSE
солнечная 40,10,1,1,1,"Thumbnail, Local pack, Sitelinks, snip_image_thumbnail",https://220volt.com.ua/setevaya-solnechnaya-stantsiya-40-kvt-220volt/,FALSE,FALSE,FALSE,FALSE,FALSE,FALSE
бензогенератор хитачи,10,3,1,1,"Thumbnail, Sitelinks",https://220volt.com.ua/generatory/hitachii/,FALSE,FALSE,FALSE,FALSE,FALSE,FALSE
генераторы sdmo инструкция,10,1,1,1,"AI Overview, Sitelinks",https://220volt.com.ua/storage/catalog_products/127324/instruction/738.pdf,FALSE,FALSE,FALSE,FALSE,FALSE,FALSE
запчасти для реле давления,10,0,1,1,"Thumbnail, Sitelinks",https://220volt.com.ua/nasos/komplektuyushchie-dlya-vodosnabzheniya-i-vodootvedeniya.htm,FALSE,FALSE,FALSE,FALSE,FALSE,FALSE
пускатель электромагнитный купить,10,10,1,1,"related_search, Sitelinks",https://220volt.com.ua/elektrika-i-svet/nizkovoltnoe-oborudovanie/puskateli-kontaktori/puskateli.htm,FALSE,TRUE,FALSE,FALSE,FALSE,TRUE
купить online ибп,10,9,1,1,"related_search, Thumbnail, Sitelinks",https://220volt.com.ua/istochniki-besperebojnogo-pitaniya/typearhetekturi_neprerivnogo-dejstviya/,FALSE,TRUE,FALSE,FALSE,FALSE,TRUE
72738,10,1,1,1,"Thumbnail, Sitelinks, snip_image_thumbnail",https://220volt.com.ua/avtomaticheskij-viklyuchatel-eaton-moeller-pkzm0-6-3-072738/,FALSE,FALSE,FALSE,FALSE,FALSE,FALSE
источник бесперебойного питания 3000 va,10,7,1,1,"Thumbnail, also_asks, related_search, Sitelinks",https://220volt.com.ua/istochniki-besperebojnogo-pitaniya/fullpower_ibp_1001-3000/,FALSE,FALSE,FALSE,FALSE,FALSE,FALSE
forte fgd6500e3 инструкция по эксплуатации,10,1,1,1,"Thumbnail, Sitelinks",https://220volt.com.ua/storage/catalog_products/127597/instruction/738.pdf,FALSE,FALSE,FALSE,FALSE,FALSE,FALSE
rt1270 12v7 0ah 20hr,10,1,1,1,"Thumbnail, shopping_top, related_search, Sitelinks",https://220volt.com.ua/akkumulyatornaya-batareya-ritar-rt1270-12v-7-0ah/,FALSE,FALSE,FALSE,FALSE,FALSE,FALSE
293123,10,1,1,1,"Thumbnail, Sitelinks, snip_image_thumbnail",https://220volt.com.ua/avtomaticheskij-viklyuchatel-eaton-moeller-pl4-c10-1-293123/,FALSE,FALSE,FALSE,FALSE,FALSE,FALSE
csb gp1245 f2,10,1,1,1,"Thumbnail, Sitelinks",https://220volt.com.ua/akkumulyatornaya-batareya-csb-gp1245-0/,FALSE,FALSE,FALSE,FALSE,FALSE,FALSE
dg12 200,10,0,1,1,"Sitelinks, snip_image_thumbnail",https://220volt.com.ua/akkumulyatornaya-batareya-ritar-dg12-200-12v-200ah-2185/,FALSE,FALSE,FALSE,FALSE,FALSE,FALSE
wow300,10,1,1,1,Sitelinks,https://220volt.com.ua/ibp-powercom-wow-300/,FALSE,FALSE,FALSE,FALSE,FALSE,FALSE
crown cmu 500,10,0,1,1,"Thumbnail, Sitelinks",https://220volt.com.ua/ibp-crown-cmu-500-euro/,FALSE,FALSE,FALSE,FALSE,FALSE,FALSE
источник бесперебойного питания 1000,10,18,1,1,"AI Overview, related_search, Sitelinks, snip_image_thumbnail",https://220volt.com.ua/istochniki-besperebojnogo-pitaniya/fullpower_ibp_501-1000/,FALSE,FALSE,FALSE,FALSE,FALSE,FALSE
бесперебойник 3000,10,6,1,1,"related_search, Thumbnail, Sitelinks",https://220volt.com.ua/istochniki-besperebojnogo-pitaniya/fullpower_ibp_1001-3000/,FALSE,FALSE,FALSE,FALSE,FALSE,FALSE
зависимость емкости аккумулятора от напряжения,10,2,1,1,"related_search, Thumbnail, also_asks, Sitelinks",https://220volt.com.ua/news/chto-takoe-emkost-akkumulyatora-metodika-ee-rascheta/,FALSE,FALSE,FALSE,FALSE,FALSE,FALSE
сайт магазина 220 вольт,10,21,1,1,"related_search, also_asks, Sitelinks, snip_sitelinks",https://220volt.com.ua/,FALSE,TRUE,TRUE,FALSE,FALSE,FALSE
пускатель 10а,10,1,1,1,"Thumbnail, Sitelinks",https://220volt.com.ua/magnitnij-puskatel-etal-pml-1101b-10a-380v/,FALSE,FALSE,FALSE,FALSE,FALSE,FALSE
реле давления для скважинного насоса купить,10,27,1,1,"also_asks, Thumbnail, related_search, Sitelinks",https://220volt.com.ua/nasos/komplektuyushchie-dlya-vodosnabzheniya-i-vodootvedeniya/tip_kompl_nasos_rele-davleniya/,FALSE,TRUE,FALSE,FALSE,FALSE,TRUE
huawei sun2000 600w p,10,1,1,1,"Thumbnail, Sitelinks",https://220volt.com.ua/optimizator_moshhnosti_huawei_sun2000_600w/,FALSE,FALSE,FALSE,FALSE,FALSE,FALSE
swt 80hx,10,0,1,1,Sitelinks,https://220volt.com.ua/ua/motopompa-daishin-swt-80hx/,FALSE,FALSE,FALSE,FALSE,FALSE,FALSE
батарея для ippon back power pro 600,10,1,1,1,"Thumbnail, Sitelinks, snip_image_thumbnail",https://220volt.com.ua/ibp-ippon-new-back-power-pro-600/,FALSE,FALSE,FALSE,FALSE,FALSE,FALSE
чат 1000,10,0,1,1,"Thumbnail, Sitelinks",https://220volt.com.ua/stabilizator-napryazheniya-elim-ukraina-chat-1000/,FALSE,FALSE,FALSE,FALSE,FALSE,FALSE
маломощный генератор,10,26,1,1,"related_search, also_asks, Video preview, AI Overview, Sitelinks",https://220volt.com.ua/generatory/tip_ustanovki_portativnie/,FALSE,FALSE,FALSE,FALSE,FALSE,FALSE
бензиновый генератор портативный,10,12,1,1,"related_search, Thumbnail, also_asks, Sitelinks",https://220volt.com.ua/generatory/tip_ustanovki_portativnie/,FALSE,FALSE,FALSE,FALSE,FALSE,FALSE
011h1800,10,0,1,1,"Thumbnail, Sitelinks, snip_image_thumbnail",https://220volt.com.ua/ua/nasos-drenazhnij-grundfos-kp-150-a-1/,FALSE,FALSE,FALSE,FALSE,FALSE,FALSE
фильтр для гидрофора,10,4,1,1,"Thumbnail, Video preview, also_asks, related_search, Sitelinks",https://220volt.com.ua/nasos/komplektuyushchie-dlya-vodosnabzheniya-i-vodootvedeniya/tip_kompl_nasos_filtra/,FALSE,FALSE,FALSE,FALSE,FALSE,FALSE
переносные генераторы цены,10,8,1,1,"also_asks, related_search, Thumbnail, Sitelinks",https://220volt.com.ua/generatory/tip_ustanovki_portativnie/,FALSE,FALSE,FALSE,FALSE,FALSE,FALSE
sdmo t22,10,0,1,1,"Thumbnail, Sitelinks",https://220volt.com.ua/generator-dizel-nij-sdmo-pacific-t22-k/,FALSE,FALSE,FALSE,FALSE,FALSE,FALSE
электрогенератор портативный,10,11,1,1,"Thumbnail, related_search, also_asks, Sitelinks",https://220volt.com.ua/generatory/tip_ustanovki_portativnie/,FALSE,FALSE,FALSE,FALSE,FALSE,FALSE
str 2000,10,0,1,1,"Thumbnail, Sitelinks, snip_image_thumbnail",https://220volt.com.ua/ua/stabilizator-napryazheniya-strum-str-2000/,FALSE,FALSE,FALSE,FALSE,FALSE,FALSE
schneider electric easy9 c16,10,1,1,1,"Thumbnail, Sitelinks",https://220volt.com.ua/avtomaticheskij-viklyuchatel-schneider-electric-easy9-1p-16a-har-ka-c-4-5ka-ez9f34116/,FALSE,FALSE,FALSE,FALSE,FALSE,FALSE
реле включения по напряжению,10,17,1,1,"Thumbnail, related_search, shopping_rhs, also_asks, Sitelinks, snip_image_thumbnail",https://220volt.com.ua/elektrika-i-svet/nizkovoltnoe-oborudovanie/rele-tajmeri-fotokontrolleri/rele/rele_kontrolya_napryajeniya.htm,FALSE,FALSE,FALSE,FALSE,FALSE,FALSE
moeller pkzmo,10,1,1,1,"Thumbnail, Sitelinks, snip_image_thumbnail",https://220volt.com.ua/avtomaticheskij-viklyuchatel-eaton-moeller-pkzm0-4-072737/,FALSE,FALSE,FALSE,FALSE,FALSE,FALSE
glendale gp6500l gee,10,1,1,1,"Thumbnail, Sitelinks, snip_image_thumbnail",https://220volt.com.ua/ua/generator-benzinovij-glendale-gp6500l-gee-1-0/,FALSE,FALSE,FALSE,FALSE,FALSE,FALSE
kstar ubr20l,10,1,1,1,"Thumbnail, Sitelinks, snip_image_thumbnail",https://220volt.com.ua/ibp-kstar-ubr20l/,FALSE,FALSE,FALSE,FALSE,FALSE,FALSE
реле времени на отключение 220в,10,11,1,1,"related_search, also_asks, Thumbnail, Sitelinks",https://220volt.com.ua/elektrika-i-svet/nizkovoltnoe-oborudovanie/rele-tajmeri-fotokontrolleri/rele/rele_vremeni.htm,FALSE,FALSE,FALSE,FALSE,FALSE,FALSE
ups elektrik,10,1,1,1,"also_asks, Sitelinks, snip_image_thumbnail",https://220volt.com.ua/istochniki-besperebojnogo-pitaniya/lorenz_electric/,FALSE,FALSE,FALSE,FALSE,FALSE,FALSE
купить переносной генератор,10,16,1,1,"related_search, Local pack, Sitelinks",https://220volt.com.ua/generatory/tip_ustanovki_portativnie/,FALSE,TRUE,FALSE,FALSE,FALSE,TRUE
система автоматического запуска генератора,10,13,1,1,"Video preview, Thumbnail, related_search, also_asks, AI Overview, Sitelinks, snip_image_thumbnail, snip_fqdn_in_aio",https://220volt.com.ua/avtomaticheskij-zapusk-generatora.htm,FALSE,FALSE,FALSE,FALSE,FALSE,FALSE
eaton c50,10,1,1,1,"Thumbnail, shopping_rhs, Sitelinks, snip_image_thumbnail",https://220volt.com.ua/avtomaticheskij-viklyuchatel-eaton-moeller-pl6-c50-3-286606/,FALSE,FALSE,FALSE,FALSE,FALSE,FALSE
glendale gp6500l gee 1,10,1,1,1,"Thumbnail, Sitelinks, snip_image_thumbnail",https://220volt.com.ua/ua/generator-benzinovij-glendale-gp6500l-gee-1-0/,FALSE,FALSE,FALSE,FALSE,FALSE,FALSE
стабилизатор напряжения асн-300 н,10,3,1,1,"a_box_fsnippet, related_search, Thumbnail, Video preview, Sitelinks, snip_featured, snip_image_thumbnail",https://220volt.com.ua/stabilizator-napryazheniya-lvt-asn-300-n/,FALSE,FALSE,FALSE,FALSE,FALSE,FALSE
psw ep1500wm12,10,1,1,1,"Thumbnail, Sitelinks, snip_image_thumbnail",https://220volt.com.ua/ibp-europower-psw-ep1500wm12-14825/,FALSE,FALSE,FALSE,FALSE,FALSE,FALSE
стоимость гелевого аккумулятора,10,42,1,1,"also_asks, related_search, Sitelinks",https://220volt.com.ua/akkumulatornie-batarei/tip_elementa_gelevie/,FALSE,FALSE,FALSE,FALSE,FALSE,FALSE
аккумулятор hr 1221w f2,10,2,1,1,"also_asks, Sitelinks",https://220volt.com.ua/akkumulyatornaya-batareya-csb-hr1221wf2/,FALSE,FALSE,FALSE,FALSE,FALSE,FALSE
какое узо выбрать для квартиры,10,2,1,1,"also_asks, Thumbnail, related_search, a_box_fsnippet, Sitelinks, snip_featured",https://220volt.com.ua/news/kak-vibrat-uzo/,FALSE,FALSE,FALSE,FALSE,FALSE,FALSE
генераторы бензиновые переносные,10,5,1,1,"Thumbnail, related_search, also_asks, Sitelinks",https://220volt.com.ua/generatory/tip_ustanovki_portativnie/,FALSE,FALSE,FALSE,FALSE,FALSE,FALSE
купить портативный бензиновый генератор,10,14,1,1,"related_search, Thumbnail, Sitelinks",https://220volt.com.ua/generatory/tip_ustanovki_portativnie/,FALSE,TRUE,FALSE,FALSE,FALSE,TRUE
стоимость реле давления,10,24,1,1,"related_search, also_asks, Thumbnail, Sitelinks",https://220volt.com.ua/nasos/komplektuyushchie-dlya-vodosnabzheniya-i-vodootvedeniya/tip_kompl_nasos_rele-davleniya/,FALSE,FALSE,FALSE,FALSE,FALSE,FALSE
реле контроля напряжения новатек,10,3,1,1,"also_asks, related_search, Sitelinks, snip_image_thumbnail",https://220volt.com.ua/elektrika-i-svet/nizkovoltnoe-oborudovanie/rele-tajmeri-fotokontrolleri/rele/rele_kontrolya_napryajeniya/novatek/,FALSE,FALSE,FALSE,FALSE,FALSE,FALSE
220 вольт магазин киев,10,21,1,1,"kn_graph_local, related_search, Sitelinks, snip_sitelinks",https://220volt.com.ua/,FALSE,TRUE,FALSE,FALSE,FALSE,FALSE
10 ампер часов,10,6,1,1,"related_search, Thumbnail, also_asks, Sitelinks",https://220volt.com.ua/akkumulatornie-batarei/emkost_ab_block_10/,FALSE,FALSE,FALSE,FALSE,FALSE,FALSE
пускатель 24в переменного тока,10,1,1,1,"also_asks, Thumbnail, Sitelinks",https://220volt.com.ua/elektrika-i-svet/nizkovoltnoe-oborudovanie/puskateli-kontaktori/puskateli/napr_katushki_kont_i_puskateli_24/,FALSE,FALSE,FALSE,FALSE,FALSE,FALSE
пускатель 220,10,2,1,1,"related_search, also_asks, Thumbnail, Sitelinks, snip_image_thumbnail",https://220volt.com.ua/elektrika-i-svet/nizkovoltnoe-oborudovanie/puskateli-kontaktori/puskateli.htm,FALSE,FALSE,FALSE,FALSE,FALSE,FALSE
генератор huter 6500,10,1,1,1,"also_asks, Thumbnail, related_search, Sitelinks",https://220volt.com.ua/generator-benzinovij-huter-dy-6500-lxs/,FALSE,FALSE,FALSE,FALSE,FALSE,FALSE
agt 7501 hsb,10,0,1,1,"Thumbnail, Sitelinks",https://220volt.com.ua/generator-benzinovij-agt-7501-hsb-r26/,FALSE,FALSE,FALSE,FALSE,FALSE,FALSE
электромагнитный пускатель 220в,10,3,1,1,"also_asks, related_search, Thumbnail, Sitelinks",https://220volt.com.ua/elektrika-i-svet/nizkovoltnoe-oborudovanie/puskateli-kontaktori/puskateli.htm,FALSE,FALSE,FALSE,FALSE,FALSE,FALSE
matari md30,10,1,1,1,"Thumbnail, Sitelinks",https://220volt.com.ua/ua/generator-dizel-nij-matari-md30/,FALSE,FALSE,FALSE,FALSE,FALSE,FALSE
купить генератор для дома киев,10,35,1,1,"related_search, Local pack, Thumbnail, Sitelinks",https://220volt.com.ua/generatory.htm,FALSE,TRUE,FALSE,FALSE,FALSE,TRUE
skylla tg 24 50,10,1,1,1,"Thumbnail, Sitelinks",https://220volt.com.ua/zaryadnoe-ustrojstvo-victron-energy-skylla-tg-24-50-1-1/,FALSE,FALSE,FALSE,FALSE,FALSE,FALSE
forte fg2500,10,1,1,1,"Thumbnail, related_search, Sitelinks, snip_image_thumbnail",https://220volt.com.ua/generator-benzinovij-forte-fg2500/,FALSE,FALSE,FALSE,FALSE,FALSE,FALSE
huter 950,10,0,1,1,"Thumbnail, also_asks, Sitelinks",https://220volt.com.ua/generator-benzinovij-huter-ht-950-a/,FALSE,FALSE,FALSE,FALSE,FALSE,FALSE
бесперебойник для котла 500 вт,10,12,1,1,"related_search, Thumbnail, also_asks, shopping_top, Sitelinks, snip_image_thumbnail",https://220volt.com.ua/istochniki-besperebojnogo-pitaniya/fullpower_ibp_do-500/,FALSE,FALSE,FALSE,FALSE,FALSE,FALSE
бесперебойник форте,10,6,1,1,Sitelinks,https://220volt.com.ua/istochniki-besperebojnogo-pitaniya/fort/,FALSE,FALSE,FALSE,FALSE,FALSE,FALSE
реле давления воды купить в украине,10,18,1,1,"Thumbnail, related_search, Sitelinks",https://220volt.com.ua/nasos/komplektuyushchie-dlya-vodosnabzheniya-i-vodootvedeniya/tip_kompl_nasos_rele-davleniya/,FALSE,TRUE,FALSE,FALSE,FALSE,TRUE
генератор stark 2500 eco,10,1,1,1,"Thumbnail, Sitelinks",https://220volt.com.ua/generator-benzinovij-stark-2500-eco/,FALSE,FALSE,FALSE,FALSE,FALSE,FALSE
eaton c32,10,0,1,1,"Thumbnail, Sitelinks, snip_image_thumbnail",https://220volt.com.ua/avtomaticheskij-viklyuchatel-eaton-moeller-pl6-c32-3-286604/,FALSE,FALSE,FALSE,FALSE,FALSE,FALSE
class 12a,10,0,1,1,"Thumbnail, AI Overview, Sitelinks",https://220volt.com.ua/zaryadnoe-ustrojstvo-deca-class-12a/,FALSE,FALSE,FALSE,FALSE,FALSE,FALSE
eaton pkzm4 50,10,1,1,1,"Thumbnail, Sitelinks, snip_image_thumbnail",https://220volt.com.ua/avtomaticheskij-viklyuchatel-eaton-moeller-pkzm4-50-222355/,FALSE,FALSE,FALSE,FALSE,FALSE,FALSE
stark country 5000 inv,10,1,1,1,"Thumbnail, Sitelinks",https://220volt.com.ua/ibp-stark-country-5000-inv-mppt/,FALSE,FALSE,FALSE,FALSE,FALSE,FALSE
huter 1000,10,1,1,1,"also_asks, Thumbnail, Sitelinks",https://220volt.com.ua/generator-benzinovij-huter-ht-1000-l/,FALSE,FALSE,FALSE,FALSE,FALSE,FALSE
watomo se 250 level,10,1,1,1,"Thumbnail, Sitelinks",https://220volt.com.ua/ua/nasos-drenazhnij-watomo-se-250-level/,FALSE,FALSE,FALSE,FALSE,FALSE,FALSE
аккумулятор 307 6 купить,10,2,1,1,"related_search, also_asks, Sitelinks",https://220volt.com.ua/akkumulatornie-batarei/napryagenie_batarei_block_307/,FALSE,TRUE,FALSE,FALSE,FALSE,TRUE
источник бесперебойного питания 6000 ва,10,2,1,1,"related_search, Thumbnail, Sitelinks",https://220volt.com.ua/istochniki-besperebojnogo-pitaniya/fullpower_ibp_3001-6000/,FALSE,FALSE,FALSE,FALSE,FALSE,FALSE
бензиновый генератор huter dy3000lx,10,1,1,1,"Thumbnail, Sitelinks",https://220volt.com.ua/generator-benzinovij-huter-dy-3000-lx/,FALSE,FALSE,FALSE,FALSE,FALSE,FALSE
реле контроля напряжения рн-s-40а,10,0,1,1,"Thumbnail, Sitelinks",https://220volt.com.ua/rele-kontrolya-napryazheniya-asko-rn-s-40a-super/,FALSE,FALSE,FALSE,FALSE,FALSE,FALSE
стабилизатор напряжения сети 220в,10,10,1,1,"also_asks, Thumbnail, related_search, Sitelinks",https://220volt.com.ua/stabilizator/phases_stab_odnofaznie/,FALSE,FALSE,FALSE,FALSE,FALSE,FALSE
riello sdl 3300,10,1,1,1,"Thumbnail, Sitelinks",https://220volt.com.ua/ua/ibp-riello-sdl-3300/,FALSE,FALSE,FALSE,FALSE,FALSE,FALSE
проточное реле давления для воды,10,3,1,1,"related_search, Thumbnail, Sitelinks",https://220volt.com.ua/nasos/komplektuyushchie-dlya-vodosnabzheniya-i-vodootvedeniya/tip_kompl_nasos_rele_protoka__zashchita_ot_suhogo_hoda/,FALSE,FALSE,FALSE,FALSE,FALSE,FALSE
хитачи е 57,10,1,1,1,"Thumbnail, Sitelinks",https://220volt.com.ua/generator-benzinovij-hitachi-e57s/,FALSE,FALSE,FALSE,FALSE,FALSE,FALSE
hr 1234w f2 цена,10,5,1,1,"Thumbnail, also_asks, Sitelinks",https://220volt.com.ua/akkumulyatornaya-batareya-csb-hr1234wf2/,FALSE,TRUE,FALSE,FALSE,FALSE,TRUE
tayo orange,10,0,1,1,"Thumbnail, Sitelinks",https://220volt.com.ua/generator-benzinovij-tayo-ty3800aw-orange/,FALSE,FALSE,FALSE,FALSE,FALSE,FALSE
c20 1,10,0,1,1,"Thumbnail, Sitelinks",https://220volt.com.ua/ua/avtomaticheskij-viklyuchatel-eaton-moeller-pl6-c20-1/,FALSE,FALSE,FALSE,FALSE,FALSE,FALSE
220volt интернет магазин,10,10,1,1,"related_search, Thumbnail, Sitelinks",https://220volt.com.ua/ua/,TRUE,TRUE,TRUE,FALSE,FALSE,FALSE
лестничный автомат,10,1,1,1,"Thumbnail, Sitelinks, snip_image_thumbnail",https://220volt.com.ua/elektrika-i-svet/nizkovoltnoe-oborudovanie/rele-tajmeri-fotokontrolleri/upravlenie-osveshcheniem-regulyatori-fotokontrolleri/vid_lestnichnie-avtomati/,FALSE,FALSE,FALSE,FALSE,FALSE,FALSE
fronius 5 kw inverter,10,1,1,1,"related_search, Thumbnail, Sitelinks, snip_image_thumbnail",https://220volt.com.ua/invertor-fronius-primo-5-0-1/,FALSE,FALSE,FALSE,FALSE,FALSE,FALSE
yuasa swl 1100,10,1,1,1,"Thumbnail, Sitelinks",https://220volt.com.ua/ua/akkumulyatornaya-batareya-yuasa-swl-1100/,FALSE,FALSE,FALSE,FALSE,FALSE,FALSE
реле повышенного напряжения,10,37,1,1,"Thumbnail, related_search, also_asks, Sitelinks, snip_image_thumbnail",https://220volt.com.ua/elektrika-i-svet/nizkovoltnoe-oborudovanie/rele-tajmeri-fotokontrolleri/rele/rele_kontrolya_napryajeniya.htm,FALSE,FALSE,FALSE,FALSE,FALSE,FALSE
клапан электромагнитный ceme,10,1,1,1,"Thumbnail, Sitelinks",https://220volt.com.ua/nasos/elektromagnitnie-klapani/ceme/,FALSE,FALSE,FALSE,FALSE,FALSE,FALSE
gp7500l gee,10,0,1,1,"Thumbnail, Sitelinks",https://220volt.com.ua/generator-benzinovij-glendale-gp7500l-gee-3-0/,FALSE,FALSE,FALSE,FALSE,FALSE,FALSE
ups eaton 5130,10,1,1,1,"Thumbnail, Sitelinks, snip_image_thumbnail",https://220volt.com.ua/ibp-eaton-5130-3000-va/,FALSE,FALSE,FALSE,FALSE,FALSE,FALSE
выпрямитель тока 220 вольт,10,12,1,1,"related_search, also_asks, Thumbnail, Sitelinks",https://220volt.com.ua/stabilizator/phases_stab_odnofaznie/,FALSE,FALSE,FALSE,FALSE,FALSE,FALSE
пускатели и контакторы,10,1,1,1,"related_search, Video preview, Thumbnail, also_asks, AI Overview, Sitelinks, snip_fqdn_in_aio",https://220volt.com.ua/elektrika-i-svet/nizkovoltnoe-oborudovanie/puskateli-kontaktori/puskateli.htm,FALSE,FALSE,FALSE,FALSE,FALSE,FALSE
електрогенератор купити київ ціна,10,13,1,1,"Thumbnail, related_search, Sitelinks",https://220volt.com.ua/ua/generatory.htm,FALSE,TRUE,FALSE,FALSE,FALSE,TRUE
challenger lf48 100,10,1,1,1,"Video preview, Thumbnail, Sitelinks",https://220volt.com.ua/ua/akkumulyatornaya-batareya-challenger-lf48-100/,FALSE,FALSE,FALSE,FALSE,FALSE,FALSE
nik dg 6000,10,1,1,1,"Thumbnail, Sitelinks",https://220volt.com.ua/generator-dizel-nij-nik-dg6000/,FALSE,FALSE,FALSE,FALSE,FALSE,FALSE
ups стоечный,10,2,1,1,Sitelinks,https://220volt.com.ua/istochniki-besperebojnogo-pitaniya/typeispolnenia_montiruemij-v-stojku/,FALSE,FALSE,FALSE,FALSE,FALSE,FALSE
соларни панели 400w цена,10,1,1,1,"AI Overview, related_search, Sitelinks, snip_image_thumbnail, snip_url_in_aio, snip_fqdn_in_aio",https://220volt.com.ua/ua/solnechnaya-energetika/solnechnye-paneli-batarei/moshn_fot_mod_400/,FALSE,TRUE,FALSE,FALSE,FALSE,TRUE
moeller pl6,10,1,1,1,"related_search, Sitelinks",https://220volt.com.ua/ua/avtomaticheskij-viklyuchatel-eaton-moeller-pl6-c16-1/,FALSE,FALSE,FALSE,FALSE,FALSE,FALSE
бензогенератор forte fg2500,10,1,1,1,"Thumbnail, Sitelinks",https://220volt.com.ua/generator-benzinovij-forte-fg2500/,FALSE,FALSE,FALSE,FALSE,FALSE,FALSE
powercom vgd 1000 rm 2u,10,0,1,1,"Thumbnail, Sitelinks",https://220volt.com.ua/ua/ibp-powercom-vgd-1000-rm-2u/,FALSE,FALSE,FALSE,FALSE,FALSE,FALSE
fh r,10,1,1,1,"Thumbnail, Sitelinks",https://220volt.com.ua/generator-benzinovij-fogo-fh-4001-r/,FALSE,FALSE,FALSE,FALSE,FALSE,FALSE
купить готовую солнечную электростанцию,10,22,1,1,"also_asks, Thumbnail, related_search, Sitelinks",https://220volt.com.ua/solnechnaya-energetika/solnechnye-elektrostantsii.htm,FALSE,TRUE,FALSE,FALSE,FALSE,TRUE
genmac click rg4000ho,10,0,1,1,"Thumbnail, Sitelinks",https://220volt.com.ua/ua/generator-benzinovij-genmac-click-rg4000ho/,FALSE,FALSE,FALSE,FALSE,FALSE,FALSE
fronius inverter price,10,2,1,1,"related_search, also_asks, Thumbnail, Sitelinks",https://220volt.com.ua/solnechnaya-energetika/solnechnye-invertory/fronius/,FALSE,FALSE,FALSE,FALSE,FALSE,TRUE
ritar 12v 200ah,10,0,1,1,"Thumbnail, Sitelinks",https://220volt.com.ua/ua/akkumulyatornaya-batareya-ritar-dc12-200-12v-200ah/,FALSE,FALSE,FALSE,FALSE,FALSE,FALSE
vst 1500,10,0,1,1,"Thumbnail, Sitelinks",https://220volt.com.ua/ua/ibp-riello-vst-1500/,FALSE,FALSE,FALSE,FALSE,TRUE,FALSE
ибп ippon smart winner ii 1500,10,1,1,1,"related_search, Sitelinks",https://220volt.com.ua/ibp-ippon-smart-winner-1500/,FALSE,FALSE,FALSE,FALSE,FALSE,FALSE
ups для компьютера цена,10,25,1,1,"Thumbnail, also_asks, a_box_fsnippet, related_search, Sitelinks, snip_featured",https://220volt.com.ua/istochniki-besperebojnogo-pitaniya/opt_reshenie_ibp_kompyutera/,FALSE,TRUE,FALSE,FALSE,FALSE,TRUE
компания 220 вольт,10,1,1,1,"Thumbnail, Local pack, related_search, also_asks, Sitelinks",https://220volt.com.ua/,FALSE,FALSE,FALSE,FALSE,FALSE,FALSE
частотный преобразователь 50 квт,10,1,1,1,"Thumbnail, Sitelinks",https://220volt.com.ua/preobrazovateli_chastoty_ustr_plavnogo_puska/preobrazovateli-chastoti/moshnost_chastotnika_50_1-100-kvt/,FALSE,FALSE,FALSE,FALSE,FALSE,FALSE
генератор хитачи цена,10,3,1,1,"Thumbnail, related_search, a_box_fsnippet, also_asks, Sitelinks, snip_featured",https://220volt.com.ua/generatory/hitachii/,FALSE,TRUE,FALSE,FALSE,FALSE,TRUE
насос водолей купить киев,10,27,1,1,"related_search, Local pack, Thumbnail, Sitelinks, snip_image_thumbnail",https://220volt.com.ua/nasos/nasosi-dlya-vodosnabzheniya/skvazhinnie-nasosi/vodolej/,FALSE,TRUE,FALSE,FALSE,FALSE,TRUE
дизельный генератор gesan,10,1,1,1,"also_asks, Thumbnail, Sitelinks",https://220volt.com.ua/generator-dizel-nij-gesan-dpbs-50-e-me/,FALSE,FALSE,FALSE,FALSE,FALSE,FALSE
ups 10000va,10,0,1,1,"AI Overview, Sitelinks, snip_fqdn_in_aio",https://220volt.com.ua/istochniki-besperebojnogo-pitaniya/fullpower_ibp_6001-10000/,FALSE,FALSE,FALSE,FALSE,FALSE,FALSE
yuasa 12v 36w,10,1,1,1,"Thumbnail, Sitelinks, snip_image_thumbnail",https://220volt.com.ua/ua/akkumulyatornaya-batareya-yuasa-npw36-12-06366/,FALSE,FALSE,FALSE,FALSE,FALSE,FALSE
стабілізатори напруги релейного типу,10,3,1,1,"related_search, Video preview, AI Overview, also_asks, Sitelinks, snip_image_thumbnail, snip_url_in_aio, snip_fqdn_in_aio",https://220volt.com.ua/ua/stabilizator/control_relejnie/,FALSE,FALSE,FALSE,FALSE,FALSE,FALSE
мобильная электростанция купить,10,13,1,1,"Local pack, also_asks, related_search, Thumbnail, Sitelinks",https://220volt.com.ua/portativnye-zaryadnye-stantsii/portativnye-elektrostantsii.htm,FALSE,TRUE,FALSE,FALSE,FALSE,TRUE
управляющее реле 220в,10,7,1,1,"related_search, Thumbnail, also_asks, Sitelinks",https://220volt.com.ua/elektrika-i-svet/nizkovoltnoe-oborudovanie/rele-tajmeri-fotokontrolleri/rele/promejutochnie_rele.htm,FALSE,FALSE,FALSE,FALSE,FALSE,FALSE
norma 20,10,0,1,1,"Thumbnail, Sitelinks",https://220volt.com.ua/stabilizator-napryazheniya-ukrtehnologiya-norma-20000-exslusive/,FALSE,FALSE,FALSE,FALSE,FALSE,FALSE
ippon smart power pro 1000 купить,10,1,1,1,"Thumbnail, AI Overview, also_asks, Sitelinks, snip_image_thumbnail, snip_url_in_aio, snip_fqdn_in_aio",https://220volt.com.ua/ibp-ippon-smart-power-pro-1000/,FALSE,TRUE,FALSE,FALSE,FALSE,TRUE
stv 50x,10,0,1,1,"Thumbnail, Sitelinks",https://220volt.com.ua/motopompa-koshin-stv-50x/,FALSE,FALSE,FALSE,FALSE,FALSE,FALSE
stark power line,10,1,1,1,"Thumbnail, Sitelinks",https://220volt.com.ua/generator-benzinovij-stark-psg-6500el-profi/,FALSE,FALSE,FALSE,FALSE,FALSE,FALSE
ибп ippon 1000,10,1,1,1,"Video preview, Thumbnail, Sitelinks, snip_image_thumbnail",https://220volt.com.ua/ibp-ippon-smart-power-pro-1000/,FALSE,FALSE,FALSE,FALSE,FALSE,FALSE
matari mi 3000,10,1,1,1,"Sitelinks, snip_image_thumbnail",https://220volt.com.ua/ua/generator-invertornij-matari-mi3000/,FALSE,FALSE,FALSE,FALSE,FALSE,FALSE
зубр 220,10,1,1,1,"related_search, also_asks, Thumbnail, Sitelinks",https://220volt.com.ua/elektrika-i-svet/nizkovoltnoe-oborudovanie/rele-tajmeri-fotokontrolleri/rele/rele_kontrolya_napryajeniya/zubr/,FALSE,FALSE,FALSE,FALSE,FALSE,FALSE
переносной генератор купить,10,14,1,1,"also_asks, related_search, Local pack, Thumbnail, Sitelinks",https://220volt.com.ua/generatory/tip_ustanovki_portativnie/,FALSE,TRUE,FALSE,FALSE,FALSE,TRUE
элим бесперебойник,10,2,1,1,"related_search, Thumbnail, Sitelinks",https://220volt.com.ua/istochniki-besperebojnogo-pitaniya/elim-ukraina/,FALSE,FALSE,FALSE,FALSE,FALSE,FALSE
рубильник электрический цена,10,9,1,1,"also_asks, related_search, Thumbnail, Sitelinks",https://220volt.com.ua/elektrika-i-svet/nizkovoltnoe-oborudovanie/rubilniki.htm,FALSE,TRUE,FALSE,FALSE,FALSE,TRUE
powered by q,10,1,1,1,"Thumbnail, Sitelinks",https://220volt.com.ua/information/proizvoditeli/q-power/,FALSE,FALSE,FALSE,FALSE,FALSE,FALSE
loncin lc 3500 as,10,1,1,1,"related_search, Video preview, Sitelinks",https://220volt.com.ua/ua/generator-benzinovij-loncin-lc-3500-as/,FALSE,FALSE,FALSE,FALSE,FALSE,FALSE
vh 2000,10,1,1,1,"Thumbnail, Sitelinks",https://220volt.com.ua/ua/ibp-general-electric-vh-2000/,FALSE,FALSE,FALSE,FALSE,FALSE,FALSE
online бесперебойник,10,11,1,1,"Video preview, also_asks, related_search, Sitelinks",https://220volt.com.ua/istochniki-besperebojnogo-pitaniya/typearhetekturi_neprerivnogo-dejstviya/,FALSE,FALSE,FALSE,FALSE,FALSE,FALSE
psw epb500tw12,10,1,1,1,"Thumbnail, Sitelinks, snip_image_thumbnail",https://220volt.com.ua/ibp-europower-psw-epb500tw12-14820/,FALSE,FALSE,FALSE,FALSE,FALSE,FALSE
погружной насос 10 м3 час,10,1,1,1,"also_asks, Thumbnail, shopping_rhs, Sitelinks",https://220volt.com.ua/nasos/nasosi-dlya-vodosnabzheniya/skvazhinnie-nasosi/proizvod_nas_5_1-10/,FALSE,FALSE,FALSE,FALSE,FALSE,FALSE
реле давления станции,10,27,1,1,"Video preview, Thumbnail, also_asks, related_search, Sitelinks, snip_image_thumbnail",https://220volt.com.ua/nasos/komplektuyushchie-dlya-vodosnabzheniya-i-vodootvedeniya/tip_kompl_nasos_rele-davleniya/,FALSE,FALSE,FALSE,FALSE,FALSE,FALSE
аккумулятор gp 1272,10,9,1,1,"related_search, Sitelinks",https://220volt.com.ua/akkumulyatornaya-batareya-csb-gp1272f2/,FALSE,FALSE,FALSE,FALSE,FALSE,FALSE
ups eaton 1100va,10,1,1,1,"Thumbnail, Sitelinks",https://220volt.com.ua/ibp-eaton-5e1100iusb-1100-va/,FALSE,FALSE,FALSE,FALSE,FALSE,FALSE
отопление по полу,10,5,1,1,"related_search, also_asks, a_box_fsnippet, Sitelinks, snip_featured, snip_image_thumbnail",https://220volt.com.ua/news/kak-rabotaet-teplyj-pol-vse-chto-nuzhno-znat-o-sovremennoj-sisteme-otopleniya/,FALSE,FALSE,FALSE,FALSE,FALSE,FALSE
sdmo sh 7500 t,10,1,1,1,"Thumbnail, related_search, Sitelinks",https://220volt.com.ua/generator-benzinovij-sdmo-sh-7500-t/,FALSE,FALSE,FALSE,FALSE,FALSE,FALSE
электрогенератор 4 тактный,10,5,1,1,"Thumbnail, related_search, also_asks, Sitelinks",https://220volt.com.ua/generatory/tip_dvigatelya_generatora_takt_4-taktnye/,FALSE,FALSE,FALSE,FALSE,FALSE,FALSE
12 7 2002,10,1,1,1,"also_asks, Thumbnail, Sitelinks, snip_image_thumbnail",https://220volt.com.ua/akkumulyatornaya-batareya-ventura-gp-12-7-2/,FALSE,FALSE,FALSE,FALSE,FALSE,FALSE
ritar 1270 battery,10,1,1,1,"shopping_rhs, Thumbnail, related_search, Sitelinks",https://220volt.com.ua/ua/akkumulyatornaya-batareya-ritar-rt1270-12v-7-0ah/,FALSE,FALSE,FALSE,FALSE,FALSE,FALSE
ez9e112p2s,10,0,1,1,"Thumbnail, Sitelinks, snip_image_thumbnail",https://220volt.com.ua/ua/shchit-plastikovij-navesnoj-schneider-electric-easy9-12-ip40-ez9e112p2s/,FALSE,FALSE,FALSE,FALSE,FALSE,FALSE
генератор для работы компьютера,10,5,1,1,"shopping_rhs, related_search, Thumbnail, also_asks, Sitelinks",https://220volt.com.ua/generatory/optimal_gen_kompyutera/,FALSE,FALSE,FALSE,FALSE,FALSE,FALSE
аккумулятор на 300 ампер часов,10,3,1,1,"also_asks, related_search, Sitelinks",https://220volt.com.ua/akkumulatornie-batarei/emkost_ab_block_300/,FALSE,FALSE,FALSE,FALSE,FALSE,FALSE
pkzm0 0 63,10,1,1,1,"Thumbnail, Sitelinks",https://220volt.com.ua/avtomaticheskij-viklyuchatel-eaton-moeller-pkzm0-0-63-072733/,FALSE,FALSE,FALSE,FALSE,FALSE,FALSE
аккумуляторная батарея 4в,10,2,1,1,"related_search, Sitelinks",https://220volt.com.ua/akkumulatornie-batarei/napryagenie_batarei_block_4/,FALSE,FALSE,FALSE,FALSE,FALSE,FALSE
rtp1000,10,1,1,1,"Thumbnail, Sitelinks, snip_image_thumbnail",https://220volt.com.ua/ua/ibp-ritar-rtp1000-proxima-l/,FALSE,FALSE,FALSE,FALSE,FALSE,FALSE
генератор для котельной,10,5,1,1,"Thumbnail, also_asks, Sitelinks",https://220volt.com.ua/generatory/optimal_gen_kotla/,FALSE,FALSE,FALSE,FALSE,FALSE,FALSE
tpg5,10,1,1,1,"Thumbnail, Sitelinks, snip_image_thumbnail",https://220volt.com.ua/instrument-dlya-snyatiya-obolochki-s-kabelya-iek-sok-5/,FALSE,FALSE,FALSE,FALSE,FALSE,FALSE
как пользоваться ибп,10,3,1,1,"AI Overview, also_asks, Sitelinks, snip_url_in_aio",https://220volt.com.ua/news/pravila-i-rekomendatsii-po-ekspluatatsii-ibp/,FALSE,FALSE,FALSE,TRUE,FALSE,FALSE
6v 12ah lithium battery,10,0,1,1,"Thumbnail, Sitelinks",https://220volt.com.ua/akkumulyatornaya-batareya-voltronic-12-6v-12ah-s-elementami-li-ion-9408/,FALSE,FALSE,FALSE,FALSE,FALSE,FALSE
general electric vh 3000,10,1,1,1,"Thumbnail, Sitelinks",https://220volt.com.ua/ua/ibp-general-electric-vh-3000/,FALSE,FALSE,FALSE,FALSE,FALSE,FALSE
intel 35,10,1,1,1,"Thumbnail, also_asks, Sitelinks",https://220volt.com.ua/generator-dizel-nij-elcos-intel-35-ss/,FALSE,FALSE,FALSE,FALSE,FALSE,FALSE
бензогенератор forte fg6500е,10,3,1,1,"related_search, Thumbnail, Sitelinks",https://220volt.com.ua/generator-benzinovij-forte-fg6500e/,FALSE,FALSE,FALSE,FALSE,FALSE,FALSE
agm аккумулятор разница,10,13,1,1,"also_asks, related_search, AI Overview, Video preview, Sitelinks, snip_url_in_aio, snip_fqdn_in_aio",https://220volt.com.ua/news/kakaya-raznitsa-mezhdu-agm-gelevoj-i-obichnoj-zhidkokislotnoj-batareej/,FALSE,FALSE,FALSE,TRUE,FALSE,FALSE
реле давления для погружного насоса,10,30,1,1,"also_asks, Thumbnail, related_search, Sitelinks, snip_image_thumbnail",https://220volt.com.ua/nasos/komplektuyushchie-dlya-vodosnabzheniya-i-vodootvedeniya/tip_kompl_nasos_rele-davleniya/,FALSE,FALSE,FALSE,FALSE,FALSE,FALSE
реле давления воды для насоса схема подключения,10,12,1,1,"Thumbnail, related_search, also_asks, Sitelinks",https://220volt.com.ua/storage/catalog_products/156470/instruction/738.pdf,FALSE,FALSE,FALSE,FALSE,FALSE,FALSE
аккумулятор для ибп 220 вольт,10,22,1,1,"related_search, Thumbnail, Sitelinks",https://220volt.com.ua/akkumulatornie-batarei/akkum_kompl_dlya-ibp/,FALSE,FALSE,FALSE,FALSE,FALSE,FALSE
ua150,10,0,1,1,"Thumbnail, Sitelinks",https://220volt.com.ua/ibp-kstar-ua150/,FALSE,FALSE,FALSE,FALSE,FALSE,FALSE
вольт eco 7000,10,1,1,1,"Thumbnail, Sitelinks",https://220volt.com.ua/stabilizator-napryazheniya-volt-eco-7000/,FALSE,FALSE,FALSE,FALSE,FALSE,FALSE
аккумулятор 6в цена,10,18,1,1,"related_search, Thumbnail, Sitelinks",https://220volt.com.ua/akkumulatornie-batarei/napryagenie_batarei_block_6/,FALSE,TRUE,FALSE,FALSE,FALSE,TRUE
таймер для выключения света,10,18,1,1,"also_asks, Thumbnail, related_search, Sitelinks",https://220volt.com.ua/elektrika-i-svet/nizkovoltnoe-oborudovanie/rele-tajmeri-fotokontrolleri/tajmeri.htm,FALSE,FALSE,FALSE,FALSE,FALSE,FALSE
vm 3000,10,1,1,1,"Thumbnail, Sitelinks",https://220volt.com.ua/invertor-q-power-axpert-vm-iii-3000-24-3000vt-24v/,FALSE,FALSE,FALSE,FALSE,FALSE,FALSE
стабилизатор напряжения нонс 10000 shteel,10,0,1,1,"also_asks, Sitelinks",https://220volt.com.ua/stabilizator-napryazheniya-reta-nons-10000-shteel/,FALSE,FALSE,FALSE,FALSE,FALSE,FALSE
vrt 6000,10,0,1,1,"Thumbnail, Sitelinks",https://220volt.com.ua/ibp-powercom-vrt-6000/,FALSE,FALSE,FALSE,FALSE,FALSE,FALSE
купить аккумулятор 6 вольтовый,10,18,1,1,"Thumbnail, related_search, Sitelinks",https://220volt.com.ua/akkumulatornie-batarei/napryagenie_batarei_block_6/,FALSE,TRUE,FALSE,FALSE,FALSE,TRUE
генератор для отопления,10,3,1,1,"Thumbnail, related_search, also_asks, Sitelinks",https://220volt.com.ua/generatory/optimal_gen_kotla/,FALSE,FALSE,FALSE,FALSE,FALSE,FALSE
теплый пол от системы отопления,10,9,1,1,"related_search, also_asks, a_box_fsnippet, Sitelinks, snip_featured, snip_image_thumbnail",https://220volt.com.ua/news/kak-rabotaet-teplyj-pol-vse-chto-nuzhno-znat-o-sovremennoj-sisteme-otopleniya/,FALSE,FALSE,FALSE,FALSE,FALSE,FALSE
цена солнечной электростанции в украине,10,20,1,1,"related_search, also_asks, AI Overview, Sitelinks",https://220volt.com.ua/solnechnaya-energetika/solnechnye-elektrostantsii.htm,FALSE,TRUE,FALSE,FALSE,FALSE,TRUE
источник бесперебойного питания 1000 купить,10,16,1,1,"related_search, Thumbnail, Sitelinks",https://220volt.com.ua/istochniki-besperebojnogo-pitaniya/fullpower_ibp_501-1000/,FALSE,TRUE,FALSE,FALSE,FALSE,TRUE
220 вольт киев,10,5,1,1,"related_search, Thumbnail, Local pack, Sitelinks",https://220volt.com.ua/ua/,FALSE,TRUE,FALSE,FALSE,FALSE,FALSE
cs3 battery gp 1272 f2,10,2,1,1,"Thumbnail, related_search, Sitelinks",https://220volt.com.ua/ua/akkumulyatornaya-batareya-csb-gp1272f2/,FALSE,FALSE,FALSE,FALSE,FALSE,FALSE
удлинитель с плавным пуском купить,10,2,1,1,"Thumbnail, shopping_rhs, related_search, also_asks, Sitelinks",https://220volt.com.ua/preobrazovateli_chastoty_ustr_plavnogo_puska/ustrojstva-plavnogo-puska-i-tormozheniya.htm,FALSE,TRUE,FALSE,FALSE,FALSE,TRUE
220vl,10,1,1,1,"Thumbnail, related_search, Sitelinks, snip_image_thumbnail",https://220volt.com.ua/,FALSE,FALSE,FALSE,FALSE,FALSE,FALSE
challenger акб,10,3,1,1,"Thumbnail, also_asks, related_search, Sitelinks",https://220volt.com.ua/akkumulatornie-batarei/challenger/,FALSE,FALSE,FALSE,FALSE,FALSE,FALSE
графен аккумуляторы,10,8,1,1,"Thumbnail, also_asks, related_search, Video preview, AI Overview, Sitelinks, snip_url_in_aio, snip_fqdn_in_aio",https://220volt.com.ua/akkumulatornie-batarei/tip_elementa_svintsovo-uglerodnie/,FALSE,FALSE,FALSE,FALSE,FALSE,FALSE
бесперебойник со встроенным аккумулятором,10,2,1,1,"also_asks, related_search, Sitelinks",https://220volt.com.ua/istochniki-besperebojnogo-pitaniya/akkumulyatornaya_batareya_vstroennaya/,FALSE,FALSE,FALSE,FALSE,FALSE,FALSE
csb 100ah,10,1,1,1,Sitelinks,https://220volt.com.ua/ua/akkumulyatornaya-batareya-csb-gpl121000-12v-100ah-3406/,FALSE,FALSE,FALSE,FALSE,FALSE,FALSE
easun power 3000w инструкция,10,2,1,1,"also_asks, AI Overview, Video preview, related_search, Thumbnail, Sitelinks, snip_url_in_aio, snip_fqdn_in_aio",https://220volt.com.ua/storage/catalog_products/151800/instruction/738.pdf,FALSE,FALSE,FALSE,FALSE,FALSE,FALSE
светоотдача ламп разных типов,10,13,1,1,"related_search, also_asks, Thumbnail, Sitelinks",https://220volt.com.ua/news/sravnenie-lamp/,FALSE,FALSE,FALSE,FALSE,FALSE,FALSE
rt640,10,1,1,1,"Thumbnail, Sitelinks, snip_image_thumbnail",https://220volt.com.ua/ua/akkumulyatornaya-batareya-ritar-rt640-6v-4ah-8208/,FALSE,FALSE,FALSE,FALSE,FALSE,FALSE
vh 3000,10,1,1,1,"Thumbnail, Sitelinks",https://220volt.com.ua/ua/ibp-general-electric-vh-3000/,FALSE,FALSE,FALSE,FALSE,FALSE,FALSE
мини электростанции в украине,10,21,1,1,"also_asks, related_search, Thumbnail, Sitelinks",https://220volt.com.ua/portativnye-zaryadnye-stantsii/portativnye-elektrostantsii.htm,FALSE,FALSE,FALSE,FALSE,FALSE,FALSE
генератор для насосної станції,10,1,1,1,"also_asks, Thumbnail, Sitelinks",https://220volt.com.ua/ua/generatory/optimal_gen_nasosnoj-stantsii/,FALSE,FALSE,FALSE,FALSE,FALSE,FALSE
altek axl 1200,10,1,1,1,"Thumbnail, Sitelinks",https://220volt.com.ua/ibp-altek-axl-1200-1000w-15a/,FALSE,FALSE,FALSE,FALSE,FALSE,FALSE
купить насос для фонтана спрут,10,1,1,1,"also_asks, Thumbnail, Sitelinks, snip_image_thumbnail",https://220volt.com.ua/nasos/nasosi_dlya_fontanov_i_prudov/sprut/,FALSE,TRUE,FALSE,FALSE,FALSE,TRUE
генератор sdmo dx 6000,10,1,1,1,"Thumbnail, Sitelinks",https://220volt.com.ua/generator-dizel-nij-sdmo-dx-6000-te/,FALSE,FALSE,FALSE,FALSE,FALSE,FALSE
насос циркуляционный в сборе,10,1,1,1,"Thumbnail, also_asks, Sitelinks",https://220volt.com.ua/nasos/nasosi-dlya-vodosnabzheniya/tsirkulyatsionnie.htm,FALSE,FALSE,FALSE,FALSE,FALSE,FALSE
rt645 battery,10,1,1,1,"Thumbnail, also_asks, Sitelinks, snip_image_thumbnail",https://220volt.com.ua/akkumulyatornaya-batareya-ritar-rt645-6v-4-5ah/,FALSE,FALSE,FALSE,FALSE,FALSE,FALSE
диммер регулятор яркости,10,1,1,1,"also_asks, a_box_fsnippet, Thumbnail, Sitelinks, snip_featured",https://220volt.com.ua/news/chto-takoe-dimmer-i-zachem-on-nuzhen-dlya-regulirovki-osvescheniya/,FALSE,FALSE,FALSE,FALSE,FALSE,FALSE
gpd 25 4s,10,1,1,1,"Thumbnail, Sitelinks",https://220volt.com.ua/nasos-tsirkulyatsionnij-termowater-gpd-25-4s/,FALSE,FALSE,FALSE,FALSE,FALSE,FALSE
staba psn 1000,10,1,1,1,"Thumbnail, Sitelinks",https://220volt.com.ua/ua/ibp-staba-psn-1000/,FALSE,FALSE,FALSE,FALSE,FALSE,FALSE
matrix pg 5500f 3n,10,1,1,1,"Thumbnail, Sitelinks",https://220volt.com.ua/generator-benzinovij-matrix-pg-5500f-3n/,FALSE,FALSE,FALSE,FALSE,FALSE,FALSE
everexceed st 1235,10,1,1,1,"Thumbnail, Sitelinks",https://220volt.com.ua/ua/akkumulyatornaya-batareya-everexceed-st-1235/,FALSE,FALSE,FALSE,FALSE,FALSE,FALSE
286534,10,0,1,1,"Thumbnail, Sitelinks, snip_image_thumbnail",https://220volt.com.ua/avtomaticheskij-viklyuchatel-eaton-moeller-pl6-c20-1/,FALSE,FALSE,FALSE,FALSE,FALSE,FALSE
продажа низковольтного оборудования,10,1,1,1,"also_asks, Thumbnail, Sitelinks",https://220volt.com.ua/elektrika-i-svet/nizkovoltnoe-oborudovanie.htm,FALSE,FALSE,FALSE,FALSE,FALSE,FALSE
отопление тёплый пол,10,12,1,1,"a_box_fsnippet, also_asks, related_search, Sitelinks, snip_featured, snip_image_thumbnail",https://220volt.com.ua/news/kak-rabotaet-teplyj-pol-vse-chto-nuzhno-znat-o-sovremennoj-sisteme-otopleniya/,FALSE,FALSE,FALSE,FALSE,FALSE,FALSE
стабилизатор напряжения 24 квт,10,3,1,1,"also_asks, Thumbnail, Sitelinks",https://220volt.com.ua/stabilizator/moshnost_stab_block_24/,FALSE,FALSE,FALSE,FALSE,FALSE,FALSE
csb battery купить,10,5,1,1,"related_search, Sitelinks, snip_image_thumbnail",https://220volt.com.ua/akkumulatornie-batarei/csb/,FALSE,TRUE,FALSE,FALSE,FALSE,TRUE
victron orion 12 12 30 isolated,10,0,1,1,"Thumbnail, shopping_rhs, related_search, snip_image_thumbnail, Sitelinks",https://220volt.com.ua/zaryadnoe-ustrojstvo-victron-energy-orion-tr-smart-12-12-30-360w-isolated-ori121236120/,FALSE,FALSE,FALSE,FALSE,FALSE,FALSE
насосы спрут цена,10,6,1,1,"Thumbnail, also_asks, related_search, a_box_fsnippet, Sitelinks, snip_featured",https://220volt.com.ua/nasos/nasosi-dlya-vodosnabzheniya/skvazhinnie-nasosi/sprut/,FALSE,TRUE,FALSE,FALSE,FALSE,TRUE
пускатель на 220 вольт,10,5,1,1,"related_search, also_asks, Thumbnail, Sitelinks",https://220volt.com.ua/elektrika-i-svet/nizkovoltnoe-oborudovanie/puskateli-kontaktori/puskateli.htm,FALSE,FALSE,FALSE,FALSE,FALSE,FALSE
ибп ippon 2000,10,1,1,1,"Thumbnail, Sitelinks",https://220volt.com.ua/ibp-ippon-smart-winner-2000/,FALSE,FALSE,FALSE,FALSE,FALSE,FALSE
солнечные батареи 220,10,7,1,1,"Thumbnail, Video preview, related_search, also_asks, Sitelinks",https://220volt.com.ua/solnechnaya-energetika/solnechnye-paneli-batarei.htm,FALSE,FALSE,FALSE,FALSE,FALSE,FALSE
щит щит,10,7,1,1,"related_search, also_asks, kn_graph_card, Sitelinks, snip_image_thumbnail",https://220volt.com.ua/elektrika-i-svet/shitovoe/shchiti.htm,FALSE,FALSE,FALSE,FALSE,FALSE,FALSE
6 вольт,10,10,1,1,"related_search, also_asks, Thumbnail, Sitelinks",https://220volt.com.ua/akkumulatornie-batarei/napryagenie_batarei_block_6/,FALSE,FALSE,FALSE,FALSE,FALSE,FALSE
80/22,10,1,1,1,"Thumbnail, Sitelinks, snip_image_thumbnail",https://220volt.com.ua/nasosnaya-stantsiya-speroni-marina-cam-80-22-hl/,FALSE,FALSE,FALSE,FALSE,FALSE,FALSE
купить ибп 3000,10,10,1,1,"Thumbnail, Sitelinks",https://220volt.com.ua/istochniki-besperebojnogo-pitaniya/fullpower_ibp_1001-3000/,FALSE,TRUE,FALSE,FALSE,FALSE,TRUE
таймер для включения выключения электрических приборов,10,25,1,1,"related_search, Thumbnail, Sitelinks",https://220volt.com.ua/elektrika-i-svet/nizkovoltnoe-oborudovanie/rele-tajmeri-fotokontrolleri/tajmeri.htm,FALSE,FALSE,FALSE,FALSE,FALSE,FALSE
apc master,10,1,1,1,"Thumbnail, Sitelinks",https://220volt.com.ua/ibp-apc-back-ups-rs-lcd-550-master-control/,FALSE,FALSE,FALSE,FALSE,FALSE,FALSE
ибп online купить,10,12,1,1,"related_search, Sitelinks",https://220volt.com.ua/istochniki-besperebojnogo-pitaniya/typearhetekturi_neprerivnogo-dejstviya/,FALSE,TRUE,FALSE,FALSE,FALSE,TRUE
стабилизаторы напряжения однофазные 220 в,10,5,1,1,"related_search, Thumbnail, Video preview, also_asks, Sitelinks",https://220volt.com.ua/stabilizator/phases_stab_odnofaznie/,FALSE,FALSE,FALSE,FALSE,FALSE,FALSE
энергомера счетчик электроэнергии,10,5,1,1,"also_asks, related_search, Thumbnail, Sitelinks",https://220volt.com.ua/pribori-dlya-kontrolya-i-izmereniya/schetchiki/schetchiki-elektricheskoj-energii/energomera/,FALSE,FALSE,FALSE,FALSE,FALSE,FALSE
магазин 220 вольт каталог товаров,10,19,1,1,"Thumbnail, related_search, Sitelinks, snip_image_thumbnail",https://220volt.com.ua/,FALSE,TRUE,FALSE,FALSE,FALSE,FALSE
насос для фонтана sprut fsp 1843,10,1,1,1,"Thumbnail, Sitelinks",https://220volt.com.ua/nasos-dlya-fontana-sprut-fsp-1843/,FALSE,FALSE,FALSE,FALSE,FALSE,FALSE
srge 6500e,10,1,1,1,"Thumbnail, Sitelinks",https://220volt.com.ua/generator-benzinovij-patriot-srge-6500e/,FALSE,FALSE,FALSE,FALSE,FALSE,FALSE
101 m,10,2,1,1,"Thumbnail, related_search, Sitelinks, snip_image_thumbnail",https://220volt.com.ua/rele-napryazheniya-novatek-rn-101-m/,FALSE,FALSE,FALSE,FALSE,FALSE,FALSE
ибп lcd,10,1,1,1,"also_asks, Thumbnail, related_search, Sitelinks",https://220volt.com.ua/istochniki-besperebojnogo-pitaniya/indikatsiya_ibp_lcd-displej/,FALSE,FALSE,FALSE,FALSE,FALSE,FALSE
дбж 220,10,1,1,1,"related_search, Sitelinks",https://220volt.com.ua/ua/istochniki-besperebojnogo-pitaniya.htm,FALSE,FALSE,FALSE,FALSE,FALSE,FALSE
ибп с аппроксимированной синусоидой,10,3,1,1,"Thumbnail, also_asks, Sitelinks",https://220volt.com.ua/istochniki-besperebojnogo-pitaniya/uotformnaprahenia_approksimirovannaya-sinusoida/,FALSE,FALSE,FALSE,FALSE,FALSE,FALSE
220 вольт склад,10,0,1,1,"Thumbnail, related_search, Sitelinks",https://220volt.com.ua/ua/,FALSE,FALSE,FALSE,FALSE,FALSE,FALSE
магнитный пускатель 24в,10,1,1,1,"also_asks, Thumbnail, Sitelinks",https://220volt.com.ua/elektrika-i-svet/nizkovoltnoe-oborudovanie/puskateli-kontaktori/puskateli/napr_katushki_kont_i_puskateli_24/,FALSE,FALSE,FALSE,FALSE,FALSE,FALSE
стабилизатор тока 220 вольт,10,8,1,1,"Thumbnail, also_asks, related_search, Sitelinks",https://220volt.com.ua/stabilizator/phases_stab_odnofaznie/,FALSE,FALSE,FALSE,FALSE,FALSE,FALSE
loncin 3500i,10,3,1,1,Sitelinks,https://220volt.com.ua/ua/generator-benzinovij-loncin-lc-3500-i/,FALSE,FALSE,FALSE,FALSE,FALSE,FALSE
lc6500d as,10,1,1,1,"related_search, Thumbnail, Sitelinks",https://220volt.com.ua/generator-benzinovij-loncin-lc-6500-d-as/,FALSE,FALSE,FALSE,FALSE,FALSE,FALSE
md25,10,1,1,1,"kn_graph_card, Thumbnail, Sitelinks",https://220volt.com.ua/generator-dizel-nij-matari-md25/,FALSE,FALSE,FALSE,FALSE,FALSE,FALSE
ибп on line ups,10,11,1,1,"related_search, Thumbnail, also_asks, Sitelinks",https://220volt.com.ua/istochniki-besperebojnogo-pitaniya/typearhetekturi_neprerivnogo-dejstviya/,FALSE,FALSE,FALSE,FALSE,FALSE,FALSE
europower psw,10,1,1,1,"Thumbnail, shopping_rhs, Sitelinks",https://220volt.com.ua/ibp-europower-europower-psw-ep5000wm24/,FALSE,FALSE,FALSE,FALSE,FALSE,FALSE
км25 40,10,1,1,1,"Thumbnail, Sitelinks, snip_image_thumbnail",https://220volt.com.ua/kontaktor-iek-km-25-40-ac-dc/,FALSE,FALSE,FALSE,FALSE,FALSE,FALSE
бесперебойник с зарядным,10,1,1,1,"Thumbnail, also_asks, related_search, Sitelinks",https://220volt.com.ua/istochniki-besperebojnogo-pitaniya/nalichie_zaryad_ustr_ibp_est/,FALSE,FALSE,FALSE,FALSE,FALSE,FALSE
таймер управления,10,1,1,1,"Thumbnail, related_search, also_asks, Sitelinks",https://220volt.com.ua/elektrika-i-svet/nizkovoltnoe-oborudovanie/rele-tajmeri-fotokontrolleri/tajmeri.htm,FALSE,FALSE,FALSE,FALSE,FALSE,FALSE
ибп для котла 220 вольт,10,24,1,1,"related_search, also_asks, Thumbnail, Sitelinks",https://220volt.com.ua/istochniki-besperebojnogo-pitaniya/opt_reshenie_ibp_sistem-otopleniya/,FALSE,FALSE,FALSE,FALSE,FALSE,FALSE
источник бесперебойного питания в стойку,10,1,1,1,Sitelinks,https://220volt.com.ua/istochniki-besperebojnogo-pitaniya/typeispolnenia_montiruemij-v-stojku/,FALSE,FALSE,FALSE,FALSE,FALSE,FALSE
насос самовсасывающий цена,10,10,1,1,"related_search, also_asks, Sitelinks",https://220volt.com.ua/nasos/nasosi-dlya-vodosnabzheniya/tsentrobezhnie/tipvsas_samovsasivayushchie/,FALSE,TRUE,FALSE,FALSE,FALSE,TRUE
подбор дренажного насоса,10,1,1,1,"related_search, also_asks, Thumbnail, Sitelinks",https://220volt.com.ua/news/pravila-podbora-drenazhnih-nasosov/,FALSE,FALSE,FALSE,FALSE,FALSE,FALSE
можно ли зарядить аккумулятор на холостом ходу,10,3,1,1,"related_search, also_asks, a_box_fsnippet, Sitelinks, snip_featured",https://220volt.com.ua/news/zaryazhaem-akkumulyator/,FALSE,FALSE,FALSE,FALSE,FALSE,FALSE
dy3000lx,10,1,1,1,"Thumbnail, Sitelinks, snip_image_thumbnail",https://220volt.com.ua/generator-benzinovij-huter-dy-3000-lx/,FALSE,FALSE,FALSE,FALSE,FALSE,FALSE
war 600a,10,2,1,1,"Thumbnail, Sitelinks",https://220volt.com.ua/ua/ibp-powercom-war-600a/,FALSE,FALSE,FALSE,FALSE,FALSE,FALSE
купить инверторный генератор дизельный,10,10,1,1,"Thumbnail, ads_bot, Sitelinks",https://220volt.com.ua/generatory/tip_generatora_invertornie_generatori/,FALSE,TRUE,FALSE,FALSE,FALSE,TRUE
купить ибп 1000 ватт,10,16,1,1,"also_asks, related_search, Sitelinks, snip_image_thumbnail",https://220volt.com.ua/istochniki-besperebojnogo-pitaniya/fullpower_ibp_501-1000/,FALSE,TRUE,FALSE,FALSE,FALSE,TRUE
22o,10,1,1,1,"Thumbnail, kn_graph_card, Sitelinks, snip_image_thumbnail",https://220volt.com.ua/,FALSE,FALSE,FALSE,FALSE,FALSE,FALSE
green power cc5000,10,1,1,1,"ads_bot, Sitelinks",https://220volt.com.ua/ua/generator-gazovij-greenpower-cc5000-lpg-ng-t2/,FALSE,FALSE,FALSE,FALSE,FALSE,FALSE
generac 5820,10,0,1,1,"Thumbnail, Sitelinks",https://220volt.com.ua/ua/generator-gazovij-generac-5820-10kw/,FALSE,FALSE,FALSE,FALSE,FALSE,FALSE
насос для скважины 150 метров,10,3,1,1,"Thumbnail, Sitelinks",https://220volt.com.ua/nasos/nasosi-dlya-vodosnabzheniya/skvazhinnie-nasosi/napor_nasos_svishe-150/,FALSE,FALSE,FALSE,FALSE,FALSE,FALSE
ибп powercom wow 300,10,1,1,1,Sitelinks,https://220volt.com.ua/ibp-powercom-wow-300/,FALSE,FALSE,FALSE,FALSE,FALSE,FALSE
140 квт,10,1,1,1,"related_search, also_asks, AI Overview, Sitelinks, snip_url_in_aio, snip_fqdn_in_aio",https://220volt.com.ua/ua/generatory/maksimalnaya_moschnost_block__140/,FALSE,FALSE,FALSE,FALSE,FALSE,FALSE
challenger homepro rt2000 s,10,1,1,1,"Thumbnail, Sitelinks",https://220volt.com.ua/ibp-challenger-homepro-rt2000-s/,FALSE,FALSE,FALSE,FALSE,FALSE,FALSE
щит пластиковый иэк,10,1,1,1,Sitelinks,https://220volt.com.ua/elektrika-i-svet/shitovoe/shchiti/iek/,FALSE,FALSE,FALSE,FALSE,FALSE,FALSE
huter 8000,10,1,1,1,"Thumbnail, related_search, Sitelinks",https://220volt.com.ua/ua/generator-benzinovij-huter-dy-8000-lx/,FALSE,FALSE,FALSE,FALSE,FALSE,FALSE
теплые полы отопление,10,2,1,1,"related_search, a_box_fsnippet, also_asks, Sitelinks, snip_featured, snip_image_thumbnail",https://220volt.com.ua/news/kak-rabotaet-teplyj-pol-vse-chto-nuzhno-znat-o-sovremennoj-sisteme-otopleniya/,FALSE,FALSE,FALSE,FALSE,FALSE,FALSE
1000 h,10,1,1,1,"Thumbnail, Sitelinks",https://220volt.com.ua/ibp-challenger-homepro-1000-h-12/,FALSE,FALSE,FALSE,FALSE,FALSE,FALSE
генератор huter dy3000lx,10,1,1,1,"Thumbnail, also_asks, Sitelinks",https://220volt.com.ua/generator-benzinovij-huter-dy-3000-lx/,FALSE,FALSE,FALSE,FALSE,FALSE,FALSE
huter dy3000l цена,10,1,1,1,Sitelinks,https://220volt.com.ua/generator-benzinovij-huter-dy-3000-l/,FALSE,TRUE,FALSE,FALSE,FALSE,TRUE
адрес магазина 220 вольт,10,0,1,1,"Local pack, also_asks, related_search, Thumbnail, Sitelinks",https://220volt.com.ua/,FALSE,TRUE,FALSE,FALSE,FALSE,FALSE
генератор газовый greenpower cc3000 lpg ng b,10,1,1,1,"also_asks, Sitelinks",https://220volt.com.ua/generator-gazovij-greenpower-cc3000-lpg-ng-b/,FALSE,FALSE,FALSE,FALSE,FALSE,FALSE
ritar rtm2000,10,0,1,1,"shopping_top, Thumbnail, Sitelinks",https://220volt.com.ua/ua/ibp-ritar-rtm2000-proxima-d-lcd-5864/,FALSE,FALSE,FALSE,FALSE,FALSE,FALSE
источники бесперебойного питания большой емкости,10,26,1,1,"related_search, also_asks, Thumbnail, Sitelinks",https://220volt.com.ua/istochniki-besperebojnogo-pitaniya/akkumulyatornaya_batareya_vneshnyaya/,FALSE,FALSE,FALSE,FALSE,FALSE,FALSE
таймер подачи электричества,10,1,1,1,"Thumbnail, related_search, also_asks, Sitelinks",https://220volt.com.ua/elektrika-i-svet/nizkovoltnoe-oborudovanie/rele-tajmeri-fotokontrolleri/tajmeri.htm,FALSE,FALSE,FALSE,FALSE,FALSE,FALSE
портативная электростанция 220в,10,5,1,1,"also_asks, related_search, Thumbnail, Sitelinks",https://220volt.com.ua/portativnye-zaryadnye-stantsii/portativnye-elektrostantsii.htm,FALSE,FALSE,FALSE,FALSE,FALSE,FALSE
dvs 1120,10,0,1,1,"Thumbnail, Sitelinks, snip_image_thumbnail",https://220volt.com.ua/ua/stabilizator-napryazheniya-ntt-stabilizer-dvs-1120/,FALSE,FALSE,FALSE,FALSE,TRUE,FALSE
стабилизатор 15000,10,1,1,1,"Thumbnail, Video preview, Sitelinks",https://220volt.com.ua/stabilizator/moshnost_stab_block_15/,FALSE,FALSE,FALSE,FALSE,FALSE,FALSE
насос ultropump,10,0,1,1,Sitelinks,https://220volt.com.ua/nasos/nasosi-dlya-vodosnabzheniya/tsentrobezhnie/ultropump/,FALSE,FALSE,FALSE,FALSE,FALSE,FALSE
dx 6000 te,10,1,1,1,"Thumbnail, Sitelinks",https://220volt.com.ua/generator-dizel-nij-sdmo-dx-6000-te/,FALSE,FALSE,FALSE,FALSE,FALSE,FALSE
адреса 220 вольт,10,6,1,1,"related_search, Local pack, Thumbnail, Sitelinks",https://220volt.com.ua/contact/,FALSE,FALSE,FALSE,FALSE,FALSE,FALSE
grundfos jp basic 3pt отзывы,10,0,1,1,"Thumbnail, also_asks, related_search, Sitelinks",https://220volt.com.ua/nasosnaya-stantsiya-grundfos-jp-basic-3-pt-96150003/,FALSE,FALSE,FALSE,FALSE,TRUE,FALSE
eaton 9130 5000va,10,1,1,1,"Thumbnail, Sitelinks",https://220volt.com.ua/ibp-eaton-9130-5000-va/,FALSE,FALSE,FALSE,FALSE,FALSE,FALSE
газогенератор киев,10,17,1,1,"AI Overview, related_search, Sitelinks, snip_url_in_aio, snip_fqdn_in_aio",https://220volt.com.ua/ua/generatory/tip_generatora_gazovie_generatori/,FALSE,TRUE,FALSE,FALSE,FALSE,FALSE
бесперебойник онлайн,10,11,1,1,"also_asks, related_search, Sitelinks",https://220volt.com.ua/istochniki-besperebojnogo-pitaniya/typearhetekturi_neprerivnogo-dejstviya/,FALSE,FALSE,FALSE,FALSE,FALSE,FALSE
vulkan sc3500 iii,10,1,1,1,"Sitelinks, snip_image_thumbnail",https://220volt.com.ua/generator-benzinovo-gazovij-vulkan-sc3500-iii-benzin-gaz/,FALSE,FALSE,FALSE,FALSE,FALSE,FALSE
генераторы кама производитель,10,1,1,1,"also_asks, AI Overview, Sitelinks, snip_url_in_aio, snip_fqdn_in_aio",https://220volt.com.ua/information/proizvoditeli/kama/,FALSE,FALSE,FALSE,FALSE,FALSE,FALSE
батареи эко,10,1,1,1,"Thumbnail, also_asks, related_search, Sitelinks",https://220volt.com.ua/akkumulatornie-batarei/bmseco/,FALSE,FALSE,FALSE,FALSE,FALSE,FALSE
туристический генератор купить,10,3,1,1,"also_asks, Local pack, Thumbnail, Sitelinks",https://220volt.com.ua/generatory/optimal_gen_turizma/,FALSE,TRUE,FALSE,FALSE,FALSE,TRUE
sadko gps 2600,10,0,1,1,"Sitelinks, snip_image_thumbnail",https://220volt.com.ua/ua/generator-benzinovij-sadko-gps-2600/,FALSE,FALSE,FALSE,FALSE,FALSE,FALSE
powercom kin 625ap,10,1,1,1,"Thumbnail, Sitelinks",https://220volt.com.ua/ua/ibp-powercom-kin-625ap/,FALSE,FALSE,FALSE,FALSE,FALSE,FALSE
fronius inverter 10kw price,10,1,1,1,"related_search, also_asks, Thumbnail, Sitelinks",https://220volt.com.ua/invertor-fronius-symo-10-0-3-m/,FALSE,FALSE,FALSE,FALSE,FALSE,TRUE
kkm41 080 230 11,10,0,1,1,"Thumbnail, Sitelinks, snip_image_thumbnail",https://220volt.com.ua/kontaktor-iek-kmi-48012-80a-220v-as3-1z-1r/,FALSE,FALSE,FALSE,FALSE,FALSE,FALSE
электрический счетчик энергомера,10,3,1,1,"related_search, also_asks, Thumbnail, Sitelinks",https://220volt.com.ua/pribori-dlya-kontrolya-i-izmereniya/schetchiki/schetchiki-elektricheskoj-energii/energomera/,FALSE,FALSE,FALSE,FALSE,FALSE,FALSE
eaton 1100,10,1,1,1,"Thumbnail, Sitelinks, snip_image_thumbnail",https://220volt.com.ua/ua/ibp-eaton-5e1100iusb-1100-va/,FALSE,FALSE,FALSE,FALSE,FALSE,FALSE
elf l,10,1,1,1,"Thumbnail, Sitelinks",https://220volt.com.ua/ibp-ritar-e-rtm-600l-u-elf-l/,FALSE,FALSE,FALSE,FALSE,FALSE,FALSE
пристрій захисного відключення ціна,10,10,1,1,"AI Overview, related_search, also_asks, Sitelinks",https://220volt.com.ua/ua/elektrika-i-svet/nizkovoltnoe-oborudovanie/ustrojstva-zashchitnogo-otklyucheniya-uzo-difavtomati.htm,FALSE,TRUE,FALSE,FALSE,FALSE,TRUE
походные генераторы,10,9,1,1,"related_search, Sitelinks",https://220volt.com.ua/generatory/optimal_gen_turizma/,FALSE,FALSE,FALSE,FALSE,FALSE,FALSE
соленоидный клапан ceme,10,1,1,1,"Thumbnail, Sitelinks, snip_image_thumbnail",https://220volt.com.ua/nasos/elektromagnitnie-klapani/ceme/,FALSE,FALSE,FALSE,FALSE,FALSE,FALSE
эксплуатация насосов,10,1,1,1,"Thumbnail, Video preview, AI Overview, also_asks, Sitelinks",https://220volt.com.ua/news/pravilnaya-ekspluatatsiya-tsentrobezhnogo-nasosa/,FALSE,FALSE,FALSE,FALSE,FALSE,FALSE
ect7000,10,1,1,1,"related_search, Thumbnail, Sitelinks, snip_image_thumbnail",https://220volt.com.ua/generator-benzinovij-honda-ect7000/,FALSE,FALSE,FALSE,FALSE,FALSE,FALSE
ippon back 600,10,2,1,1,"also_asks, Thumbnail, Sitelinks",https://220volt.com.ua/ibp-ippon-new-back-power-pro-600/,FALSE,FALSE,FALSE,FALSE,FALSE,FALSE
чем отличается agm аккумулятор от обычного,10,12,1,1,"Thumbnail, also_asks, AI Overview, related_search, Sitelinks, snip_url_in_aio, snip_fqdn_in_aio",https://220volt.com.ua/news/kakaya-raznitsa-mezhdu-agm-gelevoj-i-obichnoj-zhidkokislotnoj-batareej/,FALSE,FALSE,FALSE,FALSE,FALSE,FALSE
контактор с дополнительными контактами,10,2,1,1,"Thumbnail, also_asks, Sitelinks, snip_image_thumbnail",https://220volt.com.ua/elektrika-i-svet/nizkovoltnoe-oborudovanie/puskateli-kontaktori/puskateli/kontakti_puskat_1no-1nz/,FALSE,FALSE,FALSE,FALSE,FALSE,FALSE
775305,10,0,1,1,"AI Overview, Thumbnail, Sitelinks, snip_image_thumbnail",https://220volt.com.ua/nasos-poverhnostnij-aquatica-lkj-1300p-775305/,FALSE,FALSE,FALSE,FALSE,FALSE,FALSE
реле напряжения novatek,10,3,1,1,"also_asks, Thumbnail, Sitelinks, snip_image_thumbnail",https://220volt.com.ua/elektrika-i-svet/nizkovoltnoe-oborudovanie/rele-tajmeri-fotokontrolleri/rele/rele_kontrolya_napryajeniya/novatek/,FALSE,FALSE,FALSE,FALSE,FALSE,FALSE
ippon 600 pro,10,2,1,1,"Thumbnail, Sitelinks",https://220volt.com.ua/ua/ibp-ippon-new-back-power-pro-600/,FALSE,FALSE,FALSE,FALSE,FALSE,FALSE
cc3000,10,1,1,1,"Thumbnail, related_search, Sitelinks",https://220volt.com.ua/generator-gazovij-greenpower-cc3000-lpg-ng-b/,FALSE,FALSE,FALSE,FALSE,FALSE,FALSE
gemix gmx 2000,10,1,1,1,"Thumbnail, Sitelinks",https://220volt.com.ua/stabilizator-napryazheniya-gemix-gmx-2000/,FALSE,FALSE,FALSE,FALSE,FALSE,FALSE
форте 5 квт,10,2,1,1,"also_asks, related_search, Thumbnail, Sitelinks",https://220volt.com.ua/generator-benzinovij-forte-fg6500/,FALSE,FALSE,FALSE,FALSE,FALSE,FALSE
автоматика для бензинового генератора,10,12,1,1,"Thumbnail, related_search, also_asks, Sitelinks",https://220volt.com.ua/avtomaticheskij-zapusk-generatora.htm,FALSE,FALSE,FALSE,FALSE,FALSE,FALSE
ippon innova rt 1500,10,1,1,1,"Thumbnail, Sitelinks",https://220volt.com.ua/ibp-ippon-innova-rt-1500/,FALSE,FALSE,FALSE,FALSE,FALSE,FALSE
ippon 1500,10,1,1,1,"Thumbnail, Sitelinks",https://220volt.com.ua/ua/ibp-ippon-smart-winner-1500/,FALSE,FALSE,FALSE,FALSE,FALSE,FALSE
pkzm0 10 t,10,1,1,1,"Thumbnail, Sitelinks",https://220volt.com.ua/avtomaticheskij-viklyuchatel-eaton-moeller-pkzm0-10-t-088916/,FALSE,FALSE,FALSE,FALSE,FALSE,FALSE
gbg 5500,10,0,1,1,"Thumbnail, AI Overview, Sitelinks, snip_url_in_aio, snip_fqdn_in_aio",https://220volt.com.ua/ua/generator-benzinovij-genpower-gbg-5500/,FALSE,FALSE,FALSE,FALSE,FALSE,FALSE
купить инвертор фрониус,10,5,1,1,"also_asks, related_search, Sitelinks",https://220volt.com.ua/ua/inverter/fronius/,FALSE,TRUE,FALSE,FALSE,FALSE,TRUE
072739 eaton,10,0,1,1,"Thumbnail, Sitelinks, snip_image_thumbnail",https://220volt.com.ua/ua/avtomaticheskij-viklyuchatel-eaton-moeller-pkzm0-10-072739/,FALSE,FALSE,FALSE,FALSE,FALSE,FALSE
eaton spx 2200,10,1,1,1,"Thumbnail, Sitelinks, snip_image_thumbnail",https://220volt.com.ua/ibp-eaton-5px-2200-rt2u/,FALSE,FALSE,FALSE,FALSE,FALSE,FALSE
реле давления скважинного насоса,10,4,1,1,"related_search, also_asks, Sitelinks, snip_image_thumbnail",https://220volt.com.ua/nasos/komplektuyushchie-dlya-vodosnabzheniya-i-vodootvedeniya/tip_kompl_nasos_rele-davleniya/,FALSE,FALSE,FALSE,FALSE,FALSE,FALSE
agt 4500 eag,10,0,1,1,Sitelinks,https://220volt.com.ua/ua/generator-benzinovij-agt-4500-eag/,FALSE,FALSE,FALSE,FALSE,FALSE,FALSE
grundfos jp basic 4pt,10,0,1,1,"Thumbnail, Sitelinks, snip_image_thumbnail",https://220volt.com.ua/nasosnaya-stantsiya-grundfos-jp-basic-4-pt/,FALSE,FALSE,FALSE,FALSE,FALSE,FALSE
22о вольт,10,18,1,1,"Thumbnail, Local pack, related_search, also_asks, Sitelinks",https://220volt.com.ua/,FALSE,FALSE,FALSE,FALSE,FALSE,FALSE
ep6500t,10,0,1,1,"Thumbnail, Sitelinks, snip_image_thumbnail",https://220volt.com.ua/generator-benzinovij-europower-ep6500t/,FALSE,FALSE,FALSE,FALSE,FALSE,FALSE
сколько стоит ибп для компьютера,10,29,1,1,"related_search, also_asks, a_box_fsnippet, Thumbnail, Sitelinks, snip_featured",https://220volt.com.ua/istochniki-besperebojnogo-pitaniya/opt_reshenie_ibp_kompyutera/,FALSE,FALSE,FALSE,TRUE,FALSE,FALSE
нсн 7500 optimum,10,1,1,1,"Thumbnail, shopping_top, Sitelinks",https://220volt.com.ua/stabilizator-napryazheniya-ukrtehnologiya-nsn-7500-optimum/,FALSE,FALSE,FALSE,FALSE,FALSE,FALSE
ritar 1290,10,1,1,1,"shopping_rhs, related_search, Thumbnail, Sitelinks",https://220volt.com.ua/akkumulyatornaya-batareya-ritar-rt1290-12v-9-0ah/,FALSE,FALSE,FALSE,FALSE,FALSE,FALSE
honda eu301,10,2,1,1,"shopping_rhs, related_search, Thumbnail, also_asks, Sitelinks, snip_image_thumbnail",https://220volt.com.ua/generator-benzinovij-honda-eu30i/,FALSE,FALSE,FALSE,FALSE,FALSE,FALSE
реле промежуточное 380в,10,1,1,1,"Thumbnail, Sitelinks",https://220volt.com.ua/rele-promezhutochnoe-etal-rpl-122ma-380v/,FALSE,FALSE,FALSE,FALSE,FALSE,FALSE
таймер на включение и выключение,10,18,1,1,"also_asks, Video preview, related_search, Thumbnail, Sitelinks",https://220volt.com.ua/elektrika-i-svet/nizkovoltnoe-oborudovanie/rele-tajmeri-fotokontrolleri/tajmeri.htm,FALSE,FALSE,FALSE,FALSE,FALSE,FALSE
насос всасывающий для воды купить,10,5,1,1,"Thumbnail, related_search, also_asks, Sitelinks",https://220volt.com.ua/nasos/nasosi-dlya-vodosnabzheniya/tsentrobezhnie/tipvsas_samovsasivayushchie/,FALSE,TRUE,FALSE,FALSE,FALSE,TRUE
схема реле давления,10,7,1,1,"related_search, Thumbnail, Sitelinks",https://220volt.com.ua/storage/catalog_products/156314/instruction/738.pdf,FALSE,FALSE,FALSE,FALSE,FALSE,FALSE
12 ev 12 0,10,0,1,1,"AI Overview, Thumbnail, Sitelinks",https://220volt.com.ua/ua/akkumulyatornaya-batareya-ritar-ev12-12-12v-12ah-m5-26381/,FALSE,FALSE,FALSE,FALSE,FALSE,FALSE
ибп ippon инструкция,10,1,1,1,"Thumbnail, also_asks, related_search, Sitelinks",https://220volt.com.ua/storage/catalog_products/146603/instruction/738.pdf,FALSE,FALSE,FALSE,FALSE,FALSE,FALSE
huter dy5000lx,10,1,1,1,"Thumbnail, Sitelinks",https://220volt.com.ua/ua/generator-benzinovij-huter-dy-5000-lx/,FALSE,FALSE,FALSE,FALSE,FALSE,FALSE
ups 10 квт,10,6,1,1,"Thumbnail, Sitelinks",https://220volt.com.ua/ua/istochniki-besperebojnogo-pitaniya/fullpower_ibp_svishe-10000/,FALSE,FALSE,FALSE,FALSE,FALSE,FALSE
телефон 220 вольт,10,6,1,1,"Thumbnail, related_search, also_asks, Local pack, Sitelinks",https://220volt.com.ua/contact/,FALSE,FALSE,FALSE,FALSE,FALSE,FALSE
насос 5 кубов в час,10,1,1,1,"Thumbnail, also_asks, Sitelinks",https://220volt.com.ua/nasos/nasosi-dlya-vodosnabzheniya/skvazhinnie-nasosi/proizvod_nas_5_1-10/,FALSE,FALSE,FALSE,FALSE,FALSE,FALSE
hitachi e 50,10,1,1,1,"Thumbnail, Sitelinks",https://220volt.com.ua/ua/generator-benzinovij-hitachi-e-50/,FALSE,FALSE,FALSE,FALSE,FALSE,FALSE
460 v,10,5,1,1,"AI Overview, Thumbnail, related_search, Sitelinks, snip_url_in_aio, snip_fqdn_in_aio",https://220volt.com.ua/ua/akkumulatornie-batarei/napryagenie_batarei_block_460/,FALSE,FALSE,FALSE,FALSE,FALSE,FALSE
аккумулятор 4v купить,10,1,1,1,"related_search, Sitelinks",https://220volt.com.ua/akkumulatornie-batarei/napryagenie_batarei_block_4/,FALSE,TRUE,FALSE,FALSE,FALSE,TRUE
пол с подогревом как пользоваться,10,6,1,1,"Thumbnail, AI Overview, related_search, also_asks, Video preview, Sitelinks, snip_url_in_aio, snip_fqdn_in_aio",https://220volt.com.ua/news/kak-rabotaet-teplyj-pol-vse-chto-nuzhno-znat-o-sovremennoj-sisteme-otopleniya/,FALSE,FALSE,FALSE,TRUE,FALSE,FALSE
ибп сокомек,10,1,1,1,"Thumbnail, Sitelinks",https://220volt.com.ua/istochniki-besperebojnogo-pitaniya/socomec/,FALSE,FALSE,FALSE,FALSE,FALSE,FALSE
солнечная электростанция для частного дома купить,10,21,1,1,"related_search, also_asks, Thumbnail, Sitelinks",https://220volt.com.ua/solnechnaya-energetika/solnechnye-elektrostantsii.htm,FALSE,TRUE,FALSE,FALSE,FALSE,TRUE
генератор бензиновый 380 вольт,10,11,1,1,"related_search, Thumbnail, Sitelinks",https://220volt.com.ua/generatory/faznost_generatorov_3/,FALSE,FALSE,FALSE,FALSE,FALSE,FALSE
узо 220,10,1,1,1,"related_search, Thumbnail, Sitelinks",https://220volt.com.ua/ua/elektrika-i-svet/nizkovoltnoe-oborudovanie/ustrojstva-zashchitnogo-otklyucheniya-uzo-difavtomati/napryagenie_v_uzo_220_v/,FALSE,FALSE,FALSE,FALSE,FALSE,FALSE
типы электрических счетчиков,10,4,1,1,"AI Overview, related_search, Thumbnail, also_asks, Sitelinks",https://220volt.com.ua/news/schetchiki-elektricheskoj-energii-kakie-byvayut/,FALSE,FALSE,FALSE,FALSE,FALSE,FALSE
imd 525ap,10,1,1,1,"Thumbnail, Sitelinks",https://220volt.com.ua/ibp-powercom-imd-525ap/,FALSE,FALSE,FALSE,FALSE,FALSE,FALSE
карманная электростанция,10,5,1,1,"Thumbnail, related_search, Video preview, also_asks, Sitelinks",https://220volt.com.ua/portativnye-zaryadnye-stantsii/portativnye-elektrostantsii.htm,FALSE,FALSE,FALSE,FALSE,FALSE,FALSE
частотный преобразователь invt цена,10,2,1,1,"Thumbnail, related_search, also_asks, Sitelinks",https://220volt.com.ua/preobrazovateli_chastoty_ustr_plavnogo_puska/preobrazovateli-chastoti/invt-electric/,FALSE,TRUE,FALSE,FALSE,FALSE,TRUE
реле потока,10,1,1,1,"related_search, also_asks, Video preview, Thumbnail, Sitelinks, snip_image_thumbnail",https://220volt.com.ua/nasos/komplektuyushchie-dlya-vodosnabzheniya-i-vodootvedeniya/tip_kompl_nasos_rele_protoka__zashchita_ot_suhogo_hoda/,FALSE,FALSE,FALSE,FALSE,FALSE,FALSE
ecoflow delta pro 220v,10,4,1,1,"Thumbnail, Video preview, related_search, also_asks, Sitelinks",https://220volt.com.ua/ua/zaryadnaya-stantsiya-ecoflow-delta-pro-20989/,FALSE,FALSE,FALSE,FALSE,FALSE,FALSE
трехфазный генератор 380 вольт,10,14,1,1,"related_search, Thumbnail, Sitelinks",https://220volt.com.ua/generatory/faznost_generatorov_3/,FALSE,FALSE,FALSE,FALSE,FALSE,FALSE
насос нидл,10,2,1,1,"Thumbnail, also_asks, related_search, Sitelinks, snip_image_thumbnail",https://220volt.com.ua/nasos/nasosi-dlya-vodosnabzheniya/skvazhinnie-nasosi/needle/,FALSE,FALSE,FALSE,FALSE,FALSE,FALSE
цены на узо и дифавтоматы,10,1,1,1,"related_search, also_asks, Thumbnail, Sitelinks",https://220volt.com.ua/elektrika-i-svet/nizkovoltnoe-oborudovanie/ustrojstva-zashchitnogo-otklyucheniya-uzo-difavtomati/iek/,FALSE,FALSE,FALSE,FALSE,FALSE,FALSE
srge 6500,10,1,1,1,"Thumbnail, Sitelinks",https://220volt.com.ua/generator-benzinovij-patriot-srge-6500/,FALSE,FALSE,FALSE,FALSE,FALSE,FALSE
sdmo j275,10,1,1,1,"Thumbnail, Sitelinks",https://220volt.com.ua/generator-dizel-nij-sdmo-montana-j275k/,FALSE,FALSE,FALSE,FALSE,FALSE,FALSE
ventura gpl 12 70,10,0,1,1,"Thumbnail, Sitelinks, snip_image_thumbnail",https://220volt.com.ua/akkumulyatornaya-batareya-ventura-gpl-12-70/,FALSE,FALSE,FALSE,FALSE,FALSE,FALSE
упс рітар,10,1,1,1,"related_search, Thumbnail, Sitelinks",https://220volt.com.ua/ua/istochniki-besperebojnogo-pitaniya/ritar/,FALSE,FALSE,FALSE,FALSE,FALSE,FALSE
электрические пускатели,10,12,1,1,"Thumbnail, also_asks, related_search, Video preview, Sitelinks",https://220volt.com.ua/elektrika-i-svet/nizkovoltnoe-oborudovanie/puskateli-kontaktori/puskateli.htm,FALSE,FALSE,FALSE,FALSE,FALSE,FALSE
строение аккумулятора автомобиля,10,3,1,1,"related_search, also_asks, Thumbnail, Sitelinks, snip_image_thumbnail",https://220volt.com.ua/news/ustrojstvo-avtomobilnogo-akkumulyatora/,FALSE,FALSE,FALSE,FALSE,FALSE,FALSE
vm iii inverter,10,1,1,1,"Thumbnail, shopping_rhs, related_search, Sitelinks",https://220volt.com.ua/invertor-q-power-axpert-vm-iii-3000-24-3000vt-24v/,FALSE,FALSE,FALSE,FALSE,FALSE,FALSE
стабилизатор напряжения 380 в,10,11,1,1,"Thumbnail, related_search, Sitelinks",https://220volt.com.ua/stabilizator/phases_stab_trehfaznie/,FALSE,FALSE,FALSE,FALSE,FALSE,FALSE
sdmo dx 6000,10,1,1,1,"Thumbnail, Sitelinks",https://220volt.com.ua/generator-dizel-nij-sdmo-dx-6000-te/,FALSE,FALSE,FALSE,FALSE,FALSE,FALSE
europower psw epb800tw12,10,1,1,1,Sitelinks,https://220volt.com.ua/ibp-europower-psw-epb800tw12-14821/,FALSE,FALSE,FALSE,FALSE,FALSE,FALSE
стабилизатор напряжения ortea цена,10,0,1,1,"Thumbnail, also_asks, Sitelinks",https://220volt.com.ua/stabilizator-napryazheniya-ortea-vega-1000-15/,FALSE,TRUE,FALSE,FALSE,FALSE,TRUE
axl 1000,10,0,1,1,"Thumbnail, Sitelinks",https://220volt.com.ua/ua/ibp-altek-axl-1000-800w-15a/,FALSE,FALSE,FALSE,FALSE,FALSE,FALSE
генератор 800ват,10,1,1,1,"Thumbnail, Sitelinks",https://220volt.com.ua/ua/generatory/maksimalnaya_moschnost_block_0_8/,FALSE,FALSE,FALSE,FALSE,FALSE,FALSE
ritar rt12260,10,1,1,1,"Thumbnail, Sitelinks",https://220volt.com.ua/akkumulyatornaya-batareya-ritar-rt12260-12v-26-0ah/,FALSE,FALSE,FALSE,FALSE,FALSE,FALSE
купить упп,10,3,1,1,"related_search, also_asks, Thumbnail, Sitelinks",https://220volt.com.ua/preobrazovateli_chastoty_ustr_plavnogo_puska/ustrojstva-plavnogo-puska-i-tormozheniya.htm,FALSE,TRUE,FALSE,FALSE,FALSE,TRUE
zb12 4,10,0,1,1,"Thumbnail, Sitelinks",https://220volt.com.ua/rele-elektroteplovoe-eaton-moeller-zb12-4-278438/,FALSE,FALSE,FALSE,FALSE,FALSE,FALSE
smart winner 2000,10,1,1,1,"Video preview, Thumbnail, Sitelinks",https://220volt.com.ua/ua/ibp-ippon-smart-winner-2000/,FALSE,FALSE,FALSE,FALSE,FALSE,FALSE
генератор huter dy6500lxw,10,1,1,1,"Thumbnail, Sitelinks",https://220volt.com.ua/generator-benzinovij-huter-dy-6500-lxw/,FALSE,FALSE,FALSE,FALSE,FALSE,FALSE
challenger homeline 3000t48,10,0,1,1,"Thumbnail, Sitelinks",https://220volt.com.ua/ua/ibp-challenger-homeline-3000t48/,FALSE,FALSE,FALSE,FALSE,FALSE,FALSE
генератор бензиновый 8 5 квт,10,3,1,1,"related_search, Sitelinks",https://220volt.com.ua/generatory/maksimalnaya_moschnost_block_8_5/,FALSE,FALSE,FALSE,FALSE,FALSE,FALSE
пищепромавтоматика одесса,10,1,1,1,"Thumbnail, kn_graph_local, Sitelinks, snip_image_thumbnail",https://220volt.com.ua/information/proizvoditeli/pishchepromavtomatika/,FALSE,FALSE,FALSE,FALSE,FALSE,FALSE
gp672,10,1,1,1,"Thumbnail, Sitelinks, snip_image_thumbnail",https://220volt.com.ua/akkumulyatornaya-batareya-csb-gp672/,FALSE,FALSE,FALSE,FALSE,FALSE,FALSE
стабилизация напряжения в автомобиле,10,1,1,1,"Thumbnail, also_asks, related_search, Sitelinks",https://220volt.com.ua/news/avtomobilnij-stabilizator-napryazheniya/,FALSE,FALSE,FALSE,FALSE,FALSE,FALSE
электрогенератор 220 вольт,10,13,1,1,"Thumbnail, related_search, Sitelinks",https://220volt.com.ua/generatory.htm,FALSE,FALSE,FALSE,FALSE,FALSE,FALSE
разновидности автомобильных аккумуляторов,10,9,1,1,"also_asks, related_search, a_box_fsnippet, Sitelinks, snip_featured, snip_image_thumbnail",https://220volt.com.ua/news/raznovidnosti-akkumulyatornih-batarej-soglasno-tipu-rabochih-elementov-i-naznacheniyu/,FALSE,FALSE,FALSE,FALSE,FALSE,FALSE
challenger homeline 800w12,10,1,1,1,"Thumbnail, Sitelinks",https://220volt.com.ua/ua/ibp-challenger-homeline-800w12/,FALSE,FALSE,FALSE,FALSE,FALSE,FALSE
реле контроля напряжения цена,10,40,1,1,"also_asks, related_search, Thumbnail, Sitelinks",https://220volt.com.ua/elektrika-i-svet/nizkovoltnoe-oborudovanie/rele-tajmeri-fotokontrolleri/rele/rele_kontrolya_napryajeniya.htm,FALSE,TRUE,FALSE,FALSE,FALSE,TRUE
бесперебойник на аккумуляторах,10,16,1,1,"related_search, Thumbnail, Sitelinks",https://220volt.com.ua/istochniki-besperebojnogo-pitaniya/akkumulyatornaya_batareya_vstroennaya/,FALSE,FALSE,FALSE,FALSE,FALSE,FALSE
sn 250,10,1,1,1,"Thumbnail, Sitelinks, snip_image_thumbnail",https://220volt.com.ua/stabilizator-napryazheniya-sinpro-oberig-sn-250/,FALSE,FALSE,FALSE,FALSE,FALSE,FALSE
moeller c10,10,0,1,1,"Thumbnail, Sitelinks",https://220volt.com.ua/ua/avtomaticheskij-viklyuchatel-eaton-moeller-pl6-c10-1/,FALSE,FALSE,FALSE,FALSE,FALSE,FALSE
battery hr1221wf2,10,1,1,1,"Sitelinks, snip_image_thumbnail",https://220volt.com.ua/ua/akkumulyatornaya-batareya-csb-hr1221wf2/,FALSE,FALSE,FALSE,FALSE,FALSE,FALSE
fg wilson p275h 2,10,0,1,1,"Thumbnail, Sitelinks",https://220volt.com.ua/generator-dizel-nij-fg-wilson-p275h-2-0/,FALSE,FALSE,FALSE,FALSE,FALSE,FALSE
солнечная панель 220 вольт,10,6,1,1,"also_asks, related_search, shopping_rhs, Sitelinks",https://220volt.com.ua/solnechnaya-energetika/solnechnye-paneli-batarei.htm,FALSE,FALSE,FALSE,FALSE,FALSE,FALSE
usb800,10,1,1,1,"Thumbnail, Sitelinks, snip_image_thumbnail",https://220volt.com.ua/ibp-crown-cmu-usb800/,FALSE,FALSE,FALSE,FALSE,FALSE,FALSE
дизельные генераторные установки,10,2,1,1,"Video preview, AI Overview, related_search, Sitelinks",https://220volt.com.ua/generatory/tip_generatora_dizelni_ustanovki_dgu/,FALSE,FALSE,FALSE,FALSE,FALSE,FALSE
генератор бензиновый forte fg8000e,10,1,1,1,"Thumbnail, also_asks, related_search, Sitelinks",https://220volt.com.ua/generator-benzinovij-forte-fg8000e/,FALSE,FALSE,FALSE,FALSE,FALSE,FALSE
challenger homeline 1500w24,10,0,1,1,"Thumbnail, Sitelinks",https://220volt.com.ua/ibp-challenger-homeline-1500w24/,FALSE,FALSE,FALSE,FALSE,FALSE,FALSE
12000 n,10,0,1,1,"Thumbnail, related_search, Sitelinks, snip_image_thumbnail",https://220volt.com.ua/stabilizator-napryazheniya-ukrtehnologiya-nsn-12000-norma-n/,FALSE,FALSE,FALSE,FALSE,FALSE,FALSE
магазин электроинструмента 220 вольт,10,1,1,1,"related_search, Local pack, Thumbnail, Sitelinks, snip_image_thumbnail",https://220volt.com.ua/,FALSE,TRUE,FALSE,FALSE,FALSE,FALSE
автономные электростанции цены,10,12,1,1,"a_box_fsnippet, also_asks, related_search, Sitelinks, snip_featured",https://220volt.com.ua/solnechnaya-energetika/solnechnye-elektrostantsii/tip_stantsii_stantsii-dlya-avtonomnoj-raboty/,FALSE,FALSE,FALSE,FALSE,FALSE,FALSE
магнитный пускатель шнайдер,10,1,1,1,"Video preview, also_asks, Thumbnail, Sitelinks",https://220volt.com.ua/elektrika-i-svet/nizkovoltnoe-oborudovanie/puskateli-kontaktori/puskateli/schneider/,FALSE,FALSE,FALSE,FALSE,FALSE,FALSE
kstar ибп,10,1,1,1,"Thumbnail, Sitelinks",https://220volt.com.ua/istochniki-besperebojnogo-pitaniya/kstar/,FALSE,FALSE,FALSE,FALSE,FALSE,FALSE
источник бесперебойного питания 3000 ва,10,4,1,1,"related_search, AI Overview, Sitelinks",https://220volt.com.ua/istochniki-besperebojnogo-pitaniya/fullpower_ibp_1001-3000/,FALSE,FALSE,FALSE,FALSE,FALSE,FALSE
електрогенератори київ купити,10,22,1,1,"Thumbnail, related_search, Local pack, Sitelinks, snip_image_thumbnail",https://220volt.com.ua/ua/generatory.htm,FALSE,TRUE,FALSE,FALSE,FALSE,TRUE
invt gd100,10,0,1,1,"Thumbnail, Sitelinks",https://220volt.com.ua/ua/preobrazovatel-chastoti-invt-gd100-1r5g-4/,FALSE,FALSE,FALSE,FALSE,FALSE,FALSE
частотный преобразователь 20 квт,10,1,1,1,"Thumbnail, Sitelinks",https://220volt.com.ua/preobrazovateli_chastoty_ustr_plavnogo_puska/preobrazovateli-chastoti/moshnost_chastotnika_20_1-50-kvt/,FALSE,FALSE,FALSE,FALSE,FALSE,FALSE
инвертор powercom ich 550,10,1,1,1,"Thumbnail, Sitelinks",https://220volt.com.ua/ibp-powercom-ich-550/,FALSE,FALSE,FALSE,FALSE,FALSE,FALSE
victron 12 350,10,1,1,1,"Thumbnail, Sitelinks",https://220volt.com.ua/invertor-victron-energy-phoenix-inverter-12-350-schuko-outlet/,FALSE,FALSE,FALSE,FALSE,FALSE,FALSE
ибп ippon 600,10,2,1,1,"Thumbnail, also_asks, Sitelinks",https://220volt.com.ua/ibp-ippon-new-back-power-pro-600/,FALSE,FALSE,FALSE,FALSE,FALSE,FALSE
gewilson ge1200lbi,10,1,1,1,"Thumbnail, Sitelinks, snip_image_thumbnail",https://220volt.com.ua/benzinovij-invertornij-generator-gewilson-ge1200lbi/,FALSE,FALSE,FALSE,FALSE,FALSE,FALSE
balcon solar,10,1,1,1,"also_asks, related_search, Thumbnail, Sitelinks",https://220volt.com.ua/solnechnaya-energetika/solnechnye-paneli-batarei/naznachenie_dlya_fotomoduli__balkona/,FALSE,FALSE,FALSE,FALSE,FALSE,FALSE
10kl,10,0,1,1,"related_search, Thumbnail, Sitelinks",https://220volt.com.ua/ibp-ritar-pt-10kl-lcd-10000va-3686/,FALSE,FALSE,FALSE,FALSE,FALSE,FALSE
единица измерения емкости аккумуляторной батареи,10,10,1,1,"related_search, also_asks, a_box_fsnippet, Sitelinks, snip_featured",https://220volt.com.ua/news/chto-takoe-emkost-akkumulyatora-metodika-ee-rascheta/,FALSE,FALSE,FALSE,FALSE,FALSE,FALSE
moeller pkzmo 4,10,1,1,1,"Thumbnail, Sitelinks, snip_image_thumbnail",https://220volt.com.ua/ua/avtomaticheskij-viklyuchatel-eaton-moeller-pkzm0-4-072737/,FALSE,FALSE,FALSE,FALSE,FALSE,FALSE
220 вольт насосы,10,7,1,1,"Thumbnail, also_asks, related_search, Sitelinks",https://220volt.com.ua/nasos.htm,FALSE,FALSE,FALSE,FALSE,FALSE,FALSE
генератор для освещения,10,20,1,1,"also_asks, related_search, Thumbnail, Sitelinks",https://220volt.com.ua/generatory/optimal_gen_sveta/,FALSE,FALSE,FALSE,FALSE,FALSE,FALSE
riello 1500,10,1,1,1,"Thumbnail, Sitelinks",https://220volt.com.ua/ibp-riello-vst-1500/,FALSE,FALSE,FALSE,FALSE,FALSE,FALSE
lrs 25,10,0,1,1,"Thumbnail, Sitelinks",https://220volt.com.ua/ua/nasos-tsirkulyatsionnij-sprut-lrs-25-4s-180/,FALSE,FALSE,FALSE,FALSE,FALSE,FALSE
генератор хутер 950,10,1,1,1,Sitelinks,https://220volt.com.ua/generator-benzinovij-huter-ht-950-a/,FALSE,FALSE,FALSE,FALSE,FALSE,FALSE
электрощитовое оборудование киев,10,1,1,1,"Thumbnail, Local pack, Sitelinks, snip_image_thumbnail",https://220volt.com.ua/elektrika-i-svet/shitovoe/shchitovoe-oborudovanie.htm,FALSE,TRUE,FALSE,FALSE,FALSE,FALSE
g ups,10,3,1,1,"related_search, also_asks, Thumbnail, Sitelinks",https://220volt.com.ua/istochniki-besperebojnogo-pitaniya/general-electric/,FALSE,FALSE,FALSE,FALSE,FALSE,FALSE
телефон магазина 220 вольт,10,8,1,1,"related_search, Local pack, also_asks, Sitelinks",https://220volt.com.ua/contact/,FALSE,TRUE,FALSE,FALSE,FALSE,FALSE
генератор для погружного насоса,10,2,1,1,"related_search, Thumbnail, AI Overview, Video preview, also_asks, Sitelinks, snip_url_in_aio, snip_fqdn_in_aio",https://220volt.com.ua/generatory/optimal_gen_nasosnoj-stantsii/,FALSE,FALSE,FALSE,FALSE,FALSE,FALSE
v00,10,0,1,1,"Thumbnail, Sitelinks, snip_image_thumbnail",https://220volt.com.ua/rele-kontrolya-napryazheniya-e-next-8203-e-control-v00/,FALSE,FALSE,FALSE,FALSE,FALSE,FALSE
12 1000,10,1,1,1,"AI Overview, Thumbnail, Sitelinks, snip_image_thumbnail",https://220volt.com.ua/ua/ibp-elim-ukraina-pnk-12-1000/,FALSE,FALSE,FALSE,FALSE,FALSE,FALSE
кнопка с фиксацией и подсветкой 220в,10,1,1,1,"related_search, Video preview, Sitelinks",https://220volt.com.ua/elektrika-i-svet/nizkovoltnoe-oborudovanie/viklyuchateli-knopki-pereklyuchateli/knopki/nalichie_fiksatsii_est/,FALSE,FALSE,FALSE,FALSE,FALSE,FALSE
зависимость емкости аккумулятора от температуры,10,1,1,1,"Thumbnail, related_search, a_box_fsnippet, also_asks, Sitelinks, snip_featured",https://220volt.com.ua/news/chto-takoe-emkost-akkumulyatora-metodika-ee-rascheta/,FALSE,FALSE,FALSE,FALSE,FALSE,FALSE
профессиональный стабилизатор,10,1,1,1,"also_asks, Thumbnail, Sitelinks",https://220volt.com.ua/stabilizator/strum/,FALSE,FALSE,FALSE,FALSE,FALSE,FALSE
электрогенератор переносной,10,10,1,1,"related_search, also_asks, Thumbnail, Sitelinks",https://220volt.com.ua/generatory/tip_ustanovki_portativnie/,FALSE,FALSE,FALSE,FALSE,FALSE,FALSE
как определить мощность бензогенератора,10,5,1,1,"related_search, Thumbnail, AI Overview, also_asks, Sitelinks, snip_url_in_aio, snip_fqdn_in_aio",https://220volt.com.ua/news/kak-opredelit-moschnost-benzinovogo-generatora-dlya-sobstvennyh-nuzhd/,FALSE,FALSE,FALSE,TRUE,FALSE,FALSE
ибп 10000 ва,10,1,1,1,"Thumbnail, related_search, Sitelinks",https://220volt.com.ua/istochniki-besperebojnogo-pitaniya/fullpower_ibp_6001-10000/,FALSE,FALSE,FALSE,FALSE,FALSE,FALSE
ippon smart power 1000,10,1,1,1,"Thumbnail, Video preview, Sitelinks",https://220volt.com.ua/ua/ibp-ippon-smart-power-pro-1000/,FALSE,FALSE,FALSE,FALSE,FALSE,FALSE
вольт eco 6000,10,0,1,1,"Thumbnail, Sitelinks, snip_image_thumbnail",https://220volt.com.ua/stabilizator-napryazheniya-volt-eco-6000/,FALSE,FALSE,FALSE,FALSE,FALSE,FALSE
монтаж дбж,10,1,1,1,"related_search, Sitelinks",https://220volt.com.ua/ua/information/uslugi/montaj-ibp/,FALSE,FALSE,FALSE,FALSE,FALSE,FALSE
автоматический выключатель ае 2044,10,0,1,1,"Sitelinks, snip_image_thumbnail",https://220volt.com.ua/avtomaticheskij-viklyuchatel-ae-2044-20a-1r-5ka/,FALSE,FALSE,FALSE,FALSE,FALSE,FALSE
ippon back power pro 600 инструкция,10,1,1,1,"related_search, Thumbnail, Sitelinks",https://220volt.com.ua/storage/catalog_products/146603/instruction/738.pdf,FALSE,FALSE,FALSE,FALSE,FALSE,FALSE
mc115,10,1,1,1,"Thumbnail, Sitelinks",https://220volt.com.ua/generator-dizel-nij-matari-mc115/,FALSE,FALSE,FALSE,FALSE,FALSE,FALSE
реле стоимость,10,36,1,1,"related_search, also_asks, Thumbnail, Sitelinks, snip_image_thumbnail",https://220volt.com.ua/elektrika-i-svet/nizkovoltnoe-oborudovanie/rele-tajmeri-fotokontrolleri/rele/rele_kontrolya_napryajeniya.htm,FALSE,FALSE,FALSE,FALSE,FALSE,FALSE
аккумулятор 6 вольт 2 ампера,10,15,1,1,"related_search, Thumbnail, Sitelinks",https://220volt.com.ua/akkumulatornie-batarei/napryagenie_batarei_block_6/,FALSE,FALSE,FALSE,FALSE,FALSE,FALSE
ибп синусоида на выходе,10,13,1,1,"AI Overview, Thumbnail, Sitelinks",https://220volt.com.ua/istochniki-besperebojnogo-pitaniya/uotformnaprahenia_sinusoida/,FALSE,FALSE,FALSE,FALSE,FALSE,FALSE
ht1103s,10,0,1,1,"Thumbnail, Sitelinks, snip_image_thumbnail",https://220volt.com.ua/ibp-invt-3kva-t-8/,FALSE,FALSE,FALSE,FALSE,FALSE,FALSE
pkzm4 50 moeller,10,0,1,1,"Thumbnail, shopping_top, Sitelinks",https://220volt.com.ua/ua/avtomaticheskij-viklyuchatel-eaton-moeller-pkzm4-50-222355/,FALSE,FALSE,FALSE,FALSE,FALSE,FALSE
подобрать аккумулятор по генератору,10,3,1,1,"also_asks, related_search, Sitelinks",https://220volt.com.ua/news/kak-podobrat-akkumulyator-dlya-generatora-tipy-emkost-i-srok-sluzhby/,FALSE,FALSE,FALSE,FALSE,FALSE,FALSE
генератор бензиновый huter ht1000l,10,1,1,1,"AI Overview, Sitelinks, snip_url_in_aio, snip_fqdn_in_aio",https://220volt.com.ua/generator-benzinovij-huter-ht-1000-l/,FALSE,FALSE,FALSE,FALSE,FALSE,FALSE
аккумуляторные батареи киев купить,10,34,1,1,"related_search, Sitelinks",https://220volt.com.ua/akkumulatornie-batarei.htm,FALSE,TRUE,FALSE,FALSE,FALSE,TRUE
насос needle 90ndl,10,1,1,1,Sitelinks,https://220volt.com.ua/nasos-skvazhinnij-needle-90ndl-3-5-21/,FALSE,FALSE,FALSE,FALSE,FALSE,FALSE
22cp,10,1,1,1,"Thumbnail, Sitelinks",https://220volt.com.ua/generator-dizel-nij-dalgakiran-dj-22-cp/,FALSE,FALSE,FALSE,FALSE,FALSE,FALSE
rt12200,10,1,1,1,"Thumbnail, Sitelinks, snip_image_thumbnail",https://220volt.com.ua/akkumulyatornaya-batareya-ritar-rt12200-12v-20-0ah/,FALSE,FALSE,FALSE,FALSE,FALSE,FALSE
купить трехфазный стабилизатор напряжения в украине,10,12,1,1,"Thumbnail, related_search, also_asks, Sitelinks",https://220volt.com.ua/stabilizator/phases_stab_trehfaznie/,FALSE,TRUE,FALSE,FALSE,FALSE,TRUE
ups с дополнительными аккумуляторами,10,26,1,1,"Thumbnail, related_search, Sitelinks",https://220volt.com.ua/istochniki-besperebojnogo-pitaniya/akkumulyatornaya_batareya_vneshnyaya/,FALSE,FALSE,FALSE,FALSE,FALSE,FALSE
стабилизатор напряжения для усилителя,10,1,1,1,"also_asks, Thumbnail, related_search, Sitelinks",https://220volt.com.ua/stabilizator/optimal_stab_audio-tehniki-hi-fi/,FALSE,FALSE,FALSE,FALSE,FALSE,FALSE
батарея cs3,10,4,1,1,"Thumbnail, shopping_rhs, related_search, Sitelinks",https://220volt.com.ua/akkumulatornie-batarei/csb/,FALSE,FALSE,FALSE,FALSE,FALSE,FALSE
аккумуляторы бывают,10,19,1,1,"a_box_fsnippet, also_asks, related_search, Thumbnail, Sitelinks, snip_featured, snip_image_thumbnail",https://220volt.com.ua/news/raznovidnosti-akkumulyatornih-batarej-soglasno-tipu-rabochih-elementov-i-naznacheniyu/,FALSE,FALSE,FALSE,FALSE,FALSE,FALSE
unilift kp,10,1,1,1,"a_box_fsnippet, Thumbnail, Sitelinks, snip_featured",https://220volt.com.ua/nasos-drenazhnij-grundfos-unilift-kp-250-a-1-012h1600/,FALSE,FALSE,FALSE,FALSE,FALSE,FALSE
pkzm0 63,10,0,1,1,"Thumbnail, Sitelinks, snip_image_thumbnail",https://220volt.com.ua/avtomaticheskij-viklyuchatel-eaton-moeller-pkzm0-0-63-072733/,FALSE,FALSE,FALSE,FALSE,FALSE,FALSE
снпто 9 пт,10,0,1,1,"Thumbnail, Sitelinks",https://220volt.com.ua/ua/stabilizator-napryazheniya-volter-snpto-9-pt/,FALSE,FALSE,FALSE,FALSE,FALSE,FALSE
узо на стиральную машину 10 или 30,10,1,1,1,"related_search, also_asks, a_box_fsnippet, Thumbnail, Sitelinks, snip_featured",https://220volt.com.ua/news/kak-vibrat-uzo/,FALSE,FALSE,FALSE,FALSE,FALSE,FALSE
источник бесперебойного питания аккумуляторные батареи,10,24,1,1,"Video preview, also_asks, related_search, Thumbnail, Sitelinks",https://220volt.com.ua/istochniki-besperebojnogo-pitaniya/akkumulyatornaya_batareya_vstroennaya/,FALSE,FALSE,FALSE,FALSE,FALSE,FALSE
снпто 5,10,1,1,1,"Thumbnail, Sitelinks",https://220volt.com.ua/ua/stabilizator-napryazheniya-volter-snpto-5-5-pt/,FALSE,FALSE,FALSE,FALSE,FALSE,FALSE
life 1000,10,1,1,1,"Thumbnail, Sitelinks",https://220volt.com.ua/ua/portativnaya_zaryadnaya_stanciya_life_ps_1000/,FALSE,FALSE,FALSE,FALSE,FALSE,FALSE
таймер света купить,10,25,1,1,"Thumbnail, related_search, Sitelinks",https://220volt.com.ua/elektrika-i-svet/nizkovoltnoe-oborudovanie/rele-tajmeri-fotokontrolleri/tajmeri.htm,FALSE,TRUE,FALSE,FALSE,FALSE,TRUE
grundfos jpbasic 4pt,10,0,1,1,"Thumbnail, Sitelinks, snip_image_thumbnail",https://220volt.com.ua/nasosnaya-stantsiya-grundfos-jp-basic-4-pt/,FALSE,FALSE,FALSE,FALSE,FALSE,FALSE
силовые автоматы иэк,10,1,1,1,"related_search, Thumbnail, Sitelinks",https://220volt.com.ua/elektrika-i-svet/nizkovoltnoe-oborudovanie/avtomati/silovie-avtomati/iek/,FALSE,FALSE,FALSE,FALSE,FALSE,FALSE
электрогенераторы киев купить,10,34,1,1,"related_search, Thumbnail, Sitelinks",https://220volt.com.ua/generatory.htm,FALSE,TRUE,FALSE,FALSE,FALSE,TRUE
huter 6500,10,1,1,1,"related_search, Sitelinks",https://220volt.com.ua/generator-benzinovij-huter-dy-6500-lxs/,FALSE,FALSE,FALSE,FALSE,FALSE,FALSE
бензиновый генератор huter dy3000l,10,2,1,1,"also_asks, Thumbnail, Sitelinks",https://220volt.com.ua/generator-benzinovij-huter-dy-3000-l/,FALSE,FALSE,FALSE,FALSE,FALSE,FALSE
volter снпто 14,10,1,1,1,"shopping_rhs, also_asks, ads_bot, Thumbnail, Sitelinks",https://220volt.com.ua/stabilizator-napryazheniya-volter-snpto-14-pt/,FALSE,FALSE,FALSE,FALSE,FALSE,FALSE
насос поверхностный самовсасывающий цена,10,10,1,1,"Thumbnail, related_search, also_asks, Sitelinks",https://220volt.com.ua/nasos/nasosi-dlya-vodosnabzheniya/tsentrobezhnie/tipvsas_samovsasivayushchie/,FALSE,TRUE,FALSE,FALSE,FALSE,TRUE
бензогенератор 380в,10,8,1,1,"related_search, Thumbnail, Sitelinks",https://220volt.com.ua/generatory/faznost_generatorov_3/,FALSE,FALSE,FALSE,FALSE,FALSE,FALSE
синусоидальный бесперебойник,10,14,1,1,"related_search, also_asks, Thumbnail, Sitelinks, snip_image_thumbnail",https://220volt.com.ua/istochniki-besperebojnogo-pitaniya/uotformnaprahenia_sinusoida/,FALSE,FALSE,FALSE,FALSE,FALSE,FALSE
графен полимерный аккумулятор купить,10,3,1,1,"AI Overview, related_search, also_asks, Sitelinks, snip_url_in_aio, snip_fqdn_in_aio",https://220volt.com.ua/akkumulatornie-batarei/tip_elementa_svintsovo-uglerodnie/,FALSE,TRUE,FALSE,FALSE,FALSE,TRUE
hx 600,10,0,1,1,"Thumbnail, related_search, Sitelinks",https://220volt.com.ua/sistema-besperebojnogo-pitaniya-allure-prime-hx-600w-12v-ap12-100-100ag-1270vt-g/,FALSE,FALSE,FALSE,FALSE,FALSE,FALSE
np7 12l,10,1,1,1,"Thumbnail, Sitelinks, snip_image_thumbnail",https://220volt.com.ua/ua/akkumulyatornaya-batareya-yuasa-np7-12/,FALSE,FALSE,FALSE,FALSE,FALSE,FALSE
ah 36,10,1,1,1,"Thumbnail, related_search, Sitelinks, snip_image_thumbnail",https://220volt.com.ua/ua/akkumulatornie-batarei/emkost_ab_block_36/,FALSE,FALSE,FALSE,FALSE,FALSE,FALSE
малошумні генератори,10,2,1,1,"related_search, AI Overview, also_asks, Sitelinks",https://220volt.com.ua/ua/generatory/ispolnenie_generatora_v-shumopogloshchayushchem-korpuse/,FALSE,FALSE,FALSE,FALSE,FALSE,FALSE
литий ионный аккумулятор купить в киеве,10,32,1,1,"Thumbnail, Local pack, related_search, also_asks, Sitelinks",https://220volt.com.ua/akkumulatornie-batarei/tip_elementa_litij-ionnie/,FALSE,TRUE,FALSE,FALSE,FALSE,TRUE
loncin 80,10,1,1,1,"Thumbnail, Sitelinks",https://220volt.com.ua/motopompa-loncin-lc80zb35-4-5q/,FALSE,FALSE,FALSE,FALSE,FALSE,FALSE
ritar rtsw 5000,10,1,1,1,Sitelinks,https://220volt.com.ua/ua/ibp-ritar-rtsw-5000/,FALSE,FALSE,FALSE,FALSE,FALSE,FALSE
pl6 c6 3,10,0,1,1,"Thumbnail, Sitelinks, snip_image_thumbnail",https://220volt.com.ua/avtomaticheskij-viklyuchatel-eaton-moeller-pl6-c6-3-286598/,FALSE,FALSE,FALSE,FALSE,FALSE,FALSE
сколько стоит бензиновый электрогенератор,10,44,1,1,"also_asks, related_search, Sitelinks",https://220volt.com.ua/generatory/tip_generatora_benzogeneratori/,FALSE,FALSE,FALSE,TRUE,FALSE,FALSE
ибп для внешних аккумуляторов,10,28,1,1,"related_search, also_asks, Thumbnail, Sitelinks",https://220volt.com.ua/istochniki-besperebojnogo-pitaniya/akkumulyatornaya_batareya_vneshnyaya/,FALSE,FALSE,FALSE,FALSE,FALSE,FALSE
riello 1500va ups,10,0,1,1,"Thumbnail, Sitelinks",https://220volt.com.ua/ibp-riello-vst-1500/,FALSE,FALSE,FALSE,FALSE,FALSE,FALSE
220 вольт зарядное устройство,10,1,1,1,"Thumbnail, also_asks, related_search, Sitelinks",https://220volt.com.ua/zaryadnie-ustrojstva.htm,FALSE,FALSE,FALSE,FALSE,FALSE,FALSE
аккумулятор agm купить киев,10,26,1,1,"Thumbnail, related_search, Sitelinks, snip_image_thumbnail",https://220volt.com.ua/akkumulatornie-batarei/tip_elementa_agm/,FALSE,TRUE,FALSE,FALSE,FALSE,TRUE
генератор цена киев,10,45,1,1,"related_search, Thumbnail, also_asks, Sitelinks",https://220volt.com.ua/generatory.htm,FALSE,TRUE,FALSE,FALSE,FALSE,TRUE
генератор для насоса,10,2,1,1,"related_search, also_asks, Thumbnail, Sitelinks",https://220volt.com.ua/generatory/optimal_gen_nasosnoj-stantsii/,FALSE,FALSE,FALSE,FALSE,FALSE,FALSE
солнечных электростанций,10,9,1,1,"related_search, also_asks, Video preview, Sitelinks",https://220volt.com.ua/solnechnaya-energetika/solnechnye-elektrostantsii.htm,FALSE,FALSE,FALSE,FALSE,FALSE,FALSE
km 25,10,1,1,1,"Thumbnail, Sitelinks, snip_image_thumbnail",https://220volt.com.ua/ua/kontaktor-iek-km-25-40-ac-dc/,FALSE,FALSE,FALSE,FALSE,FALSE,FALSE
фекальные насосы grundfos,10,2,1,1,"Thumbnail, also_asks, Sitelinks",https://220volt.com.ua/nasos/nasosi-dlya-vodootvedeniya/fekalnih-stokov/grundfos/,FALSE,FALSE,FALSE,FALSE,FALSE,FALSE
1500pt,10,1,1,1,"Thumbnail, Sitelinks, snip_image_thumbnail",https://220volt.com.ua/stabilizator-napryazheniya-sinpro-sn-1500pt/,FALSE,FALSE,FALSE,FALSE,FALSE,FALSE
электрогенератор dy5000l,10,0,1,1,"related_search, Thumbnail, Sitelinks",https://220volt.com.ua/generator-benzinovij-huter-dy-5000-l/,FALSE,FALSE,FALSE,FALSE,FALSE,FALSE
центр продаж 220,10,1,1,1,"related_search, Thumbnail, Sitelinks, snip_image_thumbnail",https://220volt.com.ua/ua/,FALSE,FALSE,FALSE,FALSE,FALSE,FALSE
sinpro 1200 s510,10,1,1,1,"Thumbnail, Sitelinks",https://220volt.com.ua/ua/ibp-sinpro-1200-s510/,FALSE,FALSE,FALSE,FALSE,FALSE,FALSE
c2 1,10,1,1,1,"Thumbnail, Sitelinks, snip_image_thumbnail",https://220volt.com.ua/avtomaticheskij-viklyuchatel-eaton-moeller-pl6-c2-1/,FALSE,FALSE,FALSE,FALSE,FALSE,FALSE
battery cs3 gp1272 f2,10,1,1,1,"related_search, Thumbnail, Sitelinks",https://220volt.com.ua/ua/akkumulyatornaya-batareya-csb-gp1272f2/,FALSE,FALSE,FALSE,FALSE,FALSE,FALSE
безперебійник з акб,10,12,1,1,"Thumbnail, related_search, Sitelinks",https://220volt.com.ua/ua/istochniki-besperebojnogo-pitaniya/akkumulyatornaya_batareya_vneshnyaya/,FALSE,FALSE,FALSE,FALSE,FALSE,FALSE
gp1272 f2 battery,10,1,1,1,"related_search, Thumbnail, Sitelinks",https://220volt.com.ua/akkumulyatornaya-batareya-csb-gp1272f2/,FALSE,FALSE,FALSE,FALSE,FALSE,FALSE
fg wilson p250h,10,0,1,1,"Thumbnail, Sitelinks, snip_image_thumbnail",https://220volt.com.ua/generator-dizel-nij-fg-wilson-p250h-2-0/,FALSE,FALSE,FALSE,FALSE,FALSE,FALSE
eaton sp 850,10,0,1,1,"Thumbnail, Sitelinks, snip_image_thumbnail",https://220volt.com.ua/ibp-eaton-5p-850-va/,FALSE,FALSE,FALSE,FALSE,FALSE,FALSE
интернет магазин 220 вольт киев,10,19,1,1,"related_search, Thumbnail, Sitelinks, snip_sitelinks",https://220volt.com.ua/,FALSE,TRUE,FALSE,FALSE,FALSE,FALSE
солнечные энергетические системы,10,1,1,1,"also_asks, Video preview, AI Overview, related_search, Sitelinks",https://220volt.com.ua/solnechnaya-energetika/solnechnye-elektrostantsii.htm,FALSE,FALSE,FALSE,FALSE,FALSE,FALSE
схема подключения трехфазного стабилизатора,10,1,1,1,"also_asks, related_search, Thumbnail, Sitelinks, snip_image_thumbnail",https://220volt.com.ua/news/osnovnie-nyuansi-ustanovki-i-shemi-podklyucheniya-stabilizatora-napryazheniya/,FALSE,FALSE,FALSE,FALSE,FALSE,FALSE
europower ep200x1,10,0,1,1,"Thumbnail, Sitelinks",https://220volt.com.ua/ua/generator-benzinovij-europower-ep200x1/,FALSE,FALSE,FALSE,FALSE,FALSE,FALSE
ибп 3000ва,10,3,1,1,"Thumbnail, related_search, Sitelinks",https://220volt.com.ua/istochniki-besperebojnogo-pitaniya/fullpower_ibp_1001-3000/,FALSE,FALSE,FALSE,FALSE,FALSE,FALSE
разрывной рубильник,10,2,1,1,"also_asks, Thumbnail, related_search, Sitelinks",https://220volt.com.ua/elektrika-i-svet/nizkovoltnoe-oborudovanie/rubilniki/tip_rubilnika_razrivnoj/,FALSE,FALSE,FALSE,FALSE,FALSE,FALSE
sprut 3vp dn40h,10,0,1,1,"Thumbnail, Sitelinks",https://220volt.com.ua/nasos-tsirkulyatsionnij-sprut-3vp-dn40h/,FALSE,FALSE,FALSE,FALSE,FALSE,FALSE
ups fort,10,5,1,1,"AI Overview, related_search, Sitelinks, snip_fqdn_in_aio",https://220volt.com.ua/istochniki-besperebojnogo-pitaniya/fort/,FALSE,FALSE,FALSE,FALSE,FALSE,FALSE
huter ht950a,10,1,1,1,"Thumbnail, Sitelinks",https://220volt.com.ua/generator-benzinovij-huter-ht-950-a/,FALSE,FALSE,FALSE,FALSE,FALSE,FALSE
генератор матари м7000е,10,1,1,1,"Thumbnail, also_asks, related_search, Sitelinks",https://220volt.com.ua/generator-benzinovij-matari-m7000e/,FALSE,FALSE,FALSE,FALSE,FALSE,FALSE
силовые контакторы,10,1,1,1,"also_asks, Thumbnail, Sitelinks, snip_image_thumbnail",https://220volt.com.ua/elektrika-i-svet/nizkovoltnoe-oborudovanie/puskateli-kontaktori/puskateli/tip_puskateley_silovie/,FALSE,FALSE,FALSE,FALSE,FALSE,FALSE
инверторный генератор loncin lc2000i,10,1,1,1,"Sitelinks, snip_image_thumbnail",https://220volt.com.ua/generator-benzinovij-invertornij-loncin-lc-2000-i/,FALSE,FALSE,FALSE,FALSE,FALSE,FALSE
sdmo dx6000te,10,1,1,1,"Thumbnail, Sitelinks",https://220volt.com.ua/generator-dizel-nij-sdmo-dx-6000-te/,FALSE,FALSE,FALSE,FALSE,FALSE,FALSE
насос 150,10,3,1,1,"Thumbnail, Sitelinks",https://220volt.com.ua/nasos/nasosi-dlya-vodosnabzheniya/skvazhinnie-nasosi/napor_nasos_svishe-150/,FALSE,FALSE,FALSE,FALSE,FALSE,FALSE
deca sm 1270,10,1,1,1,"Thumbnail, Sitelinks, snip_image_thumbnail",https://220volt.com.ua/zaryadnoe-ustrojstvo-deca-sm-1270-230-50-60/,FALSE,FALSE,FALSE,FALSE,FALSE,FALSE
ps3000,10,1,1,1,"Thumbnail, Sitelinks, snip_image_thumbnail",https://220volt.com.ua/portativnaya_elektrostanciya_ecolife_ps_3000/,FALSE,FALSE,FALSE,FALSE,FALSE,FALSE
генератор форте 2500 инструкция,10,1,1,1,"AI Overview, related_search, Sitelinks, snip_url_in_aio, snip_fqdn_in_aio",https://220volt.com.ua/storage/catalog_products/127591/instruction/738.pdf,FALSE,FALSE,FALSE,FALSE,FALSE,FALSE
rt650,10,1,1,1,"Thumbnail, Sitelinks, snip_image_thumbnail",https://220volt.com.ua/akkumulyatornaya-batareya-ritar-rt650-6v-5ah-8209/,FALSE,FALSE,FALSE,FALSE,FALSE,FALSE
ippon smart winner ii 3000,10,0,1,1,"related_search, Sitelinks",https://220volt.com.ua/ibp-ippon-smart-winner-3000/,FALSE,FALSE,FALSE,FALSE,FALSE,FALSE
ich 550,10,1,1,1,Sitelinks,https://220volt.com.ua/ua/ibp-powercom-ich-550/,FALSE,FALSE,FALSE,FALSE,FALSE,FALSE
пускатель шнайдер электрик,10,4,1,1,"related_search, also_asks, Thumbnail, Sitelinks, snip_image_thumbnail",https://220volt.com.ua/elektrika-i-svet/nizkovoltnoe-oborudovanie/puskateli-kontaktori/puskateli/schneider/,FALSE,FALSE,FALSE,FALSE,FALSE,FALSE
ибп для стойки,10,2,1,1,"Thumbnail, Sitelinks",https://220volt.com.ua/istochniki-besperebojnogo-pitaniya/typeispolnenia_montiruemij-v-stojku/,FALSE,FALSE,FALSE,FALSE,FALSE,FALSE
asagm,10,0,1,1,"Thumbnail, Sitelinks, snip_image_thumbnail",https://220volt.com.ua/ua/akkumulyatornaya-batareya-azbist-azagm-12650m6/,FALSE,FALSE,FALSE,FALSE,FALSE,FALSE
дренажный насос calpeda,10,1,1,1,"also_asks, Thumbnail, Sitelinks",https://220volt.com.ua/nasos/nasosi-dlya-vodootvedeniya/gryaznoj-vodi/calpeda/,FALSE,FALSE,FALSE,FALSE,FALSE,FALSE
symo 5,10,1,1,1,"Thumbnail, Sitelinks",https://220volt.com.ua/ua/invertor-fronius-symo-5-0-3-m/,FALSE,FALSE,FALSE,FALSE,FALSE,FALSE
таймеры включения,10,28,1,1,"related_search, Thumbnail, Video preview, also_asks, AI Overview, Sitelinks",https://220volt.com.ua/elektrika-i-svet/nizkovoltnoe-oborudovanie/rele-tajmeri-fotokontrolleri/tajmeri.htm,FALSE,FALSE,FALSE,FALSE,FALSE,FALSE
купить электрический рубильник,10,7,1,1,"related_search, Thumbnail, also_asks, Local pack, Sitelinks",https://220volt.com.ua/elektrika-i-svet/nizkovoltnoe-oborudovanie/rubilniki.htm,FALSE,TRUE,FALSE,FALSE,FALSE,TRUE
axl 1200,10,1,1,1,"Thumbnail, Sitelinks",https://220volt.com.ua/ibp-altek-axl-1200-1000w-15a/,FALSE,FALSE,FALSE,FALSE,FALSE,FALSE
портативные мини электростанции,10,11,1,1,"Thumbnail, Video preview, related_search, Sitelinks",https://220volt.com.ua/portativnye-zaryadnye-stantsii/portativnye-elektrostantsii.htm,FALSE,FALSE,FALSE,FALSE,FALSE,FALSE
dg7500me,10,1,1,1,"Thumbnail, Sitelinks, snip_image_thumbnail",https://220volt.com.ua/generator-dizel-nij-tmg-power-dg7500me/,FALSE,FALSE,FALSE,FALSE,FALSE,FALSE
stark country 2000,10,0,1,1,"Sitelinks, snip_image_thumbnail",https://220volt.com.ua/ibp-stark-country-2000-inv/,FALSE,FALSE,FALSE,FALSE,FALSE,FALSE
ups ippon smart power pro 2000,10,1,1,1,"Thumbnail, Sitelinks",https://220volt.com.ua/ibp-ippon-smart-power-pro-2000/,FALSE,FALSE,FALSE,FALSE,FALSE,FALSE
axpert 3000,10,1,1,1,"Thumbnail, related_search, Sitelinks",https://220volt.com.ua/invertor-q-power-axpert-vm-iii-3000-24-3000vt-24v/,FALSE,FALSE,FALSE,FALSE,FALSE,FALSE
дифреле купить киев,10,1,1,1,"related_search, also_asks, Thumbnail, Sitelinks",https://220volt.com.ua/elektrika-i-svet/nizkovoltnoe-oborudovanie/ustrojstva-zashchitnogo-otklyucheniya-uzo-difavtomati/tip_uzo_difrele/,FALSE,TRUE,FALSE,FALSE,FALSE,TRUE
ups 3500 watt,10,1,1,1,"Thumbnail, Sitelinks",https://220volt.com.ua/ua/ibp-volter-ups-3500/,FALSE,FALSE,FALSE,FALSE,FALSE,FALSE
stark 2500 eco,10,1,1,1,"Thumbnail, Sitelinks",https://220volt.com.ua/generator-benzinovij-stark-2500-eco/,FALSE,FALSE,FALSE,FALSE,FALSE,FALSE
какой насос лучше поставить в колодец,10,3,1,1,"related_search, Thumbnail, also_asks, a_box_fsnippet, Sitelinks, snip_featured",https://220volt.com.ua/news/kak-vybrat-nasos-dlya-kolodtsa-sovety-ot-ekspertov-internet-magazina-220-volt/,FALSE,FALSE,FALSE,TRUE,FALSE,FALSE
графеновые акб,10,3,1,1,"related_search, Video preview, also_asks, Sitelinks",https://220volt.com.ua/akkumulatornie-batarei/tip_elementa_svintsovo-uglerodnie/,FALSE,FALSE,FALSE,FALSE,FALSE,FALSE
ritar 200ah battery,10,0,1,1,"related_search, Thumbnail, Sitelinks, snip_image_thumbnail",https://220volt.com.ua/akkumulyatornaya-batareya-ritar-dg12-200-12v-200ah-2185/,FALSE,FALSE,FALSE,FALSE,FALSE,FALSE
электрогенератор постоянного тока 220 вольт,10,3,1,1,"also_asks, Thumbnail, Sitelinks",https://220volt.com.ua/generatory/osnaschenie_generatora_vyhod-postoyannogo-toka-12-v/,FALSE,FALSE,FALSE,FALSE,FALSE,FALSE
pl4 c40 3,10,0,1,1,"Thumbnail, Sitelinks, snip_image_thumbnail",https://220volt.com.ua/avtomaticheskij-viklyuchatel-eaton-moeller-pl4-c40-3-293164/,FALSE,FALSE,FALSE,FALSE,FALSE,FALSE
самовсасывающий,10,12,1,1,"also_asks, related_search, Thumbnail, Sitelinks, snip_image_thumbnail",https://220volt.com.ua/nasos/nasosi-dlya-vodosnabzheniya/tsentrobezhnie/tipvsas_samovsasivayushchie/,FALSE,FALSE,FALSE,FALSE,FALSE,FALSE
генератор patriot srge 6500,10,1,1,1,"Thumbnail, Sitelinks",https://220volt.com.ua/generator-benzinovij-patriot-srge-6500/,FALSE,FALSE,FALSE,FALSE,FALSE,FALSE
магнитный пускатель 220в купить,10,8,1,1,"Thumbnail, also_asks, related_search, Sitelinks",https://220volt.com.ua/elektrika-i-svet/nizkovoltnoe-oborudovanie/puskateli-kontaktori/puskateli.htm,FALSE,TRUE,FALSE,FALSE,FALSE,TRUE
устройство плавного пуска basic упп,10,1,1,1,"AI Overview, Sitelinks",https://220volt.com.ua/ustrojstvo-plavnogo-puska-basic-upp/,FALSE,FALSE,FALSE,FALSE,FALSE,FALSE
частная солнечная электростанция в украине,10,7,1,1,"related_search, also_asks, Sitelinks",https://220volt.com.ua/solnechnaya-energetika/solnechnye-elektrostantsii.htm,FALSE,FALSE,FALSE,FALSE,FALSE,FALSE
источник бесперебойного питания 500 ва,10,5,1,1,"related_search, also_asks, Thumbnail, Sitelinks",https://220volt.com.ua/istochniki-besperebojnogo-pitaniya/fullpower_ibp_do-500/,FALSE,FALSE,FALSE,FALSE,FALSE,FALSE
цена ограничитель перенапряжения в квартире,10,2,1,1,"Thumbnail, also_asks, related_search, Sitelinks",https://220volt.com.ua/elektrika-i-svet/nizkovoltnoe-oborudovanie/ogranichiteli-perenapryazheniya.htm,FALSE,TRUE,FALSE,FALSE,FALSE,TRUE
eaton 16c,10,1,1,1,"Thumbnail, Sitelinks, snip_image_thumbnail",https://220volt.com.ua/avtomaticheskij-viklyuchatel-eaton-moeller-pl6-c16-1/,FALSE,FALSE,FALSE,FALSE,FALSE,FALSE
cs3 батарея,10,3,1,1,"Thumbnail, related_search, also_asks, Sitelinks",https://220volt.com.ua/akkumulatornie-batarei/csb/,FALSE,FALSE,FALSE,FALSE,FALSE,FALSE
ig800,10,1,1,1,"Thumbnail, Sitelinks, snip_image_thumbnail",https://220volt.com.ua/invertornij-generator-werk-ig-800/,FALSE,FALSE,FALSE,FALSE,FALSE,FALSE
ибп sven reserve home 800,10,1,1,1,"Thumbnail, Sitelinks",https://220volt.com.ua/ibp-sven-reserve-home-800/,FALSE,FALSE,FALSE,FALSE,FALSE,FALSE
реле высокого давления воды,10,2,1,1,"related_search, Video preview, also_asks, Thumbnail, Sitelinks",https://220volt.com.ua/nasos/komplektuyushchie-dlya-vodosnabzheniya-i-vodootvedeniya/tip_kompl_nasos_rele-davleniya/,FALSE,FALSE,FALSE,FALSE,FALSE,FALSE
wds 8000va servo,10,1,1,1,"Thumbnail, Sitelinks, snip_image_thumbnail",https://220volt.com.ua/stabilizator-napryazheniya-luxeon-wds-8000va-servo/,FALSE,FALSE,FALSE,FALSE,FALSE,FALSE
ah 90,10,0,1,1,"related_search, Thumbnail, Sitelinks",https://220volt.com.ua/ua/akkumulatornie-batarei/emkost_ab_block_90/,FALSE,FALSE,FALSE,FALSE,FALSE,FALSE
homebased,10,1,1,1,"Thumbnail, Sitelinks",https://220volt.com.ua/ibp-challenger-homebased-1000/,FALSE,FALSE,FALSE,FALSE,FALSE,FALSE
eaton 5e650i,10,1,1,1,"Thumbnail, Sitelinks, snip_image_thumbnail",https://220volt.com.ua/ibp-eaton-5e650i-650-va/,FALSE,FALSE,FALSE,FALSE,FALSE,FALSE
компания 220,10,3,1,1,"related_search, also_asks, Thumbnail, Sitelinks",https://220volt.com.ua/,FALSE,FALSE,FALSE,FALSE,FALSE,FALSE
что такое емкость аккумуляторной батареи,10,16,1,1,"related_search, AI Overview, Thumbnail, also_asks, Sitelinks, snip_url_in_aio, snip_fqdn_in_aio",https://220volt.com.ua/news/chto-takoe-emkost-akkumulyatora-metodika-ee-rascheta/,FALSE,FALSE,FALSE,TRUE,FALSE,FALSE
электрогенератор хутер 6500,10,1,1,1,"also_asks, Thumbnail, Sitelinks",https://220volt.com.ua/generator-benzinovij-huter-dy-6500-lxs/,FALSE,FALSE,FALSE,FALSE,FALSE,FALSE
узо 380,10,2,1,1,"Thumbnail, also_asks, related_search, Sitelinks, snip_image_thumbnail",https://220volt.com.ua/elektrika-i-svet/nizkovoltnoe-oborudovanie/ustrojstva-zashchitnogo-otklyucheniya-uzo-difavtomati/napryagenie_v_uzo_380_v/,FALSE,FALSE,FALSE,FALSE,FALSE,FALSE
ибп с внешним подключением батарей,10,22,1,1,"also_asks, Thumbnail, related_search, Sitelinks",https://220volt.com.ua/istochniki-besperebojnogo-pitaniya/akkumulyatornaya_batareya_vneshnyaya/,FALSE,FALSE,FALSE,FALSE,FALSE,FALSE
ups kstar,10,1,1,1,"Thumbnail, Sitelinks",https://220volt.com.ua/istochniki-besperebojnogo-pitaniya/kstar/,FALSE,FALSE,FALSE,FALSE,FALSE,FALSE
axpert vm 3000 24,10,1,1,1,"Thumbnail, Sitelinks",https://220volt.com.ua/ua/invertor-q-power-axpert-vm-iii-3000-24-3000vt-24v/,FALSE,FALSE,FALSE,FALSE,FALSE,FALSE
бензогенератор 800 ватт,10,6,1,1,"related_search, also_asks, Thumbnail, Sitelinks",https://220volt.com.ua/generatory/maksimalnaya_moschnost_block_0_8/,FALSE,FALSE,FALSE,FALSE,FALSE,FALSE
электрогенератор бензиновый huter dy6500l,10,1,1,1,"related_search, Sitelinks",https://220volt.com.ua/generator-benzinovij-huter-dy-6500-l/,FALSE,FALSE,FALSE,FALSE,FALSE,FALSE
стабилизатор напряжения 380в для дома,10,11,1,1,"Thumbnail, also_asks, related_search, Sitelinks",https://220volt.com.ua/stabilizator/phases_stab_trehfaznie/,FALSE,FALSE,FALSE,FALSE,FALSE,FALSE
ups 10 kw 220v,10,3,1,1,"related_search, also_asks, Thumbnail, Sitelinks",https://220volt.com.ua/istochniki-besperebojnogo-pitaniya/fullpower_ibp_svishe-10000/,FALSE,FALSE,FALSE,FALSE,FALSE,FALSE
pylontech 3000c,10,1,1,1,"Thumbnail, related_search, Sitelinks",https://220volt.com.ua/ua/akkumulyatornaya-batareya-pylontech-us3000c-3-5-kvt-ch-48v-2/,FALSE,FALSE,FALSE,FALSE,FALSE,FALSE
ups бесперебойник для котла,10,22,1,1,"related_search, a_box_fsnippet, shopping_top, Thumbnail, also_asks, Sitelinks, snip_featured",https://220volt.com.ua/istochniki-besperebojnogo-pitaniya/opt_reshenie_ibp_sistem-otopleniya/,FALSE,FALSE,FALSE,FALSE,FALSE,FALSE
ибп ippon smart power pro 1000,10,1,1,1,"Thumbnail, Sitelinks, snip_image_thumbnail",https://220volt.com.ua/ibp-ippon-smart-power-pro-1000/,FALSE,FALSE,FALSE,FALSE,FALSE,FALSE
ritart,10,0,1,1,"Thumbnail, AI Overview, related_search, Sitelinks, snip_image_thumbnail, snip_url_in_aio, snip_fqdn_in_aio",https://220volt.com.ua/ua/akkumulatornie-batarei/ritar/,FALSE,FALSE,FALSE,FALSE,FALSE,FALSE
6dzm7,10,1,1,1,"Thumbnail, Sitelinks, snip_image_thumbnail",https://220volt.com.ua/akkumulyatornaya-batareya-tyagovaya-merlion-ev-6-dzm-7-12v-7ah-f2-10144/,FALSE,FALSE,FALSE,FALSE,FALSE,FALSE
лампочки сравнение,10,7,1,1,"Thumbnail, related_search, Sitelinks",https://220volt.com.ua/news/sravnenie-lamp/,FALSE,FALSE,FALSE,FALSE,TRUE,FALSE
power pro 600,10,1,1,1,"Thumbnail, Sitelinks",https://220volt.com.ua/ua/ibp-ippon-new-back-power-pro-600/,FALSE,FALSE,FALSE,FALSE,FALSE,FALSE
сравнение ламп освещения,10,1,1,1,"also_asks, Thumbnail, related_search, Sitelinks",https://220volt.com.ua/news/sravnenie-lamp/,FALSE,FALSE,FALSE,FALSE,TRUE,FALSE
схема авр на пускателях,10,5,1,1,"related_search, Video preview, Thumbnail, Sitelinks, snip_image_thumbnail",https://220volt.com.ua/news/parametri-elektroseti-pod-polnim-kontrolem-shema-avr-na-kontaktorah/,FALSE,FALSE,FALSE,FALSE,FALSE,FALSE
купить аккумулятор вентура,10,5,1,1,"related_search, Sitelinks",https://220volt.com.ua/akkumulatornie-batarei/ventura/,FALSE,TRUE,FALSE,FALSE,FALSE,TRUE
реле давления для насоса скважины,10,27,1,1,"related_search, also_asks, Thumbnail, Sitelinks",https://220volt.com.ua/nasos/komplektuyushchie-dlya-vodosnabzheniya-i-vodootvedeniya/tip_kompl_nasos_rele-davleniya/,FALSE,FALSE,FALSE,FALSE,FALSE,FALSE
сертификат 220 вольт,10,0,1,1,"Thumbnail, related_search, Sitelinks",https://220volt.com.ua/certificate/,FALSE,FALSE,FALSE,FALSE,FALSE,FALSE
прицеп электростанция,10,1,1,1,"Thumbnail, also_asks, Sitelinks",https://220volt.com.ua/soputstvuushie_tovari/pritsepi.htm,FALSE,FALSE,FALSE,FALSE,FALSE,FALSE
японские электрогенераторы,10,5,1,1,"AI Overview, also_asks, related_search, Sitelinks, snip_url_in_aio, snip_fqdn_in_aio",https://220volt.com.ua/generatory/strana_proishozhdeniya_brenda_yaponiya/,FALSE,FALSE,FALSE,FALSE,FALSE,FALSE
grundfos jpbasic 4,10,1,1,1,"Thumbnail, Sitelinks",https://220volt.com.ua/ua/nasos-poverhnostnij-grundfos-jp-basic-4-96121752/,FALSE,FALSE,FALSE,FALSE,FALSE,FALSE
standard 5000,10,0,1,1,"Thumbnail, also_asks, Sitelinks, snip_image_thumbnail",https://220volt.com.ua/stabilizator-napryazheniya-ukrtehnologiya-nsn-5000-standard/,FALSE,FALSE,FALSE,FALSE,FALSE,FALSE
инверторы для дачи,10,1,1,1,"related_search, AI Overview, also_asks, Sitelinks",https://220volt.com.ua/inverter/op_reshenie_dachi/,FALSE,FALSE,FALSE,FALSE,FALSE,FALSE
магнитный контактор купить,10,14,1,1,"Thumbnail, related_search, also_asks, Sitelinks",https://220volt.com.ua/elektrika-i-svet/nizkovoltnoe-oborudovanie/puskateli-kontaktori/puskateli.htm,FALSE,TRUE,FALSE,FALSE,FALSE,TRUE
магазин 200 вольт,10,21,1,1,"Thumbnail, related_search, Local pack, Sitelinks, snip_image_thumbnail",https://220volt.com.ua/,FALSE,TRUE,FALSE,FALSE,FALSE,FALSE
12v 8ah lifepo4 battery,10,1,1,1,"also_asks, Thumbnail, Sitelinks",https://220volt.com.ua/akkumulyatornaya-batareya-vipow-lifepo4-12-8v-8ah-s-elementami-li-ion-18673/,FALSE,FALSE,FALSE,FALSE,FALSE,FALSE
преобразователь частоты 10 квт,10,1,1,1,"also_asks, Thumbnail, Sitelinks",https://220volt.com.ua/preobrazovateli_chastoty_ustr_plavnogo_puska/preobrazovateli-chastoti/moshnost_chastotnika_1_1-10-kvt/,FALSE,FALSE,FALSE,FALSE,FALSE,FALSE
greenpower cc3000,10,1,1,1,"Thumbnail, related_search, Sitelinks",https://220volt.com.ua/ua/generator-gazovij-greenpower-cc3000-lpg-ng-b/,FALSE,FALSE,FALSE,FALSE,FALSE,FALSE
ups euro,10,1,1,1,"Thumbnail, Sitelinks",https://220volt.com.ua/ua/istochniki-besperebojnogo-pitaniya/euro_power/,FALSE,FALSE,FALSE,FALSE,FALSE,FALSE
challenger homeline 2000t12,10,0,1,1,"Thumbnail, Sitelinks",https://220volt.com.ua/ibp-challenger-homeline-2000t12/,FALSE,FALSE,FALSE,FALSE,FALSE,FALSE
yuasa np4 12,10,1,1,1,"Thumbnail, also_asks, Sitelinks, snip_image_thumbnail",https://220volt.com.ua/akkumulyatornaya-batareya-yuasa-np4-12/,FALSE,FALSE,FALSE,FALSE,FALSE,FALSE
устройство аккумуляторных батарей,10,5,1,1,"related_search, Video preview, also_asks, Thumbnail, AI Overview, Sitelinks, snip_url_in_aio, snip_fqdn_in_aio",https://220volt.com.ua/news/ustrojstvo-avtomobilnogo-akkumulyatora/,FALSE,FALSE,FALSE,FALSE,FALSE,FALSE
innova rt 3000,10,1,1,1,"Video preview, Thumbnail, Sitelinks, snip_image_thumbnail",https://220volt.com.ua/ibp-ippon-innova-rt-3000/,FALSE,FALSE,FALSE,FALSE,FALSE,FALSE
названия аккумуляторов,10,6,1,1,"related_search, also_asks, a_box_fsnippet, Thumbnail, Sitelinks, snip_featured, snip_image_thumbnail",https://220volt.com.ua/news/raznovidnosti-akkumulyatornih-batarej-soglasno-tipu-rabochih-elementov-i-naznacheniyu/,FALSE,FALSE,FALSE,FALSE,FALSE,FALSE
расчет контроллера для солнечных батарей,10,2,1,1,"AI Overview, Thumbnail, also_asks, Sitelinks",https://220volt.com.ua/news/kak-vibrat-kontroller-zaryada-dlya-solnechnih-batarej/,FALSE,FALSE,FALSE,FALSE,FALSE,FALSE
286601,10,0,1,1,"Thumbnail, kn_graph_card, Sitelinks, snip_image_thumbnail",https://220volt.com.ua/avtomaticheskij-viklyuchatel-eaton-moeller-pl6-c16-3/,FALSE,FALSE,FALSE,FALSE,FALSE,FALSE
дбж безперервної дії,10,4,1,1,"related_search, also_asks, Thumbnail, Sitelinks",https://220volt.com.ua/ua/istochniki-besperebojnogo-pitaniya/typearhetekturi_neprerivnogo-dejstviya/,FALSE,FALSE,FALSE,FALSE,FALSE,FALSE
ritar rt12120,10,1,1,1,"Thumbnail, Sitelinks",https://220volt.com.ua/akkumulyatornaya-batareya-ritar-rt12120-12v-12-0ah/,FALSE,FALSE,FALSE,FALSE,FALSE,FALSE
n pp,10,1,1,1,"Thumbnail, related_search, Sitelinks",https://220volt.com.ua/akkumulatornie-batarei/npp/,FALSE,FALSE,FALSE,FALSE,FALSE,FALSE
бензиновый генератор с водяным охлаждением,10,1,1,1,"related_search, Thumbnail, Sitelinks",https://220volt.com.ua/generatory/sistema_ohlagdeniya_zhidkostnoe/,FALSE,FALSE,FALSE,FALSE,FALSE,FALSE
10kw generac generator,10,1,1,1,"also_asks, related_search, Thumbnail, Sitelinks",https://220volt.com.ua/ua/generator-gazovij-generac-6270-10kw/,FALSE,FALSE,FALSE,FALSE,FALSE,FALSE
електрогенератор 220 вольт,10,8,1,1,"Thumbnail, related_search, Sitelinks",https://220volt.com.ua/generatory.htm,FALSE,FALSE,FALSE,FALSE,FALSE,FALSE
qgf,10,0,1,1,"AI Overview, Thumbnail, Sitelinks",https://220volt.com.ua/ua/nasos-drenazhno-fekal-nij-aquatica-1-1kvt-hmax-15-5m-qmax-300l-min-s-nozhom-nerzh-773433/,FALSE,FALSE,FALSE,FALSE,FALSE,FALSE
needle 21,10,1,1,1,"Thumbnail, also_asks, Sitelinks",https://220volt.com.ua/ua/nasos-skvazhinnij-needle-90ndl-3-5-21/,FALSE,FALSE,FALSE,FALSE,FALSE,FALSE
itc gg20i,10,1,1,1,"Thumbnail, Sitelinks, snip_image_thumbnail",https://220volt.com.ua/generator-invertornij-itc-power-gg20i-6807071/,FALSE,FALSE,FALSE,FALSE,FALSE,FALSE
dj 750,10,1,1,1,"map, Thumbnail, Video preview, Sitelinks",https://220volt.com.ua/generator-dizel-nij-dalgakiran-dj-750-dd/,FALSE,FALSE,FALSE,FALSE,FALSE,FALSE
patriot srge 6500,10,1,1,1,Sitelinks,https://220volt.com.ua/generator-benzinovij-patriot-srge-6500/,FALSE,FALSE,FALSE,FALSE,FALSE,FALSE
ups 3001,10,0,1,1,"Thumbnail, Sitelinks, snip_image_thumbnail",https://220volt.com.ua/istochniki-besperebojnogo-pitaniya/fullpower_ibp_3001-6000/,FALSE,FALSE,FALSE,FALSE,FALSE,FALSE
victron bluesolar mppt 150 45,10,0,1,1,"Thumbnail, snip_image_thumbnail, Sitelinks",https://220volt.com.ua/kontroller-zaryada-victron-energy-bluesolar-mppt-150-45-tr/,FALSE,FALSE,FALSE,FALSE,FALSE,FALSE
устройство плавного пуска 10 кв,10,1,1,1,"related_search, Thumbnail, Sitelinks",https://220volt.com.ua/preobrazovateli_chastoty_ustr_plavnogo_puska/ustrojstva-plavnogo-puska-i-tormozheniya.htm,FALSE,FALSE,FALSE,FALSE,FALSE,FALSE
generator portable,10,5,1,1,"also_asks, related_search, Thumbnail, Sitelinks",https://220volt.com.ua/generatory/tip_ustanovki_portativnie/,FALSE,FALSE,FALSE,FALSE,FALSE,FALSE
22 вольт магазин,10,21,1,1,"Thumbnail, Local pack, related_search, also_asks, Sitelinks, snip_image_thumbnail",https://220volt.com.ua/,FALSE,TRUE,FALSE,FALSE,FALSE,FALSE
генераторы бензиновые hitachi,10,2,1,1,"Thumbnail, also_asks, Sitelinks",https://220volt.com.ua/generatory/hitachii/,FALSE,FALSE,FALSE,FALSE,FALSE,FALSE
адрес 220 вольт,10,1,1,1,"Thumbnail, Local pack, related_search, also_asks, Sitelinks, snip_image_thumbnail",https://220volt.com.ua/contact/,FALSE,FALSE,FALSE,FALSE,FALSE,FALSE
ups 2500va,10,1,1,1,"Thumbnail, related_search, Sitelinks",https://220volt.com.ua/ibp-logicpower-lpy-w-psw-2500va/,FALSE,FALSE,FALSE,FALSE,FALSE,FALSE
узо 1 полюсное,10,1,1,1,"Thumbnail, also_asks, related_search, Sitelinks",https://220volt.com.ua/elektrika-i-svet/nizkovoltnoe-oborudovanie/ustrojstva-zashchitnogo-otklyucheniya-uzo-difavtomati/polusa_v_uzo_1_n/,FALSE,FALSE,FALSE,FALSE,FALSE,FALSE
убп 1000,10,1,1,1,"Thumbnail, Sitelinks",https://220volt.com.ua/istochniki-besperebojnogo-pitaniya/fullpower_ibp_501-1000/,FALSE,FALSE,FALSE,FALSE,FALSE,FALSE
реле давления глубинного насоса,10,30,1,1,"Thumbnail, related_search, also_asks, Sitelinks, snip_image_thumbnail",https://220volt.com.ua/nasos/komplektuyushchie-dlya-vodosnabzheniya-i-vodootvedeniya/tip_kompl_nasos_rele-davleniya/,FALSE,FALSE,FALSE,FALSE,FALSE,FALSE
pluri,10,0,1,1,"Thumbnail, Sitelinks",https://220volt.com.ua/nasos-poverhnostnij-ultropump-pluri-pro-10-5/,FALSE,FALSE,FALSE,FALSE,FALSE,FALSE
20kva,10,1,1,1,"Thumbnail, Sitelinks",https://220volt.com.ua/stabilizator-napryazheniya-logicpower-lpt-20kva/,FALSE,FALSE,FALSE,FALSE,FALSE,FALSE
солнечная батарея на балкон купить,10,9,1,1,"related_search, also_asks, Sitelinks",https://220volt.com.ua/solnechnaya-energetika/solnechnye-paneli-batarei/naznachenie_dlya_fotomoduli__balkona/,FALSE,TRUE,FALSE,FALSE,FALSE,TRUE
riello vsd 3000,10,0,1,1,"related_search, Thumbnail, Sitelinks",https://220volt.com.ua/ua/ibp-riello-vsd-3000/,FALSE,FALSE,FALSE,FALSE,TRUE,FALSE
узо адаптер,10,1,1,1,"Thumbnail, also_asks, related_search, Sitelinks, snip_image_thumbnail",https://220volt.com.ua/adapter-s-zashchitnim-otklyucheniem-iek-uzo-dpa16-16-0-03a/,FALSE,FALSE,FALSE,FALSE,FALSE,FALSE
согласование проекта электроснабжения,10,1,1,1,"also_asks, Thumbnail, Sitelinks",https://220volt.com.ua/information/uslugi/soglasovanie-v-energosnabzhayushchih-organizatsiyah/,FALSE,FALSE,FALSE,FALSE,FALSE,FALSE
хутер 6500,10,1,1,1,"related_search, Sitelinks",https://220volt.com.ua/generator-benzinovij-huter-dy-6500-lxs/,FALSE,FALSE,FALSE,FALSE,FALSE,FALSE
moeller pkzm4 50,10,1,1,1,"Thumbnail, Sitelinks",https://220volt.com.ua/ua/avtomaticheskij-viklyuchatel-eaton-moeller-pkzm4-50-222355/,FALSE,FALSE,FALSE,FALSE,FALSE,FALSE
innova rt 1500,10,0,1,1,"Thumbnail, Sitelinks, snip_image_thumbnail",https://220volt.com.ua/ibp-ippon-innova-rt-1500/,FALSE,FALSE,FALSE,FALSE,FALSE,FALSE
ippon back power pro lcd 600,10,1,1,1,"related_search, Thumbnail, Sitelinks",https://220volt.com.ua/ibp-ippon-new-back-power-pro-600/,FALSE,FALSE,FALSE,FALSE,FALSE,FALSE
генератор на природу,10,1,1,1,"Thumbnail, related_search, Sitelinks",https://220volt.com.ua/news/generatori-dlya-piknika-viezda-na-prirodu/,FALSE,FALSE,FALSE,FALSE,FALSE,FALSE
1221w f2,10,1,1,1,"Thumbnail, shopping_rhs, Sitelinks, snip_image_thumbnail",https://220volt.com.ua/ua/akkumulyatornaya-batareya-csb-hr1221wf2/,FALSE,FALSE,FALSE,FALSE,FALSE,FALSE
yuasa npl 100 12,10,1,1,1,"Thumbnail, Sitelinks",https://220volt.com.ua/ua/akkumulyatornaya-batareya-yuasa-npl-100-12/,FALSE,FALSE,FALSE,FALSE,FALSE,FALSE
купить стабилизатор напряжения 220в для дома,10,14,1,1,"also_asks, related_search, Sitelinks",https://220volt.com.ua/stabilizator/phases_stab_odnofaznie/,FALSE,TRUE,FALSE,FALSE,FALSE,TRUE
rtp1200,10,0,1,1,"Thumbnail, Sitelinks, snip_image_thumbnail",https://220volt.com.ua/ua/ibp-ritar-rtp1200-proxima-l/,FALSE,FALSE,FALSE,FALSE,FALSE,FALSE
реле для погружного насоса,10,30,1,1,"Thumbnail, related_search, also_asks, Sitelinks, snip_image_thumbnail",https://220volt.com.ua/nasos/komplektuyushchie-dlya-vodosnabzheniya-i-vodootvedeniya/tip_kompl_nasos_rele-davleniya/,FALSE,FALSE,FALSE,FALSE,FALSE,FALSE
14 kw generac generator,10,1,1,1,"Thumbnail, related_search, also_asks, Sitelinks",https://220volt.com.ua/generator-gazovij-generac-5821-14kw/,FALSE,FALSE,FALSE,FALSE,FALSE,FALSE
кнопки электрические без фиксации,10,6,1,1,"Thumbnail, related_search, Sitelinks",https://220volt.com.ua/elektrika-i-svet/nizkovoltnoe-oborudovanie/viklyuchateli-knopki-pereklyuchateli/knopki/nalichie_fiksatsii_net/,FALSE,FALSE,FALSE,FALSE,FALSE,FALSE
реле контроля давления,10,18,1,1,"Video preview, Thumbnail, related_search, AI Overview, also_asks, Sitelinks, snip_url_in_aio, snip_fqdn_in_aio",https://220volt.com.ua/nasos/komplektuyushchie-dlya-vodosnabzheniya-i-vodootvedeniya/tip_kompl_nasos_rele-davleniya/,FALSE,FALSE,FALSE,FALSE,FALSE,FALSE
challenger аккумуляторы,10,3,1,1,Sitelinks,https://220volt.com.ua/akkumulatornie-batarei/challenger/,FALSE,FALSE,FALSE,FALSE,FALSE,FALSE
щит пластиковый iek,10,3,1,1,"Thumbnail, Sitelinks",https://220volt.com.ua/elektrika-i-svet/shitovoe/shchiti/iek/,FALSE,FALSE,FALSE,FALSE,FALSE,FALSE
магнитный пускатель купить,10,9,1,1,"Thumbnail, also_asks, related_search, Local pack, Sitelinks",https://220volt.com.ua/elektrika-i-svet/nizkovoltnoe-oborudovanie/puskateli-kontaktori/puskateli.htm,FALSE,TRUE,FALSE,FALSE,FALSE,TRUE
единицы измерения емкости аккумулятора,10,8,1,1,"also_asks, AI Overview, Thumbnail, related_search, Sitelinks, snip_fqdn_in_aio",https://220volt.com.ua/news/chto-takoe-emkost-akkumulyatora-metodika-ee-rascheta/,FALSE,FALSE,FALSE,FALSE,FALSE,FALSE
eco 6000,10,0,1,1,"Thumbnail, Sitelinks, snip_image_thumbnail",https://220volt.com.ua/stabilizator-napryazheniya-volt-eco-6000/,FALSE,FALSE,FALSE,FALSE,FALSE,FALSE
инверторный генератор 220 вольт,10,6,1,1,"Thumbnail, also_asks, related_search, Sitelinks",https://220volt.com.ua/generatory/tip_generatora_invertornie_generatori/,FALSE,FALSE,FALSE,FALSE,FALSE,FALSE
реле протока воды насоса,10,1,1,1,"related_search, Thumbnail, Sitelinks",https://220volt.com.ua/nasos/komplektuyushchie-dlya-vodosnabzheniya-i-vodootvedeniya/tip_kompl_nasos_rele_protoka__zashchita_ot_suhogo_hoda/,FALSE,FALSE,FALSE,FALSE,FALSE,FALSE
powercom 400,10,1,1,1,"Thumbnail, Sitelinks",https://220volt.com.ua/ua/ibp-powercom-bnt-400a/,FALSE,FALSE,FALSE,FALSE,FALSE,FALSE
ht 950 a,10,0,1,1,"Thumbnail, Sitelinks",https://220volt.com.ua/generator-benzinovij-huter-ht-950-a/,FALSE,FALSE,FALSE,FALSE,FALSE,FALSE
voltage 220,10,1,1,1,"Thumbnail, related_search, Sitelinks",https://220volt.com.ua/,FALSE,FALSE,FALSE,FALSE,FALSE,FALSE
бензиновый генератор matari m7000e,10,1,1,1,"Thumbnail, also_asks, related_search, Sitelinks",https://220volt.com.ua/generator-benzinovij-matari-m7000e/,FALSE,FALSE,FALSE,FALSE,FALSE,FALSE
домашняя электростанция на солнечных батареях,10,26,1,1,"related_search, also_asks, Video preview, Sitelinks",https://220volt.com.ua/solnechnaya-energetika/solnechnye-elektrostantsii.htm,FALSE,FALSE,FALSE,FALSE,FALSE,FALSE
реле времени 220,10,18,1,1,"Thumbnail, related_search, Sitelinks, snip_image_thumbnail",https://220volt.com.ua/elektrika-i-svet/nizkovoltnoe-oborudovanie/rele-tajmeri-fotokontrolleri/rele/rele_vremeni.htm,FALSE,FALSE,FALSE,FALSE,FALSE,FALSE
бензиновый генератор со стартером,10,9,1,1,"related_search, Sitelinks",https://220volt.com.ua/generatory/start_type_elektrostarter/,FALSE,FALSE,FALSE,FALSE,FALSE,FALSE
ritar dc12 100c,10,0,1,1,"Thumbnail, Sitelinks",https://220volt.com.ua/akkumulyatornaya-batareya-ritar-carbon-dc12-100c-12v-100ah-14544/,FALSE,FALSE,FALSE,FALSE,FALSE,FALSE
ritar rtm3000,10,1,1,1,Sitelinks,https://220volt.com.ua/ua/ibp-ritar-rtm3000-proxima-d-5865/,FALSE,FALSE,FALSE,FALSE,FALSE,FALSE
makelsan 6 fm 100,10,1,1,1,Sitelinks,https://220volt.com.ua/ua/akkumulyatornaya-batareya-makelsan-6-fm-100/,FALSE,FALSE,FALSE,FALSE,FALSE,FALSE
автоматический пуск генератора,10,12,1,1,"also_asks, related_search, Video preview, Thumbnail, Sitelinks",https://220volt.com.ua/avtomaticheskij-zapusk-generatora.htm,FALSE,FALSE,FALSE,FALSE,FALSE,FALSE
аккумулятор 4 вольта 1 ампер,10,21,1,1,"Thumbnail, also_asks, related_search, Sitelinks",https://220volt.com.ua/akkumulatornie-batarei/napryagenie_batarei_block_4/,FALSE,FALSE,FALSE,FALSE,FALSE,FALSE
сравнение энергосберегающих ламп,10,1,1,1,"related_search, Thumbnail, Sitelinks",https://220volt.com.ua/news/sravnenie-lamp/,FALSE,FALSE,FALSE,FALSE,TRUE,FALSE
мотопомпы daishin,10,1,1,1,"Thumbnail, Sitelinks",https://220volt.com.ua/nasos/motopompi/daishin/,FALSE,FALSE,FALSE,FALSE,FALSE,FALSE
перекидное реле 220,10,6,1,1,"Thumbnail, related_search, also_asks, Sitelinks",https://220volt.com.ua/elektrika-i-svet/nizkovoltnoe-oborudovanie/rele-tajmeri-fotokontrolleri/rele/promejutochnie_rele.htm,FALSE,FALSE,FALSE,FALSE,FALSE,FALSE
eaton 9130 700,10,1,1,1,"also_asks, Thumbnail, Sitelinks",https://220volt.com.ua/ibp-eaton-9130-700-va/,FALSE,FALSE,FALSE,FALSE,FALSE,FALSE
pl4 c6 1,10,0,1,1,"Thumbnail, Sitelinks, snip_image_thumbnail",https://220volt.com.ua/avtomaticheskij-viklyuchatel-eaton-moeller-pl4-c6-1-293122/,FALSE,FALSE,FALSE,FALSE,FALSE,FALSE
переносные мини электростанции,10,14,1,1,"related_search, also_asks, Thumbnail, Sitelinks",https://220volt.com.ua/generatory/tip_ustanovki_portativnie/,FALSE,FALSE,FALSE,FALSE,FALSE,FALSE
ritar rt 2kl lcd,10,0,1,1,"Thumbnail, Sitelinks",https://220volt.com.ua/ua/ibp-ritar-online-rt-2kl-lcd-rec-2000va-3705/,FALSE,FALSE,FALSE,FALSE,FALSE,FALSE
генератор firman цена,10,7,1,1,"related_search, also_asks, a_box_fsnippet, Thumbnail, Sitelinks, snip_featured",https://220volt.com.ua/generatory/firman/,FALSE,TRUE,FALSE,FALSE,FALSE,TRUE
kin 625ap,10,1,1,1,"Thumbnail, Sitelinks, snip_image_thumbnail",https://220volt.com.ua/ua/ibp-powercom-kin-625ap/,FALSE,FALSE,FALSE,FALSE,FALSE,FALSE
форте fg8000e,10,1,1,1,"Thumbnail, related_search, Sitelinks, snip_image_thumbnail",https://220volt.com.ua/generator-benzinovij-forte-fg8000e/,FALSE,FALSE,FALSE,FALSE,FALSE,FALSE
бесперебойник с аккумулятором для компьютера,10,23,1,1,"Video preview, also_asks, Thumbnail, related_search, Sitelinks",https://220volt.com.ua/istochniki-besperebojnogo-pitaniya/akkumulyatornaya_batareya_vstroennaya/,FALSE,FALSE,FALSE,FALSE,FALSE,FALSE
генератор с правильной синусоидой для котла,10,7,1,1,"also_asks, related_search, Sitelinks",https://220volt.com.ua/generatory/osnaschenie_generatora_s-pravilnoj-sinusoidoj/,FALSE,FALSE,FALSE,FALSE,FALSE,FALSE
12v inverter,10,13,1,1,"also_asks, related_search, AI Overview, Video preview, Sitelinks",https://220volt.com.ua/ua/inverter/napr_ak_invert_12/,FALSE,FALSE,FALSE,FALSE,FALSE,FALSE
vgd 700 rm,10,1,1,1,"Thumbnail, Sitelinks, snip_image_thumbnail",https://220volt.com.ua/ibp-powercom-vgd-700-rm-1u/,FALSE,FALSE,FALSE,FALSE,FALSE,FALSE
мощность электрических котлов,10,6,1,1,"a_box_fsnippet, also_asks, related_search, Video preview, Thumbnail, Sitelinks, snip_featured",https://220volt.com.ua/news/osnovnie-printsipi-vibora-elektricheskih-kotlov/,FALSE,FALSE,FALSE,FALSE,FALSE,FALSE
реле с обмоткой на 220 вольт,10,5,1,1,"related_search, also_asks, Thumbnail, Sitelinks, snip_image_thumbnail",https://220volt.com.ua/elektrika-i-svet/nizkovoltnoe-oborudovanie/rele-tajmeri-fotokontrolleri/rele/promejutochnie_rele.htm,FALSE,FALSE,FALSE,FALSE,FALSE,FALSE
электромагнитный клапан семе,10,1,1,1,"Thumbnail, a_box_fsnippet, Video preview, Sitelinks, snip_featured, snip_image_thumbnail",https://220volt.com.ua/elektromagnitnij-klapan-ceme-8514-1-2-nbr-230v-50hz-nz/,FALSE,FALSE,FALSE,FALSE,FALSE,FALSE
ибп 6000 ва,10,2,1,1,"Thumbnail, related_search, Sitelinks",https://220volt.com.ua/istochniki-besperebojnogo-pitaniya/fullpower_ibp_3001-6000/,FALSE,FALSE,FALSE,FALSE,FALSE,FALSE
matari md 25,10,1,1,1,"related_search, Thumbnail, Sitelinks, snip_image_thumbnail",https://220volt.com.ua/generator-dizel-nij-matari-md25/,FALSE,FALSE,FALSE,FALSE,FALSE,FALSE
магнитный пускатель на 220 вольт купить,10,10,1,1,"related_search, also_asks, Thumbnail, Sitelinks",https://220volt.com.ua/elektrika-i-svet/nizkovoltnoe-oborudovanie/puskateli-kontaktori/puskateli.htm,FALSE,TRUE,FALSE,FALSE,FALSE,TRUE
hager ee805,10,1,1,1,"Thumbnail, Sitelinks",https://220volt.com.ua/ua/datchik-dvizheniya-hager-ee805/,FALSE,FALSE,FALSE,FALSE,FALSE,FALSE
низковольтные насосы для воды,10,1,1,1,"related_search, Thumbnail, also_asks, Sitelinks",https://220volt.com.ua/nasos/nasosi-dlya-vodosnabzheniya/nasosy_dlya_povysheniya_davleniya.htm,FALSE,FALSE,FALSE,FALSE,FALSE,FALSE
купить реле давления для глубинного насоса,10,30,1,1,"related_search, Thumbnail, also_asks, Sitelinks",https://220volt.com.ua/nasos/komplektuyushchie-dlya-vodosnabzheniya-i-vodootvedeniya/tip_kompl_nasos_rele-davleniya/,FALSE,TRUE,FALSE,FALSE,FALSE,TRUE
углеродные аккумуляторы,10,4,1,1,"related_search, also_asks, Thumbnail, Sitelinks",https://220volt.com.ua/akkumulatornie-batarei/tip_elementa_svintsovo-uglerodnie/,FALSE,FALSE,FALSE,FALSE,FALSE,FALSE
купить переносной генератор бензиновый,10,20,1,1,"related_search, Thumbnail, Sitelinks",https://220volt.com.ua/generatory/tip_ustanovki_portativnie/,FALSE,TRUE,FALSE,FALSE,FALSE,TRUE
eps73de,10,0,1,1,"Thumbnail, Sitelinks, snip_image_thumbnail",https://220volt.com.ua/generator-dizel-nij-europower-new-boy-eps73de/,FALSE,FALSE,FALSE,FALSE,FALSE,FALSE
swt 100hx,10,0,1,1,"Thumbnail, Sitelinks",https://220volt.com.ua/ua/motopompa-daishin-swt-100hx/,FALSE,FALSE,FALSE,FALSE,FALSE,FALSE
автоматические выключатели для защиты электродвигателя,10,1,1,1,"also_asks, Video preview, Thumbnail, related_search, Sitelinks, snip_image_thumbnail",https://220volt.com.ua/elektrika-i-svet/nizkovoltnoe-oborudovanie/avtomati/avtomaticheskie-viklyuchateli-zashchiti-dvigatelya.htm,FALSE,FALSE,FALSE,FALSE,FALSE,FALSE
узо 03,10,1,1,1,"related_search, Sitelinks, snip_image_thumbnail",https://220volt.com.ua/elektrika-i-svet/nizkovoltnoe-oborudovanie/ustrojstva-zashchitnogo-otklyucheniya-uzo-difavtomati/tok_utechki_0-03-a/,FALSE,FALSE,FALSE,FALSE,FALSE,FALSE
реле промежуточное 220,10,1,1,1,"Thumbnail, related_search, shopping_rhs, Sitelinks, snip_image_thumbnail",https://220volt.com.ua/elektrika-i-svet/nizkovoltnoe-oborudovanie/rele-tajmeri-fotokontrolleri/rele/promejutochnie_rele.htm,FALSE,FALSE,FALSE,FALSE,FALSE,FALSE
dc12 120,10,1,1,1,Sitelinks,https://220volt.com.ua/ua/akkumulyatornaya-batareya-ritar-dc12-120-12v-120ah-8224/,FALSE,FALSE,FALSE,FALSE,FALSE,FALSE
магнитный пускатель 380в 63а,10,0,1,1,"Thumbnail, Sitelinks, snip_image_thumbnail",https://220volt.com.ua/magnitnij-puskatel-etal-pml-4100b-63a-380v/,FALSE,FALSE,FALSE,FALSE,FALSE,FALSE
daishin sst 50hx,10,1,1,1,"Video preview, Thumbnail, Sitelinks",https://220volt.com.ua/motopompa-daishin-sst-50hx/,FALSE,FALSE,FALSE,FALSE,FALSE,FALSE
компактная электростанция,10,9,1,1,"Thumbnail, also_asks, related_search, Sitelinks",https://220volt.com.ua/portativnye-zaryadnye-stantsii/portativnye-elektrostantsii.htm,FALSE,FALSE,FALSE,FALSE,FALSE,FALSE
pompa ebara,10,2,1,1,"Thumbnail, Sitelinks",https://220volt.com.ua/nasos/nasosi-dlya-vodosnabzheniya/tsentrobezhnie/ebara/,FALSE,FALSE,FALSE,FALSE,FALSE,FALSE
gd2 0,10,0,1,1,"Thumbnail, Sitelinks",https://220volt.com.ua/preobrazovatel-chastoti-invt-gd20-0r7g-4/,FALSE,FALSE,FALSE,FALSE,FALSE,FALSE
daishin swt 50hx,10,0,1,1,"Thumbnail, Sitelinks",https://220volt.com.ua/motopompa-daishin-swt-50hx/,FALSE,FALSE,FALSE,FALSE,FALSE,FALSE
генератор dy6500lx,10,2,1,1,"Video preview, Thumbnail, Sitelinks",https://220volt.com.ua/generator-benzinovij-huter-dy-6500-lxs/,FALSE,FALSE,FALSE,FALSE,FALSE,FALSE
riello sdh 1000,10,1,1,1,"Thumbnail, Sitelinks",https://220volt.com.ua/ibp-riello-sdh-1000/,FALSE,FALSE,FALSE,FALSE,FALSE,FALSE
пускатели moeller,10,2,1,1,"also_asks, Thumbnail, Sitelinks, snip_image_thumbnail",https://220volt.com.ua/elektrika-i-svet/nizkovoltnoe-oborudovanie/puskateli-kontaktori/puskateli/moeller/,FALSE,FALSE,FALSE,FALSE,FALSE,FALSE
узип на дин рейку,10,1,1,1,"Thumbnail, Sitelinks",https://220volt.com.ua/elektrika-i-svet/nizkovoltnoe-oborudovanie/ogranichiteli-perenapryazheniya/sposob_ustanovki_na-din-rejku/,FALSE,FALSE,FALSE,FALSE,FALSE,FALSE
купить устройство защитного отключения узо,10,18,1,1,"related_search, also_asks, Thumbnail, Sitelinks",https://220volt.com.ua/elektrika-i-svet/nizkovoltnoe-oborudovanie/ustrojstva-zashchitnogo-otklyucheniya-uzo-difavtomati.htm,FALSE,TRUE,FALSE,FALSE,FALSE,TRUE
fogo fv 15000 tre,10,1,1,1,"Thumbnail, Sitelinks",https://220volt.com.ua/generator-benzinovij-fogo-fv-15000-tre/,FALSE,FALSE,FALSE,FALSE,FALSE,FALSE
b1 battery,10,1,1,1,"Thumbnail, also_asks, Sitelinks",https://220volt.com.ua/akkumulyatornaya-batareya-bb-battery-bp17-12-b1/,FALSE,FALSE,FALSE,FALSE,FALSE,FALSE
sh 2500,10,0,1,1,"Thumbnail, Sitelinks",https://220volt.com.ua/ua/generator-benzinovij-sdmo-sh-2500/,FALSE,FALSE,FALSE,FALSE,FALSE,FALSE
бесперебойник с батареей,10,13,1,1,"also_asks, Thumbnail, related_search, Sitelinks",https://220volt.com.ua/istochniki-besperebojnogo-pitaniya/akkumulyatornaya_batareya_vstroennaya/,FALSE,FALSE,FALSE,FALSE,FALSE,FALSE
286529,10,0,1,1,"Thumbnail, Sitelinks, snip_image_thumbnail",https://220volt.com.ua/avtomaticheskij-viklyuchatel-eaton-moeller-pl6-c4-1-286529/,FALSE,FALSE,FALSE,FALSE,FALSE,FALSE
автоматический выключатель ав2000,10,1,1,1,"also_asks, Thumbnail, Sitelinks",https://220volt.com.ua/avtomaticheskij-viklyuchatel-promfaktor-av2000-3r-d-80a-10ka/,FALSE,FALSE,FALSE,FALSE,FALSE,FALSE
dalgakiran dj 1200 bg a,10,0,1,1,"shopping_top, Thumbnail, Sitelinks",https://220volt.com.ua/generator-benzinovij-dalgakiran-dj-1200-bg-a/,FALSE,FALSE,FALSE,FALSE,FALSE,FALSE
насосный клапан,10,10,1,1,"Video preview, also_asks, Thumbnail, related_search, Sitelinks",https://220volt.com.ua/nasos/komplektuyushchie-dlya-vodosnabzheniya-i-vodootvedeniya/tip_kompl_nasos_obratnie-klapani/,FALSE,FALSE,FALSE,FALSE,FALSE,FALSE
скважинный насос диаметром 75 мм,10,1,1,1,"Thumbnail, related_search, also_asks, Sitelinks",https://220volt.com.ua/nasos/nasosi-dlya-vodosnabzheniya/skvazhinnie-nasosi/diametr_75-mm/,FALSE,FALSE,FALSE,FALSE,FALSE,FALSE
пускатель электрический,10,14,1,1,"also_asks, Thumbnail, related_search, Sitelinks",https://220volt.com.ua/elektrika-i-svet/nizkovoltnoe-oborudovanie/puskateli-kontaktori/puskateli.htm,FALSE,FALSE,FALSE,FALSE,FALSE,FALSE
купить генератор на 380в,10,10,1,1,"related_search, Sitelinks",https://220volt.com.ua/ua/generatory/faznost_generatorov_3/,FALSE,TRUE,FALSE,FALSE,FALSE,TRUE
forte fg6500е,10,3,1,1,"Video preview, related_search, Thumbnail, Sitelinks, snip_image_thumbnail",https://220volt.com.ua/ua/generator-benzinovij-forte-fg6500e/,FALSE,FALSE,FALSE,FALSE,FALSE,FALSE
ибп форт купить,10,5,1,1,"Thumbnail, Sitelinks",https://220volt.com.ua/istochniki-besperebojnogo-pitaniya/fort/,FALSE,TRUE,FALSE,FALSE,FALSE,TRUE
как измерить мощность бензогенератора,10,3,1,1,"related_search, also_asks, Thumbnail, AI Overview, Sitelinks, snip_url_in_aio, snip_fqdn_in_aio",https://220volt.com.ua/news/kak-opredelit-moschnost-benzinovogo-generatora-dlya-sobstvennyh-nuzhd/,FALSE,FALSE,FALSE,TRUE,FALSE,FALSE
bp17 12,10,1,1,1,"Thumbnail, Sitelinks, snip_image_thumbnail",https://220volt.com.ua/ua/akkumulyatornaya-batareya-bb-battery-bp17-12-b1/,FALSE,FALSE,FALSE,FALSE,FALSE,FALSE
глубинный насос needle отзывы,10,1,1,1,"Thumbnail, also_asks, Sitelinks",https://220volt.com.ua/nasos-skvazhinnij-needle-90ndl-3-5-21/,FALSE,FALSE,FALSE,FALSE,TRUE,FALSE
реле давления для гидроаккумулятора,10,25,1,1,"also_asks, AI Overview, Video preview, related_search, Thumbnail, Sitelinks",https://220volt.com.ua/ua/nasos/komplektuyushchie-dlya-vodosnabzheniya-i-vodootvedeniya/tip_kompl_nasos_rele-davleniya/,FALSE,FALSE,FALSE,FALSE,FALSE,FALSE
купить счетчик электроэнергии энергомера,10,3,1,1,"related_search, Sitelinks",https://220volt.com.ua/pribori-dlya-kontrolya-i-izmereniya/schetchiki/schetchiki-elektricheskoj-energii/energomera/,FALSE,TRUE,FALSE,FALSE,FALSE,TRUE
deca fl 1112,10,0,1,1,"Thumbnail, Sitelinks, snip_image_thumbnail",https://220volt.com.ua/zaryadnoe-ustrojstvo-deca-fl-1112/,FALSE,FALSE,FALSE,FALSE,FALSE,FALSE
компактные электростанции,10,6,1,1,"related_search, Thumbnail, Sitelinks",https://220volt.com.ua/portativnye-zaryadnye-stantsii/portativnye-elektrostantsii.htm,FALSE,FALSE,FALSE,FALSE,FALSE,FALSE
victron inverter price,10,2,1,1,"related_search, also_asks, AI Overview, Sitelinks, snip_url_in_aio, snip_fqdn_in_aio",https://220volt.com.ua/ua/inverter/victron-energy/,FALSE,FALSE,FALSE,FALSE,FALSE,TRUE
riello ups vision dual vsd 3000,10,1,1,1,"Thumbnail, Sitelinks",https://220volt.com.ua/ibp-riello-vsd-3000/,FALSE,FALSE,FALSE,FALSE,TRUE,FALSE
gd20 7r5g 4,10,1,1,1,"Thumbnail, Sitelinks",https://220volt.com.ua/preobrazovatel-chastoti-invt-gd20-7r5g-4/,FALSE,FALSE,FALSE,FALSE,FALSE,FALSE
220 вольт стабилизаторы напряжения,10,13,1,1,"Thumbnail, related_search, also_asks, Sitelinks",https://220volt.com.ua/stabilizator/phases_stab_odnofaznie/,FALSE,FALSE,FALSE,FALSE,FALSE,FALSE
электростанции хитачи,10,0,1,1,"Video preview, Thumbnail, also_asks, Sitelinks",https://220volt.com.ua/generatory/hitachii/,FALSE,FALSE,FALSE,FALSE,FALSE,FALSE
стабилизатор напряжения 6000,10,1,1,1,"related_search, Video preview, Thumbnail, Sitelinks",https://220volt.com.ua/stabilizator/moshnost_stab_block_6/,FALSE,FALSE,FALSE,FALSE,FALSE,FALSE
vgd 2000 rm,10,0,1,1,"Thumbnail, Sitelinks",https://220volt.com.ua/ibp-powercom-vgd-2000-rm-2u/,FALSE,FALSE,FALSE,FALSE,FALSE,FALSE
swl 1100,10,1,1,1,"Thumbnail, Sitelinks",https://220volt.com.ua/ua/akkumulyatornaya-batareya-yuasa-swl-1100/,FALSE,FALSE,FALSE,FALSE,FALSE,FALSE
riello ups sdl 3300,10,1,1,1,"Thumbnail, Sitelinks",https://220volt.com.ua/ua/ibp-riello-sdl-3300/,FALSE,FALSE,FALSE,FALSE,FALSE,FALSE
бесщеточный асинхронный генератор,10,7,1,1,"Thumbnail, related_search, Sitelinks",https://220volt.com.ua/generatory/tip_alternatora_asinhronnyj/,FALSE,FALSE,FALSE,FALSE,FALSE,FALSE
ritar rtp1000,10,0,1,1,"Thumbnail, Sitelinks",https://220volt.com.ua/ibp-ritar-rtp1000-proxima-l/,FALSE,FALSE,FALSE,FALSE,FALSE,FALSE
бензогенератор хутер 5 квт,10,2,1,1,"Thumbnail, Video preview, also_asks, Sitelinks",https://220volt.com.ua/generator-benzinovij-huter-dy-6500-l/,FALSE,FALSE,FALSE,FALSE,FALSE,FALSE
шнайдер пускатель,10,4,1,1,"Thumbnail, related_search, Sitelinks, snip_image_thumbnail",https://220volt.com.ua/elektrika-i-svet/nizkovoltnoe-oborudovanie/puskateli-kontaktori/puskateli/schneider/,FALSE,FALSE,FALSE,FALSE,FALSE,FALSE
eaton zb12 10,10,0,1,1,"Thumbnail, Sitelinks, snip_image_thumbnail",https://220volt.com.ua/rele-elektroteplovoe-eaton-moeller-zb12-10-278440/,FALSE,FALSE,FALSE,FALSE,FALSE,FALSE
домашние солнечные электростанции,10,22,1,1,"Thumbnail, also_asks, Video preview, related_search, Sitelinks",https://220volt.com.ua/solnechnaya-energetika/solnechnye-elektrostantsii.htm,FALSE,FALSE,FALSE,FALSE,FALSE,FALSE
yuasa npw36 12,10,3,1,1,Sitelinks,https://220volt.com.ua/ua/akkumulyatornaya-batareya-yuasa-npw36-12-06366/,FALSE,FALSE,FALSE,FALSE,FALSE,FALSE
ups general electric vh 3000,10,1,1,1,"Thumbnail, Sitelinks",https://220volt.com.ua/ua/ibp-general-electric-vh-3000/,FALSE,FALSE,FALSE,FALSE,FALSE,FALSE
пускатель 25 ампер,10,3,1,1,"Thumbnail, Sitelinks",https://220volt.com.ua/elektrika-i-svet/nizkovoltnoe-oborudovanie/puskateli-kontaktori/puskateli/tok_puskateley_25-50-a/,FALSE,FALSE,FALSE,FALSE,FALSE,FALSE
сколько стоит бесперебойник компьютера,10,30,1,1,"also_asks, a_box_fsnippet, Thumbnail, related_search, Sitelinks, snip_featured",https://220volt.com.ua/istochniki-besperebojnogo-pitaniya/opt_reshenie_ibp_kompyutera/,FALSE,FALSE,FALSE,TRUE,FALSE,FALSE
fgd6500ew,10,0,1,1,"Thumbnail, Sitelinks, snip_image_thumbnail",https://220volt.com.ua/generator-dizel-nij-forte-fgd6500ew/,FALSE,FALSE,FALSE,FALSE,FALSE,FALSE
погружной насос 2 квт,10,2,1,1,"Thumbnail, also_asks, Sitelinks",https://220volt.com.ua/nasos/nasosi-dlya-vodosnabzheniya/skvazhinnie-nasosi/moshnost_nasosa_skvaginnogo_do-2-kvt/,FALSE,FALSE,FALSE,FALSE,FALSE,FALSE
генератор портативный бензиновый,10,16,1,1,"Thumbnail, related_search, Sitelinks",https://220volt.com.ua/generatory/tip_ustanovki_portativnie/,FALSE,FALSE,FALSE,FALSE,FALSE,FALSE
ибп стоечный купить,10,4,1,1,"Thumbnail, Sitelinks",https://220volt.com.ua/istochniki-besperebojnogo-pitaniya/typeispolnenia_montiruemij-v-stojku/,FALSE,TRUE,FALSE,FALSE,FALSE,TRUE
gp6500l gee,10,0,1,1,"Thumbnail, Sitelinks",https://220volt.com.ua/ua/generator-benzinovij-glendale-gp6500l-gee-1-0/,FALSE,FALSE,FALSE,FALSE,FALSE,FALSE
ats 40,10,1,1,1,"Thumbnail, related_search, Sitelinks, snip_image_thumbnail",https://220volt.com.ua/avr-matari-ats-40/,FALSE,FALSE,FALSE,FALSE,FALSE,FALSE
тяговые акб киев,10,16,1,1,"Thumbnail, Local pack, related_search, Sitelinks",https://220volt.com.ua/akkumulatornie-batarei/tip_elementa_tyagovie/,FALSE,TRUE,FALSE,FALSE,FALSE,FALSE
магнитный пускатель 220в 10а,10,0,1,1,"Thumbnail, Sitelinks",https://220volt.com.ua/magnitnij-puskatel-etal-pml-1100b-10a-220v/,FALSE,FALSE,FALSE,FALSE,FALSE,FALSE
контактор для насоса,10,2,1,1,"Thumbnail, related_search, also_asks, Sitelinks",https://220volt.com.ua/elektrika-i-svet/nizkovoltnoe-oborudovanie/puskateli-kontaktori/puskateli/tip_puskateley_modul-nie/,FALSE,FALSE,FALSE,FALSE,FALSE,FALSE
аккумулятор npw36 12,10,4,1,1,"Thumbnail, related_search, Sitelinks",https://220volt.com.ua/akkumulyatornaya-batareya-yuasa-npw36-12-06366/,FALSE,FALSE,FALSE,FALSE,FALSE,FALSE
техническая характеристика генератора,10,1,1,1,"Thumbnail, also_asks, related_search, Sitelinks",https://220volt.com.ua/news/harakteristiki-moshchnosti-generatora/,FALSE,FALSE,FALSE,FALSE,FALSE,FALSE
powercom kin 425ap,10,1,1,1,"Thumbnail, Sitelinks",https://220volt.com.ua/ibp-powercom-kin-425ap/,FALSE,FALSE,FALSE,FALSE,FALSE,FALSE
таймер включения света купить,10,25,1,1,"related_search, AI Overview, Sitelinks, snip_url_in_aio, snip_fqdn_in_aio",https://220volt.com.ua/elektrika-i-svet/nizkovoltnoe-oborudovanie/rele-tajmeri-fotokontrolleri/tajmeri.htm,FALSE,TRUE,FALSE,FALSE,FALSE,TRUE
магнитный пускатель 25 ампер,10,2,1,1,"shopping_rhs, Thumbnail, Sitelinks",https://220volt.com.ua/elektrika-i-svet/nizkovoltnoe-oborudovanie/puskateli-kontaktori/puskateli/tok_puskateley_25-50-a/,FALSE,FALSE,FALSE,FALSE,FALSE,FALSE
sadko gps 8500e,10,0,1,1,"Thumbnail, Sitelinks",https://220volt.com.ua/generator-benzinovij-sadko-gps-8500e/,FALSE,FALSE,FALSE,FALSE,FALSE,FALSE
таймеры электронные бытовые,10,9,1,1,"also_asks, related_search, Sitelinks",https://220volt.com.ua/elektrika-i-svet/nizkovoltnoe-oborudovanie/rele-tajmeri-fotokontrolleri/tajmeri/tip_taymera_elektronnie/,FALSE,FALSE,FALSE,FALSE,FALSE,FALSE
стабилизаторы напряжения 220в купить,10,12,1,1,"Thumbnail, related_search, also_asks, Sitelinks",https://220volt.com.ua/stabilizator/phases_stab_odnofaznie/,FALSE,TRUE,FALSE,FALSE,FALSE,TRUE
бензиновая мотопомпа daishin swt 80hx,10,0,1,1,"Thumbnail, Video preview, Sitelinks",https://220volt.com.ua/motopompa-daishin-swt-80hx/,FALSE,FALSE,FALSE,FALSE,FALSE,FALSE
js 110,10,1,1,1,"Thumbnail, Sitelinks",https://220volt.com.ua/ua/nasos-poverhnostnij-rudes-js-110/,FALSE,FALSE,FALSE,FALSE,FALSE,FALSE
eaton pl6 b10 1,10,0,1,1,"Thumbnail, Sitelinks, snip_image_thumbnail",https://220volt.com.ua/avtomaticheskij-viklyuchatel-eaton-moeller-pl6-b10-1/,FALSE,FALSE,FALSE,FALSE,FALSE,FALSE
мд16,10,1,1,1,"Thumbnail, Sitelinks, snip_image_thumbnail",https://220volt.com.ua/ua/generator-dizel-nij-matari-md16/,FALSE,FALSE,FALSE,FALSE,FALSE,FALSE
аккумулятор gp 1245 f2,10,1,1,1,"Thumbnail, Sitelinks",https://220volt.com.ua/akkumulyatornaya-batareya-csb-gp1245-0/,FALSE,FALSE,FALSE,FALSE,FALSE,FALSE
готовые солнечные электростанции для дома цена,10,2,1,1,"Thumbnail, related_search, also_asks, Sitelinks",https://220volt.com.ua/solnechnaya-energetika/solnechnye-elektrostantsii.htm,FALSE,TRUE,FALSE,FALSE,FALSE,TRUE
fronius pv inverter,10,1,1,1,"related_search, Thumbnail, Sitelinks",https://220volt.com.ua/ua/solnechnaya-energetika/solnechnye-invertory/fronius/,FALSE,FALSE,FALSE,FALSE,FALSE,FALSE
схема авр на 220 вольт,10,3,1,1,"Thumbnail, related_search, also_asks, Sitelinks, snip_image_thumbnail",https://220volt.com.ua/news/parametri-elektroseti-pod-polnim-kontrolem-shema-avr-na-kontaktorah/,FALSE,FALSE,FALSE,FALSE,FALSE,FALSE
переносной электрогенератор,10,14,1,1,"Thumbnail, Sitelinks",https://220volt.com.ua/generatory/tip_ustanovki_portativnie/,FALSE,FALSE,FALSE,FALSE,FALSE,FALSE
магнитный пускатель 220 вольт,10,1,1,1,"Thumbnail, related_search, also_asks, Sitelinks",https://220volt.com.ua/elektrika-i-svet/nizkovoltnoe-oborudovanie/puskateli-kontaktori/puskateli.htm,FALSE,FALSE,FALSE,FALSE,FALSE,FALSE
moeller pkzm0 25,10,1,1,1,"Thumbnail, Sitelinks, snip_image_thumbnail",https://220volt.com.ua/avtomaticheskij-viklyuchatel-eaton-moeller-pkzm0-25-046989/,FALSE,FALSE,FALSE,FALSE,FALSE,FALSE
купить стационарный генератор,10,2,1,1,"related_search, also_asks, Thumbnail, Sitelinks",https://220volt.com.ua/generatory/tip_ustanovki_statsionarnie/,FALSE,TRUE,FALSE,FALSE,FALSE,TRUE
hitachi alternator,10,1,1,1,"related_search, Thumbnail, Sitelinks, snip_image_thumbnail",https://220volt.com.ua/generatory/hitachii/,FALSE,FALSE,FALSE,FALSE,FALSE,FALSE
scifp48100,10,1,1,1,"Sitelinks, snip_image_thumbnail",https://220volt.com.ua/ua/akkumulyatornaya_batareya_sacred_sun_scifp48100/,FALSE,FALSE,FALSE,FALSE,FALSE,FALSE
укртехнология norma 5000,10,0,1,1,"a_box_fsnippet, Video preview, Thumbnail, Sitelinks, snip_featured",https://220volt.com.ua/stabilizator-napryazheniya-ukrtehnologiya-nsn-5000-norma-n/,TRUE,FALSE,TRUE,FALSE,FALSE,FALSE
аккумулятор csb 1272,10,9,1,1,"Thumbnail, related_search, Sitelinks",https://220volt.com.ua/akkumulyatornaya-batareya-csb-gp1272f2/,FALSE,FALSE,FALSE,FALSE,FALSE,FALSE
км 25,10,1,1,1,"Thumbnail, Sitelinks, snip_image_thumbnail",https://220volt.com.ua/kontaktor-iek-km-25-40-ac-dc/,FALSE,FALSE,FALSE,FALSE,FALSE,FALSE
phoenix 3000,10,1,1,1,"Thumbnail, Sitelinks, snip_image_thumbnail",https://220volt.com.ua/generator-benzinovij-sdmo-phoenix-3000/,FALSE,FALSE,FALSE,FALSE,FALSE,FALSE
ippon smart winner 3000 цена,10,2,1,1,"Thumbnail, also_asks, Sitelinks, snip_image_thumbnail",https://220volt.com.ua/ibp-ippon-smart-winner-3000/,FALSE,TRUE,FALSE,FALSE,FALSE,TRUE
реле регулировки напряжения,10,27,1,1,"related_search, Video preview, Thumbnail, also_asks, Sitelinks, snip_image_thumbnail",https://220volt.com.ua/elektrika-i-svet/nizkovoltnoe-oborudovanie/rele-tajmeri-fotokontrolleri/rele/rele_kontrolya_napryajeniya.htm,FALSE,FALSE,FALSE,FALSE,FALSE,FALSE
72737,10,0,1,1,"Thumbnail, Sitelinks, snip_image_thumbnail",https://220volt.com.ua/ua/avtomaticheskij-viklyuchatel-eaton-moeller-pkzm0-4-072737/,FALSE,FALSE,FALSE,FALSE,FALSE,FALSE
реле для коммутации 220в,10,6,1,1,"also_asks, Thumbnail, related_search, Sitelinks",https://220volt.com.ua/elektrika-i-svet/nizkovoltnoe-oborudovanie/rele-tajmeri-fotokontrolleri/rele/promejutochnie_rele.htm,FALSE,FALSE,FALSE,FALSE,FALSE,FALSE
генератор huter ht950a,10,1,1,1,"Thumbnail, Sitelinks, snip_image_thumbnail",https://220volt.com.ua/generator-benzinovij-huter-ht-950-a/,FALSE,FALSE,FALSE,FALSE,FALSE,FALSE
action 12,10,0,1,1,"Thumbnail, Sitelinks, snip_image_thumbnail",https://220volt.com.ua/zaryadnoe-ustrojstvo-aktion-zu-12-5000/,FALSE,FALSE,FALSE,FALSE,FALSE,FALSE
ибп ippon smart winner 1500,10,1,1,1,"AI Overview, Thumbnail, Sitelinks, snip_image_thumbnail, snip_url_in_aio, snip_fqdn_in_aio",https://220volt.com.ua/ibp-ippon-smart-winner-1500/,FALSE,FALSE,FALSE,FALSE,FALSE,FALSE
реле давления воды схема подключения,10,12,1,1,"related_search, Thumbnail, Sitelinks",https://220volt.com.ua/storage/catalog_products/156470/instruction/738.pdf,FALSE,FALSE,FALSE,FALSE,FALSE,FALSE
forte fg2500 инструкция,10,1,1,1,"AI Overview, related_search, also_asks, Sitelinks, snip_url_in_aio, snip_fqdn_in_aio",https://220volt.com.ua/storage/catalog_products/127591/instruction/738.pdf,FALSE,FALSE,FALSE,FALSE,FALSE,FALSE
все типы аккумуляторов,10,14,1,1,"also_asks, Thumbnail, related_search, a_box_fsnippet, Sitelinks, snip_featured, snip_image_thumbnail",https://220volt.com.ua/news/raznovidnosti-akkumulyatornih-batarej-soglasno-tipu-rabochih-elementov-i-naznacheniyu/,FALSE,FALSE,FALSE,FALSE,FALSE,FALSE
реле включения насоса воды,10,4,1,1,"related_search, also_asks, Thumbnail, Sitelinks",https://220volt.com.ua/nasos/komplektuyushchie-dlya-vodosnabzheniya-i-vodootvedeniya/tip_kompl_nasos_rele-davleniya/,FALSE,FALSE,FALSE,FALSE,FALSE,FALSE
аккумулятор cs3,10,5,1,1,"Thumbnail, also_asks, related_search, Sitelinks",https://220volt.com.ua/akkumulatornie-batarei/csb/,FALSE,FALSE,FALSE,FALSE,FALSE,FALSE
res 18,10,1,1,1,"Thumbnail, Sitelinks",https://220volt.com.ua/generator-gazovij-sdmo-res-18-ec/,FALSE,FALSE,FALSE,FALSE,FALSE,FALSE
inverter fronius 10kw,10,1,1,1,"Thumbnail, Sitelinks",https://220volt.com.ua/ua/invertor-fronius-symo-10-0-3-m/,FALSE,FALSE,FALSE,FALSE,FALSE,FALSE
купить поверхностный самовсасывающий насос,10,8,1,1,"related_search, Local pack, also_asks, Thumbnail, Sitelinks",https://220volt.com.ua/nasos/nasosi-dlya-vodosnabzheniya/tsentrobezhnie/tipvsas_samovsasivayushchie/,FALSE,TRUE,FALSE,FALSE,FALSE,TRUE
инвертор off grid,10,6,1,1,"also_asks, related_search, Video preview, Sitelinks",https://220volt.com.ua/inverter/typearhetekturi_avtonomnye-off-grid;op_reshenie_solnecnye-invertory/,FALSE,FALSE,FALSE,FALSE,FALSE,FALSE
pkzm0 4 t,10,0,1,1,"Thumbnail, Sitelinks",https://220volt.com.ua/avtomaticheskij-viklyuchatel-eaton-moeller-pkzm0-4-072737/,FALSE,FALSE,FALSE,FALSE,FALSE,FALSE
skp 1000a купить,10,1,1,1,"Thumbnail, Sitelinks, snip_image_thumbnail",https://220volt.com.ua/ibp-powercom-skp-1000a/,FALSE,TRUE,FALSE,FALSE,FALSE,TRUE
в чём измеряется ёмкость батареи,10,23,1,1,"related_search, also_asks, a_box_fsnippet, Sitelinks, snip_featured",https://220volt.com.ua/news/chto-takoe-emkost-akkumulyatora-metodika-ee-rascheta/,FALSE,FALSE,FALSE,FALSE,FALSE,FALSE
блок бесперебойного питания в стойку,10,2,1,1,"Thumbnail, Sitelinks",https://220volt.com.ua/istochniki-besperebojnogo-pitaniya/typeispolnenia_montiruemij-v-stojku/,FALSE,FALSE,FALSE,FALSE,FALSE,FALSE
spx 2200,10,1,1,1,"shopping_rhs, Thumbnail, Sitelinks, snip_image_thumbnail",https://220volt.com.ua/ibp-eaton-5px-2200-rt2u/,FALSE,FALSE,FALSE,FALSE,FALSE,FALSE
sdmo sh7500t,10,0,1,1,"Thumbnail, Sitelinks",https://220volt.com.ua/ua/generator-benzinovij-sdmo-sh-7500-t/,FALSE,FALSE,FALSE,FALSE,FALSE,FALSE
электрогенератор dy6500l huter,10,1,1,1,"Thumbnail, related_search, Sitelinks",https://220volt.com.ua/generator-benzinovij-huter-dy-6500-l/,FALSE,FALSE,FALSE,FALSE,FALSE,FALSE
220 вольт магазин инструментов,10,1,1,1,"related_search, Thumbnail, also_asks, kn_graph_local, Sitelinks, snip_image_thumbnail",https://220volt.com.ua/,FALSE,TRUE,FALSE,FALSE,FALSE,FALSE
частотный преобразователь 10 квт цена,10,2,1,1,"Thumbnail, related_search, Sitelinks",https://220volt.com.ua/preobrazovateli_chastoty_ustr_plavnogo_puska/preobrazovateli-chastoti/moshnost_chastotnika_1_1-10-kvt/,FALSE,TRUE,FALSE,FALSE,FALSE,TRUE
узо 6 ампер,10,1,1,1,"Thumbnail, Sitelinks",https://220volt.com.ua/elektrika-i-svet/nizkovoltnoe-oborudovanie/ustrojstva-zashchitnogo-otklyucheniya-uzo-difavtomati/nom_tok_v_uzo_6-20-a/,FALSE,FALSE,FALSE,FALSE,FALSE,FALSE
щит с дин рейкой,10,1,1,1,"Thumbnail, related_search, Sitelinks, snip_image_thumbnail",https://220volt.com.ua/elektrika-i-svet/shitovoe/shchiti/nalicie_dinreyki_est/,FALSE,FALSE,FALSE,FALSE,FALSE,FALSE
ksg 3k sm,10,0,1,1,"Thumbnail, Sitelinks",https://220volt.com.ua/invertor-kstar-ksg-3-sm/,FALSE,FALSE,FALSE,FALSE,FALSE,FALSE
12v 10ah lithium battery,10,1,1,1,"Thumbnail, related_search, Sitelinks",https://220volt.com.ua/akkumulyatornaya-batareya-vipow-lifepo4-12-8v-10ah-s-elementami-li-ion-18674/,FALSE,FALSE,FALSE,FALSE,FALSE,FALSE
np3 2 12,10,0,1,1,"Thumbnail, Sitelinks, snip_image_thumbnail",https://220volt.com.ua/ua/akkumulyatornaya-batareya-yuasa-np-3-2-12/,FALSE,FALSE,FALSE,FALSE,FALSE,FALSE
продажа стабилизаторов напряжения украине,10,23,1,1,"Thumbnail, also_asks, related_search, Sitelinks",https://220volt.com.ua/stabilizator.htm,FALSE,FALSE,FALSE,FALSE,FALSE,FALSE
купить солнечную электростанцию в украине,10,10,1,1,"related_search, also_asks, Sitelinks",https://220volt.com.ua/solnechnaya-energetika/solnechnye-elektrostantsii.htm,FALSE,TRUE,FALSE,FALSE,FALSE,TRUE
регулятор давления воды для насоса купить,10,12,1,1,"related_search, also_asks, Thumbnail, Sitelinks",https://220volt.com.ua/nasos/komplektuyushchie-dlya-vodosnabzheniya-i-vodootvedeniya/tip_kompl_nasos_rele-davleniya/,FALSE,TRUE,FALSE,FALSE,FALSE,TRUE
vsd 2200,10,0,1,1,"Thumbnail, Sitelinks",https://220volt.com.ua/ibp-riello-vsd-2200/,FALSE,FALSE,FALSE,FALSE,TRUE,FALSE
реле мюллер,10,1,1,1,"Thumbnail, also_asks, Sitelinks, snip_image_thumbnail",https://220volt.com.ua/elektrika-i-svet/nizkovoltnoe-oborudovanie/rele-tajmeri-fotokontrolleri/rele/teplovie_rele/moeller/,FALSE,FALSE,FALSE,FALSE,FALSE,FALSE
источник бесперебойного питания ups 3000va,10,1,1,1,"also_asks, related_search, AI Overview, Sitelinks, snip_url_in_aio, snip_fqdn_in_aio",https://220volt.com.ua/istochniki-besperebojnogo-pitaniya/fullpower_ibp_1001-3000/,FALSE,FALSE,FALSE,FALSE,FALSE,FALSE
mi2000,10,0,1,1,"Thumbnail, Sitelinks, snip_image_thumbnail",https://220volt.com.ua/generator-invertornij-matari-mi2000/,FALSE,FALSE,FALSE,FALSE,FALSE,FALSE
hr1227wf2 battery,10,0,1,1,"Thumbnail, Sitelinks",https://220volt.com.ua/ua/akkumulyatornaya-batareya-csb-hr1227wf2/,FALSE,FALSE,FALSE,FALSE,FALSE,FALSE
стабилизатор напряжения 220 цена,10,7,1,1,"Thumbnail, related_search, also_asks, Sitelinks",https://220volt.com.ua/stabilizator/phases_stab_odnofaznie/,FALSE,TRUE,FALSE,FALSE,FALSE,TRUE
8 pt,10,1,1,1,"Thumbnail, Sitelinks",https://220volt.com.ua/ua/shchit-naruzhnij-raspredelitel-nij-eti-ect-8-pt-1101000/,FALSE,FALSE,FALSE,FALSE,FALSE,FALSE
genpower gbg 5500,10,0,1,1,"also_asks, Thumbnail, Sitelinks",https://220volt.com.ua/ua/generator-benzinovij-genpower-gbg-5500/,FALSE,FALSE,FALSE,FALSE,FALSE,FALSE
бесперебойник online,10,12,1,1,"also_asks, related_search, Sitelinks",https://220volt.com.ua/istochniki-besperebojnogo-pitaniya/typearhetekturi_neprerivnogo-dejstviya/,FALSE,FALSE,FALSE,FALSE,FALSE,FALSE
generac guardian 10kw,10,2,1,1,"related_search, Thumbnail, Sitelinks",https://220volt.com.ua/generator-gazovij-generac-6270-10kw/,FALSE,FALSE,FALSE,FALSE,FALSE,FALSE
аккумуляторная батарея challenger g12 100,10,1,1,1,"related_search, Thumbnail, Sitelinks",https://220volt.com.ua/akkumulyatornaya-batareya-challenger-g12-100/,FALSE,FALSE,FALSE,FALSE,FALSE,FALSE
дренажный насос rudes drp 5 550,10,1,1,1,"Video preview, Thumbnail, Sitelinks",https://220volt.com.ua/nasos-drenazhnij-rudes-drp-5-550/,FALSE,FALSE,FALSE,FALSE,FALSE,FALSE
мобильные электростанции купить,10,7,1,1,"related_search, Local pack, Sitelinks",https://220volt.com.ua/portativnye-zaryadnye-stantsii/portativnye-elektrostantsii.htm,FALSE,TRUE,FALSE,FALSE,FALSE,TRUE
imars inverter,10,1,1,1,"Thumbnail, also_asks, Sitelinks",https://220volt.com.ua/solnechnaya-energetika/solnechnye-invertory/imars/,FALSE,FALSE,FALSE,FALSE,FALSE,FALSE
магнитній пускатель,10,10,1,1,"also_asks, kn_graph_card, related_search, Sitelinks, snip_image_thumbnail",https://220volt.com.ua/ua/elektrika-i-svet/nizkovoltnoe-oborudovanie/puskateli-kontaktori/puskateli.htm,FALSE,FALSE,FALSE,FALSE,FALSE,FALSE
rg2224,10,0,1,1,"Thumbnail, Sitelinks, snip_image_thumbnail",https://220volt.com.ua/generator-gazovij-generac-rg2224-17-6kw/,FALSE,FALSE,FALSE,FALSE,FALSE,FALSE
в чем измеряется мощность аккумулятора,10,21,1,1,"Video preview, related_search, AI Overview, Thumbnail, also_asks, Sitelinks",https://220volt.com.ua/news/chto-takoe-emkost-akkumulyatora-metodika-ee-rascheta/,FALSE,FALSE,FALSE,FALSE,FALSE,FALSE
стабилизатор напряжения для музыкальной аппаратуры,10,1,1,1,"also_asks, related_search, AI Overview, Sitelinks, snip_url_in_aio, snip_fqdn_in_aio",https://220volt.com.ua/stabilizator/optimal_stab_audio-tehniki-hi-fi/,FALSE,FALSE,FALSE,FALSE,FALSE,FALSE
генератор отопления,10,1,1,1,"Thumbnail, also_asks, Sitelinks",https://220volt.com.ua/generatory/optimal_gen_kotla/,FALSE,FALSE,FALSE,FALSE,FALSE,FALSE
преобразователи частоты invt,10,4,1,1,"related_search, Sitelinks",https://220volt.com.ua/preobrazovateli_chastoty_ustr_plavnogo_puska/preobrazovateli-chastoti/invt-electric/,FALSE,FALSE,FALSE,FALSE,FALSE,FALSE
victron mppt control,10,1,1,1,"Thumbnail, related_search, Sitelinks",https://220volt.com.ua/victron-energy-mppt-control/,FALSE,FALSE,FALSE,FALSE,FALSE,FALSE
victron skylla tg 24 50,10,1,1,1,"Thumbnail, Sitelinks",https://220volt.com.ua/zaryadnoe-ustrojstvo-victron-energy-skylla-tg-24-50-1-1/,FALSE,FALSE,FALSE,FALSE,FALSE,FALSE
rechargeable li ion battery us3000c,10,1,1,1,"related_search, Thumbnail, Sitelinks",https://220volt.com.ua/ua/akkumulyatornaya-batareya-pylontech-us3000c-3-5-kvt-ch-48v-2/,FALSE,FALSE,FALSE,FALSE,FALSE,FALSE
3 фазы 10 квт,10,2,1,1,"AI Overview, also_asks, related_search, Sitelinks, snip_url_in_aio, snip_fqdn_in_aio",https://220volt.com.ua/generatory/faznost_generatorov_3;maksimalnaya_moschnost_block__10/,FALSE,FALSE,FALSE,FALSE,FALSE,FALSE
eaton 700va,10,1,1,1,"Thumbnail, shopping_rhs, Sitelinks",https://220volt.com.ua/ibp-eaton-5110-700-va/,FALSE,FALSE,FALSE,FALSE,FALSE,FALSE
220 вольт адреса магазинов,10,1,1,1,"related_search, also_asks, Local pack, Thumbnail, Sitelinks, snip_image_thumbnail",https://220volt.com.ua/,FALSE,TRUE,FALSE,FALSE,FALSE,FALSE
реле давления схема,10,3,1,1,"Thumbnail, related_search, Video preview, also_asks, Sitelinks",https://220volt.com.ua/storage/catalog_products/156314/instruction/738.pdf,FALSE,FALSE,FALSE,FALSE,FALSE,FALSE
производители высоковольтного оборудования,10,2,1,1,"Thumbnail, related_search, a_box_fsnippet, Sitelinks, snip_featured",https://220volt.com.ua/information/proizvoditeli/,FALSE,FALSE,FALSE,FALSE,FALSE,FALSE
электрогенератор dy3000l,10,2,1,1,Sitelinks,https://220volt.com.ua/generator-benzinovij-huter-dy-3000-l/,FALSE,FALSE,FALSE,FALSE,FALSE,FALSE
pl6 b6 1,10,0,1,1,"Thumbnail, Sitelinks, snip_image_thumbnail",https://220volt.com.ua/avtomaticheskij-viklyuchatel-eaton-moeller-pl6-b6-1/,FALSE,FALSE,FALSE,FALSE,FALSE,FALSE
dy5000l huter,10,1,1,1,"related_search, Thumbnail, Sitelinks",https://220volt.com.ua/generator-benzinovij-huter-dy-5000-l/,FALSE,FALSE,FALSE,FALSE,FALSE,FALSE
senci sc10000te,10,0,1,1,"Thumbnail, Sitelinks",https://220volt.com.ua/generator-benzinovij-senci-sc10000te/,FALSE,FALSE,FALSE,FALSE,FALSE,FALSE
ritar e rtm650,10,1,1,1,"shopping_rhs, Thumbnail, Sitelinks",https://220volt.com.ua/ibp-ritar-e-rtm650-elf-l-9816/,FALSE,FALSE,FALSE,FALSE,FALSE,FALSE
генератор на пропані,10,1,1,1,"also_asks, Thumbnail, related_search, Sitelinks",https://220volt.com.ua/ua/generatory/tip_gaza_generatora_propan-butan-szhizhennyj-gaz/,FALSE,FALSE,FALSE,FALSE,FALSE,FALSE
general electric ибп,10,1,1,1,"Thumbnail, also_asks, Sitelinks",https://220volt.com.ua/istochniki-besperebojnogo-pitaniya/general-electric/,FALSE,FALSE,FALSE,FALSE,FALSE,FALSE
сравнение ламп,10,5,1,1,"also_asks, related_search, Thumbnail, Sitelinks",https://220volt.com.ua/news/sravnenie-lamp/,FALSE,FALSE,FALSE,FALSE,TRUE,FALSE
реле максимального тока купить,10,1,1,1,"also_asks, Thumbnail, Sitelinks",https://220volt.com.ua/elektrika-i-svet/nizkovoltnoe-oborudovanie/rele-tajmeri-fotokontrolleri/rele/rele_kontrolya_toka.htm,FALSE,TRUE,FALSE,FALSE,FALSE,TRUE
в чем измеряется мощность генератора,10,5,1,1,"Thumbnail, related_search, also_asks, a_box_fsnippet, Sitelinks, snip_featured",https://220volt.com.ua/news/harakteristiki-moshchnosti-generatora/,FALSE,FALSE,FALSE,FALSE,FALSE,FALSE
купить стабилизатор напряжения 6 квт,10,4,1,1,"related_search, Sitelinks",https://220volt.com.ua/stabilizator/moshnost_stab_block_6/,FALSE,TRUE,FALSE,FALSE,FALSE,TRUE
аккумуляторные батареи купить в киеве,10,50,1,1,"related_search, also_asks, Local pack, Sitelinks, snip_image_thumbnail",https://220volt.com.ua/akkumulatornie-batarei.htm,FALSE,TRUE,FALSE,FALSE,FALSE,TRUE
volt 220,10,6,1,1,"related_search, also_asks, Local pack, Thumbnail, Sitelinks",https://220volt.com.ua/,FALSE,FALSE,FALSE,FALSE,FALSE,FALSE
солнечная станция для дома цена,10,20,1,1,"related_search, also_asks, AI Overview, Sitelinks, snip_fqdn_in_aio",https://220volt.com.ua/solnechnaya-energetika/solnechnye-elektrostantsii.htm,FALSE,TRUE,FALSE,FALSE,FALSE,TRUE
220 вольт онлайн магазин,10,21,1,1,"related_search, Sitelinks",https://220volt.com.ua/,FALSE,TRUE,FALSE,FALSE,FALSE,FALSE
axpert max 3600 24,10,0,1,1,"Thumbnail, Sitelinks",https://220volt.com.ua/ua/invertor-q-power-axpert-max-3600-24-230-3600vt-24v/,FALSE,FALSE,FALSE,FALSE,FALSE,FALSE
riello sdl 10000,10,1,1,1,"Thumbnail, Sitelinks",https://220volt.com.ua/ua/ibp-riello-sdl-10000-tm/,FALSE,FALSE,FALSE,FALSE,FALSE,FALSE
5px2200,10,1,1,1,"Thumbnail, Sitelinks, snip_image_thumbnail",https://220volt.com.ua/ibp-eaton-5px-2200-rt2u/,FALSE,FALSE,FALSE,FALSE,FALSE,FALSE
бензогенератор huter ht1000l,10,1,1,1,Sitelinks,https://220volt.com.ua/generator-benzinovij-huter-ht-1000-l/,FALSE,FALSE,FALSE,FALSE,FALSE,FALSE
swl2500e yuasa,10,1,1,1,"related_search, also_asks, Thumbnail, Sitelinks",https://220volt.com.ua/akkumulyatornaya-batareya-yuasa-swl-2500/,FALSE,FALSE,FALSE,FALSE,FALSE,FALSE
fg 2500,10,0,1,1,"Thumbnail, Sitelinks",https://220volt.com.ua/generator-benzinovij-forte-fg2500/,FALSE,FALSE,FALSE,FALSE,FALSE,FALSE
ибп 10 квт купить,10,6,1,1,"Local pack, related_search, Sitelinks",https://220volt.com.ua/istochniki-besperebojnogo-pitaniya/fullpower_ibp_svishe-10000/,FALSE,TRUE,FALSE,FALSE,FALSE,TRUE
xjwm 15m,10,0,1,1,"Thumbnail, Sitelinks, snip_image_thumbnail",https://220volt.com.ua/nasos-poverhnostnij-aquatica-xjwm-15m-775325/,FALSE,FALSE,FALSE,FALSE,FALSE,FALSE
ибп 220 24,10,1,1,1,"Thumbnail, related_search, Sitelinks",https://220volt.com.ua/istochniki-besperebojnogo-pitaniya/voltaj_batarei_24-v/,FALSE,FALSE,FALSE,FALSE,FALSE,FALSE
moeller plht,10,0,1,1,"Thumbnail, Sitelinks, snip_image_thumbnail",https://220volt.com.ua/avtomaticheskij-viklyuchatel-eaton-moeller-plht-c125-3-248041/,FALSE,FALSE,FALSE,FALSE,FALSE,FALSE
ra12 33,10,1,1,1,"Thumbnail, Sitelinks",https://220volt.com.ua/akkumulyatornaya-batareya-ritar-ra12-33-12v-33-0ah/,FALSE,FALSE,FALSE,FALSE,FALSE,FALSE
бензогенератор huter dy5000l,10,0,1,1,"Thumbnail, Sitelinks",https://220volt.com.ua/generator-benzinovij-huter-dy-5000-l/,FALSE,FALSE,FALSE,FALSE,FALSE,FALSE
выключатели тока,10,5,1,1,"Thumbnail, Video preview, related_search, Sitelinks",https://220volt.com.ua/elektrika-i-svet/nizkovoltnoe-oborudovanie/avtomati/modulnie-avtomaticheskie-viklyuchateli/nazn_mod_avt_vikl_dlya-tsepej-postoyannogo-toka-dc-/,FALSE,FALSE,FALSE,FALSE,FALSE,FALSE
agt 8203 hsb,10,1,1,1,"Thumbnail, Sitelinks",https://220volt.com.ua/generator-benzinovij-agt-8203-hsb/,FALSE,FALSE,FALSE,FALSE,FALSE,FALSE
трансформатор 220 14,10,1,1,1,"Thumbnail, Sitelinks",https://220volt.com.ua/transformator-upp-utos-osm-1-0-1-220-14/,FALSE,FALSE,FALSE,FALSE,FALSE,FALSE
huter 3000,10,1,1,1,"also_asks, Sitelinks",https://220volt.com.ua/generator-benzinovij-huter-dy-3000-l/,FALSE,FALSE,FALSE,FALSE,FALSE,FALSE
бензиновый генератор sadko gps 3000,10,1,1,1,"Thumbnail, also_asks, Sitelinks",https://220volt.com.ua/generator-benzinovij-sadko-gps-3000/,FALSE,FALSE,FALSE,FALSE,FALSE,FALSE
werk wpg 8000,10,0,1,1,"Thumbnail, Sitelinks, snip_image_thumbnail",https://220volt.com.ua/generator-benzinovij-werk-wpg-8000/,FALSE,FALSE,FALSE,FALSE,FALSE,FALSE
укртехнология нсн 9000 optimum,10,1,1,1,"related_search, Thumbnail, Sitelinks",https://220volt.com.ua/stabilizator-napryazheniya-ukrtehnologiya-nsn-9000-optimum/,TRUE,FALSE,TRUE,FALSE,FALSE,FALSE
виды источников бесперебойного питания,10,4,1,1,"Video preview, also_asks, a_box_fsnippet, related_search, Sitelinks, snip_featured, snip_image_thumbnail",https://220volt.com.ua/news/vidi-istochnikov-besperebojnogo-pitaniya/,FALSE,FALSE,FALSE,FALSE,FALSE,FALSE
розетка с таймером какая лучше,10,1,1,1,"related_search, also_asks, Thumbnail, Sitelinks",https://220volt.com.ua/news/obzor-luchshih-modelej-rozetok-s-tajmerom-ot-220volt/,FALSE,FALSE,FALSE,FALSE,FALSE,FALSE
ups on line,10,8,1,1,"Thumbnail, related_search, Sitelinks",https://220volt.com.ua/istochniki-besperebojnogo-pitaniya/typearhetekturi_neprerivnogo-dejstviya/,FALSE,FALSE,FALSE,FALSE,FALSE,FALSE
ибп с большим временем автономной работы,10,3,1,1,"Thumbnail, related_search, also_asks, Sitelinks",https://220volt.com.ua/istochniki-besperebojnogo-pitaniya/akkumulyatornaya_batareya_vneshnyaya/,FALSE,FALSE,FALSE,FALSE,FALSE,FALSE
mc150a,10,0,1,1,"Thumbnail, map, Sitelinks, snip_image_thumbnail",https://220volt.com.ua/ua/avtomaticheskij-viklyuchatel-hager-50a-1p-s-6-ka-1m-mc150a/,FALSE,FALSE,FALSE,FALSE,FALSE,FALSE
хутер 8000,10,1,1,1,"Thumbnail, related_search, Video preview, AI Overview, Sitelinks, snip_url_in_aio, snip_fqdn_in_aio",https://220volt.com.ua/ua/generator-benzinovij-huter-dy-8000-lx/,FALSE,FALSE,FALSE,FALSE,FALSE,FALSE
222 вольт,10,1,1,1,"related_search, also_asks, Thumbnail, Sitelinks, snip_image_thumbnail",https://220volt.com.ua/,FALSE,FALSE,FALSE,FALSE,FALSE,FALSE
движок для электричества,10,26,1,1,"related_search, also_asks, Thumbnail, Sitelinks",https://220volt.com.ua/generatory.htm,FALSE,FALSE,FALSE,FALSE,FALSE,FALSE
ибп купить цена,10,49,1,1,"also_asks, related_search, Thumbnail, Sitelinks",https://220volt.com.ua/istochniki-besperebojnogo-pitaniya.htm,FALSE,TRUE,FALSE,FALSE,FALSE,TRUE
ventura купить,10,3,1,1,"Thumbnail, related_search, Sitelinks",https://220volt.com.ua/akkumulatornie-batarei/ventura/,FALSE,TRUE,FALSE,FALSE,FALSE,TRUE
солнечные станции купить в украине,10,19,1,1,"related_search, also_asks, Thumbnail, Sitelinks",https://220volt.com.ua/solnechnaya-energetika/solnechnye-elektrostantsii.htm,FALSE,TRUE,FALSE,FALSE,FALSE,TRUE
europower ep12000e,10,0,1,1,"Thumbnail, Sitelinks, snip_image_thumbnail",https://220volt.com.ua/generator-benzinovij-europower-ep12000e/,FALSE,FALSE,FALSE,FALSE,FALSE,FALSE
gl122000m8,10,1,1,1,"Sitelinks, snip_image_thumbnail",https://220volt.com.ua/ua/akkumulyatornaya-batareya-merlion-gl122000m8-12-v-200-ah/,FALSE,FALSE,FALSE,FALSE,FALSE,FALSE
invt gd35,10,1,1,1,"Thumbnail, Sitelinks",https://220volt.com.ua/preobrazovatel-chastoti-invt-gd35-5r5g-4/,FALSE,FALSE,FALSE,FALSE,FALSE,FALSE
строение аккумулятора,10,3,1,1,"Thumbnail, also_asks, related_search, Video preview, AI Overview, Sitelinks, snip_image_thumbnail, snip_url_in_aio, snip_fqdn_in_aio",https://220volt.com.ua/news/ustrojstvo-avtomobilnogo-akkumulyatora/,FALSE,FALSE,FALSE,FALSE,FALSE,FALSE
хуавей 17,10,1,1,1,"Thumbnail, Sitelinks, snip_image_thumbnail",https://220volt.com.ua/solnechnij-setevoj-invertor-huawei-2000-17-ktl/,FALSE,FALSE,FALSE,FALSE,FALSE,FALSE
портативные генераторы бензиновые,10,3,1,1,"related_search, Video preview, also_asks, Thumbnail, Sitelinks",https://220volt.com.ua/generatory/tip_ustanovki_portativnie/,FALSE,FALSE,FALSE,FALSE,FALSE,FALSE
general electric vh series 1500,10,0,1,1,"Thumbnail, Sitelinks",https://220volt.com.ua/ua/ibp-general-electric-vh-1500/,FALSE,FALSE,FALSE,FALSE,FALSE,FALSE
бензиновые портативные генераторы,10,12,1,1,"related_search, Thumbnail, also_asks, Sitelinks",https://220volt.com.ua/generatory/tip_ustanovki_portativnie/,FALSE,FALSE,FALSE,FALSE,FALSE,FALSE
купить бесперебойник в киеве,10,38,1,1,"Thumbnail, related_search, Local pack, also_asks, Sitelinks",https://220volt.com.ua/istochniki-besperebojnogo-pitaniya.htm,FALSE,TRUE,FALSE,FALSE,FALSE,TRUE
jet 40,10,0,1,1,"Thumbnail, Sitelinks, snip_image_thumbnail",https://220volt.com.ua/nasos-poverhnostnij-euroaqua-jet-40tz/,FALSE,FALSE,FALSE,FALSE,FALSE,FALSE
aups 226,10,0,1,1,"Thumbnail, Sitelinks, snip_image_thumbnail",https://220volt.com.ua/nasosnaya-stantsiya-nasosi-plus-oborudovanie-aups-226/,FALSE,FALSE,FALSE,FALSE,FALSE,FALSE
генератор бытовой бензиновый купить,10,44,1,1,"related_search, also_asks, Thumbnail, Sitelinks, snip_image_thumbnail",https://220volt.com.ua/generatory/tip_generatora_benzogeneratori/,FALSE,TRUE,FALSE,FALSE,FALSE,TRUE
exa 2000,10,1,1,1,"Thumbnail, Sitelinks",https://220volt.com.ua/ibp-exa-power-2000-rtl/,FALSE,FALSE,FALSE,FALSE,FALSE,FALSE
генератор газовый киев,10,33,1,1,"Thumbnail, related_search, also_asks, Sitelinks",https://220volt.com.ua/generatory/tip_generatora_gazovie_generatori/,FALSE,TRUE,FALSE,FALSE,FALSE,FALSE
электростанции 220 вольт,10,11,1,1,"AI Overview, related_search, Sitelinks",https://220volt.com.ua/generatory.htm,FALSE,FALSE,FALSE,FALSE,FALSE,FALSE
стоечный ибп,10,2,1,1,"Thumbnail, Sitelinks",https://220volt.com.ua/istochniki-besperebojnogo-pitaniya/typeispolnenia_montiruemij-v-stojku/,FALSE,FALSE,FALSE,FALSE,FALSE,FALSE
csb 1221,10,1,1,1,"Thumbnail, related_search, Sitelinks, snip_image_thumbnail",https://220volt.com.ua/ua/akkumulyatornaya-batareya-csb-hr1221wf2/,FALSE,FALSE,FALSE,FALSE,FALSE,FALSE
pa950,10,0,1,1,"Thumbnail, AI Overview, Sitelinks, snip_image_thumbnail, snip_url_in_aio, snip_fqdn_in_aio",https://220volt.com.ua/ua/generator-dizel-nij-palmera-pa950djk/,FALSE,FALSE,FALSE,FALSE,FALSE,FALSE
скважинные насосы ebara,10,1,1,1,"Thumbnail, also_asks, Sitelinks",https://220volt.com.ua/nasos/nasosi-dlya-vodosnabzheniya/skvazhinnie-nasosi/ebara/,FALSE,FALSE,FALSE,FALSE,FALSE,FALSE
электромагнитные клапаны ceme,10,1,1,1,"Thumbnail, Sitelinks",https://220volt.com.ua/nasos/elektromagnitnie-klapani/ceme/,FALSE,FALSE,FALSE,FALSE,FALSE,FALSE
generac 7146,10,1,1,1,"Sitelinks, snip_image_thumbnail",https://220volt.com.ua/ua/generator-gazovij-generac-6271-13kw/,FALSE,FALSE,FALSE,FALSE,FALSE,FALSE
глубинный насос спрут цена,10,2,1,1,"related_search, also_asks, Thumbnail, a_box_fsnippet, Sitelinks, snip_featured",https://220volt.com.ua/nasos/nasosi-dlya-vodosnabzheniya/skvazhinnie-nasosi/sprut/,FALSE,TRUE,FALSE,FALSE,FALSE,TRUE
магнитные пускатели moeller,10,1,1,1,"Thumbnail, Sitelinks",https://220volt.com.ua/elektrika-i-svet/nizkovoltnoe-oborudovanie/puskateli-kontaktori/puskateli/moeller/,FALSE,FALSE,FALSE,FALSE,FALSE,FALSE
авр huter,10,1,1,1,"related_search, Sitelinks",https://220volt.com.ua/avr-huter-dy5000lx-dy6500lx/,FALSE,FALSE,FALSE,FALSE,FALSE,FALSE
генератор бензиновый вулкан,10,2,1,1,"Video preview, related_search, Sitelinks",https://220volt.com.ua/generatory/vulkan/,FALSE,FALSE,FALSE,FALSE,FALSE,FALSE
проект дома с солнечными батареями,10,1,1,1,"Video preview, also_asks, related_search, Thumbnail, Sitelinks",https://220volt.com.ua/news/top-10-proektov-s-ispolzovaniem-solnechnyh-panelej-v-mire/,FALSE,FALSE,FALSE,FALSE,FALSE,FALSE
бензогенератор на 380,10,13,1,1,"related_search, Sitelinks",https://220volt.com.ua/generatory/faznost_generatorov_3/,FALSE,FALSE,FALSE,FALSE,FALSE,FALSE
lc3500 as,10,1,1,1,"Thumbnail, Sitelinks",https://220volt.com.ua/ua/generator-benzinovij-loncin-lc-3500-as/,FALSE,FALSE,FALSE,FALSE,FALSE,FALSE
источник бесперебойного питания general electric,10,1,1,1,"also_asks, Thumbnail, Sitelinks",https://220volt.com.ua/istochniki-besperebojnogo-pitaniya/general-electric/,FALSE,FALSE,FALSE,FALSE,FALSE,FALSE
gp12170b1,10,1,1,1,"Thumbnail, Sitelinks, snip_image_thumbnail",https://220volt.com.ua/akkumulyatornaya-batareya-csb-gp12170b1/,FALSE,FALSE,FALSE,FALSE,FALSE,FALSE
ток реле,10,8,1,1,"Thumbnail, related_search, Video preview, Sitelinks, snip_image_thumbnail",https://220volt.com.ua/elektrika-i-svet/nizkovoltnoe-oborudovanie/rele-tajmeri-fotokontrolleri/rele/rele_kontrolya_toka.htm,FALSE,FALSE,FALSE,FALSE,FALSE,FALSE
ибп ritar rtsw 500,10,1,1,1,"Thumbnail, Video preview, Sitelinks",https://220volt.com.ua/ibp-ritar-rtsw-500-lcd-12v-q4-11753/,FALSE,FALSE,FALSE,FALSE,FALSE,FALSE
акб csb gp 1272 f2,10,9,1,1,"related_search, Sitelinks",https://220volt.com.ua/akkumulyatornaya-batareya-csb-gp1272f2/,FALSE,FALSE,FALSE,FALSE,FALSE,FALSE
генератор на 380 вт,10,8,1,1,"also_asks, related_search, Thumbnail, Sitelinks",https://220volt.com.ua/generatory/faznost_generatorov_3/,FALSE,FALSE,FALSE,FALSE,FALSE,FALSE
17cp,10,0,1,1,"Thumbnail, Sitelinks",https://220volt.com.ua/ua/generator-dizel-nij-dalgakiran-dj-17-cp/,FALSE,FALSE,FALSE,FALSE,FALSE,FALSE
стабилизатор напряжения 10 квт 220в,10,21,1,1,"Thumbnail, related_search, also_asks, Sitelinks",https://220volt.com.ua/stabilizator/moshnost_stab_block_10/,FALSE,FALSE,FALSE,FALSE,FALSE,FALSE
p11000,10,1,1,1,"related_search, Thumbnail, Sitelinks",https://220volt.com.ua/generator-dizel-nij-pramac-p11000/,FALSE,FALSE,FALSE,FALSE,FALSE,FALSE
проверка электричества,10,5,1,1,"Thumbnail, related_search, Sitelinks",https://220volt.com.ua/news/kak-proverit-kachestvo-elektroenergii-v-seti-metody-i-pribory/,FALSE,FALSE,FALSE,FALSE,FALSE,FALSE
263414,10,0,1,1,"Thumbnail, Sitelinks, snip_image_thumbnail",https://220volt.com.ua/avtomaticheskij-viklyuchatel-eaton-moeller-pl7-c50-3-263414/,FALSE,FALSE,FALSE,FALSE,FALSE,FALSE
ups 3500,10,1,1,1,"Thumbnail, Sitelinks, snip_image_thumbnail",https://220volt.com.ua/ibp-volter-ups-3500/,FALSE,FALSE,FALSE,FALSE,FALSE,FALSE
бензиновый генератор 380в,10,11,1,1,"related_search, Thumbnail, Sitelinks",https://220volt.com.ua/generatory/faznost_generatorov_3/,FALSE,FALSE,FALSE,FALSE,FALSE,FALSE
пп 741,10,0,1,1,"Thumbnail, Sitelinks",https://220volt.com.ua/pereklyuchatel-kontsevoj-promfaktor-pp-741-shtampovka/,FALSE,FALSE,FALSE,FALSE,FALSE,FALSE
ва63 автомат,10,3,1,1,"Thumbnail, related_search, Sitelinks, snip_image_thumbnail",https://220volt.com.ua/ua/avtomaticheskij-viklyuchatel-schneider-electric-va63-1p-25a-har-ka-c-4-5ka-11205/,FALSE,FALSE,FALSE,FALSE,FALSE,FALSE
fogo fv 15000 rte,10,1,1,1,"a_box_fsnippet, Thumbnail, Sitelinks, snip_featured, snip_image_thumbnail",https://220volt.com.ua/generator-benzinovij-fogo-fv-15000-tre/,FALSE,FALSE,FALSE,FALSE,FALSE,FALSE
8 kw generac generator,10,0,1,1,"related_search, Sitelinks",https://220volt.com.ua/ua/generator_gazovyi_generac_7232_8kw/,FALSE,FALSE,FALSE,FALSE,FALSE,FALSE
станция солнечных батарей,10,18,1,1,"related_search, also_asks, Thumbnail, Video preview, Sitelinks",https://220volt.com.ua/solnechnaya-energetika/solnechnye-elektrostantsii.htm,FALSE,FALSE,FALSE,FALSE,FALSE,FALSE
248038,10,1,1,1,"Thumbnail, kn_graph_card, Sitelinks, snip_image_thumbnail",https://220volt.com.ua/avtomaticheskij-viklyuchatel-eaton-moeller-plht-c63-3-248038/,FALSE,FALSE,FALSE,FALSE,FALSE,FALSE
fronius цена,10,4,1,1,"Thumbnail, related_search, Sitelinks",https://220volt.com.ua/inverter/fronius/,FALSE,TRUE,FALSE,FALSE,FALSE,TRUE
ict 730,10,0,1,1,"Thumbnail, Sitelinks",https://220volt.com.ua/ibp-powercom-ict-730/,FALSE,FALSE,FALSE,FALSE,FALSE,FALSE
классификация реле по принципу действия,10,1,1,1,"related_search, also_asks, AI Overview, Thumbnail, Sitelinks, snip_url_in_aio, snip_fqdn_in_aio",https://220volt.com.ua/news/kakie-byvayut-tipy-rele/,FALSE,FALSE,FALSE,FALSE,FALSE,FALSE
europower psw epb500tw12,10,1,1,1,"Thumbnail, Sitelinks",https://220volt.com.ua/ibp-europower-psw-epb500tw12-14820/,FALSE,FALSE,FALSE,FALSE,FALSE,FALSE
lfp l2,10,1,1,1,"Thumbnail, related_search, AI Overview, Sitelinks",https://220volt.com.ua/ua/akkumulyatornaya_batareya_deye_rw_l25_lifepo4_lv_256v_100ah_256kwhrw_l25/,FALSE,FALSE,FALSE,FALSE,FALSE,FALSE
можно ли подключать телевизор к ибп,10,1,1,1,"related_search, Video preview, also_asks, Thumbnail, Sitelinks",https://220volt.com.ua/news/ibp-dlya-televizora/,FALSE,FALSE,FALSE,FALSE,FALSE,FALSE
пп 743,10,1,1,1,"Thumbnail, Sitelinks",https://220volt.com.ua/pereklyuchatel-kontsevoj-promfaktor-pp-743-shtampovka/,FALSE,FALSE,FALSE,FALSE,FALSE,FALSE
отопление теплые полы,10,9,1,1,"also_asks, Thumbnail, AI Overview, related_search, Sitelinks, snip_url_in_aio, snip_fqdn_in_aio",https://220volt.com.ua/news/kak-rabotaet-teplyj-pol-vse-chto-nuzhno-znat-o-sovremennoj-sisteme-otopleniya/,FALSE,FALSE,FALSE,FALSE,FALSE,FALSE
ибп на 3000 вт,10,11,1,1,"Thumbnail, related_search, Sitelinks",https://220volt.com.ua/istochniki-besperebojnogo-pitaniya/fullpower_ibp_1001-3000/,FALSE,FALSE,FALSE,FALSE,FALSE,FALSE
солнечные батареи на окна,10,12,1,1,"also_asks, related_search, Video preview, Sitelinks",https://220volt.com.ua/solnechnaya-energetika/solnechnye-paneli-batarei/naznachenie_dlya_fotomoduli__okna/,FALSE,FALSE,FALSE,FALSE,FALSE,FALSE
ибп или сетевой фильтр,10,1,1,1,"also_asks, related_search, Sitelinks",https://220volt.com.ua/news/setevoj-filtr-ili-ibp-chto-luchshe/,FALSE,FALSE,FALSE,FALSE,FALSE,FALSE
jcb g115qx,10,1,1,1,"Thumbnail, Sitelinks",https://220volt.com.ua/ua/generator-dizel-nij-jcb-g115qx/,FALSE,FALSE,FALSE,FALSE,FALSE,FALSE
ибп stark country 3000 online,10,1,1,1,"also_asks, Video preview, Thumbnail, Sitelinks",https://220volt.com.ua/ibp-stark-country-3000-online/,FALSE,FALSE,FALSE,FALSE,FALSE,FALSE
пнк 12 300 купить,10,1,1,1,"Thumbnail, related_search, Sitelinks, snip_image_thumbnail",https://220volt.com.ua/ibp-elim-ukraina-pnk-12-300/,FALSE,TRUE,FALSE,FALSE,FALSE,TRUE
ups в стойку,10,2,1,1,"Thumbnail, shopping_rhs, Sitelinks",https://220volt.com.ua/istochniki-besperebojnogo-pitaniya/typeispolnenia_montiruemij-v-stojku/,FALSE,FALSE,FALSE,FALSE,FALSE,FALSE
газовый генератор 220 вольт,10,5,1,1,"related_search, Thumbnail, also_asks, Sitelinks",https://220volt.com.ua/generatory/tip_generatora_gazovie_generatori/,FALSE,FALSE,FALSE,FALSE,FALSE,FALSE
fronius symo 8 2 3 m,10,0,1,1,"Thumbnail, Sitelinks",https://220volt.com.ua/ua/invertor-fronius-symo-8-2-3-m/,FALSE,FALSE,FALSE,FALSE,FALSE,FALSE
riello dvd 3000,10,1,1,1,"Thumbnail, Sitelinks",https://220volt.com.ua/ua/ibp-riello-dvd-3000/,FALSE,FALSE,FALSE,FALSE,FALSE,FALSE
csb hr1221wf2,10,2,1,1,"Thumbnail, Sitelinks, snip_image_thumbnail",https://220volt.com.ua/ua/akkumulyatornaya-batareya-csb-hr1221wf2/,FALSE,FALSE,FALSE,FALSE,FALSE,FALSE
piko 10,10,1,1,1,"Thumbnail, Sitelinks",https://220volt.com.ua/invertor-kostal-piko-10/,FALSE,FALSE,FALSE,FALSE,FALSE,FALSE
rt1500,10,1,1,1,"Thumbnail, Sitelinks, snip_image_thumbnail",https://220volt.com.ua/ibp-ippon-innova-rt-1500/,FALSE,FALSE,FALSE,FALSE,FALSE,FALSE
3 5kwh,10,1,1,1,"Thumbnail, related_search, shopping_rhs, Sitelinks",https://220volt.com.ua/akkumulyatornaya-batareya-pylontech-us3000c-3-5-kvt-ch-48v-2/,FALSE,FALSE,FALSE,FALSE,FALSE,FALSE
насос водяной водолей,10,29,1,1,"related_search, Thumbnail, also_asks, Sitelinks",https://220volt.com.ua/nasos/nasosi-dlya-vodosnabzheniya/skvazhinnie-nasosi/vodolej/,FALSE,FALSE,FALSE,FALSE,FALSE,FALSE
бесперебойник для насосной станции,10,2,1,1,"Video preview, related_search, also_asks, Sitelinks",https://220volt.com.ua/istochniki-besperebojnogo-pitaniya/opt_reshenie_ibp_nasosov/,FALSE,FALSE,FALSE,FALSE,FALSE,FALSE
mhpower,10,1,1,1,"Sitelinks, snip_image_thumbnail",https://220volt.com.ua/istochniki-besperebojnogo-pitaniya/mhpower/,FALSE,FALSE,FALSE,FALSE,FALSE,FALSE
электронные таймеры включения и выключения,10,27,1,1,"Video preview, related_search, also_asks, Sitelinks",https://220volt.com.ua/elektrika-i-svet/nizkovoltnoe-oborudovanie/rele-tajmeri-fotokontrolleri/tajmeri.htm,FALSE,FALSE,FALSE,FALSE,FALSE,FALSE
электромагнитный пускатель купить,10,9,1,1,"related_search, Sitelinks",https://220volt.com.ua/elektrika-i-svet/nizkovoltnoe-oborudovanie/puskateli-kontaktori/puskateli.htm,FALSE,TRUE,FALSE,FALSE,FALSE,TRUE
ибп challenger homepro 1000,10,1,1,1,"Thumbnail, related_search, Sitelinks",https://220volt.com.ua/ibp-challenger-homepro-1000/,FALSE,FALSE,FALSE,FALSE,FALSE,FALSE
аккумуляторные батареи 48 вольт,10,14,1,1,"related_search, also_asks, Thumbnail, Sitelinks",https://220volt.com.ua/akkumulatornie-batarei/napryagenie_batarei_block_48/,FALSE,FALSE,FALSE,FALSE,FALSE,FALSE
axpert vm iii 5kw,10,0,1,1,"Thumbnail, Sitelinks",https://220volt.com.ua/invertor-q-power-axpert-vm-iii-5000-48-5000vt-48v/,FALSE,FALSE,FALSE,FALSE,FALSE,FALSE
gl1290f2 gel,10,1,1,1,Sitelinks,https://220volt.com.ua/ua/akkumulyatornaya-batareya-merlion-gl1290f2-12-v-9ah-3248/,FALSE,FALSE,FALSE,FALSE,FALSE,FALSE
stark dg 6500 le,10,1,1,1,"Thumbnail, Sitelinks, snip_image_thumbnail",https://220volt.com.ua/generator-dizel-nij-stark-dg-6500-le/,FALSE,FALSE,FALSE,FALSE,FALSE,FALSE
щиток 220 вольт,10,3,1,1,"related_search, Thumbnail, also_asks, Sitelinks",https://220volt.com.ua/elektrika-i-svet/shitovoe/shchiti.htm,FALSE,FALSE,FALSE,FALSE,FALSE,FALSE
12v 10ah lifepo4,10,1,1,1,"Thumbnail, also_asks, related_search, shopping_top, Sitelinks",https://220volt.com.ua/akkumulyatornaya-batareya-vipow-lifepo4-12-8v-10ah-s-elementami-li-ion-18674/,FALSE,FALSE,FALSE,FALSE,FALSE,FALSE
gd20 2r2g s2,10,0,1,1,"Thumbnail, Sitelinks",https://220volt.com.ua/preobrazovatel-chastoti-invt-gd20-2r2g-s2/,FALSE,FALSE,FALSE,FALSE,FALSE,FALSE
pramac protech p12000,10,1,1,1,"a_box_fsnippet, Thumbnail, Sitelinks, snip_featured",https://220volt.com.ua/generator-benzinovij-pramac-p12000/,FALSE,FALSE,FALSE,FALSE,FALSE,FALSE
бензиновый генератор huter dy5000l,10,1,1,1,Sitelinks,https://220volt.com.ua/generator-benzinovij-huter-dy-5000-l/,FALSE,FALSE,FALSE,FALSE,FALSE,FALSE
ua120,10,1,1,1,"Thumbnail, Sitelinks",https://220volt.com.ua/ibp-kstar-ua120/,FALSE,FALSE,FALSE,FALSE,FALSE,FALSE
innova rt 2000,10,1,1,1,"Thumbnail, Sitelinks, snip_image_thumbnail",https://220volt.com.ua/ua/ibp-ippon-innova-rt-2000/,FALSE,FALSE,FALSE,FALSE,FALSE,FALSE
ippon innova rt,10,1,1,1,"Thumbnail, Sitelinks",https://220volt.com.ua/ibp-ippon-innova-rt-2000/,FALSE,FALSE,FALSE,FALSE,FALSE,FALSE
media line,10,1,1,1,"Thumbnail, Sitelinks",https://220volt.com.ua/generatory/medialine/,FALSE,FALSE,FALSE,FALSE,FALSE,FALSE
бензиновые генераторы киев,10,27,1,1,"related_search, Local pack, Sitelinks",https://220volt.com.ua/generatory/tip_generatora_benzogeneratori/,FALSE,TRUE,FALSE,FALSE,FALSE,FALSE
инверторный стабилизатор напряжения трехфазный,10,8,1,1,"related_search, Thumbnail, Sitelinks",https://220volt.com.ua/stabilizator/phases_stab_trehfaznie/,FALSE,FALSE,FALSE,FALSE,FALSE,FALSE
аккумулятор challenger g12 200,10,0,1,1,"related_search, Thumbnail, Sitelinks",https://220volt.com.ua/akkumulyatornaya-batareya-challenger-g12-200/,FALSE,FALSE,FALSE,FALSE,FALSE,FALSE
генератор 380 вольт купить,10,8,1,1,"Thumbnail, related_search, Sitelinks",https://220volt.com.ua/generatory/faznost_generatorov_3/,FALSE,TRUE,FALSE,FALSE,FALSE,TRUE
стабилизатор напряжения 220 вольт для дома,10,4,1,1,"related_search, Thumbnail, Sitelinks",https://220volt.com.ua/stabilizator/phases_stab_odnofaznie/,FALSE,FALSE,FALSE,FALSE,FALSE,FALSE
npw36 12 12v 36w cell,10,2,1,1,"Thumbnail, shopping_rhs, related_search, Sitelinks",https://220volt.com.ua/ua/akkumulyatornaya-batareya-yuasa-npw36-12-06366/,FALSE,FALSE,FALSE,FALSE,FALSE,FALSE
1272 f2,10,4,1,1,"related_search, Thumbnail, Sitelinks, snip_image_thumbnail",https://220volt.com.ua/akkumulyatornaya-batareya-csb-gp1272f2/,FALSE,FALSE,FALSE,FALSE,FALSE,FALSE
yuasa np3 2 12,10,0,1,1,"Thumbnail, Sitelinks",https://220volt.com.ua/akkumulyatornaya-batareya-yuasa-np-3-2-12/,FALSE,FALSE,FALSE,FALSE,FALSE,FALSE
jcb g175qx,10,1,1,1,"Thumbnail, Sitelinks",https://220volt.com.ua/generator-dizel-nij-jcb-g175qx/,FALSE,FALSE,FALSE,FALSE,FALSE,FALSE
18673,10,0,1,1,"Thumbnail, Sitelinks, snip_image_thumbnail",https://220volt.com.ua/akkumulyatornaya-batareya-vipow-lifepo4-12-8v-8ah-s-elementami-li-ion-18673/,FALSE,FALSE,FALSE,FALSE,FALSE,FALSE
general electric inverter,10,1,1,1,"also_asks, Thumbnail, Sitelinks",https://220volt.com.ua/istochniki-besperebojnogo-pitaniya/general-electric/indikatsiya_ibp_svetodiodi/,FALSE,FALSE,FALSE,FALSE,FALSE,FALSE
gp122000m8,10,1,1,1,"Sitelinks, snip_image_thumbnail",https://220volt.com.ua/ua/akkumulyatornaya-batareya-merlion-agm-gp122000m8-2032/,FALSE,FALSE,FALSE,FALSE,FALSE,FALSE
водяной насос с реле давления,10,27,1,1,"Video preview, Thumbnail, also_asks, related_search, Sitelinks",https://220volt.com.ua/nasos/komplektuyushchie-dlya-vodosnabzheniya-i-vodootvedeniya/tip_kompl_nasos_rele-davleniya/,FALSE,FALSE,FALSE,FALSE,FALSE,FALSE
как проверить электроэнергию,10,10,1,1,"Thumbnail, also_asks, AI Overview, Sitelinks",https://220volt.com.ua/news/kak-proverit-kachestvo-elektroenergii-v-seti-metody-i-pribory/,FALSE,FALSE,FALSE,TRUE,FALSE,FALSE
какие акб бывают,10,18,1,1,"Video preview, a_box_fsnippet, related_search, also_asks, Sitelinks, snip_featured",https://220volt.com.ua/news/raznovidnosti-akkumulyatornih-batarej-soglasno-tipu-rabochih-elementov-i-naznacheniyu/,FALSE,FALSE,FALSE,FALSE,FALSE,FALSE
на 220 вольт,10,17,1,1,"Thumbnail, related_search, also_asks, Sitelinks",https://220volt.com.ua/,FALSE,FALSE,FALSE,FALSE,FALSE,FALSE
магнитный пускатель реверс,10,1,1,1,"also_asks, Thumbnail, Sitelinks",https://220volt.com.ua/magnitnij-puskatel-etal-pml-2501b-25a-110v-revers/,FALSE,FALSE,FALSE,FALSE,FALSE,FALSE
выбор контроллера для солнечных батарей,10,3,1,1,"also_asks, Sitelinks",https://220volt.com.ua/news/kak-vibrat-kontroller-zaryada-dlya-solnechnih-batarej/,FALSE,FALSE,FALSE,FALSE,FALSE,FALSE
yuasa swl 3300,10,0,1,1,"Thumbnail, Sitelinks",https://220volt.com.ua/akkumulyatornaya-batareya-yuasa-swl-3300/,FALSE,FALSE,FALSE,FALSE,FALSE,FALSE
4 вольта,10,2,1,1,"AI Overview, related_search, Thumbnail, Sitelinks",https://220volt.com.ua/ua/akkumulatornie-batarei/napryagenie_batarei_block_4/,FALSE,FALSE,FALSE,FALSE,FALSE,FALSE
gp 12 18,10,1,1,1,"shopping_rhs, related_search, Thumbnail, Sitelinks",https://220volt.com.ua/akkumulyatornaya-batareya-ventura-gp-12-18/,FALSE,FALSE,FALSE,FALSE,FALSE,FALSE
бензиновый генератор forte fg2500,10,1,1,1,"also_asks, Thumbnail, Sitelinks",https://220volt.com.ua/generator-benzinovij-forte-fg2500/,FALSE,FALSE,FALSE,FALSE,FALSE,FALSE
реле насоса купить,10,24,1,1,"Local pack, also_asks, related_search, Thumbnail, Sitelinks",https://220volt.com.ua/nasos/komplektuyushchie-dlya-vodosnabzheniya-i-vodootvedeniya/tip_kompl_nasos_rele-davleniya/,FALSE,TRUE,FALSE,FALSE,FALSE,TRUE
генератор 380 вольт 6 квт,10,10,1,1,"related_search, Thumbnail, Sitelinks",https://220volt.com.ua/generatory/faznost_generatorov_3/,FALSE,FALSE,FALSE,FALSE,FALSE,FALSE
rtl 1,10,1,1,1,"related_search, Thumbnail, Sitelinks",https://220volt.com.ua/ibp-exa-power-plus-rtl-1-kva/,FALSE,FALSE,FALSE,FALSE,FALSE,FALSE
gp1272 f2 цена,10,2,1,1,"Thumbnail, related_search, Sitelinks",https://220volt.com.ua/akkumulyatornaya-batareya-csb-gp1272f2/,FALSE,TRUE,FALSE,FALSE,FALSE,TRUE
мотопомпа wb30xt,10,2,1,1,"related_search, Sitelinks",https://220volt.com.ua/motopompa-honda-wb30xt/,FALSE,FALSE,FALSE,FALSE,FALSE,FALSE
ritar rt645,10,1,1,1,"Thumbnail, Sitelinks",https://220volt.com.ua/akkumulyatornaya-batareya-ritar-rt645-6v-4-5ah/,FALSE,FALSE,FALSE,FALSE,FALSE,FALSE
узо 4х полюсное,10,0,1,1,"shopping_top, also_asks, Thumbnail, Sitelinks",https://220volt.com.ua/elektrika-i-svet/nizkovoltnoe-oborudovanie/ustrojstva-zashchitnogo-otklyucheniya-uzo-difavtomati/polusa_v_uzo_4/,FALSE,FALSE,FALSE,FALSE,FALSE,FALSE
sma si5048,10,1,1,1,"Thumbnail, Sitelinks",https://220volt.com.ua/storage/catalog_products/163990/instruction/738.pdf,FALSE,FALSE,FALSE,FALSE,FALSE,FALSE
компьютерный бесперебойник цена,10,26,1,1,"related_search, also_asks, Thumbnail, a_box_fsnippet, Sitelinks, snip_featured",https://220volt.com.ua/istochniki-besperebojnogo-pitaniya/opt_reshenie_ibp_kompyutera/,FALSE,TRUE,FALSE,FALSE,FALSE,TRUE
uninterruptible power supply 3kva,10,1,1,1,"Thumbnail, also_asks, Sitelinks",https://220volt.com.ua/istochniki-besperebojnogo-pitaniya/fullpower_ibp_1001-3000/,FALSE,FALSE,FALSE,FALSE,FALSE,FALSE
basic avr,10,1,1,1,"Thumbnail, related_search, Sitelinks",https://220volt.com.ua/ua/avr-basic-3f-63-63/,FALSE,FALSE,FALSE,FALSE,FALSE,FALSE
автомат на 220 вольт,10,1,1,1,"also_asks, Thumbnail, related_search, Sitelinks, snip_image_thumbnail",https://220volt.com.ua/elektrika-i-svet/nizkovoltnoe-oborudovanie/avtomati.htm,FALSE,FALSE,FALSE,FALSE,FALSE,FALSE
pramac p12000,10,1,1,1,"Thumbnail, Sitelinks",https://220volt.com.ua/ua/generator-benzinovij-pramac-p12000/,FALSE,FALSE,FALSE,FALSE,FALSE,FALSE
оконная солнечная батарея купить,10,12,1,1,"related_search, Thumbnail, also_asks, Local pack, Sitelinks, snip_image_thumbnail",https://220volt.com.ua/solnechnaya-energetika/solnechnye-paneli-batarei/naznachenie_dlya_fotomoduli__okna/,FALSE,TRUE,FALSE,FALSE,FALSE,TRUE
выпрямитель тока 220 вольт купить,10,10,1,1,"related_search, also_asks, Thumbnail, Sitelinks",https://220volt.com.ua/stabilizator/phases_stab_odnofaznie/,FALSE,TRUE,FALSE,FALSE,FALSE,TRUE
поверхностные насосы wilo,10,1,1,1,"Thumbnail, also_asks, Sitelinks",https://220volt.com.ua/nasos/nasosi-dlya-vodosnabzheniya/tsentrobezhnie/wilo/,FALSE,FALSE,FALSE,FALSE,FALSE,FALSE
инвертор challenger,10,0,1,1,"Thumbnail, also_asks, Sitelinks",https://220volt.com.ua/solnechnaya-energetika/solnechnye-invertory/challenger/,FALSE,FALSE,FALSE,FALSE,FALSE,FALSE
powercom vgd 1000 rm,10,0,1,1,"a_box_fsnippet, Thumbnail, Sitelinks, snip_featured, snip_image_thumbnail",https://220volt.com.ua/ibp-powercom-vgd-1000-rm-1u/,FALSE,FALSE,FALSE,FALSE,FALSE,FALSE
гибридная бесперебойная солнечная станция,10,3,1,1,"also_asks, Video preview, related_search, Thumbnail, Sitelinks, snip_image_thumbnail",https://220volt.com.ua/solnechnaya-energetika/solnechnye-elektrostantsii/tip_stantsii_gibridnye-solnechnye-stantsii/,FALSE,FALSE,FALSE,FALSE,FALSE,FALSE
электрический рубильник,10,3,1,1,"related_search, Thumbnail, also_asks, Sitelinks, snip_image_thumbnail",https://220volt.com.ua/elektrika-i-svet/nizkovoltnoe-oborudovanie/rubilniki.htm,FALSE,FALSE,FALSE,FALSE,FALSE,FALSE
сонячні батареї на вікно,10,5,1,1,"related_search, also_asks, Thumbnail, Video preview, Sitelinks",https://220volt.com.ua/ua/solnechnaya-energetika/solnechnye-paneli-batarei/naznachenie_dlya_fotomoduli__okna/,FALSE,FALSE,FALSE,FALSE,FALSE,FALSE
ms152,10,1,1,1,"Thumbnail, Sitelinks, snip_image_thumbnail",https://220volt.com.ua/nasos-skvazhinnij-saer-nr-151d-12-g-ot-6-ms152/,FALSE,FALSE,FALSE,FALSE,FALSE,FALSE
nik dg5000e,10,1,1,1,"Thumbnail, Sitelinks",https://220volt.com.ua/generator_dizelnyi_nik_dg5000e/,FALSE,FALSE,FALSE,FALSE,FALSE,FALSE
частотный преобразователь invt,10,4,1,1,"Thumbnail, related_search, Sitelinks",https://220volt.com.ua/preobrazovateli_chastoty_ustr_plavnogo_puska/preobrazovateli-chastoti/invt-electric/,FALSE,FALSE,FALSE,FALSE,FALSE,FALSE
генераторы nik отзывы,10,1,1,1,"Thumbnail, also_asks, Sitelinks, snip_image_thumbnail",https://220volt.com.ua/generator-dizel-nij-nik-dg7500/,FALSE,FALSE,FALSE,FALSE,TRUE,FALSE
фактическая емкость аккумулятора,10,6,1,1,"AI Overview, Thumbnail, related_search, also_asks, Sitelinks",https://220volt.com.ua/news/chto-takoe-emkost-akkumulyatora-metodika-ee-rascheta/,FALSE,FALSE,FALSE,FALSE,FALSE,FALSE
str 500,10,1,1,1,"Thumbnail, map, Sitelinks, snip_image_thumbnail",https://220volt.com.ua/ua/stabilizator-napryazheniya-strum-str-500/,FALSE,FALSE,FALSE,FALSE,FALSE,FALSE
dy6500l huter,10,1,1,1,"Thumbnail, related_search, Sitelinks",https://220volt.com.ua/ua/generator-benzinovij-huter-dy-6500-l/,FALSE,FALSE,FALSE,FALSE,FALSE,FALSE
купити упс в україні,10,0,1,1,"also_asks, related_search, Sitelinks, snip_image_thumbnail",https://220volt.com.ua/ua/istochniki-besperebojnogo-pitaniya.htm,FALSE,TRUE,FALSE,FALSE,FALSE,TRUE
motopompa honda wb30xt,10,0,1,1,"related_search, Sitelinks, snip_image_thumbnail",https://220volt.com.ua/ua/motopompa-honda-wb30xt/,FALSE,FALSE,FALSE,FALSE,TRUE,FALSE
купить аккумулятор agm киев,10,26,1,1,"Thumbnail, Local pack, related_search, also_asks, Sitelinks",https://220volt.com.ua/akkumulatornie-batarei/tip_elementa_agm/,FALSE,TRUE,FALSE,FALSE,FALSE,TRUE
как использовать бесперебойник,10,1,1,1,"also_asks, Video preview, AI Overview, related_search, Sitelinks, snip_url_in_aio, snip_fqdn_in_aio",https://220volt.com.ua/news/pravila-i-rekomendatsii-po-ekspluatatsii-ibp/,FALSE,FALSE,FALSE,TRUE,FALSE,FALSE
7 ш,10,1,1,1,"Thumbnail, related_search, Video preview, Sitelinks, snip_image_thumbnail",https://220volt.com.ua/stabilizator-napryazheniya-volter-snpto-7-sh/,FALSE,FALSE,FALSE,FALSE,FALSE,FALSE
стабилизатор 220 для дома,10,7,1,1,"related_search, also_asks, Thumbnail, Sitelinks",https://220volt.com.ua/stabilizator/phases_stab_odnofaznie/,FALSE,FALSE,FALSE,FALSE,FALSE,FALSE
3000sp,10,0,1,1,"Thumbnail, Sitelinks",https://220volt.com.ua/ua/generator-benzinovij-cgm-3000sp/,FALSE,FALSE,FALSE,FALSE,FALSE,FALSE
200 ач,10,12,1,1,"related_search, Thumbnail, Sitelinks, snip_image_thumbnail",https://220volt.com.ua/akkumulatornie-batarei/emkost_ab_block_200/,FALSE,FALSE,FALSE,FALSE,FALSE,FALSE
pkzm04,10,0,1,1,"Thumbnail, Sitelinks",https://220volt.com.ua/avtomaticheskij-viklyuchatel-eaton-moeller-pkzm4-50-222355/,FALSE,FALSE,FALSE,FALSE,FALSE,FALSE
72739,10,1,1,1,"Thumbnail, Sitelinks, snip_image_thumbnail",https://220volt.com.ua/avtomaticheskij-viklyuchatel-eaton-moeller-pkzm0-10-072739/,FALSE,FALSE,FALSE,FALSE,FALSE,FALSE
генератор дизельний 6000 d,10,0,1,1,"related_search, Video preview, Sitelinks, snip_image_thumbnail",https://220volt.com.ua/generator-dizel-nij-konner-sohnen-ks-6000d/,FALSE,FALSE,FALSE,FALSE,FALSE,FALSE
ручной генератор 220 вольт,10,1,1,1,"related_search, Thumbnail, Sitelinks",https://220volt.com.ua/generatory/start_type_ruchnoj-zapusk/,FALSE,FALSE,FALSE,FALSE,FALSE,FALSE
гибридная солнечная электростанция для дома,10,4,1,1,"related_search, Thumbnail, also_asks, Video preview, Sitelinks",https://220volt.com.ua/solnechnaya-energetika/solnechnye-elektrostantsii/tip_stantsii_gibridnye-solnechnye-stantsii/,FALSE,FALSE,FALSE,FALSE,FALSE,FALSE
портативная мини электростанция,10,9,1,1,"related_search, Thumbnail, also_asks, Sitelinks",https://220volt.com.ua/portativnye-zaryadnye-stantsii/portativnye-elektrostantsii.htm,FALSE,FALSE,FALSE,FALSE,FALSE,FALSE
стабилизатор напряжения 380 цена,10,1,1,1,"related_search, Thumbnail, Sitelinks, snip_image_thumbnail",https://220volt.com.ua/stabilizator/phases_stab_trehfaznie/,FALSE,TRUE,FALSE,FALSE,FALSE,TRUE
сонячні батареї на вікна,10,6,1,1,"also_asks, Thumbnail, Video preview, related_search, Sitelinks",https://220volt.com.ua/ua/solnechnaya-energetika/solnechnye-paneli-batarei/naznachenie_dlya_fotomoduli__okna/,FALSE,FALSE,FALSE,FALSE,FALSE,FALSE
csb 1221w f2,10,1,1,1,"related_search, shopping_rhs, Thumbnail, Sitelinks",https://220volt.com.ua/ua/akkumulyatornaya-batareya-csb-hr1221wf2/,FALSE,FALSE,FALSE,FALSE,FALSE,FALSE
инвертор lorenz electric ли 1500с,10,1,1,1,"related_search, Thumbnail, Sitelinks",https://220volt.com.ua/invertor-lorenz-electric-li-1500s/,FALSE,FALSE,FALSE,FALSE,FALSE,FALSE
насос для скважины 220 вольт,10,2,1,1,"Thumbnail, also_asks, related_search, Sitelinks",https://220volt.com.ua/nasos/nasosi-dlya-vodosnabzheniya/skvazhinnie-nasosi.htm,FALSE,FALSE,FALSE,FALSE,FALSE,FALSE
уровень заряда гелевого аккумулятора,10,12,1,1,"also_asks, AI Overview, related_search, Thumbnail, Sitelinks",https://220volt.com.ua/news/pravilnaya-zaryadka-gelevogo-akkumulyatora-kak-uvelichit-srok-ego-sluzhby/,FALSE,FALSE,FALSE,FALSE,FALSE,FALSE
cs3 hr1234w f2,10,8,1,1,"related_search, Thumbnail, Sitelinks",https://220volt.com.ua/ua/akkumulyatornaya-batareya-csb-hr1234wf2/,FALSE,FALSE,FALSE,FALSE,FALSE,FALSE
kin 425,10,1,1,1,"Thumbnail, Sitelinks, snip_image_thumbnail",https://220volt.com.ua/ua/ibp-powercom-kin-425ap/,FALSE,FALSE,FALSE,FALSE,FALSE,FALSE
victron bluesolar 150 70,10,0,1,1,"Thumbnail, snip_image_thumbnail, Sitelinks",https://220volt.com.ua/kontroller-zaryada-victron-energy-bluesolar-mppt-150-70-tr/,FALSE,FALSE,FALSE,FALSE,FALSE,FALSE
генератор форте 6 квт,10,1,1,1,"related_search, also_asks, Thumbnail, Sitelinks",https://220volt.com.ua/generator-benzinovij-forte-fg8000e/,FALSE,FALSE,FALSE,FALSE,FALSE,FALSE
цены на гелевые аккумуляторы,10,37,1,1,"related_search, Thumbnail, Sitelinks, snip_image_thumbnail",https://220volt.com.ua/akkumulatornie-batarei/tip_elementa_gelevie/,FALSE,FALSE,FALSE,FALSE,FALSE,FALSE
ups ippon smart power pro 1000,10,1,1,1,"related_search, Sitelinks, snip_image_thumbnail",https://220volt.com.ua/ibp-ippon-smart-power-pro-1000/,FALSE,FALSE,FALSE,FALSE,FALSE,FALSE
генераторы бензиновые хитачи,10,3,1,1,"Thumbnail, also_asks, Sitelinks",https://220volt.com.ua/generatory/hitachii/,FALSE,FALSE,FALSE,FALSE,FALSE,FALSE
реле отсечки напряжения,10,20,1,1,"also_asks, Thumbnail, related_search, Sitelinks, snip_image_thumbnail",https://220volt.com.ua/elektrika-i-svet/nizkovoltnoe-oborudovanie/rele-tajmeri-fotokontrolleri/rele/rele_kontrolya_napryajeniya.htm,FALSE,FALSE,FALSE,FALSE,FALSE,FALSE
80hx,10,1,1,1,"Thumbnail, Sitelinks",https://220volt.com.ua/motopompa-daishin-swt-80hx/,FALSE,FALSE,FALSE,FALSE,FALSE,FALSE
стабилизатор напряжения 380 вольт цена,10,6,1,1,"related_search, Thumbnail, also_asks, Sitelinks",https://220volt.com.ua/stabilizator/phases_stab_trehfaznie/,FALSE,TRUE,FALSE,FALSE,FALSE,TRUE
challenger аккумулятор,10,3,1,1,"Thumbnail, Sitelinks",https://220volt.com.ua/akkumulatornie-batarei/challenger/,FALSE,FALSE,FALSE,FALSE,FALSE,FALSE
концевой выключатель 220в,10,3,1,1,"related_search, Thumbnail, shopping_rhs, Sitelinks, snip_image_thumbnail",https://220volt.com.ua/elektrika-i-svet/nizkovoltnoe-oborudovanie/viklyuchateli-knopki-pereklyuchateli/viklyuchateli.htm,FALSE,FALSE,FALSE,FALSE,FALSE,FALSE
werk wpg 960,10,0,1,1,"Thumbnail, Sitelinks",https://220volt.com.ua/ua/generator-benzinovij-werk-wpg-960/,FALSE,FALSE,FALSE,FALSE,FALSE,FALSE
солнечный инвертор huawei,10,4,1,1,"also_asks, related_search, Sitelinks",https://220volt.com.ua/inverter/huawei/,FALSE,FALSE,FALSE,FALSE,FALSE,FALSE
sinpro 180 s310,10,1,1,1,"Thumbnail, Sitelinks",https://220volt.com.ua/ibp-sinpro-180-s310/,FALSE,FALSE,FALSE,FALSE,FALSE,FALSE
fronius symo 10,10,0,1,1,"Thumbnail, related_search, Sitelinks",https://220volt.com.ua/invertor-fronius-symo-10-0-3-m/,FALSE,FALSE,FALSE,FALSE,FALSE,FALSE
пускатель moeller,10,1,1,1,"Thumbnail, Sitelinks, snip_image_thumbnail",https://220volt.com.ua/elektrika-i-svet/nizkovoltnoe-oborudovanie/puskateli-kontaktori/puskateli/moeller/,FALSE,FALSE,FALSE,FALSE,FALSE,FALSE
стабилизатор на 380 вольт,10,5,1,1,"related_search, also_asks, Thumbnail, Sitelinks",https://220volt.com.ua/stabilizator/phases_stab_trehfaznie/,FALSE,FALSE,FALSE,FALSE,FALSE,FALSE
бензогенератор forte fg6500e,10,3,1,1,"Thumbnail, related_search, Sitelinks",https://220volt.com.ua/generator-benzinovij-forte-fg6500e/,FALSE,FALSE,FALSE,FALSE,FALSE,FALSE
ippon pro 1000,10,1,1,1,"Thumbnail, Sitelinks",https://220volt.com.ua/ua/ibp-ippon-smart-power-pro-1000/,FALSE,FALSE,FALSE,FALSE,FALSE,FALSE
gd20 2r2g 4,10,1,1,1,"Thumbnail, Sitelinks",https://220volt.com.ua/preobrazovatel-chastoti-invt-gd20-2r2g-4/,FALSE,FALSE,FALSE,FALSE,FALSE,FALSE
сколько стоит реле давления,10,17,1,1,"Thumbnail, related_search, also_asks, Sitelinks",https://220volt.com.ua/nasos/komplektuyushchie-dlya-vodosnabzheniya-i-vodootvedeniya/tip_kompl_nasos_rele-davleniya/,FALSE,FALSE,FALSE,TRUE,FALSE,FALSE
fronius 220,10,1,1,1,"Thumbnail, Sitelinks",https://220volt.com.ua/ua/solnechnaya-energetika/solnechnye-invertory/fronius/,FALSE,FALSE,FALSE,FALSE,FALSE,FALSE
выключатель давления,10,9,1,1,"related_search, also_asks, Video preview, Thumbnail, Sitelinks, snip_image_thumbnail",https://220volt.com.ua/nasos/komplektuyushchie-dlya-vodosnabzheniya-i-vodootvedeniya/tip_kompl_nasos_rele-davleniya/,FALSE,FALSE,FALSE,FALSE,FALSE,FALSE
склад 220 вольт,10,1,1,1,"Local pack, Thumbnail, related_search, Sitelinks",https://220volt.com.ua/ua/,FALSE,FALSE,FALSE,FALSE,FALSE,FALSE
чем хорош гелевый аккумулятор,10,5,1,1,"related_search, a_box_fsnippet, also_asks, Sitelinks, snip_featured",https://220volt.com.ua/news/preimushchestva-i-osobennosti-gelevih-avtomobilnih-akkumulyatorov/,FALSE,FALSE,FALSE,FALSE,FALSE,FALSE
swl1800,10,0,1,1,"Thumbnail, Sitelinks, snip_image_thumbnail",https://220volt.com.ua/ua/akkumulyatornaya-batareya-yuasa-swl-1800/,FALSE,FALSE,FALSE,FALSE,FALSE,FALSE
купить мобильную электростанцию,10,13,1,1,"also_asks, Thumbnail, related_search, Sitelinks",https://220volt.com.ua/portativnye-zaryadnye-stantsii/portativnye-elektrostantsii.htm,FALSE,TRUE,FALSE,FALSE,FALSE,TRUE
pkzm0 12,10,1,1,1,"Thumbnail, Sitelinks",https://220volt.com.ua/avtomaticheskij-viklyuchatel-eaton-moeller-pkzm0-12-278486/,FALSE,FALSE,FALSE,FALSE,FALSE,FALSE
источник бесперебойного питания online,10,12,1,1,"related_search, Video preview, Sitelinks",https://220volt.com.ua/istochniki-besperebojnogo-pitaniya/typearhetekturi_neprerivnogo-dejstviya/,FALSE,FALSE,FALSE,FALSE,FALSE,FALSE
генератор бензиновый 380 вольт цена,10,9,1,1,"related_search, Thumbnail, Sitelinks",https://220volt.com.ua/generatory/faznost_generatorov_3/,FALSE,TRUE,FALSE,FALSE,FALSE,TRUE
ef 45,10,1,1,1,"Thumbnail, Sitelinks, snip_image_thumbnail",https://220volt.com.ua/preobrazovatel-chastoti-e-next-e-f-drive-45/,FALSE,FALSE,FALSE,FALSE,FALSE,FALSE
gp 1272 f2 цена,10,4,1,1,"related_search, Sitelinks",https://220volt.com.ua/akkumulyatornaya-batareya-csb-gp1272f2/,FALSE,TRUE,FALSE,FALSE,FALSE,TRUE
kstar ua100,10,1,1,1,"Thumbnail, Sitelinks",https://220volt.com.ua/ibp-kstar-ua100/,FALSE,FALSE,FALSE,FALSE,FALSE,FALSE
plht c125,10,1,1,1,"Thumbnail, Sitelinks, snip_image_thumbnail",https://220volt.com.ua/avtomaticheskij-viklyuchatel-eaton-moeller-plht-c125-3-248041/,FALSE,FALSE,FALSE,FALSE,FALSE,FALSE
sep 1500,10,1,1,1,"Thumbnail, Sitelinks",https://220volt.com.ua/ibp-riello-sep-1500/,FALSE,FALSE,FALSE,FALSE,FALSE,FALSE
220 вольт магазин каталог,10,19,1,1,"Thumbnail, related_search, Sitelinks, snip_image_thumbnail",https://220volt.com.ua/,FALSE,TRUE,FALSE,FALSE,FALSE,FALSE
генератор электростартер,10,8,1,1,"Thumbnail, related_search, Sitelinks",https://220volt.com.ua/generatory/start_type_elektrostarter/,FALSE,FALSE,FALSE,FALSE,FALSE,FALSE
источники бесперебойного питания в стойку,10,1,1,1,"Thumbnail, Sitelinks",https://220volt.com.ua/istochniki-besperebojnogo-pitaniya/typeispolnenia_montiruemij-v-stojku/,FALSE,FALSE,FALSE,FALSE,FALSE,FALSE
инверторный генератор 3 5,10,13,1,1,"Video preview, related_search, Thumbnail, Sitelinks",https://220volt.com.ua/generatory/tip_generatora_invertornie_generatori;maksimalnaya_moschnost_block_3_5/,FALSE,FALSE,FALSE,FALSE,FALSE,FALSE
ups 4000 va,10,1,1,1,"Thumbnail, also_asks, Sitelinks, snip_image_thumbnail",https://220volt.com.ua/ibp-volter-ups-4000/,FALSE,FALSE,FALSE,FALSE,FALSE,FALSE
типы счетчиков электрической энергии,10,4,1,1,"related_search, also_asks, a_box_fsnippet, AI Overview, Sitelinks, snip_featured, snip_image_thumbnail",https://220volt.com.ua/news/schetchiki-elektricheskoj-energii-kakie-byvayut/,FALSE,FALSE,FALSE,FALSE,FALSE,FALSE
купить реле контроля тока,10,6,1,1,"Thumbnail, Local pack, also_asks, related_search, Sitelinks",https://220volt.com.ua/elektrika-i-svet/nizkovoltnoe-oborudovanie/rele-tajmeri-fotokontrolleri/rele/rele_kontrolya_toka.htm,FALSE,TRUE,FALSE,FALSE,FALSE,TRUE
rt12260,10,1,1,1,"Thumbnail, Sitelinks, snip_image_thumbnail",https://220volt.com.ua/akkumulyatornaya-batareya-ritar-rt12260-12v-26-0ah/,FALSE,FALSE,FALSE,FALSE,FALSE,FALSE
220 вольт генераторы,10,13,1,1,"Thumbnail, related_search, Sitelinks",https://220volt.com.ua/generatory.htm,FALSE,FALSE,FALSE,FALSE,FALSE,FALSE
устройство плавного пуска инструмента,10,4,1,1,"related_search, also_asks, Thumbnail, Sitelinks, snip_image_thumbnail",https://220volt.com.ua/preobrazovateli_chastoty_ustr_plavnogo_puska/ustrojstva-plavnogo-puska-i-tormozheniya.htm,FALSE,FALSE,FALSE,FALSE,FALSE,FALSE
стабилизатор 110 вольт,10,1,1,1,"Thumbnail, Sitelinks",https://220volt.com.ua/stabilizator/optimal_stab_amerikanskoj-tehniki-100-volt/,FALSE,FALSE,FALSE,FALSE,FALSE,FALSE
насос фекальный 220в,10,1,1,1,"Thumbnail, related_search, Sitelinks",https://220volt.com.ua/nasos/nasosi-dlya-vodootvedeniya/fekalnih-stokov.htm,FALSE,FALSE,FALSE,FALSE,FALSE,FALSE
6400w,10,0,1,1,"Thumbnail, Sitelinks",https://220volt.com.ua/ibp-apc-smart-ups-rt-8000va-6400w/,FALSE,FALSE,FALSE,FALSE,FALSE,FALSE