📊 ТРАФІКОГЕНЕРУЮЧІ СТОРІНКИ,,,,,
Домен: 220volt.com.ua | Джерело: Serpstat | Позиції: 1-20,,,,,
,,,,,
URL,Traffic,# of keywords,Top keyword,Top keyword: Volume,Top keyword: Position
https://220volt.com.ua/ua/portativnye-zaryadnye-stantsii/portativnye-elektrostantsii.htm,1832,7,електростанцію,12100,1
https://220volt.com.ua/ua/akkumulatornie-batarei/napryagenie_batarei_block_4/,1632,4,4 v,5400,1
https://220volt.com.ua/news/chto-takoe-emkost-akkumulyatora-metodika-ee-rascheta/,637,48,емкости аккумуляторов,720,1
https://220volt.com.ua/,593,87,220 вольт,2400,1
https://220volt.com.ua/solnechnaya-energetika/solnechnye-elektrostantsii.htm,570,98,солнечная электростанция,880,1
https://220volt.com.ua/ua/akkumulatornie-batarei/napryagenie_batarei_block_6/,547,3,6v,2900,1
https://220volt.com.ua/ua/istochniki-besperebojnogo-pitaniya/opt_reshenie_ibp_sistem-otopleniya/,435,2,дбж для котла,2900,1
https://220volt.com.ua/portativnye-zaryadnye-stantsii/portativnye-elektrostantsii.htm,319,49,портативные электростанции,720,1
https://220volt.com.ua/ua/elektrika-i-svet/nizkovoltnoe-oborudovanie/puskateli-kontaktori/puskateli.htm,265,15,магнітний пускач,590,1
https://220volt.com.ua/ua/avtomaticheskij-zapusk-generatora.htm,239,8,авр для генератора,1300,1
https://220volt.com.ua/stabilizator/phases_stab_odnofaznie/,226,77,стабилизатор напряжения 220 вольт,210,1
https://220volt.com.ua/solnechnaya-energetika/solnechnye-paneli-batarei/moshn_fot_mod_400/,204,11,солнечная панель 400вт,320,1
https://220volt.com.ua/news/raznovidnosti-akkumulyatornih-batarej-soglasno-tipu-rabochih-elementov-i-naznacheniyu/,199,35,виды аккумулятор,210,1
https://220volt.com.ua/generatory/tip_ustanovki_portativnie/,198,49,мини генераторы,480,1
https://220volt.com.ua/ua/,191,21,220volt,390,1
https://220volt.com.ua/akkumulatornie-batarei/napryagenie_batarei_block_6/,189,35,аккумуляторная батарея 6 вольт,210,1
https://220volt.com.ua/nasos/komplektuyushchie-dlya-vodosnabzheniya-i-vodootvedeniya/tip_kompl_nasos_rele-davleniya/,184,86,реле насоса,90,1
https://220volt.com.ua/elektrika-i-svet/nizkovoltnoe-oborudovanie/puskateli-kontaktori/puskateli.htm,169,50,пускателей,390,1
https://220volt.com.ua/elektrika-i-svet/nizkovoltnoe-oborudovanie/rele-tajmeri-fotokontrolleri/tajmeri.htm,161,74,таймеры включения и выключения,110,1
https://220volt.com.ua/generatory/faznost_generatorov_3/,160,45,генератор 380 вольт,260,1
https://220volt.com.ua/akkumulatornie-batarei/napryagenie_batarei_block_4/,145,16,аккумулятор 4 вольт,260,1
https://220volt.com.ua/istochniki-besperebojnogo-pitaniya/fullpower_ibp_do-500/,144,25,ибп 500 вт,170,1
https://220volt.com.ua/ua/generatory.htm,132,27,генератори київ,110,1
https://220volt.com.ua/generatory.htm,126,48,купить генераторы в украине,170,1
https://220volt.com.ua/elektrika-i-svet/nizkovoltnoe-oborudovanie/rele-tajmeri-fotokontrolleri/rele/teplovie_rele.htm,123,7,тепловое реле,720,1
https://220volt.com.ua/elektrika-i-svet/nizkovoltnoe-oborudovanie/rele-tajmeri-fotokontrolleri/rele/rele_kontrolya_toka.htm,123,18,реле тока,210,1
https://220volt.com.ua/avtomaticheskij-zapusk-generatora.htm,118,37,авр для генератора 220 вольт,170,1
https://220volt.com.ua/nasos/komplektuyushchie-dlya-vodosnabzheniya-i-vodootvedeniya/tip_kompl_nasos_rele_protoka__zashchita_ot_suhogo_hoda/,115,16,реле протоку води,390,1
https://220volt.com.ua/news/pravilnaya-zaryadka-gelevogo-akkumulyatora-kak-uvelichit-srok-ego-sluzhby/,104,16,ток заряда гелевого аккумулятора,210,1
https://220volt.com.ua/elektrika-i-svet/nizkovoltnoe-oborudovanie/rele-tajmeri-fotokontrolleri/rele/rele_kontrolya_napryajeniya.htm,104,39,реле контроля напруги,110,1
https://220volt.com.ua/stabilizator/control_invertornyi/,103,8,инверторные стабилизаторы напряжения,590,1
https://220volt.com.ua/ua/solnechnaya-energetika/solnechnye-elektrostantsii.htm,100,8,купить солнечная станция,320,1
https://220volt.com.ua/istochniki-besperebojnogo-pitaniya/voltaj_batarei_24-v/,96,16,24 vdc ups,260,1
https://220volt.com.ua/inverter/faznost_invert_trexfaznyi;op_reshenie_solnecnye-invertory/,95,9,инвертор 3 фазы,210,1
https://220volt.com.ua/generatory/optimal_gen_kotla/,93,13,генератор для котлов,210,1
https://220volt.com.ua/istochniki-besperebojnogo-pitaniya/typearhetekturi_neprerivnogo-dejstviya/,78,29,онлайн ибп,70,1
https://220volt.com.ua/solnechnaya-energetika/solnechnye-elektrostantsii/moshnost_set_stanc_5/,77,5,солнечная электростанция 5 квт цена под ключ,210,1
https://220volt.com.ua/ua/solnechnaya-energetika/solnechnye-elektrostantsii/moshnost_set_stanc__3/,76,3,автономна сонячна електростанція 3 квт ціна,210,1
https://220volt.com.ua/istochniki-besperebojnogo-pitaniya/akkumulyatornaya_batareya_vneshnyaya/,72,43,ибп под внешний аккумулятор,90,1
https://220volt.com.ua/generatory/start_type_elektrostarter/,70,14,генераторы с электростартером,260,1
https://220volt.com.ua/solnechnaya-energetika/solnechnye-paneli-batarei/naznachenie_dlya_fotomoduli__kvartiry/,69,2,солнечная панель для квартиры,260,1
https://220volt.com.ua/ua/inverter/fronius/,68,7,inverter fronius,210,1
https://220volt.com.ua/elektrika-i-svet/nizkovoltnoe-oborudovanie/rele-tajmeri-fotokontrolleri/rele/promejutochnie_rele.htm,66,23,промежуточное реле 220в,110,1
https://220volt.com.ua/stabilizator.htm,65,18,стабилизатор напряжения купить киеве,70,1
https://220volt.com.ua/ua/istochniki-besperebojnogo-pitaniya/voltaj_batarei_24-v/,63,7,дбж 24v,110,1
https://220volt.com.ua/ua/solnechnaya-energetika/solnechnye-paneli-batarei/naznachenie_dlya_fotomoduli__okna/,61,6,сонячна панель на вікно,260,1
https://220volt.com.ua/istochniki-besperebojnogo-pitaniya/akkumulyatornaya_batareya_vstroennaya/,60,17,бесперебойник для дома 220 вольт с аккумулятором,260,1
https://220volt.com.ua/generatory/forte/,59,4,forte генераторы,170,1
https://220volt.com.ua/ua/stabilizator/moshnost_stab_block_10/,58,1,стабілізатори напруги 10 квт,390,1
https://220volt.com.ua/news/osnovnie-nyuansi-ustanovki-i-shemi-podklyucheniya-stabilizatora-napryazheniya/,58,14,схемы стабилизаторов напряжения 220 вольт,140,1
https://220volt.com.ua/generatory/osnaschenie_generatora_s-pravilnoj-sinusoidoj/,53,11,генераторы с чистой синусоидой,170,1
https://220volt.com.ua/generatory/ispolnenie_generatora_v-shumopogloshchayushchem-korpuse/,52,14,бесшумный генератор,140,1
https://220volt.com.ua/stabilizator/phases_stab_trehfaznie/,51,44,стабилизатор напряжения 380,30,1
https://220volt.com.ua/ua/istochniki-besperebojnogo-pitaniya/fullpower_ibp_do-500/,50,6,дбж 500 вт,170,1
https://220volt.com.ua/istochniki-besperebojnogo-pitaniya/fullpower_ibp_1001-3000/,49,29,источники бесперебойного питания 3000 вт,40,1
https://220volt.com.ua/ua/stabilizator-napryazheniya-ukrtehnologiya-nsn-9000-norma-n/,48,2,norma n,320,1
https://220volt.com.ua/elektrika-i-svet/nizkovoltnoe-oborudovanie/viklyuchateli-knopki-pereklyuchateli/knopki.htm,48,6,кнопки 220 вольт,140,1
https://220volt.com.ua/akkumulatornie-batarei.htm,48,26,аккумулятор 220 вольт,70,1
https://220volt.com.ua/ua/elektrika-i-svet/shitovoe.htm,47,1,щитове,320,1
https://220volt.com.ua/inverter/huawei/,46,4,инвертор huawei,260,1
https://220volt.com.ua/nasos/nasosi-dlya-vodosnabzheniya/tsentrobezhnie/tipvsas_samovsasivayushchie/,46,22,самовсасывающий насос,170,1
https://220volt.com.ua/ua/akkumulyatornaya-batareya-csb-hr1234wf2/,45,8,hr1234wf2,260,1
https://220volt.com.ua/stabilizator/sposob_podklucheniya_stab_vilka-16-a/,44,6,стабилизатор в розетку,170,1
https://220volt.com.ua/news/parametri-elektroseti-pod-polnim-kontrolem-shema-avr-na-kontaktorah/,44,8,авр схема,170,1
https://220volt.com.ua/akkumulatornie-batarei/ventura/,43,12,аккумуляторы вентура,90,1
https://220volt.com.ua/stabilizator/moshnost_stab_block_1/,43,10,стабилизатор напряжения 1000 ватт,90,1
https://220volt.com.ua/istochniki-besperebojnogo-pitaniya/fullpower_ibp_501-1000/,42,9,источник бесперебойного питания 1000 вт,110,1
https://220volt.com.ua/news/kak-rabotaet-teplyj-pol-vse-chto-nuzhno-znat-o-sovremennoj-sisteme-otopleniya/,42,26,система теплых полов,40,1
https://220volt.com.ua/ua/stabilizator/moshnost_stab_block_1/,41,4,стабілізатор напруги 1 квт,170,1
https://220volt.com.ua/news/ustrojstvo-avtomobilnogo-akkumulyatora/,41,22,устройство аккумуляторов,50,1
https://220volt.com.ua/avtomaticheskij-zapusk-generatora/faznost_seti_odnofaznaya/,40,4,ввод резерва однофазный,140,1
https://220volt.com.ua/solnechnaya-energetika/solnechnye-paneli-batarei/naznachenie_dlya_fotomoduli__balkona/,40,7,солнечная панель на балконе,110,1
https://220volt.com.ua/istochniki-besperebojnogo-pitaniya/fullpower_ibp_svishe-10000/,40,17,источник бесперебойного питания 10 квт,70,1
https://220volt.com.ua/generatory/faznost_generatorov_3;maksimalnaya_moschnost_block__10/,39,2,генератор 380 вольт 10 квт,260,1
https://220volt.com.ua/solnechnaya-energetika/solnechnye-paneli-batarei/naznachenie_dlya_fotomoduli__okna/,39,12,солнечная панель на окно,110,1
https://220volt.com.ua/akkumulatornie-batarei/emkost_ab_block_150/,38,4,аккумулятор 150 ампер для инвертора,140,1
https://220volt.com.ua/preobrazovateli_chastoty_ustr_plavnogo_puska/ustrojstva-plavnogo-puska-i-tormozheniya.htm,37,16,реле плавного пуска,110,1
https://220volt.com.ua/akkumulyatornaya-batareya-csb-gp1272f2/,37,23,csb gp 1272 f2,90,1
https://220volt.com.ua/ua/inverter/huawei/,36,3,інвертор huawei,170,1
https://220volt.com.ua/istochniki-besperebojnogo-pitaniya.htm,35,18,источник бесперебойного питания цена,50,1
https://220volt.com.ua/ua/akkumulyatornaya-batareya-csb-gp1272f2/,33,12,csb gp1272f2,90,1
https://220volt.com.ua/solnechnaya-energetika/solnechnye-elektrostantsii/tip_stantsii_gibridnye-solnechnye-stantsii/,33,6,гибридная солнечная электростанция,90,1
https://220volt.com.ua/akkumulatornie-batarei/tip_elementa_gelevie/,33,16,гелевый аккумулятор купить киев,90,1
https://220volt.com.ua/ua/solnechnaya-energetika/solnechnye-paneli-batarei/naznachenie_dlya_fotomoduli__balkona/,32,2,сонячні панелі на балкон,210,1
https://220volt.com.ua/ua/stabilizator/strum/,32,3,стабілізатор струму,140,1
https://220volt.com.ua/ua/generatory/material_alternatora_med/,32,2,генератор мідна обмотка,110,1
https://220volt.com.ua/ua/stabilizator/sposob_podklucheniya_stab_vilka-16-a/,31,1,стабілізатор в розетку,210,1
https://220volt.com.ua/ua/stabilizator/phases_stab_odnofaznie/,31,6,стабілізатор напруги 220 в,90,1
https://220volt.com.ua/generatory/strana_proishozhdeniya_brenda_yaponiya/,30,7,японские генераторы,110,1
https://220volt.com.ua/ua/solnechnaya-energetika/solnechnye-paneli-batarei/moshn_fot_mod_400/,29,4,сонячні панелі 400 вт,170,1
https://220volt.com.ua/generatory/tip_generatora_benzinovo_gazovie/,28,5,бензо газо генератор,70,1
https://220volt.com.ua/solnechnaya-energetika/solnechnye-paneli-batarei.htm,28,15,портативная солнечная батарея 220 вольт,50,1
https://220volt.com.ua/generatory/hitachii/,26,23,генераторы hitachi,30,1
https://220volt.com.ua/ua/akkumulyatornaya-batareya-yuasa-npw36-12-06366/,25,9,npw36-12 12v 36w/cell 10min,50,1
https://220volt.com.ua/elektrika-i-svet/nizkovoltnoe-oborudovanie/rele-tajmeri-fotokontrolleri/rele/rele_kontrolya_napryajeniya/hager/,24,2,реле напруги hager,140,1
https://220volt.com.ua/generator-benzinovij-forte-fg6500e/,24,12,генератор forte fg6500e,70,1
https://220volt.com.ua/akkumulatornie-batarei/merlion/,24,7,merlion аккумуляторы,50,1
https://220volt.com.ua/stabilizator/strum/,23,5,стабилизаторы напряжения струм,50,1
https://220volt.com.ua/elektrika-i-svet/nizkovoltnoe-oborudovanie/puskateli-kontaktori/puskateli/napr_katushki_kont_i_puskateli_220-230/,22,2,пускатель 220 вольт,140,1
https://220volt.com.ua/storage/catalog_products/151800/instruction/738.pdf,22,3,easun power 3000w инструкция на русском,140,1
https://220volt.com.ua/rele-zashchitnogo-viklyucheniya-promfaktor-rzv-2-2p-63-0-1/,22,2,рзв,140,1
https://220volt.com.ua/generatory/maksimalnaya_moschnost_block__3/,22,4,генератор 220 вольт 3 квт,90,1
https://220volt.com.ua/elektrika-i-svet/shitovoe/shchiti.htm,22,12,электрощит наружный,40,1
https://220volt.com.ua/ua/akkumulyatornaya-batareya-yuasa-np7-12/,22,6,np7 12,40,1
https://220volt.com.ua/ua/generatory/faznost_generatorov_3/,21,9,генератор 380 в,40,1
https://220volt.com.ua/ua/generatory/maksimalnaya_moschnost_block__3/,20,1,3 квт,140,1
https://220volt.com.ua/istochniki-besperebojnogo-pitaniya/ritar/,20,7,источник бесперебойного питания ritar,70,1
https://220volt.com.ua/ua/akkumulyatornaya-batareya-csb-hr1221wf2/,20,15,hr1221wf2,30,1
https://220volt.com.ua/generator-benzinovij-huter-dy-3000-l/,19,19,электрогенератор бензиновый huter dy3000l,10,1
https://220volt.com.ua/ua/elektrika-i-svet/nizkovoltnoe-oborudovanie/rele-tajmeri-fotokontrolleri/rele/promejutochnie_rele.htm,18,2,проміжне реле 220в,90,1
https://220volt.com.ua/generatory/tip_generatora_invertornie_generatori;maksimalnaya_moschnost_block_3_5/,18,4,инверторный генератор 3 5 квт газ бензин,70,1
https://220volt.com.ua/ua/gibridnyi_invertor_srne_hf2430s60_100/,17,2,srne hf2430s60 100,90,1
https://220volt.com.ua/ua/generator-benzinovij-forte-fg6500e/,17,4,forte fg6500e,90,1
https://220volt.com.ua/ua/generatory/klass_generatora_promyshlennye/,17,5,великий генератор,50,1
https://220volt.com.ua/elektrika-i-svet/nizkovoltnoe-oborudovanie/rele-tajmeri-fotokontrolleri/rele/rele_vremeni.htm,17,10,временное реле,30,1
https://220volt.com.ua/istochniki-besperebojnogo-pitaniya/general-electric/,17,11,general electric ups,30,1
https://220volt.com.ua/generatory/faznost_generatorov_1/,16,1,генератор однофазный,110,1
https://220volt.com.ua/ua/stabilizator/moshnost_stab_block_2/,16,1,стабілізатор напруги 2000 вт,110,1
https://220volt.com.ua/stabilizator/moshnost_stab_block_15/,16,4,стабилизатор напряжения 15 квт,90,1
https://220volt.com.ua/news/kak-podobrat-akkumulyator-dlya-generatora-tipy-emkost-i-srok-sluzhby/,16,4,как подобрать аккумулятор к генератору,90,1
https://220volt.com.ua/ua/news/chto-takoe-dimmer-i-zachem-on-nuzhen-dlya-regulirovki-osvescheniya/,16,3,регулятор яскравості світла,70,1
https://220volt.com.ua/elektrika-i-svet/nizkovoltnoe-oborudovanie/rele-tajmeri-fotokontrolleri/rele/rele_kontrolya_napryajeniya/novatek/,16,7,новатек реле напряжения,70,1
https://220volt.com.ua/akkumulyatornaya-batareya-ritar-rt1270-12v-7-0ah/,16,10,rt1270,50,1
https://220volt.com.ua/elektrika-i-svet/nizkovoltnoe-oborudovanie/rubilniki.htm,16,12,рубильник электрический,40,1
https://220volt.com.ua/news/sravnenie-lamp/,16,13,мощность лед лампы,30,1
https://220volt.com.ua/elektrika-i-svet/nizkovoltnoe-oborudovanie/puskateli-kontaktori/puskateli/schneider/,16,12,пускатели шнайдер,30,1
https://220volt.com.ua/akkumulatornie-batarei/tip_elementa_svintsovo-uglerodnie/,16,15,графеновый акб,20,1
https://220volt.com.ua/akkumulatornie-batarei/tip_elementa_agm/,15,6,agm аккумулятор для дома,70,1
https://220volt.com.ua/akkumulatornie-batarei/napryagenie_batarei_block_48/,15,3,аккумулятор 48 в,70,1
https://220volt.com.ua/generator-benzinovij-huter-dy-6500-l/,15,15,электрогенератор huter dy6500l,10,1
https://220volt.com.ua/nasos/komplektuyushchie-dlya-vodosnabzheniya-i-vodootvedeniya/tip_kompl_nasos_filtra/,14,2,фильтры для насосов,90,1
https://220volt.com.ua/ua/akkumulyatornaya-batareya-ventura-gpl-12-200/,14,2,ventura gpl 12 200,90,1
https://220volt.com.ua/news/harakteristiki-moshchnosti-generatora/,14,8,характеристики генераторов,50,1
https://220volt.com.ua/akkumulatornie-batarei/challenger/,14,9,аккумулятор challenger,40,1
https://220volt.com.ua/generator-benzinovij-huter-ht-1000-l/,14,14,бензиновый генератор huter ht1000l,10,1
https://220volt.com.ua/ibp-ippon-new-back-power-pro-600/,14,14,ибп ippon pro 600,10,1
https://220volt.com.ua/ua/generatory/maksimalnaya_moschnost_block_1_5/,13,1,інверторний генератор 1 5 квт,90,1
https://220volt.com.ua/ua/elektrika-i-svet/nizkovoltnoe-oborudovanie/rubilniki.htm,13,1,рубільники,90,1
https://220volt.com.ua/generatory/optimal_gen_holodilnika/,13,3,генератор для холодильника,70,1
https://220volt.com.ua/elektrika-i-svet/nizkovoltnoe-oborudovanie/viklyuchateli-knopki-pereklyuchateli/viklyuchateli.htm,13,4,концевой выключатель 220 вольт,70,1
https://220volt.com.ua/ibp-ritar-rtsw-500-lcd-12v-q4-11753/,13,3,ritar rtsw 500,70,1
https://220volt.com.ua/generatory/sistema_ohlagdeniya_zhidkostnoe/,13,5,генераторы с водяным охлаждением,40,1
https://220volt.com.ua/ua/istochniki-besperebojnogo-pitaniya.htm,13,7,ups 220v,30,1
https://220volt.com.ua/news/kompressori-tipi-osobennosti-prednaznachenie/,13,5,виды компрессоров,30,1
https://220volt.com.ua/generator-benzinovij-huter-dy-6500-lxs/,13,13,huter dy6500lx,10,1
https://220volt.com.ua/istochniki-besperebojnogo-pitaniya/typeispolnenia_montiruemij-v-stojku/,13,13,источник бесперебойного питания стоечный,10,1
https://220volt.com.ua/zaryadnie-ustrojstva/victron-energy/,12,2,victron energy зарядное устройство,70,1
https://220volt.com.ua/news/vozdushnie-solnechnie-kollektori-dlya-obogreva-i-ventilyatsii/,12,5,воздушно солнечный коллектор,30,1
https://220volt.com.ua/nasos/nasosi-dlya-vodosnabzheniya/skvazhinnie-nasosi/needle/,12,8,насосы needle,30,1
https://220volt.com.ua/elektrika-i-svet/nizkovoltnoe-oborudovanie/razemi.htm,12,4,разъемы 220 вольт,30,1
https://220volt.com.ua/nasos/nasosi-dlya-vodosnabzheniya/tsirkulyatsionnie.htm,12,9,циркуляционный насос для воды 220 вольт,30,1
https://220volt.com.ua/ua/avtomaticheskij-viklyuchatel-ap50b-3mt-6-3a-10in/,11,2,ап50б,70,1
https://220volt.com.ua/ua/news/kak-opredelit-moschnost-benzinovogo-generatora-dlya-sobstvennyh-nuzhd/,11,2,як перевірити потужність генератора,70,1
https://220volt.com.ua/akkumulatornie-batarei/ritar/,11,3,аккумуляторы ritar,50,1
https://220volt.com.ua/ua/news/kak-rabotaet-teplyj-pol-vse-chto-nuzhno-znat-o-sovremennoj-sisteme-otopleniya/,11,3,опалення тепла підлога,40,1
https://220volt.com.ua/generatory/optimal_gen_kompyutera/,11,6,генератор для компьютера,30,1
https://220volt.com.ua/ua/istochniki-besperebojnogo-pitaniya/ritar/,11,6,дбж рітар,30,1
https://220volt.com.ua/elektrika-i-svet/nizkovoltnoe-oborudovanie/viklyuchateli-knopki-pereklyuchateli/pereklyuchateli.htm,11,6,переключатель электрический,30,1
https://220volt.com.ua/stabilizator/ispolnenie_stabilizatorov_perenosnie/,11,8,портативный стабилизатор напряжения,20,1
https://220volt.com.ua/akkumulatornie-batarei/csb/,11,9,аккумуляторы csb,20,1
https://220volt.com.ua/istochniki-besperebojnogo-pitaniya/fort/,11,11,форт ибп,10,1
https://220volt.com.ua/ua/news/osnovnie-nyuansi-ustanovki-i-shemi-podklyucheniya-stabilizatora-napryazheniya/,10,1,схема підключення стабілізатора напруги,70,1
https://220volt.com.ua/soputstvuushie_tovari/udliniteli-dlya-generatora.htm,10,1,удлинитель для генератора,70,1
https://220volt.com.ua/elektrika-i-svet/nizkovoltnoe-oborudovanie/viklyuchateli-knopki-pereklyuchateli/knopki/nalichie_fiksatsii_net/,10,3,кнопка без фиксации 220в,50,1
https://220volt.com.ua/ua/stabilizator/phases_stab_trehfaznie/,10,3,стабілізатор напруги 380 вольт,50,1
https://220volt.com.ua/stabilizator/moshnost_stab_block_10/,10,4,стабилизатор напряжения 220 вольт 10 квт,50,1
https://220volt.com.ua/ua/ibp-powercom-bnt-400a/,10,6,bnt 400a,40,1
https://220volt.com.ua/news/printsip-raboti-avr/,10,4,как работает авр,40,1
https://220volt.com.ua/akkumulatornie-batarei/emkost_ab_block_300/,10,3,аккумулятор 300 ампер,40,1
https://220volt.com.ua/ua/generatory/ispolnenie_generatora_v-shumopogloshchayushchem-korpuse/,10,4,безшумні генератори,40,1
https://220volt.com.ua/generatory/optimal_gen_nasosnoj-stantsii/,10,8,генератор для насосной станции,20,1
https://220volt.com.ua/nasos/elektromagnitnie-klapani/ceme/,10,9,клапана ceme,20,1
https://220volt.com.ua/ibp-ippon-smart-power-pro-1000/,10,9,ippon smart power pro 1000,20,1
https://220volt.com.ua/ibp-ippon-smart-winner-1500/,10,10,ибп ippon smart winner,10,1
https://220volt.com.ua/contact/,10,10,магазин 220 вольт телефон,10,1
https://220volt.com.ua/nasos/nasosi-dlya-vodosnabzheniya/skvazhinnie-nasosi/napor_nasos_svishe-150/,9,3,глубинный насос для скважины 150 метров,50,1
https://220volt.com.ua/news/kak-vybrat-nasos-dlya-kolodtsa-sovety-ot-ekspertov-internet-magazina-220-volt/,9,3,какой насос лучше для колодца,50,1
https://220volt.com.ua/news/ustanovka-generatora-na-ulitse/,9,5,правила установки генератора,30,1
https://220volt.com.ua/ua/stabilizator.htm,9,5,стабілізатор україна,30,1
https://220volt.com.ua/news/schetchiki-elektricheskoj-energii-kakie-byvayut/,9,6,виды счетчиков электрической энергии,30,1
https://220volt.com.ua/akkumulatornie-batarei/tip_elementa_tyagovie/,9,6,тяговая батарея,30,1
https://220volt.com.ua/elektrika-i-svet/nizkovoltnoe-oborudovanie/rele-tajmeri-fotokontrolleri/rele.htm,9,7,реле нормально замкнутое 220,20,1
https://220volt.com.ua/ibp-ippon-smart-winner-3000/,9,9,ибп ippon 3000,10,1
https://220volt.com.ua/pribori-dlya-kontrolya-i-izmereniya/schetchiki/schetchiki-elektricheskoj-energii/energomera/,9,9,счетчик энергомера се,10,1
https://220volt.com.ua/elektrika-i-svet/nizkovoltnoe-oborudovanie/viklyuchateli-knopki-pereklyuchateli/knopki/nalichie_fiksatsii_est/,8,2,кнопка с фиксацией 220в,50,1
https://220volt.com.ua/news/chto-takoe-dimmer-i-zachem-on-nuzhen-dlya-regulirovki-osvescheniya/,8,2,регулятор яркости света,50,1
https://220volt.com.ua/ua/istochniki-besperebojnogo-pitaniya/fullpower_ibp_svishe-10000/,8,4,дбж 10 квт,40,1
https://220volt.com.ua/ua/generatory/tip_generatora_gazovie_generatori/,8,4,газові генератори ціни,40,1
https://220volt.com.ua/ua/akkumulatornie-batarei.htm,8,3,батареї акумуляторні,40,1
https://220volt.com.ua/preobrazovateli_chastoty_ustr_plavnogo_puska/preobrazovateli-chastoti/invt-electric/,8,5,частотник invt,30,1
https://220volt.com.ua/ua/akkumulatornie-batarei/merlion/,8,5,акумулятор мерліон,20,1
https://220volt.com.ua/elektrika-i-svet/nizkovoltnoe-oborudovanie/puskateli-kontaktori/puskateli/tip_puskateley_modul-nie/,8,6,контакторы пускатели,20,1
https://220volt.com.ua/avtomaticheskij-viklyuchatel-ap50b-3mt-6-3a-10in/,8,7,ап50б3мт,20,1
https://220volt.com.ua/elektrika-i-svet/nizkovoltnoe-oborudovanie/puskateli-kontaktori/puskateli/napr_katushki_kont_i_puskateli_24/,8,8,магнитный пускатель 24 вольта,10,1
https://220volt.com.ua/generator-benzinovij-forte-fg8000e/,8,8,бензогенератор forte fg8000e,10,1
https://220volt.com.ua/elektrika-i-svet/nizkovoltnoe-oborudovanie/puskateli-kontaktori/puskateli/moeller/,8,8,контакторы moeller,10,1
https://220volt.com.ua/istochniki-besperebojnogo-pitaniya/fullpower_ibp_6001-10000/,8,8,ups 10000 watt,10,1
https://220volt.com.ua/generator-benzinovij-forte-fg2500/,8,8,генератор forte fg2500,10,1
https://220volt.com.ua/ua/invertor-q-power-axpert-vm-iii-3000-24-3000vt-24v/,8,8,axpert vm iii 3000w 24v,10,1
https://220volt.com.ua/nasos/nasosi-dlya-vodootvedeniya/fekalnih-stokov/grundfos/,8,8,фекальный насос grundfos,10,1
https://220volt.com.ua/news/kak-vibrat-kontroller-zaryada-dlya-solnechnih-batarej/,8,8,как выбрать контроллер заряда,10,1
https://220volt.com.ua/generator-benzinovij-huter-ht-950-a/,8,8,бензогенератор huter 950,10,1
https://220volt.com.ua/ua/akkumulatornie-batarei/emkost_ab_block_300/,7,1,аккумулятор 300 ач,50,1
https://220volt.com.ua/ua/istochniki-besperebojnogo-pitaniya/akkumulyatornaya_batareya_vstroennaya/,7,1,дбж з вбудованим акумулятором,50,1
https://220volt.com.ua/elektrika-i-svet/nizkovoltnoe-oborudovanie/ustrojstva-signalizatsii.htm,7,1,сирена 220 вольт,50,1
https://220volt.com.ua/ua/solnechnaya-energetika/solnechnye-elektrostantsii/tip_stantsii_gibridnye-solnechnye-stantsii/,7,1,гібридна сонячна станція,50,1
https://220volt.com.ua/ua/generatory/optimal_gen_kompyutera/,7,1,генератор для компа,50,1
https://220volt.com.ua/news/istochniki-besperebojnogo-pitaniya-eto/,7,1,источник бесперебойного питания что это,50,1
https://220volt.com.ua/elektrika-i-svet/nizkovoltnoe-oborudovanie/svetosignalnaya-apparatura/istochnik_sveta_neon/,7,3,неоновая лампа 220 вольт,40,1
https://220volt.com.ua/storage/catalog_products/166774/instruction/738.pdf,7,2,pro ac pro sol,40,1
https://220volt.com.ua/nasos/komplektuyushchie-dlya-vodosnabzheniya-i-vodootvedeniya/tip_kompl_nasos_manometri/,7,2,манометр для ножного насоса,40,1
https://220volt.com.ua/generatory/tip_generatora_benzinovo_gazovie;maksimalnaya_moschnost_block__3/,7,2,генератор гибридный газ бензин 3 квт,40,1
https://220volt.com.ua/news/4-tipa-zapuska-generatora-preimuschestva-i-nedostatki/,7,2,дистанционный запуск генератора,40,1
https://220volt.com.ua/ua/akkumulyatornaya-batareya-ritar-dg12-100-12v-100ah-4234/,7,2,ritar dg12 100,40,1
https://220volt.com.ua/generatory/tip_generatora_dizelnie_generatori/,7,4,купить дизельный генератор киев,30,1
https://220volt.com.ua/nasos/komplektuyushchie-dlya-vodosnabzheniya-i-vodootvedeniya/tip_kompl_nasos_obratnie-klapani/,7,3,клапан на водяной насос,30,1
https://220volt.com.ua/ua/istochniki-besperebojnogo-pitaniya/akkumulyatornaya_batareya_vneshnyaya/,7,4,ups з зовнішнім акумулятором,30,1
https://220volt.com.ua/elektrika-i-svet/nizkovoltnoe-oborudovanie/ustrojstva-zashchitnogo-otklyucheniya-uzo-difavtomati.htm,7,5,устройства защитного отключения узо,20,1
https://220volt.com.ua/news/pravila-i-rekomendatsii-po-ekspluatatsii-ibp/,7,6,заряжается ли ибп в выключенном состоянии,20,1
https://220volt.com.ua/stabilizator/optimal_stab_audio-tehniki-hi-fi/,7,6,стабилизатор напряжения для hi fi аппаратуры,20,1
https://220volt.com.ua/ua/ibp-ippon-new-back-power-pro-600/,7,7,ippon pro 600,10,1
https://220volt.com.ua/storage/catalog_products/127597/instruction/738.pdf,7,7,дизельный генератор forte fgd6500e інструкція,10,1
https://220volt.com.ua/ibp-eaton-5110-700-va/,7,7,eaton 5110 700va,10,1
https://220volt.com.ua/storage/catalog_products/146603/instruction/738.pdf,7,7,ippon back comfo pro 600 инструкция,10,1
https://220volt.com.ua/generator-benzinovij-huter-dy-5000-l/,7,7,huter dy5000l,10,1
https://220volt.com.ua/ua/akkumulyatornaya-batareya-ritar-dc12-100-12v-100-0ah/,6,2,ritar dc12 100,40,1
https://220volt.com.ua/elektrika-i-svet/nizkovoltnoe-oborudovanie/rele-tajmeri-fotokontrolleri/tajmeri/tip_taymera_elektronnie/,6,2,таймеры цифровые,40,1
https://220volt.com.ua/akkumulatornie-batarei/emkost_ab_block_400/,6,2,аккумулятор 400 ампер часов,40,1
https://220volt.com.ua/ua/generatory/osnaschenie_generatora_s-pravilnoj-sinusoidoj/,6,2,який генератор має безпечний струм з чистою синусоїдою,40,1
https://220volt.com.ua/elektrika-i-svet/nizkovoltnoe-oborudovanie/ustrojstva-zashchitnogo-otklyucheniya-uzo-difavtomati/polusa_v_uzo_1_n/,6,2,узо 1,40,1
https://220volt.com.ua/ua/generatory/maksimalnaya_moschnost_block_8_5/,6,2,генератор 8 5 квт,40,1
https://220volt.com.ua/nasos/nasosi-dlya-vodosnabzheniya/nasosnie-ustanovki.htm,6,3,водонасосные станции купить,30,1
https://220volt.com.ua/ua/solnechnaya-energetika/solnechnye-paneli-batarei/naznachenie_dlya_fotomoduli__kvartiry/,6,3,сонячні панелі в квартиру,30,1
https://220volt.com.ua/ua/generator-benzinovij-forte-fg8000e/,6,3,forte fg8000e,30,1
https://220volt.com.ua/ua/soputstvuushie_tovari/udliniteli-dlya-generatora.htm,6,2,подовжувач для генератора,30,1
https://220volt.com.ua/stabilizator/ispolnenie_stabilizatorov_navesnie/,6,5,стабилизатор напряжения настенный купить,20,1
https://220volt.com.ua/generatory/optimal_gen_turizma/,6,5,туристический генератор,20,1
https://220volt.com.ua/istochniki-besperebojnogo-pitaniya/elim-ukraina/,6,4,источник бесперебойного питания элим,20,1
https://220volt.com.ua/akkumulyatornaya-batareya-csb-hr1234wf2/,6,5,hr1234w f2 характеристики,20,1
https://220volt.com.ua/elektrika-i-svet/nizkovoltnoe-oborudovanie/ustrojstva-zashchitnogo-otklyucheniya-uzo-difavtomati/napryagenie_v_uzo_380_v/,6,5,узо 380 вольт,20,1
https://220volt.com.ua/news/kak-opredelit-moschnost-benzinovogo-generatora-dlya-sobstvennyh-nuzhd/,6,5,как узнать мощность генератора,20,1
https://220volt.com.ua/storage/catalog_products/156314/instruction/738.pdf,6,5,схема подключения реле давления,20,1
https://220volt.com.ua/generatory/tip_alternatora_asinhronnyj/,6,5,купить асинхронный генератор,20,1
https://220volt.com.ua/stabilizator-napryazheniya-ukrtehnologiya-nsn-9000-optimum/,6,6,стабилизатор напряжения укртехнология нсн 9000 optimum,10,1
https://220volt.com.ua/akkumulyatornaya-batareya-yuasa-nph-5-12/,6,6,nph5,10,1
https://220volt.com.ua/ua/generator-gazovij-generac-6271-13kw/,6,6,generac 13kw generator,10,1
https://220volt.com.ua/invertor-fronius-primo-5-0-1/,6,6,fronius primo 5 kw,10,1
https://220volt.com.ua/ua/ibp-general-electric-vh-3000/,6,6,general electric vh series 3000,10,1
https://220volt.com.ua/generator-benzinovij-huter-dy-3000-lx/,6,6,электрогенератор huter dy3000lx,10,1
https://220volt.com.ua/akkumulyatornaya-batareya-csb-hr1221wf2/,6,6,csb battery hr 1221w f2,10,1
https://220volt.com.ua/elektrika-i-svet/shitovoe/shchiti/nalicie_dinreyki_est/,6,6,ящик с дин рейкой,10,1
https://220volt.com.ua/storage/catalog_products/156470/instruction/738.pdf,6,6,электрическая схема подключения реле давления,10,1
https://220volt.com.ua/generatory/fg-wilson/,6,6,fg wilson цена,10,1
https://220volt.com.ua/istochniki-besperebojnogo-pitaniya/nalichie_zaryad_ustr_ibp_est/,6,6,ups устройства,10,1
https://220volt.com.ua/generator-benzinovij-huter-dy-6500-lxw/,6,6,сварочный бензиновый генератор huter dy6500lxw,10,1
https://220volt.com.ua/istochniki-besperebojnogo-pitaniya/opt_reshenie_ibp_nasosov/,6,6,ибп для насосной станции,10,1
https://220volt.com.ua/ibp-eaton-9sx-5000i-rt3u/,6,6,ибп eaton 9sx 5000i rt3u,10,1
https://220volt.com.ua/istochniki-besperebojnogo-pitaniya/uotformnaprahenia_sinusoida/,6,6,упс синусоида,10,1
https://220volt.com.ua/ibp-ippon-smart-winner-2000/,6,6,ups ippon smart winner 2000,10,1
https://220volt.com.ua/generatory/tip_generatora_gazovie_generatori/,6,6,купить газовый генератор в киеве,10,1
https://220volt.com.ua/istochniki-besperebojnogo-pitaniya/fullpower_ibp_3001-6000/,6,6,ибп 6000,10,1
https://220volt.com.ua/ua/ibp-eaton-5110-700-va/,5,1,eaton 5110,40,1
https://220volt.com.ua/akkumulatornie-batarei/emkost_ab_block_250/,5,1,аккумулятор 250 ампер часов,40,1
https://220volt.com.ua/ua/istochniki-besperebojnogo-pitaniya/elim-ukraina/,5,1,дбж українського виробництва,40,1
https://220volt.com.ua/ua/avtomaticheskij-zapusk-generatora/faznost_seti_odnofaznaya/,5,1,авр 220,40,1
https://220volt.com.ua/ua/inverter/sungrow/,5,1,sungrow инвертор,40,1
https://220volt.com.ua/preobrazovatel-chastoti-invt-gd20-004g-4/,5,2,gd20 004g 4,30,1
https://220volt.com.ua/ua/news/harakteristiki-moshchnosti-generatora/,5,2,характеристики генератора,30,1
https://220volt.com.ua/solnechnaya-energetika/solnechnye-elektrostantsii/moshnost_set_stanc__3/,5,2,автономная солнечная электростанция 3 квт цена,30,1
https://220volt.com.ua/generatory/osnaschenie_generatora_s-akkumulyatornoj-batareej/,5,2,генератор с аккумулятором,30,1
https://220volt.com.ua/ua/elektrika-i-svet/nizkovoltnoe-oborudovanie/ustrojstva-zashchitnogo-otklyucheniya-uzo-difavtomati/tip_uzo_difrele/,5,2,дифреле купить,30,1
https://220volt.com.ua/ua/elektrika-i-svet/nizkovoltnoe-oborudovanie/puskateli-kontaktori/puskateli/tip_puskateley_modul-nie/,5,2,контактор 220,30,1
https://220volt.com.ua/ua/akkumulyatornaya-batareya-challenger-as12-18/,5,2,as12,30,1
https://220volt.com.ua/stabilizator/tip_regulirovaniya_stabilizatora_dvojnogo-preobrazovaniya/,5,3,стабилизатор напряжения с двойным преобразованием,20,1
https://220volt.com.ua/nasos/nasosi-dlya-vodosnabzheniya/nasosy_dlya_povysheniya_davleniya.htm,5,4,насосы высокого давления купить,20,1
https://220volt.com.ua/inverter/moshn_invert_plitka_10/,5,3,10 kilowatt inverter,20,1
https://220volt.com.ua/nasos/motopompi/proizvoditelnost2_60-1-100/,5,3,мотопомпы большой производительности,20,1
https://220volt.com.ua/elektrika-i-svet/nizkovoltnoe-oborudovanie/puskateli-kontaktori/puskateli/tok_puskateley_25-50-a/,5,4,магнитный пускатель 220в 25а,20,1
https://220volt.com.ua/ua/akkumulyatornaya-batareya-yuasa-swl-2500/,5,5,yuasa swl2500,10,1
https://220volt.com.ua/generator-benzinovij-stark-6500-eco/,5,5,генератор старк 6500,10,1
https://220volt.com.ua/ibp-powercom-war-600a/,5,5,pcm powercom war 600a,10,1
https://220volt.com.ua/ibp-ippon-innova-rt-1500/,5,5,ибп ippon innova rt 1500,10,1
https://220volt.com.ua/ua/ibp-ippon-smart-winner-3000/,5,5,ups ippon smart winner 3000,10,1
https://220volt.com.ua/nasos/nasosi-dlya-vodosnabzheniya/skvazhinnie-nasosi/grundfos/,5,5,насос для скважины грундфос цена,10,1
https://220volt.com.ua/stabilizator/moshnost_stab_block_6/,5,5,стабилизатор напряжения 220в 6квт,10,1
https://220volt.com.ua/elektrika-i-svet/nizkovoltnoe-oborudovanie/rubilniki/tip_rubilnika_perekidnoj/,5,5,перекидной рубильник 220 вольт,10,1
https://220volt.com.ua/news/osnovnie-printsipi-vibora-elektricheskih-kotlov/,5,5,как рассчитать мощность электрокотла отопления,10,1
https://220volt.com.ua/avtomaticheskij-viklyuchatel-eaton-moeller-pkzm0-4-072737/,5,5,eaton 072737,10,1
https://220volt.com.ua/nasos/nasosi-dlya-vodosnabzheniya/skvazhinnie-nasosi/moshnost_nasosa_skvaginnogo_do-2-kvt/,5,5,насос для скважины мощность,10,1
https://220volt.com.ua/generator-dizel-nij-sdmo-dx-6000-te/,5,5,sdmo dx 6000 te,10,1
https://220volt.com.ua/ibp-riello-vst-2000/,5,5,riello 2000,10,1
https://220volt.com.ua/nasos/nasosi-dlya-vodosnabzheniya/tsentrobezhnie/ebara/,5,5,насос ebara купить,10,1
https://220volt.com.ua/istochniki-besperebojnogo-pitaniya/opt_reshenie_ibp_sistem-otopleniya/,5,5,компьютерный упс для котла,10,1
https://220volt.com.ua/news/kakaya-raznitsa-mezhdu-agm-gelevoj-i-obichnoj-zhidkokislotnoj-batareej/,5,5,agm это гелевый аккумулятор,10,1
https://220volt.com.ua/akkumulyatornaya-batareya-yuasa-np7-12/,5,5,np7 12 fr,10,1
https://220volt.com.ua/ua/invertor-q-power-axpert-vm-iii-5000-48-5000vt-48v/,5,5,axpert vm iii,10,1
https://220volt.com.ua/news/raschet-nagruzki-elektrostantsii/,5,5,расчет нагрузки электросети,10,1
https://220volt.com.ua/istochniki-besperebojnogo-pitaniya/opt_reshenie_ibp_kompyutera/,5,5,сколько стоит упс для компьютера,10,1
https://220volt.com.ua/solnechnaya-energetika/solnechnye-invertory/fronius/,5,5,сетевой инвертор fronius,10,1
https://220volt.com.ua/generatory/tip_generatora_benzogeneratori/,5,5,бензиновый генератор сколько стоит,10,1
https://220volt.com.ua/generator-benzinovij-patriot-srge-6500/,5,5,генератор патриот 6500,10,1
https://220volt.com.ua/motopompa-visokogo-davleniya-forte-fp20hp/,4,1,мотопомпа forte fp20hp,30,1
https://220volt.com.ua/ua/akkumulyatornaya-batareya-challenger-a12-100/,4,1,challenger a12 100,30,1
https://220volt.com.ua/generator_benzinovyi_werk_wpg3600/,4,1,генератор werk wpg3600,30,1
https://220volt.com.ua/storage/catalog_products/165632/instruction/738.pdf,4,1,контроллер авр basic,30,1
https://220volt.com.ua/ua/magnitnij-puskatel-promfaktor-mp-20-20-2r-20a/,4,1,мп 20,30,1
https://220volt.com.ua/stabilizator-napryazheniya-elim-ukraina-gw-500/,4,1,gw500,30,1
https://220volt.com.ua/ua/preobrazovatel-chastoti-invt-gd10-0r2g-s2/,4,1,gd10,30,1
https://220volt.com.ua/ua/invertor-q-power-axpert-king-5000/,4,1,axpert king,30,1
https://220volt.com.ua/ua/komandokontroller-promfaktor-kkt-61/,4,1,ккт 61,30,1
https://220volt.com.ua/ua/generator-dizel-nij-wattstream-ws40-ws/,4,1,ws40,30,1
https://220volt.com.ua/ua/akkumulatornie-batarei/bmseco/,4,1,bms eco battery,30,1
https://220volt.com.ua/elektrika-i-svet/pribori-dlya-kontrolya-i-izmereniya/schetchiki/schetchiki-elektricheskoj-energii.htm,4,1,прибор учета электрической энергии,30,1
https://220volt.com.ua/generatory/maksimalnaya_moschnost_block__28/,4,1,генератор 28 квт,30,1
https://220volt.com.ua/nasos/nasosi-dlya-vodosnabzheniya/skvazhinnie-nasosi/pedrollo/,4,1,насосы pedrollo цены,30,1
https://220volt.com.ua/ua/ibp-exa-power-plus-rtl-3-kva/,4,1,rtl 3,30,1
https://220volt.com.ua/ua/ustroistvo_wifilan_monitoringa_wlan_fe_apsta_huawei_smart_dongle_s_tockoi_dostupa/,4,1,huawei smart dongle wlan fe,30,1
https://220volt.com.ua/ua/stabilizator-napryazheniya-lvt-asn-300-n/,4,1,асн 300 н,30,1
https://220volt.com.ua/nasos/nasosi-dlya-vodosnabzheniya/nasosnie-ustanovki/sprut/,4,3,насосная станция спрут,20,1
https://220volt.com.ua/akkumulyatornaya-batareya-ventura-gpl-12-100/,4,3,купить аккумулятор ventura gpl 12 100,20,1
https://220volt.com.ua/ua/akkumulatornie-batarei/dyness/,4,2,акумуляторна батарея dyness,20,1
https://220volt.com.ua/elektrika-i-svet/nizkovoltnoe-oborudovanie/rele-tajmeri-fotokontrolleri/rele/impulsnie-rele.htm,4,2,импульсное реле 220в,20,1
https://220volt.com.ua/magnitnij-puskatel-etal-pml-1501b-10a-380v-revers/,4,3,реверсивный магнитный пускатель 380в,20,1
https://220volt.com.ua/inverter/faznost_invert_odnofazniy;op_reshenie_solnecnye-invertory/,4,2,однофазный инвертор,20,1
https://220volt.com.ua/istochniki-besperebojnogo-pitaniya/challenger/,4,3,дбж challenger,20,1
https://220volt.com.ua/generatory/tip_alternatora_sinhronnyj/,4,3,синхронный генератор переменного тока купить,20,1
https://220volt.com.ua/ua/akkumulyatornaya-batareya-makelsan-6-fm-100/,4,3,6 fm 100,20,1
https://220volt.com.ua/nasos/nasosi-dlya-vodosnabzheniya/nasosi-dlya-kolodtsev.htm,4,4,водяные насосы для колодцев цены,10,1
https://220volt.com.ua/generator-benzinovij-hitachi-e57s/,4,4,генератор хитачи е 57 отзывы,10,1
https://220volt.com.ua/news/kak-voznikaet-elektricheskij-tok-v-generatornih-stantsiyah/,4,4,получение постоянного тока,10,1
https://220volt.com.ua/stabilizator-napryazheniya-volt-eco-600/,4,4,стабилизатор напряжения вольт eco 600,10,1
https://220volt.com.ua/ibp-sven-reserve-home-800/,4,4,sven home 800,10,1
https://220volt.com.ua/ua/istochniki-besperebojnogo-pitaniya/indikatsiya_ibp_lcd-displej/,4,4,ups lcd display,10,1
https://220volt.com.ua/avtomaticheskij-viklyuchatel-eaton-moeller-plht-c125-3-248041/,4,4,eaton plht c125 3,10,1
https://220volt.com.ua/ibp-apc-smart-ups-rt-10000va/,4,4,apc 10000 rt smart ups,10,1
https://220volt.com.ua/ibp-ippon-innova-rt-1000/,4,4,innova rt 1000,10,1
https://220volt.com.ua/avtomaticheskij-viklyuchatel-eaton-moeller-pl6-b16-1-286521/,4,4,pl6 b16 1,10,1
https://220volt.com.ua/ua/generator-benzinovij-stark-psg-6500el-profi/,4,4,stark psg 6500el,10,1
https://220volt.com.ua/ibp-ippon-back-comfo-pro-800-black/,4,4,ибп ippon 800,10,1
https://220volt.com.ua/elektrika-i-svet/nizkovoltnoe-oborudovanie/ustrojstva-zashchitnogo-otklyucheniya-uzo-difavtomati/tok_v_uzo_20-a/,4,4,узо на 20 ампер,10,1
https://220volt.com.ua/news/kak-vibrat-uzo/,4,4,какое узо поставить на стиральную машину,10,1
https://220volt.com.ua/news/kak-podklyuchit-generator-k-domashnej-elektroseti-instruktsiya-po-bezopasnosti-i-tehnike/,4,4,как правильно подключить бензогенератор к сети дома,10,1
https://220volt.com.ua/ibp-ippon-innova-rt-2000/,4,4,ибп ippon innova rt 2000,10,1
https://220volt.com.ua/elektrika-i-svet/nizkovoltnoe-oborudovanie/ogranichiteli-perenapryazheniya/sposob_ustanovki_na-din-rejku/,4,4,разрядник на дин рейку,10,1
https://220volt.com.ua/ua/avtomaticheskij-viklyuchatel-eaton-moeller-pkzm0-10-072739/,4,4,moeller pkzmo 10,10,1
https://220volt.com.ua/nasos/nasosi-dlya-vodosnabzheniya/skvazhinnie-nasosi/diametr_75-mm/,4,4,насос 75,10,1
https://220volt.com.ua/elektrika-i-svet/nizkovoltnoe-oborudovanie/rele-tajmeri-fotokontrolleri/rele/rele_kontrolya_napryajeniya/zubr/,4,4,зубр 220 вольт,10,1
https://220volt.com.ua/nasos/nasosi-dlya-vodosnabzheniya/skvazhinnie-nasosi/sprut/,4,4,глубинные насосы спрут цена,10,1
https://220volt.com.ua/news/vidi-istochnikov-besperebojnogo-pitaniya/,4,4,какие бывают источники бесперебойного питания,10,1
https://220volt.com.ua/akkumulyatornaya-batareya-challenger-a12-100/,4,4,challenger 12v 100ah,10,1
https://220volt.com.ua/ua/invertor-fronius-primo-5-0-1/,4,4,fronius primo 5kw,10,1
https://220volt.com.ua/elektrika-i-svet/nizkovoltnoe-oborudovanie.htm,4,4,низковольтное,10,1
https://220volt.com.ua/news/kakie-byvayut-tipy-rele/,4,4,виды реле и их обозначения,10,1
https://220volt.com.ua/generatory/tip_generatora_dizelni_ustanovki_dgu/,4,4,дизельные генераторы дгу,10,1
https://220volt.com.ua/avtomaticheskij-viklyuchatel-schneider-electric-easy9-1p-16a-har-ka-c-4-5ka-ez9f34116/,4,4,автоматический выключатель ez9f34116,10,1
https://220volt.com.ua/ibp-ippon-smart-power-pro-2000/,4,4,ибп smart power pro 2000,10,1
https://220volt.com.ua/nasos/nasosi-dlya-vodosnabzheniya/skvazhinnie-nasosi/proizvod_nas_5_1-10/,4,4,глубинный насос 220 вольт,10,1
https://220volt.com.ua/invertor-q-power-axpert-vm-iii-3000-24-3000vt-24v/,4,4,q power axpert vm iii 3000 24,10,1
https://220volt.com.ua/zaryadnoe-ustrojstvo-victron-energy-orion-tr-smart-12-12-18-220w-isolated-ori121222120/,4,4,victron orion tr 12 12,10,1
https://220volt.com.ua/ua/avtomaticheskij-viklyuchatel-eaton-moeller-pkzm4-50-222355/,4,4,pkzm4 50,10,1
https://220volt.com.ua/ibp-powercom-wow-300/,4,4,powercom wow 300u,10,1
https://220volt.com.ua/avtomaticheskij-viklyuchatel-eaton-moeller-pl6-c2-1/,4,4,eaton c2,10,1
https://220volt.com.ua/ua/ibp-ippon-back-comfo-pro-800-black/,4,4,ippon pro 800,10,1
https://220volt.com.ua/generatory/start_type_ruchnoj-zapusk/,4,4,генераторы ручные,10,1
https://220volt.com.ua/ua/ibp-ippon-smart-power-pro-1000/,4,4,ippon power pro 1000,10,1
https://220volt.com.ua/nasos-tsirkulyatsionnij-sprut-lrs-25-4s-180/,3,2,sprut lrs 25 4s 180,20,1
https://220volt.com.ua/ua/generatory/tip_generatora_benzogeneratori/,3,2,як виглядає генератор,20,1
https://220volt.com.ua/generator-benzinovij-nik-pg6300/,3,2,генератор nik pg 6300,20,1
https://220volt.com.ua/ua/generatory/tip_generatora_dizelnie_generatori/,3,2,генератор дизельний купити київ,20,1
https://220volt.com.ua/inverter/fronius/,3,2,инверторы fronius,20,1
https://220volt.com.ua/ua/akkumulatornie-batarei/tip_elementa_svintsovo-uglerodnie/,3,2,графенові батареї,20,1
https://220volt.com.ua/solnechnaya-energetika/komplektuyuschie-dlya-solnechnyh-stantsij.htm,3,2,комплектующие для монтажа солнечных панелей,20,1
https://220volt.com.ua/zvonok-na-din-rejku-promfaktor-fbe-24v/,3,2,звонок на дин рейку подключение,20,1
https://220volt.com.ua/elektrika-i-svet/nizkovoltnoe-oborudovanie/avtomati/silovie-avtomati.htm,3,2,силовые выключатели,20,1
https://220volt.com.ua/avtomaticheskij-viklyuchatel-eaton-moeller-pl6-c16-1/,3,2,eaton pl6 c16 1,20,1
https://220volt.com.ua/ua/avr-basic-3f-63-63/,3,2,авр basic,20,1
https://220volt.com.ua/ua/akkumulatornie-batarei/emkost_ab_block_500/,3,2,акб 500 ач,20,1
https://220volt.com.ua/ua/generatory/strana_proishozhdeniya_brenda_italiya/,3,2,італійський генератор,20,1
https://220volt.com.ua/preobrazovatel-chastoti-invt-gd20-7r5g-4/,3,2,gd20,20,1
https://220volt.com.ua/elektrika-i-svet/nizkovoltnoe-oborudovanie/viklyuchateli-knopki-pereklyuchateli/tumbleri/chislo_kontaktov_4/,3,2,тумблер на 4 положения,20,1
https://220volt.com.ua/akkumulatornie-batarei/emkost_ab_block_500/,3,2,аккумулятор 500 ампер часов,20,1
https://220volt.com.ua/preobrazovatel-chastoti-invt-gd10-2r2g-4/,3,2,gd 10,20,1
https://220volt.com.ua/elektrika-i-svet/nizkovoltnoe-oborudovanie/ogranichiteli-perenapryazheniya.htm,3,2,ограничитель перенапряжения 220в,20,1
https://220volt.com.ua/ua/akkumulyatornaya-batareya-vipow-lifepo4-12-8v-20ah-s-elementami-li-ion-18679/,3,2,li ion 20ah,20,1
https://220volt.com.ua/ua/ibp-powercom-bnt-400ap/,3,2,powercom bnt 400ap,20,1
https://220volt.com.ua/invertor-q-power-axpert-vm-iii-5000-48-5000vt-48v/,3,3,axpert vm iii 5000 48,10,1
https://220volt.com.ua/generator-dizel-nij-fg-wilson-p150-1/,3,3,fg wilson xp150e,10,1
https://220volt.com.ua/akkumulyatornaya-batareya-ritar-rt1245-12v-4-5ah/,3,3,ritar rt1245,10,1
https://220volt.com.ua/akkumulyatornaya-batareya-ritar-rt12120-12v-12-0ah/,3,3,rt12120,10,1
https://220volt.com.ua/ua/generatory/maksimalnaya_moschnost_block_0_8/,3,3,generator 800w,10,1
https://220volt.com.ua/avtomaticheskij-viklyuchatel-eaton-moeller-pl6-c20-1/,3,3,moeller c20,10,1
https://220volt.com.ua/zaryadnoe-ustrojstvo-victron-energy-skylla-tg-24-50-1-1/,3,3,sdtg2400501,10,1
https://220volt.com.ua/generator-benzinovij-pramac-p12000/,3,3,генератор pramac p12000,10,1
https://220volt.com.ua/ibp-eaton-9130-700-va/,3,3,eaton 9130 ups 700va,10,1
https://220volt.com.ua/avtomaticheskij-viklyuchatel-eaton-moeller-pkzm4-40-222354/,3,3,pkzm4 40,10,1
https://220volt.com.ua/elektrika-i-svet/nizkovoltnoe-oborudovanie/rele-tajmeri-fotokontrolleri/rele/promejutochnie_rele/tok_rele_0-25-16-a/,3,3,реле промежуточное 220в 16а,10,1
https://220volt.com.ua/invertor-victron-energy-phoenix-inverter-12-350-schuko-outlet/,3,3,victron energy phoenix inverter 12 350,10,1
https://220volt.com.ua/avtomaticheskij-viklyuchatel-eaton-moeller-pl4-c16-1/,3,3,293124,10,1
https://220volt.com.ua/ibp-powercom-war-500a/,3,3,powercom war 500a цена,10,1
https://220volt.com.ua/ibp-riello-vst-1500/,3,3,riello ups vst 1500,10,1
https://220volt.com.ua/storage/catalog_products/155041/instruction/738.pdf,3,3,riello ups инструкция,10,1
https://220volt.com.ua/avtomaticheskij-viklyuchatel-eaton-moeller-pkzm0-20-046988/,3,3,46988,10,1
https://220volt.com.ua/nasos/nasosi-dlya-vodosnabzheniya/skvazhinnie-nasosi/kol_f_nas_odnofaznij/,3,3,однофазные глубинные насосы,10,1
https://220volt.com.ua/ua/akkumulyatornaya-batareya-yuasa-swl-1800/,3,3,swl1800 yuasa,10,1
https://220volt.com.ua/avtomaticheskij-viklyuchatel-eaton-moeller-pl6-c32-3-286604/,3,3,eaton pl6 c32 3,10,1
https://220volt.com.ua/nasos/nasosi-dlya-vodosnabzheniya/tsentrobezhnie/tipvsas_vihrevoj/,3,3,вихревой электронасос,10,1
https://220volt.com.ua/ua/ibp-ritar-rtp600-proxima-l/,3,3,ritar rtp600 proxima l,10,1
https://220volt.com.ua/generator-benzinovij-sadko-gps-3000/,3,3,gps 3000,10,1
https://220volt.com.ua/ua/akkumulyatornaya-batareya-csb-hrl634wf2/,3,3,csb hrl 634w f2,10,1
https://220volt.com.ua/adapter-s-zashchitnim-otklyucheniem-iek-uzo-dpa16-16-0-03a/,3,3,адаптер с узо,10,1
https://220volt.com.ua/generator-benzinovij-energy-power-2500/,3,3,генератор energy power 2500,10,1
https://220volt.com.ua/storage/catalog_products/164065/instruction/738.pdf,3,3,eps ii 22a инструкция,10,1
https://220volt.com.ua/ibp-powercom-skp-1000a/,3,3,powercom skp 1000a,10,1
https://220volt.com.ua/generator-gazovij-greenpower-cc5000-lpg-ng-t2/,3,3,газовый генератор green power cc 5000,10,1
https://220volt.com.ua/istochniki-besperebojnogo-pitaniya/typearhetekturi_rezervnij_off-line/,3,3,offline ибп,10,1
https://220volt.com.ua/ua/ibp-general-electric-vh-1500/,3,3,ge 1500,10,1
https://220volt.com.ua/preobrazovateli_chastoty_ustr_plavnogo_puska/preobrazovateli-chastoti/moshnost_chastotnika_1_1-10-kvt/,3,3,частотный преобразователь 10 квт,10,1
https://220volt.com.ua/ua/information/uslugi/montaj-ibp/,3,3,встановлення безперебійного живлення,10,1
https://220volt.com.ua/ibp-powercom-kin-625ap/,3,3,king 625,10,1
https://220volt.com.ua/akkumulyatornaya-batareya-ventura-gp-12-7/,3,3,аккумулятор gp 12 7,10,1
https://220volt.com.ua/nasos/nasosi-dlya-vodosnabzheniya/skvazhinnie-nasosi/vodolej/,3,3,vodoley pump,10,1
https://220volt.com.ua/generator-gazovij-greenpower-cc3000-lpg-ng-b/,3,3,ng b,10,1
https://220volt.com.ua/invertor-fronius-symo-10-0-3-m/,3,3,fronius 10kw inverter,10,1
https://220volt.com.ua/akkumulyatornaya-batareya-csb-hr1224wf2/,3,3,hr1224wf2,10,1
https://220volt.com.ua/information/proizvoditeli/teksan/,3,3,тексан каталог продукции,10,1
https://220volt.com.ua/avtomaticheskij-viklyuchatel-eaton-moeller-pkzm0-32-278489/,3,3,eaton pkzm0 32,10,1
https://220volt.com.ua/akkumulyatornaya-batareya-pylontech-us3000c-3-5-kvt-ch-48v-2/,3,3,pylontech 48v us3000c,10,1
https://220volt.com.ua/ua/akkumulyatornaya-batareya-ritar-ra12-40-12v-40-0ah/,3,3,ra12 40,10,1
https://220volt.com.ua/akkumulyatornaya-batareya-ritar-rt12200-12v-20-0ah/,3,3,ritar 12200,10,1
https://220volt.com.ua/ibp-apc-back-ups-rs-lcd-550-master-control/,3,3,back ups rs 550,10,1
https://220volt.com.ua/generator-benzinovij-werk-wpg-3600a/,3,3,3600a,10,1
https://220volt.com.ua/ibp-volter-ups-4000/,3,3,ups 4000va,10,1
https://220volt.com.ua/generator-dizel-nij-nik-dg6000/,3,3,dg6000,10,1
https://220volt.com.ua/motopompa-koshin-stv-80x/,3,3,stv 80x,10,1
https://220volt.com.ua/ua/ibp-ippon-innova-rt-2000/,3,3,innova 2000,10,1
https://220volt.com.ua/ua/ibp-powercom-war-500a/,3,3,ups powercom war 500a,10,1
https://220volt.com.ua/stabilizator/optimal_stab_kompressora/,3,3,стабилизатор для компрессора,10,1
https://220volt.com.ua/ua/akkumulyatornaya-batareya-ritar-rt1272-12v-7-2ah/,3,3,rt1272 battery,10,1
https://220volt.com.ua/ua/akkumulyatornaya-batareya-ritar-dc12-150-12v-150ah-9843/,3,3,ritar 150ah,10,1
https://220volt.com.ua/nasosnaya-stantsiya-speroni-marina-cam-80-22-hl/,3,3,насосная станция marina cam 80 22 hl,10,1
https://220volt.com.ua/news/ibp-dlya-televizora/,3,3,как подключить ибп к телевизору,10,1
https://220volt.com.ua/elektrika-i-svet/shitovoe/shchitovoe-oborudovanie.htm,3,3,электрощитовая продукция,10,1
https://220volt.com.ua/nasos/komplektuyushchie-dlya-vodosnabzheniya-i-vodootvedeniya.htm,3,3,220 вольт запчасти,10,1
https://220volt.com.ua/rele-napryazheniya-novatek-rnpp-311/,3,3,монитор напряжения рнпп 311,10,1
https://220volt.com.ua/nasos/nasosi-dlya-vodootvedeniya/gryaznoj-vodi.htm,3,3,дренажный насос 220 вольт,10,1
https://220volt.com.ua/ua/generator-gazovij-generac-6270-10kw/,3,3,generac 10kw,10,1
https://220volt.com.ua/information/uslugi/proektirovanie-elektrosnabzheniya/,3,3,заказать электропроект,10,1
https://220volt.com.ua/rele-kontrolya-napryazheniya-asko-rn-40a/,3,3,автоматическое реле напряжения рн 40,10,1
https://220volt.com.ua/generator-dizel-nij-nik-dg7500/,3,3,дизельный генератор nik,10,1
https://220volt.com.ua/generator-dizel-nij-gesan-dpbs-50-e-me/,3,3,дизель генератор gesan,10,1
https://220volt.com.ua/ua/istochniki-besperebojnogo-pitaniya/fort/,3,3,форт безперебійник,10,1
https://220volt.com.ua/ua/avtomaticheskij-viklyuchatel-eaton-moeller-pkzm0-16-046938/,3,3,pkzm0 16 moeller,10,1
https://220volt.com.ua/generator-benzinovij-invertornij-loncin-lc-2000-i/,3,3,loncin lc2000,10,1
https://220volt.com.ua/ua/avtomaticheskij-viklyuchatel-eaton-moeller-pkzm0-4-072737/,3,3,072737 eaton,10,1
https://220volt.com.ua/ibp-powercom-kin-525a/,3,3,powercom kin 525a,10,1
https://220volt.com.ua/news/sistemi-avtozapuska/,3,3,автоматический запуск генератора при отключении электричества,10,1
https://220volt.com.ua/akkumulyatornaya-batareya-csb-gp1245-0/,3,3,csb gp 1245 f2,10,1
https://220volt.com.ua/ibp-ippon-innova-rt-3000/,3,3,ippon innova rt 3000,10,1
https://220volt.com.ua/generator-benzinovij-nik-2700i/,3,3,2700i,10,1
https://220volt.com.ua/istochniki-besperebojnogo-pitaniya/makelsan/,3,3,ибп макелсан,10,1
https://220volt.com.ua/stabilizator-napryazheniya-volter-snpto-7-pt/,3,3,стабилизатор напряжения снпто 7,10,1
https://220volt.com.ua/nasosnaya-stantsiya-grundfos-jp-basic-3-pt-96150003/,3,3,grundfos jp basic 3 pt,10,1
https://220volt.com.ua/ibp-general-electric-vh-3000/,3,3,ge vh 3000 ups,10,1
https://220volt.com.ua/ua/generator-dizel-nij-palmera-pa950djk/,3,3,pa950djk,10,1
https://220volt.com.ua/news/generatori-dlya-piknika-viezda-na-prirodu/,3,3,генератор для пикника,10,1
https://220volt.com.ua/generator-benzinovij-matari-m8000e/,3,3,m8000e,10,1
https://220volt.com.ua/generator-benzinovij-miol-83-200/,3,3,генератор бензиновый miol 83 200,10,1
https://220volt.com.ua/avr-huter-dy5000lx-dy6500lx/,3,3,авр для бензогенератора huter dy5000lx dy6500lx,10,1
https://220volt.com.ua/generator-dizel-nij-matari-md16/,3,3,matari md16,10,1
https://220volt.com.ua/elektrika-i-svet/shitovoe/shchiti/iek/,3,3,iek щит пластиковый,10,1
https://220volt.com.ua/ua/generator-benzinovij-glendale-gp6500l-gee-1-0/,3,3,glendale gp6500l gee,10,1
https://220volt.com.ua/ibp-eaton-5px-2200-rt2u/,3,3,eaton spx 2200,10,1
https://220volt.com.ua/ua/stabilizator-napryazheniya-elim-ukraina-chat-1000/,2,1,снат,20,1
https://220volt.com.ua/ua/sirkover-tomzn-toq3-63-4p/,2,1,toq3 63 4p,20,1
https://220volt.com.ua/news/chto-takoe-perekidnoj-avtomat-dlya-generatora-i-kak-on-rabotaet/,2,1,автомат для подключения генератора,20,1
https://220volt.com.ua/ua/generator-dizel-nij-nik-dg7500/,2,1,nik dg7500,20,1
https://220volt.com.ua/ua/stabilizator/moshnost_stab_block_3/,2,1,стабілізатор напруги для пральної машини 3 квт,20,1
https://220volt.com.ua/ua/news/ges-v-mire-top-10-samyh-moschnyh-i-krasivyh-gidroelektrostantsij/,2,1,10 найпотужніших гес світу,20,1
https://220volt.com.ua/storage/catalog_products/156477/instruction/738.pdf,2,1,установка контроллера давления воды,20,1
https://220volt.com.ua/ua/generatory/tip_generatora_dizelni_ustanovki_dgu/,2,1,дгу купить,20,1
https://220volt.com.ua/solnechnaya-energetika/sistemy-avtonomnogo-osvescheniya.htm,2,1,система автономного освещения,20,1
https://220volt.com.ua/ua/rele-kontrolya-napryazheniya-volt-control-vc-01-40/,2,1,140,20,1
https://220volt.com.ua/avr-basic-socomec-63-160/,2,1,авр socomec,20,1
https://220volt.com.ua/stabilizator/moshnost_stab_block_13/,2,1,стабилизатор напряжения 13 квт,20,1
https://220volt.com.ua/ua/istochniki-besperebojnogo-pitaniya/exa-power/,2,1,exa power,20,1
https://220volt.com.ua/avtomaticheskij-viklyuchatel-eaton-moeller-pl4-c63-3/,2,1,293166,20,1
https://220volt.com.ua/nasos-tsirkulyatsionnij-sprut-lrs-25-6s-180/,2,1,sprut lrs 25 6s 180,20,1
https://220volt.com.ua/storage/catalog_products/127596/instruction/738.pdf,2,1,дизельный генератор forte fgd6500e инструкция,20,1
https://220volt.com.ua/ua/avtomaticheskij-viklyuchatel-eaton-moeller-pl4-c25-3-293162/,2,1,293162,20,1
https://220volt.com.ua/ua/akkumulyatornaya_batareya_ultracell_uxl9_12_agm_12v_9_ah_29378/,2,1,uxl9 12,20,1
https://220volt.com.ua/nasos/nasosi-dlya-vodosnabzheniya/tsirkulyatsionnie/sprut/,2,1,насос циркуляционный спрут,20,1
https://220volt.com.ua/magnitnij-puskatel-etal-pml-3100b-40a-220v/,2,1,магнитный пускатель 220в 40а,20,1
https://220volt.com.ua/ua/invertor-q-power-max-ii-8000/,2,1,inverter max power,20,1
https://220volt.com.ua/inverter/fronius/typearhetekturi_gibridnye;op_reshenie_solnecnye-invertory/,2,1,гибридный инвертор fronius,20,1
https://220volt.com.ua/akkumulatornie-batarei/dyness/,2,1,dyness акумулятор,20,1
https://220volt.com.ua/ua/avr-basic-socomec-63-160/,2,1,socomec авр,20,1
https://220volt.com.ua/generatory/material_alternatora_med/,2,1,инверторный генератор с медной обмоткой,20,1
https://220volt.com.ua/akkumulatornie-batarei/napryagenie_batarei_block_96/,2,1,аккумулятор 96 вольт,20,1
https://220volt.com.ua/news/podklyuchite-avr-k-generatoru-bez-problem/,2,1,установка авр на генератор,20,1
https://220volt.com.ua/solnechnaya-energetika/solnechnye-elektrostantsii/moshnost_set_stanc_8/,2,1,солнечная станция 8 квт,20,1
https://220volt.com.ua/ua/avtomaticheskij-viklyuchatel-zashchitnogo-otklyucheniya-promfaktor-azv-2-c40a-0-03/,2,1,азв 2,20,1
https://220volt.com.ua/ua/stabilizator/optimal_stab_ulitsy-morozostojkie/,2,1,стабілізатор напруги вуличний,20,1
https://220volt.com.ua/stabilizator/moshnost_stab_block_0_8/,2,1,стабилизатор напряжения 800 вт,20,1
https://220volt.com.ua/ua/invertor-lorenz-electric-li-800s/,2,1,lorenz electric лі 800с,20,1
https://220volt.com.ua/ua/generator-benzinovij-honda-eu30is/,2,1,honda eu30is generator,20,1
https://220volt.com.ua/stabilizator/optimal_stab_solnechnyh-sistem/,2,1,стабилизатор напряжения для солнечной панели,20,1
https://220volt.com.ua/inverter/moshn_invert_plitka_1.5/,2,1,инвертор на 1 5 квт,20,1
https://220volt.com.ua/ua/preobrazovatel-chastoti-invt-gd20-004g-4/,2,1,gd 20,20,1
https://220volt.com.ua/ua/ibp-ritar-rtm1500-proxima-d/,2,1,ritar rtm1500,20,1
https://220volt.com.ua/nasos-skvazhinnij-needle-80ndl-2-5-17/,2,1,насос needle 80ndl,20,1
https://220volt.com.ua/ua/ibp-logicpower-lpm-psw-500/,2,1,lpm psw 500va,20,1
https://220volt.com.ua/stabilizator/optimal_stab_holodil-nika/,2,1,напруга холодильника,20,1
https://220volt.com.ua/ua/akkumulyatornaya-batareya-merlion-agm-gp1240m11-12-v-40-ah-6016/,2,1,gp12400m6,20,1
https://220volt.com.ua/ua/elektrika-i-svet/nizkovoltnoe-oborudovanie/puskateli-kontaktori/komandokontrolleri.htm,2,1,командоконтролер,20,1
https://220volt.com.ua/sistema-ibp-dlya-doma-multiplus-ii-48-5000-70-50/,2,1,victron multiplus ii 48 5000 gx,20,1
https://220volt.com.ua/ua/ibp-ritar-rtsw-600-12v-q4/,2,1,ritar 600,20,1
https://220volt.com.ua/information/proizvoditeli/aquatica/,2,1,насосы акватика каталог,20,1
https://220volt.com.ua/ua/solnechnaya-energetika/solnechnye-elektrostantsii/nalichie_akkumulyatora_da/,2,1,сонячна електростанція з акумулятором,20,1
https://220volt.com.ua/ua/inverter/moshn_invert_plitka_1.5/,2,1,1 5 kw inverter,20,1
https://220volt.com.ua/ua/portativnaya_elektrostanciya_ecolife_ps_3000/,2,1,ps 3000,20,1
https://220volt.com.ua/akkumulyatornaya-batareya-challenger-a12-200/,2,1,аккумулятор challenger a12 200,20,1
https://220volt.com.ua/ua/generator-benzinovij-iron-angel-eg4000ie/,2,1,iron angel eg4000ie,20,1
https://220volt.com.ua/generator-dizel-nij-forte-fgd6500e3/,2,1,fgd6500e3,20,1
https://220volt.com.ua/generatory/tip_gaza_generatora_magistralnyj-prirodnyj-gaz/,2,1,электрогенератор на природном газе,20,1
https://220volt.com.ua/ua/generatory/tip_alternatora_asinhronnyj/,2,1,безщітковий генератор,20,1
https://220volt.com.ua/ibp-eaton-5130-3000-va/,2,2,eaton 5130,10,1
https://220volt.com.ua/generator-dizel-nij-tmg-power-dg7500me/,2,2,tmg power dg7500me,10,1
https://220volt.com.ua/news/chto-otobrazhaet-emkost-akkumulyatora-i-kak-ee-izmerit/,2,2,как измерить ампер часы в аккумуляторе,10,1
https://220volt.com.ua/ua/stabilizator-napryazheniya-volter-snpto-11-pt/,2,2,снпто 11,10,1
https://220volt.com.ua/ibp-challenger-homepro-3000-s/,2,2,3000 s,10,1
https://220volt.com.ua/elektrika-i-svet/nizkovoltnoe-oborudovanie/puskateli-kontaktori/puskateli/kontakti_puskat_1no-1nz/,2,2,магнитный пускатель с дополнительными контактами,10,1
https://220volt.com.ua/avtomaticheskij-viklyuchatel-promfaktor-av2000-3r-d-80a-10ka/,2,2,автоматический выключатель ав 2000,10,1
https://220volt.com.ua/information/proizvoditeli/arm-start/,2,2,armstart,10,1
https://220volt.com.ua/nasos/nasosi-dlya-vodosnabzheniya/nasosnie-ustanovki/ebara/,2,2,насосные станции ebara,10,1
https://220volt.com.ua/ibp-powercom-vgd-1000-rm-1u/,2,2,vgd 1000 rm,10,1
https://220volt.com.ua/ua/generator-gazovij-generac-6269-8kw/,2,2,generac guardian 8kw,10,1
https://220volt.com.ua/motopompa-koshin-sth-50x/,2,2,sth 50x,10,1
https://220volt.com.ua/ua/blok-parallel-nogo-podklyucheniya-pylontech-lv-hub-bol-she-8-akb/,2,2,pylontech hub,10,1
https://220volt.com.ua/otvertka-probnik-iek-op-2e/,2,2,tpr20,10,1
https://220volt.com.ua/nasos-tsirkulyatsionnij-sprut-gpd-8-8-400-dn40/,2,2,sprut gpd 8 8 400 dn40,10,1
https://220volt.com.ua/rele-elektroteplovoe-eaton-moeller-zb32-16-278452/,2,2,278452,10,1
https://220volt.com.ua/ua/akkumulyatornaya-batareya-ritar-ra12-55-12v-55-0ah/,2,2,ra12 55,10,1
https://220volt.com.ua/ua/generator-invertornij-itc-power-gg20i-6807071/,2,2,itc power gg20i,10,1
https://220volt.com.ua/ibp-eaton-9130-1500-va/,2,2,ибп eaton 9130 1500,10,1
https://220volt.com.ua/akkumulyatornaya-batareya-ritar-rt1250-12v-5-0ah/,2,2,rt1250,10,1
https://220volt.com.ua/generator-invertornij-itc-power-gg20i-6807071/,2,2,генератор itc power gg20i,10,1
https://220volt.com.ua/invertor-kstar-ksg-3-sm/,2,2,kstar ksg 3k sm,10,1
https://220volt.com.ua/ua/ibp-riello-vst-1100/,2,2,riello vst 1100,10,1
https://220volt.com.ua/generator-benzinovij-forte-fg9000e/,2,2,генератор форте 9000е,10,1
https://220volt.com.ua/ua/generator-benzinovij-sdmo-ranger-2500/,2,2,sdmo 2500 generator,10,1
https://220volt.com.ua/ua/inverter/victron-energy/,2,2,инвертор energy,10,1
https://220volt.com.ua/motopompa-stark-wp80/,2,2,мотопомпа stark wp 80,10,1
https://220volt.com.ua/ua/tajmer-analogovij-sutochnij-16a-1-pereklyuchaemij-kontakt-hager-eh110/,2,2,eh110,10,1
https://220volt.com.ua/ibp-eaton-5px-3000-rt3u/,2,2,5px3000,10,1
https://220volt.com.ua/generator-dizel-nij-pramac-s15000/,2,2,s15000,10,1
https://220volt.com.ua/generator-dizel-nij-matari-md120/,2,2,md 120,10,1
https://220volt.com.ua/elektrika-i-svet/nizkovoltnoe-oborudovanie/ogranichiteli-perenapryazheniya/napryagenie_v_ogranichitelyah_220_v/,2,2,ограничитель напряжения 220,10,1
https://220volt.com.ua/ibp-eaton-9130-2000-va/,2,2,eaton 9130 2kva,10,1
https://220volt.com.ua/differentsial-nij-avtomat-iek-avdt-32-s16-16-0-03a-6ka/,2,2,дифференциальный автомат iek 16а,10,1
https://220volt.com.ua/ibp-powercom-smk-1500a-lcd-rm/,2,2,smk 1500a,10,1
https://220volt.com.ua/ua/ibp-general-electric-vh-1000/,2,2,ge vh 1000,10,1
https://220volt.com.ua/avr-basic-3f-63-63/,2,2,avr basic,10,1
https://220volt.com.ua/differentsial-noe-rele-eaton-moeller-pf6-40-4-003-286508/,2,2,pf6 40 4 03,10,1
https://220volt.com.ua/ua/avr-matari-ats-40/,2,2,matari ats 40,10,1
https://220volt.com.ua/zaryadnoe-ustrojstvo-deca-smart-1115/,2,2,deca smart 1115,10,1
https://220volt.com.ua/akkumulyatornaya-batareya-yuasa-swl-1800/,2,2,yuasa swl 1800,10,1
https://220volt.com.ua/ibp-riello-sdl-5000/,2,2,riello sdl 5000,10,1
https://220volt.com.ua/ua/ibp-powercom-vgd-1000/,2,2,vgd 1000,10,1
https://220volt.com.ua/ibp-europower-europower-psw-ep5000wm24/,2,2,europower psw ep5000wm24,10,1
https://220volt.com.ua/ua/ibp-riello-vsd-3000/,2,2,vsd 3000,10,1
https://220volt.com.ua/ibp-challenger-homeline-2000w24/,2,2,homeline 2000w24,10,1
https://220volt.com.ua/akkumulyatornaya-batareya-ventura-gpl-12-200/,2,2,акб ventura gpl 12 200,10,1
https://220volt.com.ua/ua/ibp-ritar-rt-10kl-lcd-1189/,2,2,rt 10kl lcd,10,1
https://220volt.com.ua/avtomaticheskij-viklyuchatel-eaton-moeller-pl6-c6-3-286598/,2,2,c6 3,10,1
https://220volt.com.ua/avtonomnaya-solnechnaya-stantsiya-na-5kvt/,2,2,автономная солнечная панель,10,1
https://220volt.com.ua/ibp-challenger-homepro-3000/,2,2,challenger 3000,10,1
https://220volt.com.ua/information/proizvoditeli/startmaster/,2,2,стартмастер,10,1
https://220volt.com.ua/avtomaticheskij-viklyuchatel-eaton-moeller-pkzm0-2-5-072736/,2,2,moeller pkzm0 2.5,10,1
https://220volt.com.ua/preobrazovatel-chastoti-invt-gd20-2r2g-4/,2,2,invt gd20 2r2g 4,10,1
https://220volt.com.ua/ua/invertor-q-power-axpert-max-3600-24-230-3600vt-24v/,2,2,q power axpert max 3600 24,10,1
https://220volt.com.ua/elektrika-i-svet/nizkovoltnoe-oborudovanie/puskateli-kontaktori/puskateli/napr_katushki_kont_i_puskateli_110/,2,2,пускатель 110 в,10,1
https://220volt.com.ua/ibp-powercom-bnt-400a/,2,2,powercom bnt 400,10,1
https://220volt.com.ua/generator-dizel-nij-pramac-p11000/,2,2,pramac p11000,10,1
https://220volt.com.ua/stabilizator-napryazheniya-ortea-vega-400-15-25/,2,2,стабилизаторы напряжения vega,10,1
https://220volt.com.ua/istochniki-besperebojnogo-pitaniya/indikatsiya_ibp_led-indikatsiya/,2,2,led ups,10,1
https://220volt.com.ua/preobrazovatel-chastoti-invt-gd100-004g-4/,2,2,gd100 004g 4,10,1
https://220volt.com.ua/ua/generator-benzinovij-europower-ep13500te/,2,2,europower ep13500te,10,1
https://220volt.com.ua/ibp-eaton-9130-3000-va-0/,2,2,pw9130,10,1
https://220volt.com.ua/akkumulyatornaya-batareya-yuasa-swl-750/,2,2,swl 750,10,1
https://220volt.com.ua/elektrika-i-svet/nizkovoltnoe-oborudovanie/rele-tajmeri-fotokontrolleri/rele/teplovie_rele/iek/,2,2,рти иэк,10,1
https://220volt.com.ua/akkumulyatornaya-batareya-ritar-rt12140-12v-14-0ah/,2,2,ritar rt12140,10,1
https://220volt.com.ua/elektrika-i-svet/nizkovoltnoe-oborudovanie/viklyuchateli-knopki-pereklyuchateli.htm,2,2,кнопки управления и переключатели,10,1
https://220volt.com.ua/generator-invertornij-weekender-3600pro/,2,2,weekender pro3600i,10,1
https://220volt.com.ua/elektrika-i-svet/nizkovoltnoe-oborudovanie/ustrojstva-zashchitnogo-otklyucheniya-uzo-difavtomati/polusa_v_uzo_4/,2,2,узо 4 полюсное,10,1
https://220volt.com.ua/generator-gazovij-generac-6270-10kw/,2,2,generac 10k,10,1
https://220volt.com.ua/news/vibiraem-zaryadnie-ustrojstva/,2,2,чем отличается зарядное устройство от пуско зарядного,10,1
https://220volt.com.ua/news/pravilnoe-tehnicheskoe-obsluzhivanie-generatora/,2,2,обслуживание генераторных установок,10,1
https://220volt.com.ua/ua/generator-dizel-nij-matari-md30/,2,2,matari md 30,10,1
https://220volt.com.ua/invertor-logicpower-lpy-s-psw-3000va/,2,2,lpy c psw 3000va,10,1
https://220volt.com.ua/invertor-setevoj-fronius-symo-advanced-200-3-m/,2,2,fronius symo advanced,10,1
https://220volt.com.ua/ibp-victron-energy-multiplus-12-3000-120-50/,2,2,3000/120,10,1
https://220volt.com.ua/rele_nizkogo_davleniya_npo_lp3/,2,2,реле низкого давления воды,10,1
https://220volt.com.ua/nasos/nasosi-dlya-vodosnabzheniya/skvazhinnie-nasosi/zash_nas_est/,2,2,скважинный насос с защитой от сухого хода,10,1
https://220volt.com.ua/elektrika-i-svet/nizkovoltnoe-oborudovanie/ogranichiteli-perenapryazheniya/iek/,2,2,ограничитель перенапряжения iek,10,1
https://220volt.com.ua/stabilizator/moshnost_stab_block_24/,2,2,стабилизатор напряжения на 24 квт,10,1
https://220volt.com.ua/ibp-riello-sep-1500/,2,2,riello sep 1500,10,1
https://220volt.com.ua/avtomaticheskij-viklyuchatel-eaton-moeller-pl6-c6-1-286530/,2,2,c6 1,10,1
https://220volt.com.ua/ua/motopompa-daishin-swt-80hx/,2,2,daishin swt 80hx,10,1
https://220volt.com.ua/news/kak-umenshit-shum-ot-generatora-metody-zvukoizolyatsii-i-vybor-tihih-modelej/,2,2,громко работает генератор,10,1
https://220volt.com.ua/generator-benzinovij-patriot-srge-6500e/,2,2,patriot srge 6500e,10,1
https://220volt.com.ua/news/solnechnie-kollektori-v-sistemah-otopleniya/,2,2,обогрев теплицы солнечным коллектором,10,1
https://220volt.com.ua/ua/generatory/medialine/,2,2,media line генератор,10,1
https://220volt.com.ua/stabilizator-napryazheniya-ortea-vega-1000-20/,2,2,стабилизатор ortea vega,10,1
https://220volt.com.ua/ua/ibp-stark-country-1000-online/,2,2,stark country online 1000,10,1
https://220volt.com.ua/ua/elektrika-i-svet/nizkovoltnoe-oborudovanie/ustrojstva-zashchitnogo-otklyucheniya-uzo-difavtomati/napryagenie_v_uzo_220_v/,2,2,узо 220в,10,1
https://220volt.com.ua/istochniki-besperebojnogo-pitaniya/powercom/,2,2,ибп powercom цена,10,1
https://220volt.com.ua/ua/generatory/greenpower/,2,2,газовый генератор green power,10,1
https://220volt.com.ua/news/top-10-proektov-s-ispolzovaniem-solnechnyh-panelej-v-mire/,2,2,проект использование солнечной энергии,10,1
https://220volt.com.ua/news/ustrojstvo-generatora/,2,2,строение генератора,10,1
https://220volt.com.ua/generator-benzinovij-agt-6501-msbe/,2,2,agt 6501 msbe,10,1
https://220volt.com.ua/ua/akkumulyatornaya-batareya-ritar-dg12-40-12v-40ah-2518/,2,2,ritar dg12 40,10,1
https://220volt.com.ua/ua/ibp-powercom-war-400a-schuko/,2,2,ибп powercom war 400a,10,1
https://220volt.com.ua/invertor-lorenz-electric-li-1000s/,2,2,1000с,10,1
https://220volt.com.ua/akkumulyatornaya-batareya-yuasa-npw36-12-06366/,2,2,npw36,10,1
https://220volt.com.ua/ua/ibp-ritar-online-rt-2kl-lcd-rec-2000va-3705/,2,2,rt 2kl lcd,10,1
https://220volt.com.ua/elektrika-i-svet/nizkovoltnoe-oborudovanie/puskateli-kontaktori/puskateli/napr_katushki_kont_i_puskateli_380-400/,2,2,пускатель магнитный 380в,10,1
https://220volt.com.ua/generator-benzinovij-sdmo-ineo-2000/,2,2,ineo 2000,10,1
https://220volt.com.ua/generator-benzinovij-sdmo-sh-7500-t/,2,2,sdmo sh 7500,10,1
https://220volt.com.ua/nasos/nasosi-dlya-vodosnabzheniya/tsentrobezhnie/wilo/,2,2,насос поверхностный wilo,10,1
https://220volt.com.ua/information/uslugi/montaj-ibp/,2,2,установка бесперебойника цена,10,1
https://220volt.com.ua/kontroller-zaryada-victron-energy-bluesolar-mppt-150-70-tr/,2,2,mppt 70 15,10,1
https://220volt.com.ua/nasos-drenazhnij-rudes-drp-5-550/,2,2,rudes drp 5 550,10,1
https://220volt.com.ua/ua/nasos-poverhnostnij-grundfos-jp-basic-4-96121752/,2,2,basic 4,10,1
https://220volt.com.ua/nasos/nasosi_dlya_fontanov_i_prudov/sprut/,2,2,насосы для фонтанов спрут,10,1
https://220volt.com.ua/akkumulyatornaya-batareya-siap-6-gel-105/,2,2,6105,10,1
https://220volt.com.ua/nasos/nasosi-dlya-vodosnabzheniya/skvazhinnie-nasosi.htm,2,2,скважинный насос 220 вольт,10,1
https://220volt.com.ua/ua/differentsial-nij-avtomat-iek-avdt-32-s25-25-0-03a-6ka/,2,2,авдт32 с25,10,1
https://220volt.com.ua/akkumulyatornaya-batareya-ritar-ra12-55-12v-55-0ah/,2,2,mh28539,10,1
https://220volt.com.ua/ua/zaryadnoe-ustrojstvo-deca-sm-1270-230-50-60/,2,2,deca 1270,10,1
https://220volt.com.ua/avtomaticheskij-viklyuchatel-eaton-moeller-pkzm0-6-3-072738/,2,2,072738 eaton,10,1
https://220volt.com.ua/ua/ibp-ritar-rtp500-standby-l/,2,2,ritar rtp500,10,1
https://220volt.com.ua/nasos/motopompi/stark/,2,2,мотопомпа stark,10,1
https://220volt.com.ua/ua/generator-benzinovij-forte-fg8000ea/,2,2,forte fg8000ea,10,1
https://220volt.com.ua/preobrazovateli_chastoty_ustr_plavnogo_puska/preobrazovateli-chastoti/moshnost_chastotnika_20_1-50-kvt/,2,2,частотник 20 квт,10,1
https://220volt.com.ua/ibp-kstar-ua300/,2,2,kstar ua300,10,1
https://220volt.com.ua/avtomaticheskij-viklyuchatel-eaton-moeller-plht-c63-3-248038/,2,2,plht c63 3,10,1
https://220volt.com.ua/ibp-challenger-homepro-1000-h-12/,2,2,challenger homepro 1000 h 12,10,1
https://220volt.com.ua/ua/ibp-riello-sdh-3000-er-bez-batarej/,2,2,sdh 3000 er,10,1
https://220volt.com.ua/generator-gazovij-generac-6271-13kw/,2,2,generac ohvi,10,1
https://220volt.com.ua/rele-kontrolya-napryazheniya-asko-rn-s-40a-super/,2,2,реле контроля напряжения рн s 40а,10,1
https://220volt.com.ua/motopompa-daishin-swt-50hx/,2,2,мотопомпа daishin swt 50hx,10,1
https://220volt.com.ua/news/pravila-podbora-drenazhnih-nasosov/,2,2,производительность дренажного насоса,10,1
https://220volt.com.ua/ua/istochniki-besperebojnogo-pitaniya/victron-energy/,2,2,victron ups,10,1
https://220volt.com.ua/avtomaticheskij-viklyuchatel-eaton-moeller-pl6-c16-3/,2,2,eaton pl6 c16 3,10,1
https://220volt.com.ua/generatory/maksimalnaya_moschnost_block_0_8/,2,2,бензогенератор 800 вт,10,1
https://220volt.com.ua/invertor-q-power-max-ii-8000/,2,2,power max 2,10,1
https://220volt.com.ua/generatory/greenpower/,2,2,купить газовый генератор green power,10,1
https://220volt.com.ua/ua/invertor-q-power-axpert-vm-iv-5600/,2,2,q power axpert vm iv 5600,10,1
https://220volt.com.ua/news/pravilnaya-ekspluatatsiya-tsentrobezhnogo-nasosa/,2,2,эксплуатация центробежного насоса,10,1
https://220volt.com.ua/generatory/firman/,2,2,firman генераторы производитель,10,1
https://220volt.com.ua/ibp-europower-psw-ep3000wm24-2135/,2,2,psw ep3000wm24,10,1
https://220volt.com.ua/ua/akkumulyatornaya-batareya-ritar-dg12-200-12v-200ah-2185/,2,2,ritar 200ah,10,1
https://220volt.com.ua/nasos/nasosi-dlya-vodootvedeniya/fekalnih-stokov.htm,2,2,фекальный насос 220 вольт,10,1
https://220volt.com.ua/nasos/motopompi/koshin/,2,2,мотопомпа koshin цена,10,1
https://220volt.com.ua/ua/generator-dizel-nij-stark-dg-6500-le/,2,2,dgs 6500,10,1
https://220volt.com.ua/ua/adapter-s-zashchitnim-otklyucheniem-iek-uzo-dpa16-16-0-03a/,2,2,узо дпа16,10,1
https://220volt.com.ua/generatory/tip_generatora_ot-vala-otbora-moshchnosti/,2,2,генератор от вом трактора цена,10,1
https://220volt.com.ua/ua/ibp-challenger-homepro-3000/,2,2,challenger homepro 3000,10,1
https://220volt.com.ua/istochniki-besperebojnogo-pitaniya/uotformnaprahenia_approksimirovannaya-sinusoida/,2,2,аппроксимированная синусоида для насоса,10,1
https://220volt.com.ua/ibp-eaton-5e650i-650-va/,2,2,eaton 650i,10,1
https://220volt.com.ua/ibp-challenger-homeline-800t12/,2,2,challenger homeline 800t12,10,1
https://220volt.com.ua/generator-benzinovij-vulkan-sc13000-iii/,2,2,vulkan sc13000 iii,10,1
https://220volt.com.ua/ibp-powercom-vgd-2000-rm-2u/,2,2,2000 rm,10,1
https://220volt.com.ua/generator-dizel-nij-stark-dg-6500-le/,2,2,генератор дизельный stark dg 6500 le,10,1
https://220volt.com.ua/instrument-dlya-snyatiya-obolochki-s-kabelya-iek-sok-5/,2,2,tpg 5,10,1
https://220volt.com.ua/information/proizvoditeli/pishchepromavtomatika/,2,2,пищепромавтоматика одесса стабилизаторы,10,1
https://220volt.com.ua/ua/akkumulyatornaya-batareya-csb-gp672/,2,2,csb gp 672,10,1
https://220volt.com.ua/akkumulatornie-batarei/bmseco/,2,2,эко батарея,10,1
https://220volt.com.ua/generator-dizel-nij-fg-wilson-p250h-2-0/,2,2,p250h,10,1
https://220volt.com.ua/ua/akkumulyatornaya-batareya-merlion-gl1290f2-12-v-9ah-3248/,2,2,gl1290f2,10,1
https://220volt.com.ua/stabilizator-napryazheniya-sinpro-oberig-sn-250/,2,2,стабилизатор напряжения сн 250,10,1
https://220volt.com.ua/ibp-riello-vsd-2200/,2,2,riello vsd 2200,10,1
https://220volt.com.ua/akkumulyatornaya-batareya-csb-ups12360/,2,2,ups 12360,10,1
https://220volt.com.ua/generator-dizel-nij-dalgakiran-dj-4000-dg-e/,2,2,dalgakiran dj 4000 dg-e,10,1
https://220volt.com.ua/ibp-powercom-war-400a-schuko/,2,2,war 400a,10,1
https://220volt.com.ua/soputstvuushie_tovari.htm,2,2,сопутствующие товары примеры,10,1
https://220volt.com.ua/ua/akkumulyatornaya-batareya-yuasa-npl-65-12/,2,2,yuasa npl65 12i,10,1
https://220volt.com.ua/zaryadnoe-ustrojstvo-deca-sm-1270-230-50-60/,2,2,deca sm 1270 evo,10,1
https://220volt.com.ua/generator-benzinovij-briggs-stratton-handy-gen-2500a/,2,2,handygen 2500a,10,1
https://220volt.com.ua/elektrika-i-svet/nizkovoltnoe-oborudovanie/avtomati/modulnie-avtomaticheskie-viklyuchateli/nazn_mod_avt_vikl_dlya-tsepej-postoyannogo-toka-dc-/,2,2,автоматические выключатели dc,10,1
https://220volt.com.ua/ibp-eaton-9130-5000-va/,2,2,eaton 9130 5000,10,1
https://220volt.com.ua/generator-benzinovij-stark-psg-6500el-profi/,2,2,генератор stark psg 6500el,10,1
https://220volt.com.ua/avtomaticheskij-viklyuchatel-ae-2044-20a-1r-5ka/,2,2,автомат ае 2044,10,1
https://220volt.com.ua/generator-benzinovij-miol-83-800/,2,2,83800,10,1
https://220volt.com.ua/invertor-victron-energy-phoenix-inverter-ve-direct-12-250/,2,2,victron phoenix 12 250,10,1
https://220volt.com.ua/nasos/nasosi-dlya-vodootvedeniya/fekalnih-stokov/moshnost_nasosa_fekalnogo_do-5/,2,2,насос фекальный мощный,10,1
https://220volt.com.ua/stabilizator-napryazheniya-powercom-tca-2000/,2,2,powercom tca 2000 цена,10,1
https://220volt.com.ua/setevaya-solnechnaya-stantsiya-40-kvt-220volt/,2,2,станция 40,10,1
https://220volt.com.ua/ua/generator-benzinovij-huter-dy-6500-l/,2,2,huter dy6500l,10,1
https://220volt.com.ua/generator-dizel-nij-fg-wilson-p275h-2-0/,2,2,p275h 2,10,1
https://220volt.com.ua/nasos/nasosi-dlya-vodosnabzheniya/tsirkulyatsionnie/diametr_patrub_nas_2/,2,2,циркуляционный насос 2,10,1
https://220volt.com.ua/ibp-ritar-rtp1000-proxima-l/,2,2,rtp 1000,10,1
https://220volt.com.ua/elektrika-i-svet/nizkovoltnoe-oborudovanie/rele-tajmeri-fotokontrolleri/rele/teplovie_rele/moeller/,2,2,реле moeller,10,1
https://220volt.com.ua/ibp-apc-sua2200i/,2,2,sua2200i цена,10,1
https://220volt.com.ua/elektrika-i-svet/nizkovoltnoe-oborudovanie/ustrojstva-zashchitnogo-otklyucheniya-uzo-difavtomati/tok_utechki_0-01-a/,2,2,купить узо 10 ма,10,1
https://220volt.com.ua/generator-benzinovij-sdmo-phoenix-3000/,2,2,sdmo phoenix 3000,10,1
https://220volt.com.ua/solnechnaya-energetika/solnechnye-invertory/huawei/,2,2,солнечные инверторы huawei,10,1
https://220volt.com.ua/ua/ibp-powercom-kin-525a/,2,2,kin 525a,10,1
https://220volt.com.ua/ua/akkumulyatornaya-batareya-csb-ups12360/,2,2,ups 12360 6 f2f1,10,1
https://220volt.com.ua/ibp-ippon-back-comfo-pro-600-black/,2,2,back comfo pro,10,1
https://220volt.com.ua/generator-dizel-nij-matari-md30/,2,2,md30,10,1
https://220volt.com.ua/ua/avtomaticheskij-viklyuchatel-eaton-moeller-pl6-c16-1/,2,2,moeller c16,10,1
https://220volt.com.ua/solnechnaya-energetika/solnechnye-elektrostantsii/tip_stantsii_stantsii-dlya-avtonomnoj-raboty/,2,2,автономная электростанция цена,10,1
https://220volt.com.ua/ua/istochniki-besperebojnogo-pitaniya/voltaj_batarei_36-v/,2,2,ups 36v,10,1
https://220volt.com.ua/generator-benzinovij-europower-ep6500t/,2,2,europower ep6500t,10,1
https://220volt.com.ua/elektrika-i-svet/nizkovoltnoe-oborudovanie/ustrojstva-zashchitnogo-otklyucheniya-uzo-difavtomati/promfaktor/,2,2,купить узо и дифавтомат,10,1
https://220volt.com.ua/generator-dizel-nij-forte-fgd6500ew/,2,2,forte fgd6500ew,10,1
https://220volt.com.ua/generatory/tip_ustanovki_statsionarnie/,2,2,стационарный генератор для дома,10,1
https://220volt.com.ua/akkumulyatornaya-batareya-csb-gp12170b1/,2,2,csb gp12170b1,10,1
https://220volt.com.ua/magnitnij-puskatel-etal-pml-1100b-10a-220v/,2,2,магнитный пускатель 10а,10,1
https://220volt.com.ua/avtomaticheskij-viklyuchatel-eaton-moeller-pl6-b10-1/,2,2,286519,10,1
https://220volt.com.ua/akkumulatornie-batarei/tip_elementa_litij-ionnie/,2,2,литиево ионные аккумуляторы купить,10,1
https://220volt.com.ua/generatory/osnaschenie_generatora_vyhod-postoyannogo-toka-12-v/,2,2,генератор постоянного тока 220 вольт,10,1
https://220volt.com.ua/stabilizator/optimal_stab_amerikanskoj-tehniki-100-volt/,2,2,стабилизатор напряжения 110 вольт,10,1
https://220volt.com.ua/ua/akkumulyatornaya-batareya-csb-gpl121000-12v-100ah-3406/,2,2,csb battery 100ah,10,1
https://220volt.com.ua/stabilizator-napryazheniya-strum-str-300/,2,2,струм стр 300,10,1
https://220volt.com.ua/stabilizator/moshnost_stab_block_30/,2,2,стабилизатор напряжения 30000,10,1
https://220volt.com.ua/storage/catalog_products/146642/instruction/738.pdf,2,2,delta vfd el настройка,10,1
https://220volt.com.ua/generatory/osnaschenie_generatora_distantsionnym-s-pulta/,2,2,инверторный генератор с дистанционным запуском,10,1
https://220volt.com.ua/ibp-riello-vsd-1500/,2,2,riello vsd 1500,10,1
https://220volt.com.ua/akkumulyatornaya-batareya-yuasa-swl-2500/,2,2,swl 2500,10,1
https://220volt.com.ua/ua/nasos-poverhnostnij-ebara-jem-120/,2,2,ebara 120,10,1
https://220volt.com.ua/generator-gazovij-generac-5821-14kw/,2,2,generac 14kw,10,1
https://220volt.com.ua/ua/invertor-exa-power-exa-l-1kva/,2,2,exa l,10,1
https://220volt.com.ua/elektrika-i-svet/nizkovoltnoe-oborudovanie/ustrojstva-zashchitnogo-otklyucheniya-uzo-difavtomati/schneider/tok_v_uzo_63-a/,2,2,диф автомат 63а schneider,10,1
https://220volt.com.ua/ibp-sinpro-180-s310/,2,2,ибп sinpro 180,10,1
https://220volt.com.ua/nasos/nasosi-dlya-vodosnabzheniya/skvazhinnie-nasosi/ebara/,2,2,скважинный насос ebara,10,1
https://220volt.com.ua/sdvoennie-knopki-eaton-moeller-m22-ddl-gr-x1-x0-k11-230-w/,2,2,m22 ddl gr x1 x0 k11 230 w,10,1
https://220volt.com.ua/transformator-osm-1-0-063-220-12-5/,2,2,трансформатор осм 063,10,1
https://220volt.com.ua/news/montaj-avr-generac/,2,2,авр generac,10,1
https://220volt.com.ua/istochniki-besperebojnogo-pitaniya/victron-energy/,2,2,ups victron,10,1
https://220volt.com.ua/storage/catalog_products/150395/instruction/738.pdf,2,2,генератор generac инструкция,10,1
https://220volt.com.ua/ibp-fort-fx25/,2,2,fx 25,10,1
https://220volt.com.ua/news/zaryazhaem-akkumulyator/,2,2,зарядка аккумулятора 220 вольт,10,1
https://220volt.com.ua/akkumulyatornaya-batareya-csb-gp672/,2,2,gp 672,10,1
https://220volt.com.ua/stabilizator/moshnost_stab_block_5/,2,2,стабилизатор 220 5 квт,10,1
https://220volt.com.ua/stabilizator-napryazheniya-volt-eco-7000/,2,2,eco 7000,10,1
https://220volt.com.ua/avtomaticheskij-viklyuchatel-eaton-moeller-pl6-c4-1-286529/,2,2,pl6 c4 1,10,1
https://220volt.com.ua/generator-benzinovij-sadko-gps-8500e/,2,2,генератор sadko gps 8500e,10,1
https://220volt.com.ua/information/proizvoditeli/volter/,2,2,вольтер донецк,10,1
https://220volt.com.ua/nasos-dlya-fontana-sprut-fsp-1843/,2,2,sprut fsp 1843,10,1
https://220volt.com.ua/information/uslugi/soglasovanie-v-energosnabzhayushchih-organizatsiyah/,2,2,согласование проектов электроснабжения,10,1
https://220volt.com.ua/ua/generator-benzinovij-itc-power-gg10000let-6813619/,2,2,itc power gg10000let,10,1
https://220volt.com.ua/akkumulyatornaya-batareya-ritar-ra12-33-12v-33-0ah/,2,2,ritar ra12 33,10,1
https://220volt.com.ua/ua/generator-dizel-nij-matari-md16/,2,2,md 16,10,1
https://220volt.com.ua/ua/invertor-fronius-symo-5-0-3-m/,2,2,fronius symo 5 3 m,10,1
https://220volt.com.ua/nasos/motopompi/daishin/,2,2,мотопомпа дайшин,10,1
https://220volt.com.ua/ua/ibp-powercom-kin-425ap/,2,2,kin 425ap,10,1
https://220volt.com.ua/ibp-stark-country-3000-online/,2,2,stark country 3000 online,10,1
https://220volt.com.ua/ua/akkumulyatornaya-batareya-ritar-dc12-200-12v-200ah/,2,2,ritar dc12 200,10,1
https://220volt.com.ua/akkumulyatornaya-batareya-yuasa-np4-12/,2,2,np4 12,10,1
https://220volt.com.ua/avtomaticheskij-viklyuchatel-eaton-moeller-pkzm0-25-046989/,2,2,46989,10,1
https://220volt.com.ua/generator-dizel-nij-dalgakiran-dj-750-dd/,2,2,dj750,10,1
https://220volt.com.ua/news/setevoj-filtr-ili-ibp-chto-luchshe/,2,2,сетевой фильтр или ибп,10,1
https://220volt.com.ua/rele-elektroteplovoe-eaton-moeller-zb12-4-278438/,2,2,278438,10,1
https://220volt.com.ua/elektrika-i-svet/nizkovoltnoe-oborudovanie/ustrojstva-zashchitnogo-otklyucheniya-uzo-difavtomati/tip_uzo_difrele/,2,2,дифреле цена,10,1
https://220volt.com.ua/ua/akkumulyatornaya-batareya-ritar-dc12-120-12v-120ah-8224/,2,2,ritar dc12 120,10,1
https://220volt.com.ua/elektrika-i-svet/nizkovoltnoe-oborudovanie/ustrojstva-zashchitnogo-otklyucheniya-uzo-difavtomati/iek/,2,2,узо иэк цена,10,1
https://220volt.com.ua/ibp-powercom-imd-525ap/,2,2,powercom imd 525ap,10,1
https://220volt.com.ua/zaryadnie-ustrojstva.htm,2,2,зарядное устройство устройство,10,1
https://220volt.com.ua/akkumulyatornaya-batareya-ritar-dg12-200-12v-200ah-2185/,2,2,dg12 200,10,1
https://220volt.com.ua/generator-benzinovij-stark-2500-eco/,2,2,генератор stark 2500 eco,10,1
https://220volt.com.ua/avtomaticheskij-viklyuchatel-eaton-moeller-pkzm4-50-222355/,2,2,eaton pkzm4 50,10,1
https://220volt.com.ua/ua/ibp-riello-sdl-3300/,2,2,riello sdl 3300,10,1
https://220volt.com.ua/ua/akkumulyatornaya-batareya-yuasa-swl-1100/,2,2,yuasa swl 1100,10,1
https://220volt.com.ua/ua/generator-benzinovij-loncin-lc-3500-as/,2,2,loncin lc 3500 as,10,1
https://220volt.com.ua/ibp-europower-psw-epb500tw12-14820/,2,2,psw epb500tw12,10,1
https://220volt.com.ua/avtomaticheskij-viklyuchatel-eaton-moeller-pkzm0-0-63-072733/,2,2,pkzm0 0 63,10,1
https://220volt.com.ua/ibp-altek-axl-1200-1000w-15a/,2,2,altek axl 1200,10,1
https://220volt.com.ua/akkumulyatornaya-batareya-ritar-rt645-6v-4-5ah/,2,2,rt645 battery,10,1
https://220volt.com.ua/generator-dizel-nij-matari-md25/,2,2,md25,10,1
https://220volt.com.ua/kontaktor-iek-km-25-40-ac-dc/,2,2,км25 40,10,1
https://220volt.com.ua/generatory/tip_generatora_invertornie_generatori/,2,2,купить инверторный генератор дизельный,10,1
https://220volt.com.ua/ua/generator-benzinovij-huter-dy-8000-lx/,2,2,huter 8000,10,1
https://220volt.com.ua/ua/ibp-powercom-kin-625ap/,2,2,powercom kin 625ap,10,1
https://220volt.com.ua/ua/generator-benzinovij-genpower-gbg-5500/,2,2,gbg 5500,10,1
https://220volt.com.ua/nasosnaya-stantsiya-grundfos-jp-basic-4-pt/,2,2,grundfos jp basic 4pt,10,1
https://220volt.com.ua/akkumulyatornaya-batareya-ritar-rt12260-12v-26-0ah/,2,2,ritar rt12260,10,1
https://220volt.com.ua/istochniki-besperebojnogo-pitaniya/kstar/,2,2,kstar ибп,10,1
https://220volt.com.ua/stabilizator-napryazheniya-volt-eco-6000/,2,2,вольт eco 6000,10,1
https://220volt.com.ua/nasos-skvazhinnij-needle-90ndl-3-5-21/,2,2,насос needle 90ndl,10,1
https://220volt.com.ua/generator-benzinovij-matari-m7000e/,2,2,генератор матари м7000е,10,1
https://220volt.com.ua/storage/catalog_products/127591/instruction/738.pdf,2,2,генератор форте 2500 инструкция,10,1
https://220volt.com.ua/ua/akkumulyatornaya-batareya-pylontech-us3000c-3-5-kvt-ch-48v-2/,2,2,pylontech 3000c,10,1
https://220volt.com.ua/akkumulyatornaya-batareya-vipow-lifepo4-12-8v-8ah-s-elementami-li-ion-18673/,2,2,12v 8ah lifepo4 battery,10,1
https://220volt.com.ua/generator-benzinovij-fogo-fv-15000-tre/,2,2,fogo fv 15000 tre,10,1
https://220volt.com.ua/motopompa-daishin-swt-80hx/,2,2,бензиновая мотопомпа daishin swt 80hx,10,1
https://220volt.com.ua/ua/solnechnaya-energetika/solnechnye-invertory/fronius/,2,2,fronius pv inverter,10,1
https://220volt.com.ua/akkumulyatornaya-batareya-vipow-lifepo4-12-8v-10ah-s-elementami-li-ion-18674/,2,2,12v 10ah lithium battery,10,1
https://220volt.com.ua/news/kak-proverit-kachestvo-elektroenergii-v-seti-metody-i-pribory/,2,2,проверка электричества,10,1
https://220volt.com.ua/ua/shchit-naruzhnij-raspredelitel-nij-eti-ect-24-pt-1101003/,1,1,24 pt,10,1
https://220volt.com.ua/generator-dizel-nij-fg-wilson-p50-1s-0/,1,1,fg wilson p50 1,10,1
https://220volt.com.ua/ua/stabilizator-napryazheniya-ukrtehnologiya-nsn-20000-infinity/,1,1,infinity 20000,10,1
https://220volt.com.ua/storage/catalog_products/154673/instruction/738.pdf,1,1,погружной насос инструкция по эксплуатации,10,1
https://220volt.com.ua/ua/stabilizator-napryazheniya-ukrtehnologiya-universal-ultra-9000/,1,1,ultra 9000,10,1
https://220volt.com.ua/ua/0-172835/,1,1,63l,10,1
https://220volt.com.ua/ua/puskatel-p6-113/,1,1,п6 123,10,1
https://220volt.com.ua/avtomaticheskij-viklyuchatel-abb-sh201-b16-2cds211001r0165/,1,1,sh201 b16,10,1
https://220volt.com.ua/ua/akkumulyatornaya-batareya-tyagovaya-merlion-6-dzm-32-12v-32ah-m5-16726/,1,1,6 dzm 32,10,1
https://220volt.com.ua/ua/akkumulyatornaya-batareya-challenger-a12-65/,1,1,challenger а12 65,10,1
https://220volt.com.ua/elektrika-i-svet/nizkovoltnoe-oborudovanie/avtomati/silovie-avtomati/promfaktor/,1,1,промфактор цена,10,1
https://220volt.com.ua/generator-dizel-nij-gesan-dpas-25e-ab/,1,1,gesan dpas 25 e,10,1
https://220volt.com.ua/nasos-drenazhnij-aquatica-xks-250p-773125/,1,1,etalon xks 250p,10,1
https://220volt.com.ua/ua/generator-benzinovij-huter-ht-950-a/,1,1,huter ht 950 a,10,1
https://220volt.com.ua/kontaktor-silovoe-rele-hager-esc-125-230v-25a-1n-o/,1,1,esc 25a,10,1
https://220volt.com.ua/dopolnitel-nij-kontakt-abb-hk4-11-1sam401901r1001/,1,1,1sam401901r1001,10,1
https://220volt.com.ua/storage/catalog_products/127592/instruction/738.pdf,1,1,генератор forte fg3800 инструкция,10,1
https://220volt.com.ua/sistema_bespereboinogo_pitaniya_ecoflow_power_get_set_kit_2_kwh/,1,1,ups 2 kwh,10,1
https://220volt.com.ua/generator-dizel-nij-fg-wilson-p200-2/,1,1,fg wilson p200 2,10,1
https://220volt.com.ua/generator-benzinovij-miol-83-250/,1,1,miol 83 250,10,1
https://220volt.com.ua/motopompa-hitachi-a160e/,1,1,мотопомпа hitachi a160e,10,1
https://220volt.com.ua/generator-dizel-nij-wattstream-ws150-ps-o/,1,1,ws150,10,1
https://220volt.com.ua/generator-benzinovij-sdmo-sh-7500-te-s/,1,1,sdmo sh 7500 te,10,1
https://220volt.com.ua/istochniki-besperebojnogo-pitaniya/voltaj_batarei_120-v/,1,1,ups 120v,10,1
https://220volt.com.ua/stabilizator-napryazheniya-logicpower-lph-2500rl/,1,1,lp lph 2500rl,10,1
https://220volt.com.ua/ua/ibp-powercom-mas-2000/,1,1,mas 2000,10,1
https://220volt.com.ua/solnechnaya-energetika/solnechnye-elektrostantsii/faznost_rele_kontr_napr_3/,1,1,солнечная электростанция 380 вольт,10,1
https://220volt.com.ua/ua/akkumulyatornaya-batareya-ventura-vg-12-9-gel/,1,1,ventura vg 12 9,10,1
https://220volt.com.ua/generatory/material_alternatora_alyuminij/,1,1,генератор с алюминиевой обмоткой,10,1
https://220volt.com.ua/benzinovij-generator-alen-bmer-10000-1/,1,1,bmer,10,1
https://220volt.com.ua/akkumulatornie-batarei/everexeed/,1,1,аккумуляторная батарея everexceed,10,1
https://220volt.com.ua/ua/akkumulyatornaya-batareya-everexceed-dp-12200/,1,1,everexceed dp 12200,10,1
https://220volt.com.ua/ibp-riello-dvd-3000/,1,1,dvd 3000,10,1
https://220volt.com.ua/elektrika-i-svet/nizkovoltnoe-oborudovanie/puskateli-kontaktori/puskateli/kontakty_puskateli_1no-1nz/,1,1,1но,10,1
https://220volt.com.ua/storage/catalog_products/153766/instruction/738.pdf,1,1,режим green mode,10,1
https://220volt.com.ua/ua/generator-benzinovij-matari-m3800e/,1,1,matari m3800e,10,1
https://220volt.com.ua/kontaktor-otkritij-eaton-moeller-dilm-225-22-ra250/,1,1,dilm225,10,1
https://220volt.com.ua/ua/preobrazovatel-chastoti-delta-electronics-vfd4a8ms21afsaa/,1,1,vfd4a8ms21afsaa,10,1
https://220volt.com.ua/generator-benzinovij-dalgakiran-dj-5500-bg-e/,1,1,dalgakiran dj 5500 bg e,10,1
https://220volt.com.ua/akkumulyatornaya-batareya-everexceed-modular-max-range-mr-2-300/,1,1,mr range,10,1
https://220volt.com.ua/nasos-tsirkulyatsionnij-sprut-gpd-15-12a/,1,1,sprut gpd 15 12а,10,1
https://220volt.com.ua/akkumulyatornaya-batareya-logicpower-lp-mg-26/,1,1,mg26,10,1
https://220volt.com.ua/generator-dizel-nij-hertz-hg-55-rc/,1,1,hg55,10,1
https://220volt.com.ua/ibp-kstar-udc9103s/,1,1,udc9103s,10,1
https://220volt.com.ua/invertor-sma-sunny-tripower-10000tl/,1,1,sma tripower 10kw,10,1
https://220volt.com.ua/generator-benzinovij-fogo-fh-8000-r/,1,1,8000 r,10,1
https://220volt.com.ua/ua/portativnaya_zaryadnaya_stanciya_life_ps_3000/,1,1,life 3000,10,1
https://220volt.com.ua/akkumulyatornaya-batareya-trojan-t105-plus/,1,1,t105 plus,10,1
https://220volt.com.ua/ibp-ritar-rtsw-600-12v-q4/,1,1,ritar rtsw 600 характеристики,10,1
https://220volt.com.ua/ua/ibp-riello-sdh-1500/,1,1,sdh 1500,10,1
https://220volt.com.ua/avtomaticheskij-viklyuchatel-eaton-moeller-pl6-c10-3/,1,1,pl6 c10 3,10,1
https://220volt.com.ua/ua/ibp-powercom-vgd-10k-rm-chain-6u/,1,1,vgd 10k,10,1
https://220volt.com.ua/information/proizvoditeli/greenpower/,1,1,генератор газовый green power,10,1
https://220volt.com.ua/ua/generatory/hitachii/,1,1,hitachi generator,10,1
https://220volt.com.ua/information/proizvoditeli/matari/,1,1,matari кто производитель,10,1
https://220volt.com.ua/ua/ibp-mhpower-mpu-1200-12/,1,1,mh power mpu 1200 12,10,1
https://220volt.com.ua/nasos-skvazhinnij-aquatica-fsp750-25-772602/,1,1,fsp750,10,1
https://220volt.com.ua/nasos/nasosi-dlya-vodosnabzheniya/tsirkulyatsionnie/napor_nasos_10_1-20/,1,1,циркуляционный насос 10,10,1
https://220volt.com.ua/ua/akkumulyatornaya-batareya-challenger-a12-150/,1,1,challenger 150,10,1
https://220volt.com.ua/ua/stabilizator-napryazheniya-logicpower-lph-2500rv/,1,1,logicpower lph 2500rv,10,1
https://220volt.com.ua/ua/generator-benzinovij-glendale-gp7500l-gee-3-0/,1,1,gee 3,10,1
https://220volt.com.ua/nasosnaya-stantsiya-sprut-aumrs3-50l-ua/,1,1,насосная станция спрут отзывы,10,1
https://220volt.com.ua/ibp-ritar-rtp500-standby-l/,1,1,standby ups,10,1
https://220volt.com.ua/akkumulyatornaya-batareya-csb-ups12580/,1,1,csb ups 12580,10,1
https://220volt.com.ua/stabilizator-napryazheniya-dia-n-sn-600-h/,1,1,стабилизатор напряжения сн 600,10,1
https://220volt.com.ua/ua/generator_dizelnii_fogo_fd_125_i_st/,1,1,fd125,10,1
https://220volt.com.ua/storage/catalog_products/138545/instruction/738.pdf,1,1,jcb st14 5jp,10,1
https://220volt.com.ua/generator_dizelnii_fogo_fd_125_i_st/,1,1,fd 125,10,1
https://220volt.com.ua/ua/ibp-elim-ukraina-pnk-12-800/,1,1,12 / 800,10,1
https://220volt.com.ua/ua/generatory/maksimalnaya_moschnost_block__15/,1,1,15 кіловатний генератор,10,1
https://220volt.com.ua/ua/akkumulyatornaya-batareya-csb-gp12200/,1,1,gp12200,10,1
https://220volt.com.ua/generator-dizel-nij-gesan-dvas-140e-ab/,1,1,gesan dvas 140e,10,1
https://220volt.com.ua/ua/ibp-powercom-wow-300/,1,1,powercom wow 300,10,1
https://220volt.com.ua/teplij-pol-devi-dvuzhil-nij-tonkij-mat-devicomfort-dtir-150-685vt-0-5x10/,1,1,0 5x10,10,1
https://220volt.com.ua/puskatel-p6-122/,1,1,п6 122,10,1
https://220volt.com.ua/ua/razedinitel-rsh-vsh-30-25a-380v/,1,1,вш30 в а 25 380,10,1
https://220volt.com.ua/news/energeticheskaya-bezopasnost-kak-ukraina-obnovlyaet-svoyu-energeticheskuyu-infrastrukturu-i-tehnologii/,1,1,энергетическая безопасность украины,10,1
https://220volt.com.ua/stabilizator-napryazheniya-powercom-ar-5k-lcd/,1,1,5k lcd,10,1
https://220volt.com.ua/ua/stabilizator-napryazheniya-lorenz-electric-ls-10000t/,1,1,ls 10000,10,1
https://220volt.com.ua/generatory/honda/,1,1,генератор бензиновый honda цена,10,1
https://220volt.com.ua/ua/generator-dizel-nij-aksa-ajd-33/,1,1,aksa ajd 33,10,1
https://220volt.com.ua/elektrika-i-svet/nizkovoltnoe-oborudovanie/puskateli-kontaktori/puskateli/ispolnenie_puskateley_v-obolochke/,1,1,контакторы в оболочке,10,1
https://220volt.com.ua/ibp-voltitronic-innova-rt-2k/,1,1,innova rt 2k,10,1
https://220volt.com.ua/ua/akkumulyatornaya-batareya-bb-battery-bs-17-12-fr/,1,1,bs bb,10,1
https://220volt.com.ua/nasos-poverhnostnij-grundfos-jp-4-47-99458767/,1,1,jp 4 47,10,1
https://220volt.com.ua/information/proizvoditeli/victron-energy/,1,1,victron energy производитель,10,1
https://220volt.com.ua/ua/ibp-ritar-rtsw-500-led-12v-q4-9562/,1,1,ритар 500,10,1
https://220volt.com.ua/istochniki-besperebojnogo-pitaniya/invt/,1,1,ибп invt,10,1
https://220volt.com.ua/ua/ibp-ippon-back-comfo-pro-600-black/,1,1,back comfo pro 600,10,1
https://220volt.com.ua/ua/nasos-dlya-fontana-sprut-fst-110/,1,1,fst 110,10,1
https://220volt.com.ua/ua/generator-benzinovij-genmac-combiplus-g15000heo/,1,1,genmac combiplus,10,1
https://220volt.com.ua/avtomaticheskij-viklyuchatel-eaton-moeller-pl6-c10-2/,1,1,pl6 c10 2,10,1
https://220volt.com.ua/generator-dizel-nij-cummins-c900-d5/,1,1,c900d5,10,1
https://220volt.com.ua/generator-benzinovij-sdmo-ineo-3000/,1,1,sdmo ineo 3000,10,1
https://220volt.com.ua/generator-benzinovij-fogo-fh-3001/,1,1,генератор fogo fh 3001 отзывы,10,1
https://220volt.com.ua/akkumulyatornaya-batareya-ritar-rt655-6v-5-5ah-8210/,1,1,rt655,10,1
https://220volt.com.ua/ua/ibp-kstar-ubr10/,1,1,kstar ubr10,10,1
https://220volt.com.ua/zaryadnoe-ustrojstvo-victron-energy-orion-tr-smart-12-12-30a-360w-non-isolated-ori121236140/,1,1,victron orion 30a,10,1
https://220volt.com.ua/ua/akkumulyatornaya-batareya-csb-tpl-121250/,1,1,121250,10,1
https://220volt.com.ua/differentsial-noe-rele-eaton-moeller-pf4-25-2-003-293167/,1,1,pf4 25 2 003,10,1
https://220volt.com.ua/ua/stabilizator/quant/,1,1,квант купить,10,1
https://220volt.com.ua/ua/portativnaya_zaryadnaya_stanciya_life_ps_2000/,1,1,life 2000,10,1
https://220volt.com.ua/generator-dizel-nij-gesan-dpas-65e-ab/,1,1,gesan dpas 65 e,10,1
https://220volt.com.ua/generator-benzinovij-forte-fg6500ew/,1,1,forte fg6500ew,10,1
https://220volt.com.ua/ua/akkumulyatornaya-batareya-merlion-gl12650m6/,1,1,merlion gl12650m6,10,1
https://220volt.com.ua/ua/elektromagnit-mis-2100/,1,1,мис 2100,10,1
https://220volt.com.ua/ua/transformator-upp-utos-osm-1-0-1-220-36/,1,1,осм 0.1,10,1
https://220volt.com.ua/ua/ibp-borri-galileo-rt-3000va/,1,1,borri galileo,10,1
https://220volt.com.ua/generator-gazovij-generac-sg-120/,1,1,sg 120,10,1
https://220volt.com.ua/invertor-victron-energy-phoenix-inverter-12-3000/,1,1,victron phoenix 3000,10,1
https://220volt.com.ua/elektrika-i-svet/nizkovoltnoe-oborudovanie/ustrojstva-zashchitnogo-otklyucheniya-uzo-difavtomati/tip_uzo_difavtomati/,1,1,диф автомат 220 вольт,10,1
https://220volt.com.ua/ua/generator-benzinovij-generac-gp2600/,1,1,gp 2600,10,1
https://220volt.com.ua/akkumulyator_lp_lifepo4_hvm_3584v_160ah_57344_wh_24746/,1,1,lps 358,10,1
https://220volt.com.ua/generator-benzinovij-honda-eu70isn-gt/,1,1,honda gx 70,10,1
https://220volt.com.ua/ibp-powercom-imd-425ap/,1,1,imd 425ap,10,1
https://220volt.com.ua/ibp-stark-country-10000-online/,1,1,stark country 10000 online,10,1
https://220volt.com.ua/generator-dizel-nij-dalgakiran-dj-510-dd/,1,1,dd 510,10,1
https://220volt.com.ua/ua/generator-dizel-nij-wattstream-ws250-ws/,1,1,ws250,10,1
https://220volt.com.ua/akkumulyatornaya-batareya-everexceed-st-12100/,1,1,everexceed st 12100,10,1
https://220volt.com.ua/elektrika-i-svet/nizkovoltnoe-oborudovanie/avtomati/modulnie-avtomaticheskie-viklyuchateli.htm,1,1,модульные автоматические выключатели купить,10,1
https://220volt.com.ua/ua/benzinovij-invertornij-generator-utool-uig-2000/,1,1,utool uig 2000,10,1
https://220volt.com.ua/ua/akkumulyatornaya-batareya-challenger-a12-55/,1,1,challenger a12 55,10,1
https://220volt.com.ua/ua/ibp-ritar-rtp1200-proxima-d/,1,1,ritar rtp1200 proxima d,10,1
https://220volt.com.ua/preobrazovatel-chastoti-invt-gd100-2r2g-4/,1,1,gd100 2r2g 4,10,1
https://220volt.com.ua/ua/nasos-drenazhnij-sprut-mzs-600/,1,1,mzs 600,10,1
https://220volt.com.ua/ibp-kstar-ua80/,1,1,ua 80,10,1
https://220volt.com.ua/razryadnik-obo-bettermann-combicontroller-v50-b-c-3-280-5093627/,1,1,obo combicontroller,10,1
https://220volt.com.ua/rele-elektroteplovoe-eaton-moeller-zb12-6-278439/,1,1,zb12 6,10,1
https://220volt.com.ua/ua/ibp-ritar-rtswrl-600-12312/,1,1,ritar rtswrl 600,10,1
https://220volt.com.ua/ua/stabilizator-napryazheniya-strum-snto-7-12-home/,1,1,снто,10,1
https://220volt.com.ua/razvetvitel-asko-161205-chernij/,1,1,161205,10,1
https://220volt.com.ua/ibp-apc-smart-ups-rt-2000va-surt2000xli/,1,1,surt2000xli купить,10,1
https://220volt.com.ua/nasos/nasosi-dlya-vodosnabzheniya/skvazhinnie-nasosi/diametr_76/,1,1,насос глубинный диаметр 76,10,1
"https://220volt.com.ua/differentsial-nij-avtomat-iek-avdt-32-s16-16-0-03a-6ka/#:~:text=%D0%90%D0%B2%D1%82%D0%BE%D0%BC%D0%B0%D1%82%D0%B8%D1%87%D0%B5%D1%81%D0%BA%D0%B8%D0%B5%20%D0%B2%D1%8B%D0%BA%D0%BB%D1%8E%D1%87%D0%B0%D1%82%D0%B5%D0%BB%D0%B8%20%D0%B4%D0%B8%D1%84%D1%84%D0%B5%D1%80%D0%B5%D0%BD%D1%86%D0%B8%D0%B0%D0%BB%D1%8C%D0%BD%D0%BE%D0%B3%D0%BE%20%D1%82%D0%BE%D0%BA%D0%B0%20%D0%90%D0%92%D0%94%D0%A232,%D0%BE%D1%82%20%D0%BF%D0%B5%D1%80%D0%B5%D0%B3%D1%80%D1%83%D0%B7%D0%BA%D0%B8%20%D0%B8%20%D0%BA%D0%BE%D1%80%D0%BE%D1%82%D0%BA%D0%BE%D0%B3%D0%BE%20%D0%B7%D0%B0%D0%BC%D1%8B%D0%BA%D0%B0%D0%BD%D0%B8%D1%8F.",1,1,автоматические выключатели дифференциального тока авдт 32,10,1
https://220volt.com.ua/ibp-ritar-e-rtm500-elf-l-9815/,1,1,ritar e rtm500,10,1
https://220volt.com.ua/magnitnij-puskatel-etal-pml-1501b-10a-42v-revers/,1,1,реверс пускатель,10,1
https://220volt.com.ua/elektromagnit-mis-1200/,1,1,мис 1200,10,1
https://220volt.com.ua/ua/information/proizvoditeli/q-power/,1,1,power q,10,1
https://220volt.com.ua/ua/akkumulatornie-batarei/emkost_ab_block_9/,1,1,ah 9,10,1
https://220volt.com.ua/ibp-n-power-mega-vision-1000lt/,1,1,1000lt,10,1
https://220volt.com.ua/stabilizator-napryazheniya-ferumina-status-15000l/,1,1,15000l,10,1
https://220volt.com.ua/solnechnaya-energetika/kontrollery-zaryada.htm,1,1,контроллер инвертор для солнечных батарей,10,1
https://220volt.com.ua/ua/generator-benzinovij-sdmo-ineo-1000/,1,1,ineo 1000,10,1
https://220volt.com.ua/stabilizator-napryazheniya-volter-snpto-7-pts/,1,1,снпто 7 птс,10,1
https://220volt.com.ua/akkumulyatornaya-batareya-yuasa-swl-4250/,1,1,yuasa swl 4250,10,1
https://220volt.com.ua/ibp-gemix-eg650-shucko/,1,1,eg650,10,1
https://220volt.com.ua/preobrazovatel-chastoti-invt-gd20-1r5g-s2/,1,1,gd20 1r5g s2,10,1
https://220volt.com.ua/indikator-napryazheniya-zubr-glaz-v3/,1,1,индикатор глаз,10,1
https://220volt.com.ua/ua/akkumulyatornaya-batareya-bms-eco-battery-e-wall-10-kvt/,1,1,battery 10,10,1
https://220volt.com.ua/ibp-elim-ukraina-inpo-36-1000/,1,1,361000,10,1
https://220volt.com.ua/akkumulyatornaya-batareya-csb-hr1290w/,1,1,csb hr1290w,10,1
https://220volt.com.ua/generatory/tip_generatora_gazovie_generatori;maksimalnaya_moschnost_block__30/,1,1,газовый генератор 30 квт цена,10,1
https://220volt.com.ua/ua/rele-tajmer-sutochnij-abb-at1-r-2csm204215r0601/,1,1,abb at1 r,10,1
https://220volt.com.ua/stabilizator-napryazheniya-gemix-gmx-500/,1,1,стабилизатор напряжения gemix gmx 500,10,1
https://220volt.com.ua/akkumulyatornaya-batareya-ventura-gpl-12-40/,1,1,аккумулятор ventura gpl 12-40,10,1
https://220volt.com.ua/ua/avtomaticheskij-zapusk-generatora/arm-start/,1,1,авр arm start,10,1
https://220volt.com.ua/ibp-ritar-rtp1500-proxima-d/,1,1,ritar rtp1500,10,1
https://220volt.com.ua/ua/stabilizator-napryazheniya-ukrtehnologiya-nsn-7500-norma-n/,1,1,n 7500,10,1
https://220volt.com.ua/akkumulyatornaya-batareya-ritar-rt640-6v-4ah-8208/,1,1,ritar rt640,10,1
https://220volt.com.ua/ua/akkumulyatornaya-batareya-ritar-ra12-45-12v-45ah-8223/,1,1,ra12 45,10,1
https://220volt.com.ua/generator-benzinovij-honda-eu10it1-g/,1,1,генератор honda eu101k1 g,10,1
https://220volt.com.ua/ua/ibp-cover-core-3tl/,1,1,3tl,10,1
https://220volt.com.ua/ua/generatory/optimal_gen_sveta/,1,1,генератор на світлі,10,1
https://220volt.com.ua/storage/catalog_products/146921/instruction/738.pdf,1,1,invt gd100 инструкция,10,1
https://220volt.com.ua/nasos-tsirkulyatsionnij-nasosi-plus-oborudovanie-bps-25-4esa-180/,1,1,4esa,10,1
https://220volt.com.ua/generator-dizel-nij-fg-wilson-p13-5-6-0/,1,1,fg wilson p13 5 4,10,1
https://220volt.com.ua/ua/zaryadnoe-ustrojstvo-aktion-zu-12-3000/,1,1,зу 3000,10,1
https://220volt.com.ua/elektrika-i-svet/nizkovoltnoe-oborudovanie/dopolnitelnoe-oborudovanie-k-modulnoj-tehnike/kontakti.htm,1,1,доп контакт на автомат,10,1
https://220volt.com.ua/ua/generatory/tip_dvigatelya_generatora_takt_2-taktnye/,1,1,двотактний бензиновий генератор,10,1
https://220volt.com.ua/ibp-mhpower-mpu-1200-12/,1,1,mhpower mpu 1200 12,10,1
https://220volt.com.ua/ua/akkumulyatornaya-batareya-siap-6-gel-105/,1,1,siap 6 gel 105,10,1
https://220volt.com.ua/generator-benzinovij-miol-83-300/,1,1,miol 83 300,10,1
https://220volt.com.ua/preobrazovatel-chastoti-invt-gd100-5r5g-4/,1,1,gd100 5r5g 4 pv,10,1
https://220volt.com.ua/ibp-eaton-9sx-11000i-rt6u/,1,1,rt6u,10,1
https://220volt.com.ua/akkumulyatornaya-batareya-siap-pzs-4-aph-620/,1,1,4 pzs 620,10,1
https://220volt.com.ua/wi-fi-rozetka-tajmer-tm644w/,1,1,wifi timer,10,1
https://220volt.com.ua/ibp-powercom-vgs-3000/,1,1,vgs 3000,10,1
https://220volt.com.ua/ua/generatory/optimal_gen_kotla/,1,1,генератор на котел,10,1
https://220volt.com.ua/ua/generator-benzinovij-stark-psg-3500l-pro/,1,1,stark psg 3500l profi,10,1
https://220volt.com.ua/generator-benzinovij-fogo-fv-13000-te/,1,1,fogo fv 13000 te,10,1
https://220volt.com.ua/ua/invertor-victron-energy-multiplus-c-12-2000-80-30/,1,1,multiplus compact 12 2000,10,1
https://220volt.com.ua/ua/ibp-powercom-ptm-650ap-schuko/,1,1,ptm 650ap,10,1
https://220volt.com.ua/avtomaticheskij-viklyuchatel-schneider-electric-easy9-2p-20a-har-ka-c-4-5ka-ez9f34220/,1,1,2p 20a,10,1
https://220volt.com.ua/ua/ibp-powercom-vgd-3000-rm-2u/,1,1,vgd 3000 rm,10,1
https://220volt.com.ua/kontaktor-otkritij-eaton-moeller-dilm-150-239588/,1,1,moeller dilm,10,1
https://220volt.com.ua/preobrazovatel-chastoti-invt-gd20-0r4g-s2/,1,1,gd20 0r4g s2,10,1
https://220volt.com.ua/stabilizator-napryazheniya-volter-snpto-5-5-pt/,1,1,снпто-5 5,10,1
https://220volt.com.ua/ibp-powercom-bnt-600ap-usb/,1,1,bnt 600ap характеристики,10,1
https://220volt.com.ua/ua/ibp-exa-power-1000-rts/,1,1,rts 1000,10,1
https://220volt.com.ua/nasos-poverhnostnij-aquatica-acm60-775262/,1,1,acm60,10,1
https://220volt.com.ua/stabilizator-napryazheniya-eleks-amper-16-1-40a-t-9000-v2-0/,1,1,элекс ампер 16 1 40а т 9000 v2 0,10,1
https://220volt.com.ua/korpus-metallicheskij-eaton-moeller-cs-64-200-111693/,1,1,cs 64 200,10,1
https://220volt.com.ua/ua/generator-benzinovij-matari-s7990e/,1,1,matari s7990e,10,1
https://220volt.com.ua/ua/generator-dizel-nij-genpower-gpr-23/,1,1,gpr23,10,1
https://220volt.com.ua/ua/ibp-powercom-tur-1000ap-usb-tel/,1,1,usb tel,10,1
https://220volt.com.ua/ua/generator-benzinovij-matari-s8990e/,1,1,matari s8990e,10,1
https://220volt.com.ua/akkumulyatornaya-batareya-yuasa-npw45-12/,1,1,mpw45 12,10,1
https://220volt.com.ua/generator-traktornij-agrovolt-av-38/,1,1,av 38,10,1
https://220volt.com.ua/korpus-metallicheskij-iek-shchu-1-1-0-74-u1/,1,1,mkm51 n 01 54,10,1
https://220volt.com.ua/invertornij-generator-werk-ig-1000/,1,1,1000 ig,10,1
https://220volt.com.ua/ua/zaryadnoe-ustrojstvo-victron-energy-orion-tr-smart-24-24-17-400w-isolated-ori242440120/,1,1,ori242440120,10,1
https://220volt.com.ua/stabilizator-napryazheniya-sinpro-oberig-sn-200/,1,1,стабилизатор сн 200,10,1
https://220volt.com.ua/avtomaticheskij-viklyuchatel-eaton-moeller-pl6-c10-1/,1,1,eaton c10,10,1
https://220volt.com.ua/stabilizator/moshnost_stab_block_0_5/,1,1,стабилизатор 500 вт цена,10,1
https://220volt.com.ua/ua/ibp-ritar-rtm1000-proxima-d/,1,1,ritar rtm1000,10,1
https://220volt.com.ua/generator-benzinovij-kruzer-th-2500/,1,1,th2500,10,1
https://220volt.com.ua/ua/stabilizator-napryazheniya-volter-snpto-7-pt/,1,1,снпто 7,10,1
https://220volt.com.ua/stabilizator/moshnost_stab_block_45/,1,1,стабилизатор 45 квт,10,1
https://220volt.com.ua/nasos/nasosi-dlya-vodootvedeniya/fekalnih-stokov/napor_nasos_20_1-30/,1,1,дренажный насос напор 20 м,10,1
https://220volt.com.ua/ua/ibp-riello-mct-mst-15/,1,1,mst 15,10,1
https://220volt.com.ua/ua/ibp-riello-mst-30/,1,1,mst 30,10,1
https://220volt.com.ua/akkumulyatornaya-batareya-yuasa-swl-2250/,1,1,yuasa swl2250,10,1
https://220volt.com.ua/ua/avtomaticheskij-viklyuchatel-eaton-moeller-pl6-c6-1-286530/,1,1,moeller pls6,10,1
https://220volt.com.ua/stabilizator/moshnost_stab_block_4/,1,1,стабилизатор напряжения 4000 вт,10,1
https://220volt.com.ua/elektrika-i-svet/nizkovoltnoe-oborudovanie/svetosignalnaya-apparatura/iek/,1,1,лампа сигнальная 220в иэк,10,1
https://220volt.com.ua/avtomaticheskij-viklyuchatel-eaton-moeller-pl7-c40-3-263413/,1,1,pl7 c40 3,10,1
https://220volt.com.ua/ua/akkumulyatornaya-batareya-ventura-vg-12-26-gel/,1,1,ventura vg 12 26 gel,10,1
https://220volt.com.ua/kontaktor-abb-en25-40n-06-1sae232111r0640/,1,1,en25 40n 06,10,1
https://220volt.com.ua/solnechnaya-energetika/solnechnye-invertory/kaco/,1,1,kaco powador inverter,10,1
https://220volt.com.ua/ibp-riello-sdh-2200/,1,1,sdh 2200,10,1
https://220volt.com.ua/akkumulyatornaya-batareya-merlion-agm-gp1290f2-12-v-9-ah/,1,1,merlion agm 12 v 9 ah,10,1
https://220volt.com.ua/akkumulyatornaya-batareya-victron-energy-lifepo4-battery-ecolife-lf48-100/,1,1,victron battery 48v,10,1
https://220volt.com.ua/generator-dizel-nij-fullpower-gf-13/,1,1,gf 13,10,1
https://220volt.com.ua/ibp-powercom-vgd-6000/,1,1,vgd 6000,10,1
https://220volt.com.ua/invertor-sma-sunny-tripower-17000tl-10/,1,1,sma stp 17000tl,10,1
https://220volt.com.ua/nasos-drenazhno-fekal-nij-sprut-v-250f/,1,1,дренажно фекальный насос sprut v 250f,10,1
https://220volt.com.ua/avtomaticheskij-viklyuchatel-eaton-moeller-pl6-c6-2-286564/,1,1,pl6 c6 2,10,1
https://220volt.com.ua/avtomaticheskij-viklyuchatel-eaton-moeller-pkzm01-12-278485/,1,1,pkzm01 12,10,1
https://220volt.com.ua/ibp-fort-barkas-g1/,1,1,форт баркас g1,10,1
https://220volt.com.ua/zaryadnoe-ustrojstvo-aktion-zu-12-3000/,1,1,зарядное устройство астро зу 3000,10,1
https://220volt.com.ua/information/uslugi/montaj/,1,1,бензиновая генераторная установка,10,1
https://220volt.com.ua/ua/generator-benzinovij-tayo-ty3800bw-blue/,1,1,tayo blue,10,1
https://220volt.com.ua/ibp-riello-sdl-3300/,1,1,sdl 3300,10,1
https://220volt.com.ua/generator-benzinovij-daishin-sea3000ha/,1,1,daishin sea3000ha,10,1
https://220volt.com.ua/akkumulatornie-batarei/tip_elementa_litij-margantsevie/,1,1,литий марганцевые аккумуляторы,10,1
https://220volt.com.ua/generator-invertornyj-bison-bs-r-2500-is/,1,1,bs 2500,10,1
https://220volt.com.ua/ua/ibp-socomec-netys-pe-1000va/,1,1,ups netys pe,10,1
https://220volt.com.ua/ua/rele-kontrolya-toka-elko-ep-pri-51-16/,1,1,pri 51 16,10,1
https://220volt.com.ua/ua/nasos-poverhnostnij-grundfos-jdbasic-4/,1,1,grundfos jd basic 4,10,1
https://220volt.com.ua/ua/ibp-powercom-vgd-1500/,1,1,powercom vgd 1500,10,1
https://220volt.com.ua/preobrazovatel-chastoti-invt-gd200-030g-037p-4/,1,1,gd200a 030g 037p 4,10,1
https://220volt.com.ua/ibp-ritar-rtp800-proxima-l/,1,1,ritar rtp800,10,1
https://220volt.com.ua/storage/catalog_products/159391/instruction/738.pdf,1,1,терморегулятор aura инструкция,10,1
https://220volt.com.ua/invertor-exa-power-sl2000/,1,1,sl2000,10,1
https://220volt.com.ua/nasos/nasosi-dlya-vodosnabzheniya/skvazhinnie-nasosi/wilo/,1,1,насосы для скважин wilo,10,1
https://220volt.com.ua/stabilizator/moshnost_stab_block_400/,1,1,стабилизатор штиль 400,10,1
https://220volt.com.ua/akkumulyatornaya-batareya-bms-eco-battery-e-wall-5-kvt-ew485/,1,1,e wall,10,1
https://220volt.com.ua/ua/stabilizator-napryazheniya-ukrtehnologiya-prime-12000/,1,1,prime 12000,10,1
https://220volt.com.ua/invertor-q-power-axpert-max-7200-48-230/,1,1,q power 7200,10,1
https://220volt.com.ua/ibp-cover-jr-20/,1,1,jr 20,10,1
https://220volt.com.ua/ua/invertor-fronius-primo-6-0-1/,1,1,primo 6,10,1
https://220volt.com.ua/ibp-n-power-mega-vision-2000lt/,1,1,n power mega vision 2000 lt,10,1
https://220volt.com.ua/nasos-vibratsionnij-bip-bv-0-2-40-u5-shtutser-plastik/,1,1,вибрационный насос бип,10,1
https://220volt.com.ua/ua/stabilizator-napryazheniya-volter-snptt-200-pts/,1,1,200 pts,10,1
https://220volt.com.ua/akkumulyatornaya-batareya-vipow-lifepo4-12-8v-12ah-s-elementami-li-ion-18676/,1,1,18676,10,1
https://220volt.com.ua/generator_benzinovyi_loncin_lc_3500_io/,1,1,lc3500io,10,1
https://220volt.com.ua/ua/generator-benzinovij-huter-ht-1000-l/,1,1,ht1000l huter,10,1
https://220volt.com.ua/ibp-lvt-sinus-300/,1,1,sinus 300,10,1
https://220volt.com.ua/akkumulyatornaya-batareya-ventura-vg-12-26-gel/,1,1,giv 12 26,10,1
https://220volt.com.ua/elektrika-i-svet/nizkovoltnoe-oborudovanie/razemi/zaschita_razema_ip-54/,1,1,ip разъем,10,1
https://220volt.com.ua/generator-dizel-nij-cummins-c500-d5e/,1,1,cummins c500 d5e,10,1
https://220volt.com.ua/ua/generator-gazovij-generac-qt-27/,1,1,qt27,10,1
https://220volt.com.ua/korpus-plastikovij-iek-shchrv-p-12/,1,1,mkp12 v 12 40 10,10,1
https://220volt.com.ua/ibp-challenger-homepro-10000-s/,1,1,10000 s,10,1
https://220volt.com.ua/ua/akkumulyatornaya-batareya-ritar-rt1255-12v-5-5ah-8215/,1,1,rt1255 battery,10,1
https://220volt.com.ua/benzinovij-invertornij-generator-gewilson-ge3500lbi/,1,1,gewilson ge3500lbi,10,1
https://220volt.com.ua/rele-elektroteplovoe-eaton-moeller-zb12-1-278435/,1,1,zb12 1,10,1
https://220volt.com.ua/ibp-pulsar-ir-3024c-3000w-24v-45a/,1,1,3024c,10,1
https://220volt.com.ua/ibp-ippon-innova-rt-6000/,1,1,ippon innova rt 6000,10,1
https://220volt.com.ua/generator-dizel-nij-cummins-c825-d5a/,1,1,d5a,10,1
https://220volt.com.ua/ua/stabilizator-napryazheniya-volter-snpto-9-u/,1,1,снпто,10,1
https://220volt.com.ua/invertor-sma-sunny-tripower-8000tl/,1,1,sunny tripower 8000,10,1
https://220volt.com.ua/ibp-ritar-pt-2ks-lcd-2000va-4220/,1,1,ritar pt 2ks lcd,10,1
https://220volt.com.ua/ua/generator-dizel-nij-fg-wilson-p150-1/,1,1,fg wilson p150e,10,1
https://220volt.com.ua/news/ibp-dlya-kotla-moschnost-avtonomnost-tip-batarej-kakie-parametry-vazhny/,1,1,как выбрать ибп для твердотопливного котла,10,1
https://220volt.com.ua/news/kak-pravilno-hranit-generator-chtoby-prodlit-ego-srok-sluzhby/,1,1,как хранить генератор на улице,10,1
https://220volt.com.ua/puskatel-otkritij-eaton-moeller-dilm25-10-230v50hz-240v60hz/,1,1,m025c,10,1
https://220volt.com.ua/akkumulyatornaya-batareya-ventura-gpl-12-33/,1,1,ventura gpl 12 33,10,1
https://220volt.com.ua/ua/ibp-powercom-vrt-3000/,1,1,vrt 3000,10,1
https://220volt.com.ua/generator-benzinovij-sdmo-vx-200-4-h-s/,1,1,sdmo vx 200,10,1
https://220volt.com.ua/stabilizator-napryazheniya-volter-snpto-9-sh/,1,1,9 ш,10,1
https://220volt.com.ua/akkumulyatornaya-batareya-yuasa-sw-280/,1,1,sw 280,10,1
https://220volt.com.ua/generator-dizel-nij-hertz-hg-140-rc/,1,1,rc hg,10,1
https://220volt.com.ua/ua/motopompa-koshin-sev-80x/,1,1,sev 80x,10,1
https://220volt.com.ua/ua/ibp-powercom-ptm-650a-schuko/,1,1,ptm 650a,10,1
https://220volt.com.ua/ua/akkumulyatornaya-batareya-bms-eco-battery-e-wall-5-kvt-ew485/,1,1,eco battery,10,1
https://220volt.com.ua/ua/generator-benzinovij-kama-kgl950/,1,1,kama kgl950,10,1
https://220volt.com.ua/elektrika-i-svet/nizkovoltnoe-oborudovanie/puskateli-kontaktori/puskateli/napr_katushki_kont_i_puskateli_42/,1,1,пускатель 42 вольта,10,1
https://220volt.com.ua/ua/ibp-logicpower-lpm-psw-800va/,1,1,lpm psw 800va,10,1
https://220volt.com.ua/stabilizator-napryazheniya-logicpower-lph-500rv/,1,1,logicpower lph 500rv,10,1
https://220volt.com.ua/generator-benzinovij-fogo-fh-6001-tre/,1,1,fogo 6001 tre,10,1
https://220volt.com.ua/nasos-drenazhno-fekal-nij-tsurumi-50c2-75/,1,1,50c2,10,1
https://220volt.com.ua/ibp-powercom-vgd-3000/,1,1,vgd 3000,10,1
https://220volt.com.ua/elektrika-i-svet/nizkovoltnoe-oborudovanie/ustrojstva-zashchitnogo-otklyucheniya-uzo-difavtomati/tok_v_uzo_10-a/,1,1,узо 10а 30ма,10,1
https://220volt.com.ua/generator-dizel-nij-dalgakiran-dj-410-dd/,1,1,dd 410,10,1
https://220volt.com.ua/motopompa-matari-mgp40/,1,1,mgp40,10,1
https://220volt.com.ua/news/kak-vibrat-elektrodvigatel/,1,1,220volt motor,10,1
https://220volt.com.ua/elektrika-i-svet/nizkovoltnoe-oborudovanie/ustrojstva-zashchitnogo-otklyucheniya-uzo-difavtomati/tok_v_uzo_40-a/,1,1,дифреле 40а,10,1
https://220volt.com.ua/ua/akkumulyatornaya-batareya-yuasa-np-24-12/,1,1,yuasa np24 12,10,1
https://220volt.com.ua/ibp-kstar-ubr15/,1,1,kstar ubr15,10,1
https://220volt.com.ua/ua/akkumulyatornaya-batareya-ritar-rt632-6v-3-2ah/,1,1,rt632,10,1
https://220volt.com.ua/benzinovij-invertornij-generator-utool-uig-1000/,1,1,utool uig 1000,10,1
https://220volt.com.ua/akkumulyatornaya-batareya-merlion-agm-gp1290f2-premium-12v-9ah-2991/,1,1,gp1290f2premium,10,1
https://220volt.com.ua/stabilizator/ortea/,1,1,ortea стабилизатор,10,1
https://220volt.com.ua/ua/preobrazovatel-chastoti-invt-gd200-200g-220p-4/,1,1,gd 200,10,1
https://220volt.com.ua/ua/ibp-n-power-mega-vision-1000lt/,1,1,n power mega vision,10,1
https://220volt.com.ua/generator-benzinovij-fogo-fh-6000-r/,1,1,6000 r,10,1
https://220volt.com.ua/ua/generator-invertornyj-bison-bs-r-2500-is/,1,1,generator power bs 2500,10,1
https://220volt.com.ua/ua/generator-benzinovij-nik-2700i/,1,1,nik 2700i,10,1
https://220volt.com.ua/ua/akkumulyatornaya-batareya-vipow-lifepo4-12-8v-14ah-s-elementami-li-ion-18677/,1,1,lifepo4 12v 14ah,10,1
https://220volt.com.ua/stabilizator-napryazheniya-volter-etalon-11/,1,1,etalon 11,10,1
https://220volt.com.ua/ua/stabilizator-napryazheniya-ritar-cube-4/,1,1,cube 4,10,1
https://220volt.com.ua/ua/avtomaticheskij-viklyuchatel-eaton-moeller-pkzm0-12-278486/,1,1,pkzm0-12,10,1
https://220volt.com.ua/ua/akkumulyatornaya-batareya-ventura-hr-1234w-9ah/,1,1,ventura hr,10,1
https://220volt.com.ua/generator-dizel-nij-fg-wilson-p200-2-0/,1,1,p200 2,10,1
https://220volt.com.ua/ua/generator-benzinovij-fogo-fh-8000-r/,1,1,fogo 8000r,10,1
https://220volt.com.ua/stabilizator/moshnost_stab_block_8/,1,1,стабилизатор напряжения 220в 8 квт,10,1
https://220volt.com.ua/generator-invertornij-senci-sc-1500-i/,1,1,1500 i,10,1
https://220volt.com.ua/stabilizator-napryazheniya-logicpower-lph-5000rv/,1,1,logicpower lph 5000rv,10,1
https://220volt.com.ua/generator-benzinovij-honda-ect-7000-p1/,1,1,ect 7000p,10,1
https://220volt.com.ua/generator-benzinovij-europower-ep6500te/,1,1,ep6500te,10,1
https://220volt.com.ua/avtomaticheskij-viklyuchatel-promfaktor-av3003-3-n-125/,1,1,av3003b,10,1
https://220volt.com.ua/news/kak-pravilno-podobrat-stabilizator-napryazheniya/,1,1,выбор стабилизаторы напряжения,10,1
https://220volt.com.ua/ua/stabilizator-napryazheniya-strum-str-1000/,1,1,str 1000,10,1
https://220volt.com.ua/ua/akkumulyatornaya-batareya-volter-ge-12v-h-100ah/,1,1,h ge,10,1
https://220volt.com.ua/avtomaticheskij-viklyuchatel-eaton-moeller-pl4-c16-3/,1,1,pl4 c16 3,10,1
https://220volt.com.ua/akkumulyatornaya-batareya-challenger-lf48-50/,1,1,challenger lf48 50,10,1
https://220volt.com.ua/information/proizvoditeli/resanta/,1,1,ресанта инструмент,10,1
https://220volt.com.ua/ibp-powercom-vgs-2000/,1,1,vgs 2000,10,1
https://220volt.com.ua/generator-dizel-nij-matari-md7000e/,1,1,matari md7000e,10,1
https://220volt.com.ua/pritsep-dlya-generatora-sdi-2340m-podlezhit-registratsii-v-gai-3/,1,1,2340m,10,1
https://220volt.com.ua/stabilizator-napryazheniya-strum-str-1500/,1,1,str 1500,10,1
https://220volt.com.ua/ua/istochniki-besperebojnogo-pitaniya/net-pro-ups/,1,1,net ups,10,1
https://220volt.com.ua/storage/catalog_products/134521/instruction/738.pdf,1,1,smart ups rt 2000 manual,10,1
https://220volt.com.ua/soputstvuushie_tovari/elektromontazhnij-instrument.htm,1,1,220 вольт инструменты,10,1
https://220volt.com.ua/nasos-skvazhinnij-rudes-4s-1-40-0-37/,1,1,4s 1,10,1
https://220volt.com.ua/preobrazovatel-chastoti-abb-acs550-01-03a3-4-b055/,1,1,частотный преобразователь abb acs550,10,1
https://220volt.com.ua/ua/stabilizator/stabilizer/,1,1,ntt stabilizer,10,1
https://220volt.com.ua/ibp-europower-psw-epw800tw12-14819/,1,1,europower psw epw800tw12,10,1
https://220volt.com.ua/ua/generator-benzinovij-sadko-gps-1250/,1,1,sadko gps 1250,10,1
https://220volt.com.ua/ua/generator-dizel-nij-gesan-dpas-110e-ab/,1,1,gesan dpas 110e,10,1
https://220volt.com.ua/ibp-east-ea900p-3kva-pro/,1,1,ups east 3kva,10,1
https://220volt.com.ua/ibp-challenger-homestart-800/,1,1,challenger 800,10,1
https://220volt.com.ua/generator-gazovij-generac-6269-8kw/,1,1,generac 7144,10,1
https://220volt.com.ua/ibp-powercom-vgd-1500/,1,1,vgd 1500,10,1
https://220volt.com.ua/generator-benzinovij-weekender-dl8750ioe/,1,1,инверторный генератор weekender dl8750ioe,10,1
https://220volt.com.ua/ua/ibp-general-electric-lp30-33-s5/,1,1,lp30,10,1
https://220volt.com.ua/akkumulyatornaya-batareya-ritar-dg12-260-12v-260ah-2175/,1,1,260ah,10,1
https://220volt.com.ua/generator-benzinovij-daishin-seb7000hsa/,1,1,daishin seb 7000 hsa,10,1
https://220volt.com.ua/ua/akkumulyatornaya-batareya-ritar-rt1232-12v-3-2ah/,1,1,rt1232,10,1
https://220volt.com.ua/istochniki-besperebojnogo-pitaniya/opt_reshenie_ibp_dlya-doma/,1,1,ибп для дома цена,10,1
https://220volt.com.ua/elektrika-i-svet/shitovoe.htm,1,1,щитовое электрооборудование,10,1
https://220volt.com.ua/ua/ibp-kstar-ud20/,1,1,ud20,10,1
https://220volt.com.ua/ua/nasos/nasosi-dlya-vodosnabzheniya/tsentrobezhnie/watomo/,1,1,насос watomo,10,1
https://220volt.com.ua/akkumulyatornaya-batareya-ritar-dg12-100-12v-100ah-4234/,1,1,dg12 100,10,1
https://220volt.com.ua/motopompa-koshin-sev-80x/,1,1,мотопомпа koshin sev 80x,10,1
https://220volt.com.ua/ua/nasos-poverhnostnij-sprut-mrs-h4/,1,1,sprut mrs,10,1
https://220volt.com.ua/generator-benzinovij-huter-dy-5000-lx/,1,1,dy5000lx,10,1
https://220volt.com.ua/elektrika-i-svet/nizkovoltnoe-oborudovanie/puskateli-kontaktori/puskateli/kontakty_puskateli_2ho/,1,1,2ho,10,1
https://220volt.com.ua/ua/generator-dizel-nij-matari-md20/,1,1,matari md20,10,1
https://220volt.com.ua/avtomaticheskij-viklyuchatel-eaton-moeller-pl6-c16-2/,1,1,pl6 c16 2,10,1
https://220volt.com.ua/kontroller-dlya-solnechnoj-paneli-victron-energy-smartsolar-mppt-75-10-scc075010060r/,1,1,victron mppt 75 10 smartsolar,10,1
https://220volt.com.ua/ua/akkumulyatornaya-batareya-merlion-agm-gp12800m8-12v-80ah-2986/,1,1,gp12800m8,10,1
https://220volt.com.ua/invertor-kostal-piko-3-0/,1,1,kostal piko 3.0,10,1
https://220volt.com.ua/ua/generator-dizel-nij-matrix-pg-6000-d-silent/,1,1,matrix pg 6000 d silent,10,1
https://220volt.com.ua/ua/differentsial-noe-rele-eaton-moeller-pf6-40-4-003-286508/,1,1,moeller pf6,10,1
https://220volt.com.ua/ua/sistema-victron-energy-cerbo-gx/,1,1,cerbo gx price,10,1
https://220volt.com.ua/nasos/nasosi-dlya-vodosnabzheniya/tsirkulyatsionnie/kol_f_nas_trehfaznij/,1,1,трехфазный циркуляционный насос,10,1
https://220volt.com.ua/akkumulyatornaya-batareya-csb-hr1227wf2/,1,1,csb hr1227wf2,10,1
https://220volt.com.ua/ibp-ritar-rtp1200-proxima-l/,1,1,ritar rtp1200,10,1
https://220volt.com.ua/elektrika-i-svet/nizkovoltnoe-oborudovanie/rele-tajmeri-fotokontrolleri/rele/rele_kontrolya_napryajeniya/max_moshn_nagr_rele_napr_10-1-20/,1,1,реле напряжения 10 квт,10,1
https://220volt.com.ua/akkumulyatornaya-batareya-csb-tpl-121000/,1,1,tpl 121000,10,1
https://220volt.com.ua/ua/fotomodul-leapton-lp210-210-m-66-mh-650/,1,1,lp210,10,1
https://220volt.com.ua/ua/stabilizator-napryazheniya-volt-eco-4000/,1,1,eco4000,10,1
https://220volt.com.ua/storage/catalog_products/155209/instruction/738.pdf,1,1,powercom rpt 800a инструкция,10,1
https://220volt.com.ua/news/220volt/,1,1,220 вольт акции,10,1
https://220volt.com.ua/ua/generatory/strana_proishozhdeniya_brenda_usa/,1,1,американские генераторы бензиновые,10,1
https://220volt.com.ua/storage/catalog_products/146626/instruction/738.pdf,1,1,ippon инструкция,10,1
https://220volt.com.ua/generator-invertornij-itc-power-gg75ei-6807077/,1,1,itc power gg75ei,10,1
https://220volt.com.ua/ua/ibp-general-electric-ml700/,1,1,ml700,10,1
https://220volt.com.ua/nasos-skvazhinnij-nasosi-plus-oborudovanie-75qjd110-0-25/,1,1,75qjd110 0.25,10,1
https://220volt.com.ua/akkumulyatornaya-batareya-ritar-rt1255-12v-5-5ah-8215/,1,1,rt1255,10,1
https://220volt.com.ua/information/proizvoditeli/iek/,1,1,автоматы иэк каталог,10,1
https://220volt.com.ua/ua/generator-benzinovij-fogo-fh-9000-r/,1,1,fn 9000,10,1
https://220volt.com.ua/generator-benzinovij-europower-ep7000/,1,1,бензиновый генератор europower ep 7000,10,1
https://220volt.com.ua/stabilizator-napryazheniya-volter-snpto-22-pt/,1,1,снпто 22,10,1
https://220volt.com.ua/ua/akkumulyatornaya-batareya-csb-gp645/,1,1,gp645,10,1
https://220volt.com.ua/ua/elektrika-i-svet/nizkovoltnoe-oborudovanie/ustrojstva-zashchitnogo-otklyucheniya-uzo-difavtomati/moeller/,1,1,купить узо moeller,10,1
https://220volt.com.ua/puskatel-pme-114/,1,1,пме 114,10,1
https://220volt.com.ua/stabilizator-napryazheniya-logicpower-lph-2000rl/,1,1,стабилизатор напряжения logicpower lph 2000rl,10,1
https://220volt.com.ua/nasos/elektromagnitnie-klapani/vid_klapana_nz/,1,1,клапан нз,10,1
https://220volt.com.ua/invertor-abb-trio-20-0-tl-outd/,1,1,abb trio 20,10,1
https://220volt.com.ua/ua/akkumulyatornaya-batareya-csb-hr1224wf2/,1,1,hr 1224w f2,10,1
https://220volt.com.ua/ua/ibp-powercom-vgd-1500-rm-2u/,1,1,vgd 1500 rm,10,1
https://220volt.com.ua/nasos-poverhnostnij-aquatica-lkj-1300s-775319/,1,1,775319,10,1
https://220volt.com.ua/ua/akkumulyatornaya-batareya-yuasa-npl-200-6/,1,1,yuasa 200ah,10,1
https://220volt.com.ua/elektrika-i-svet/nizkovoltnoe-oborudovanie/ustrojstva-zashchitnogo-otklyucheniya-uzo-difavtomati/moeller/,1,1,узо moeller,10,1
https://220volt.com.ua/stabilizator-napryazheniya-volter-snpto-9-u/,1,1,стабилизатор снпто,10,1
https://220volt.com.ua/generatory/start_type_avtomatika/,1,1,инверторный генератор автозапуск,10,1
https://220volt.com.ua/akkumulyatornaya-batareya-csb-hrl634wf2/,1,1,hrl 634w,10,1
https://220volt.com.ua/ua/generatory/optimal_gen_turizma/,1,1,генератор туристичний,10,1
https://220volt.com.ua/generator-dizelnyi-dalgakiran-dj-20-bd/,1,1,dj 20,10,1
https://220volt.com.ua/akkumulyatornaya-batareya-yuasa-swl-1850/,1,1,yuasa swl 1850,10,1
https://220volt.com.ua/ua/transformator-upp-utos-osm-1-0-1-220-14/,1,1,трансформатор 220 14в,10,1
https://220volt.com.ua/ibp-challenger-homeline-1500t24/,1,1,challenger homeline 1500t24,10,1
https://220volt.com.ua/stabilizator-napryazheniya-volter-snpto-14-sh/,1,1,снпто 14 ш,10,1
https://220volt.com.ua/ibp-socomec-netys-pr-mt1500va/,1,1,netys pr,10,1
https://220volt.com.ua/ua/generator-benzinovij-sdmo-weldarc-220-te-xl-c/,1,1,sdmo weldarc 220 te xl c,10,1
https://220volt.com.ua/ua/stabilizator-napryazheniya-volter-snpto-14-pt/,1,1,снпто 14 пт,10,1
https://220volt.com.ua/rele-vremeni-novatek-rev-114/,1,1,167678,10,1
https://220volt.com.ua/stabilizator-napryazheniya-volter-snpto-5-5-u/,1,1,снпто 5 5,10,1
https://220volt.com.ua/differentsial-noe-rele-eaton-moeller-pf6-25-2-03-286494/,1,1,eaton pf6 25 2 03,10,1
https://220volt.com.ua/generator-gazovij-stark-lpg-6000/,1,1,stark lpg 6000 profi,10,1
https://220volt.com.ua/rele-zashchitnogo-viklyucheniya-promfaktor-rzv-4-4p-40-0-1/,1,1,рзв 4,10,1
https://220volt.com.ua/ua/ibp-apc-smart-ups-rt-10000va/,1,1,apc smart ups rt 10000,10,1
https://220volt.com.ua/generator-benzinovij-sdmo-ranger-2500/,1,1,sdmo ranger 2500,10,1
https://220volt.com.ua/ua/ogranichitel-perenapryazhenij-uzip-saltek-rs-dl-rs-dd9/,1,1,dd9,10,1
https://220volt.com.ua/ua/stabilizator-napryazheniya-reta-strong-200/,1,1,m1 200,10,1
https://220volt.com.ua/ua/generator-benzinovij-invertornij-loncin-lc-2000-i/,1,1,loncin lc 2000,10,1
https://220volt.com.ua/ua/zaryadnoe-ustrojstvo-aktion-zu-12-5000/,1,1,актиon зу 12 5000,10,1
https://220volt.com.ua/ua/ibp-apc-sua2200i/,1,1,ups apc sua2200i,10,1
https://220volt.com.ua/rasprodaga.htm,1,1,скидки в 220 вольт,10,1
https://220volt.com.ua/ua/kontroller-davleniya-elektronnij-wetron-dsk8-1-779755/,1,1,dsk8,10,1
https://220volt.com.ua/stabilizator-napryazheniya-strum-str-500/,1,1,струм стр 500,10,1
https://220volt.com.ua/ua/avtomaticheskij-viklyuchatel-eaton-moeller-pkzm0-25-046989/,1,1,pkzm0 25 moeller,10,1
https://220volt.com.ua/elektrika-i-svet/nizkovoltnoe-oborudovanie/rele-tajmeri-fotokontrolleri/rele/promejutochnie_rele/stepen_zaschiti_rele_ip-40/,1,1,40 ip,10,1
https://220volt.com.ua/ua/generator-dizel-nij-nik-dg5000/,1,1,nik dg 5000,10,1
https://220volt.com.ua/avtomaticheskij-viklyuchatel-eaton-moeller-pl6-c25-1-286535/,1,1,286535,10,1
https://220volt.com.ua/ibp-pulsar-ecoline-2000-led/,1,1,line 2000,10,1
https://220volt.com.ua/ibp-sven-reserve-home-500/,1,1,ибп свен 500,10,1
https://220volt.com.ua/korpus-metallicheskij-iek-shchmp-18-8-4-0-74-u2/,1,1,ykm40 1884 54,10,1
https://220volt.com.ua/avtomaticheskij-viklyuchatel-eaton-moeller-pl7-c20-1-262705/,1,1,262705,10,1
https://220volt.com.ua/akkumulyatornaya-batareya-yuasa-npl-200-6/,1,1,yuasa npl 200 6,10,1
https://220volt.com.ua/ua/motopompa-daishin-scr-50hx-honda-gx160/,1,1,honda scr,10,1
https://220volt.com.ua/storage/catalog_products/144084/instruction/738.pdf,1,1,nik dg 5000 инструкция,10,1
https://220volt.com.ua/generator-benzinovij-tayo-ty3800bw-blue/,1,1,blue tayo,10,1
https://220volt.com.ua/rele-elektroteplovoe-eaton-moeller-zb32-24-278453/,1,1,zb32 24,10,1
https://220volt.com.ua/ibp-regulus-pg-500-44-a-ch/,1,1,regulus pg 500,10,1
https://220volt.com.ua/ibp-riello-sdh-1500/,1,1,riello sdh 1500,10,1
https://220volt.com.ua/stabilizator/elim-ukraina/,1,1,купить стабилизатор напряжения элим,10,1
https://220volt.com.ua/ua/ibp-pulsar-ir-2012c-2000w-12v-65a/,1,1,2012c,10,1
https://220volt.com.ua/ua/ibp-challenger-homeline-5000t48/,1,1,challenger homeline 5000t48,10,1
https://220volt.com.ua/ua/ibp-elim-ukraina-pnk-12-600/,1,1,12600,10,1
https://220volt.com.ua/nasos/nasosi-dlya-vodosnabzheniya/tsentrobezhnie.htm,1,1,насос поверхностный 220 вольт,10,1
https://220volt.com.ua/generator-benzinovij-daishin-sgb7001hsa/,1,1,daishin sgb7001hsa,10,1
https://220volt.com.ua/ogranichitel-perenapryazheniya-uzip-saltek-flp-12-5-v-4/,1,1,flp 12 5 v 4,10,1
https://220volt.com.ua/zaryadnoe-ustrojstvo-deca-class-booster-1350/,1,1,deca class booster 1350,10,1
https://220volt.com.ua/storage/catalog_products/153764/instruction/738.pdf,1,1,ибп green mode,10,1
https://220volt.com.ua/generator-dizel-nij-fg-wilson-f50-1-0/,1,1,fg wilson f50 1,10,1
https://220volt.com.ua/ua/ibp-ritar-rtm500-standby-l/,1,1,ritar rtm500,10,1
https://220volt.com.ua/generator-benzinovij-intertool-dt-1122/,1,1,генератор бензиновый intertool dt 1122,10,1
https://220volt.com.ua/ibp-east-ea-800-schuko/,1,1,east ea 800 schuko,10,1
https://220volt.com.ua/ua/tumbler-asko-1122-3-polozheniya-3-kontakta-250v-1a/,1,1,1122/3,10,1
https://220volt.com.ua/avtomaticheskij-viklyuchatel-eti-etimat-6-1p-c-25a-2141518/,1,1,c 25a,10,1
https://220volt.com.ua/ua/generator-benzinovij-sdmo-ineo-3000/,1,1,sdmo ineo 3000 inverter generator,10,1
https://220volt.com.ua/ua/avtomaticheskij-viklyuchatel-eaton-moeller-pkzm0-2-5-072736/,1,1,eaton 072736,10,1
https://220volt.com.ua/ibp-voltitronic-innova-rt-1k/,1,1,innova rt 1k,10,1
https://220volt.com.ua/ua/akkumulyatornaya-batareya-ventura-gpl-12-100/,1,1,gpl 100,10,1
https://220volt.com.ua/nasosnaya-stantsiya-grundfos-hydrojet-jp-5/,1,1,насосная станция hydrojet jp 5,10,1
https://220volt.com.ua/akkumulyatornaya-batareya-ritar-dc12-150-12v-150ah-9843/,1,1,ritar 150ah battery,10,1
https://220volt.com.ua/ua/motopompa-stark-wpt-80/,1,1,stark wpt 80,10,1
https://220volt.com.ua/ua/ibp-sinpro-180-s310/,1,1,sinpro 180,10,1
https://220volt.com.ua/razedinitel-rsh-vsh-40-40a-220v-ra-va/,1,1,рш вш 40а,10,1
https://220volt.com.ua/ibp-powercom-ict-530/,1,1,ict 530,10,1
https://220volt.com.ua/generator-benzinovij-loncin-lc-3000-i/,1,1,генератор loncin 3000,10,1
https://220volt.com.ua/ibp-eaton-5sc-750-va/,1,1,eaton 5sc 750va,10,1
https://220volt.com.ua/generatory/cummins_power_generation/,1,1,генераторы cummins цена,10,1
https://220volt.com.ua/ua/generator-benzinovij-sdmo-zephir-1000/,1,1,zephir 1000,10,1
https://220volt.com.ua/ua/generator-dizel-nij-pramac-p11000/,1,1,p11000 pramac,10,1
https://220volt.com.ua/akkumulyatornaya-batareya-bb-battery-bp200-12-b10/,1,1,bp200,10,1
https://220volt.com.ua/elektronnij-pereklyuchatel-faz-novatek-pef-320/,1,1,переключатель фаз пэф 320,10,1
https://220volt.com.ua/ua/preobrazovatel-chastoti-hyundai-n50-015sf/,1,1,hyundai n50,10,1
https://220volt.com.ua/ua/ibp-sven-reserve-home-800/,1,1,sven reserve home 800,10,1
https://220volt.com.ua/generator-benzinovij-fogo-fh-9000-r/,1,1,9000 r,10,1
https://220volt.com.ua/tsifrovoj-termoregulyator-oj-electronics-otd2-1999/,1,1,терморегулятор otd2 1999,10,1
https://220volt.com.ua/ibp-eaton-5s-700-va/,1,1,eaton 5s 700,10,1
https://220volt.com.ua/generatory/generac/,1,1,generac price,10,1
https://220volt.com.ua/avtomaticheskij-viklyuchatel-schneider-electric-va63-1p-25a-har-ka-c-4-5ka-11205/,1,1,автомат ва63,10,1
https://220volt.com.ua/ibp-general-electric-vh-1500/,1,1,ge vh 1500,10,1
https://220volt.com.ua/avtomaticheskij-viklyuchatel-eaton-moeller-pl4-c25-3-293162/,1,1,pl4 c25 3,10,1
https://220volt.com.ua/ua/generatory/b-s/,1,1,bs generator,10,1
https://220volt.com.ua/generatory/maksimalnaya_moschnost_block_0_9/,1,1,900 ватт,10,1
https://220volt.com.ua/kontsevoj-viklyuchatel-promfaktor-vp-15m4221/,1,1,концевые выключатели вп,10,1
https://220volt.com.ua/stabilizator-napryazheniya-ortea-orion-y20-15-15-20/,1,1,ortea orion y20 15,10,1
https://220volt.com.ua/ua/solnechnaya-energetika/solnechnye-paneli-batarei.htm,1,1,сонячні батареї купити київ,10,1
https://220volt.com.ua/generator-invertornij-matari-mi3000/,1,1,mi3000,10,1
https://220volt.com.ua/magnitnij-puskatel-promfaktor-mp-40-20-u3/,1,1,mp 40 20,10,1
https://220volt.com.ua/generator-dizel-nij-europower-new-boy-eps133tde/,1,1,eps133tde,10,1
https://220volt.com.ua/ua/generator_dizelnyi_aksa_apd_55_bd/,1,1,aksa 55 amplifier,10,1
https://220volt.com.ua/stabilizator-napryazheniya-reta-nons-7500-breeze/,1,1,нонс 7500,10,1
https://220volt.com.ua/generator-dizel-nij-sdmo-montana-j110k-silent/,1,1,sdmo montana j110k,10,1
https://220volt.com.ua/nasos-drenazhnij-mnz-gnom-50-50/,1,1,гном 50 50,10,1
https://220volt.com.ua/storage/catalog_products/162866/instruction/738.pdf,1,1,реле напряжения тесла инструкция,10,1
https://220volt.com.ua/generator-invertornij-weekender-gs2200i/,1,1,инверторный генератор weekender gs2200i отзывы,10,1
https://220volt.com.ua/ua/akkumulatornie-batarei/emkost_ab_block_16/,1,1,16 ah,10,1
https://220volt.com.ua/ua/akkumulatornie-batarei/ventura/,1,1,ventura battery,10,1
https://220volt.com.ua/generatory/tip_generatora_gazovie_generatori;maksimalnaya_moschnost_block__250/,1,1,газовый генератор 250 квт,10,1
https://220volt.com.ua/generatory/tip_generatora_dizelnie_generatori;maksimalnaya_moschnost_block__150/,1,1,дгу 150 квт цена,10,1
https://220volt.com.ua/motopompa-daishin-sch-5050hx/,1,1,daishin sch 5050hx,10,1
https://220volt.com.ua/ibp-challenger-homeline-500t12/,1,1,challenger homeline 500t12,10,1
https://220volt.com.ua/ibp-challenger-homeline-1000t12/,1,1,homeline 1000t12,10,1
https://220volt.com.ua/ua/zaryadnoe-ustrojstvo-deca-fl-2213d/,1,1,fl 2213d,10,1
https://220volt.com.ua/akkumulyatornaya-batareya-bms-eco-battery-e-wall-5-kvt/,1,1,аккумулятор 5 квт купить,10,1
https://220volt.com.ua/avtomaticheskij-viklyuchatel-eaton-moeller-pl7-c25-3-263411/,1,1,pl7 c25 3,10,1
https://220volt.com.ua/ibp-ritar-online-rt-3kl-lcd-rec-3000va-3707/,1,1,rt 3kl lcd,10,1
https://220volt.com.ua/generator-benzinovij-honda-eg5500cl/,1,1,honda generator eg5000cl,10,1
https://220volt.com.ua/ua/ibp-challenger-homepro-1000/,1,1,challenger 1000,10,1
https://220volt.com.ua/stabilizator-napryazheniya-ritar-cube-4/,1,1,cube4,10,1
https://220volt.com.ua/ua/zaryadnoe-ustrojstvo-victron-energy-orion-tr-smart-12-12-30-360w-isolated-ori121236120/,1,1,victron orion tr smart 12 12 30 isolated,10,1
https://220volt.com.ua/storage/catalog_products/154353/instruction/738.pdf,1,1,дренажный насос инструкция,10,1
https://220volt.com.ua/ua/akkumulyatornaya-batareya-ventura-vg-12-65-gel/,1,1,ventura vg 12 65,10,1
https://220volt.com.ua/preobrazovatel-chastoti-fvp-1-5-1-5-kvt-1f-3f-220v/,1,1,преобразователь 1ф в 3ф,10,1
https://220volt.com.ua/invertor-exa-power-sl600/,1,1,exa power sl 600,10,1
https://220volt.com.ua/ua/istochniki-besperebojnogo-pitaniya/makelsan/,1,1,ups makelsan,10,1
https://220volt.com.ua/ua/blok-raspredelitel-nij-eti-edbm-1-n-1102410/,1,1,1102410,10,1
https://220volt.com.ua/ua/akkumulyatornaya-batareya-ritar-rt613-6v-1-3ah/,1,1,rt613,10,1
https://220volt.com.ua/istochniki-besperebojnogo-pitaniya/cover/,1,1,inverter cover,10,1
https://220volt.com.ua/preobrazovatel-chastoti-invt-gd35-090g-4/,1,1,gd35,10,1
https://220volt.com.ua/invertor-stark-enersolar-3kw/,1,1,3 3 kw,10,1
https://220volt.com.ua/information/proizvoditeli/hertz/,1,1,220v hertz,10,1
https://220volt.com.ua/ibp-ritar-rtsw-1500-lcd-8331/,1,1,ritar rtsw 1500 lcd 24v,10,1
https://220volt.com.ua/generator-dizel-nij-sdmo-montana-j66k-silent/,1,1,j66,10,1
https://220volt.com.ua/ua/generatory/hertz/,1,1,220 volt hertz,10,1
https://220volt.com.ua/ibp-socomec-netys-pe-600va/,1,1,netys pe 600,10,1
https://220volt.com.ua/ibp-volter-ups-5000/,1,1,ups 5000,10,1
https://220volt.com.ua/ua/invertor-solis-mini-2500/,1,1,solis mini 2500 4g,10,1
https://220volt.com.ua/avtomaticheskij-viklyuchatel-eaton-moeller-pl6-c25-2-286569/,1,1,pl6 c25 2,10,1
https://220volt.com.ua/akkumulatornie-batarei/napryagenie_batarei_block_51_2/,1,1,акб 51,10,1
https://220volt.com.ua/inverter/napr_ak_invert_48/,1,1,inverter 48 volt 220 volt,10,1
https://220volt.com.ua/ua/avr-konner-sohnen-ats-1-40hd/,1,1,40hd,10,1
https://220volt.com.ua/generator-dizel-nij-palmera-pa950djk/,1,1,дизельный генератор pa950djk,10,1
https://220volt.com.ua/ua/ibp-challenger-homeline-500w12/,1,1,challenger homeline 500w12,10,1
https://220volt.com.ua/ua/ibp-ritar-rtswrl-1000-9356/,1,1,rtswrl 1000,10,1
https://220volt.com.ua/ibp-staba-psn-500/,1,1,staba psn 500,10,1
https://220volt.com.ua/news/vibor-lamp/,1,1,типы цоколей ламп дневного света,10,1
https://220volt.com.ua/ua/generator-benzinovij-biedronka-gp2022bs/,1,1,biedronka gp2022bs,10,1
https://220volt.com.ua/zaryadnoe-ustrojstvo-victron-energy-orion-tr-smart-12-24-15-360w-isolated-ori122436120/,1,1,orion tr smart 12 24 15,10,1
https://220volt.com.ua/stabilizator-napryazheniya-logicpower-lpt-800rl/,1,1,lpt 800rl,10,1
https://220volt.com.ua/ibp-eaton-5sc-1000-va/,1,1,5sc1000,10,1
https://220volt.com.ua/ua/akkumulyatornaya-batareya-ventura-gp-6-4-5/,1,1,gp 6,10,1
https://220volt.com.ua/ibp-lvt-optimus-250/,1,1,дбж lvt оптимус 250,10,1
https://220volt.com.ua/mul-timetr-uni-t-utm-1132a/,1,1,1132a,10,1
https://220volt.com.ua/elektrika-i-svet/nizkovoltnoe-oborudovanie/rubilniki/schneider/tip_rubilnika_perekidnoj/,1,1,перекидной автомат шнайдер,10,1
https://220volt.com.ua/nasosnaya-stantsiya-ultropump-jet-inox-15-24/,1,1,jet inox,10,1
https://220volt.com.ua/generator-benzinovij-matari-m3800e/,1,1,бензиновый генератор matari m3800e,10,1
https://220volt.com.ua/invertor-q-power-axpert-max-3600-24-230-3600vt-24v/,1,1,3600 power,10,1
https://220volt.com.ua/ibp-ritar-gp-33-10kva-18041/,1,1,gp 33,10,1
https://220volt.com.ua/ua/akkumulyatornaya-batareya-ritar-ra12-100-12v-100ah/,1,1,ra12 100 battery,10,1
https://220volt.com.ua/stabilizator-napryazheniya-strum-str-2000/,1,1,стр 2000,10,1
https://220volt.com.ua/stabilizator-napryazheniya-volter-snpto-18-ptsh/,1,1,снпто 18,10,1
https://220volt.com.ua/ua/elektrika-i-svet/nizkovoltnoe-oborudovanie/ustrojstva-zashchitnogo-otklyucheniya-uzo-difavtomati/tok_v_uzo_20-a/,1,1,узо 20,10,1
https://220volt.com.ua/akkumulyatornaya-batareya-ritar-rt1280-12v-8-0ah/,1,1,rt1280 12v8 0ah 20hr,10,1
https://220volt.com.ua/zaryadnoe-ustrojstvo-deca-matic-119/,1,1,deca 119,10,1
https://220volt.com.ua/generator-invertornij-itc-power-gg18i-6807070/,1,1,gg18i,10,1
https://220volt.com.ua/ua/stabilizator-napryazheniya-volt-eco-300/,1,1,eco 300,10,1
https://220volt.com.ua/nasos-tsirkulyatsionnij-aquatica-gpd25-8s-180-774141/,1,1,gpd25,10,1
https://220volt.com.ua/generator-benzinovij-daishin-seb6000ha/,1,1,daishin seb6000ha,10,1
https://220volt.com.ua/shchit-naruzhnij-raspredelitel-nij-eti-ect-36-pt-1101004/,1,1,36pt,10,1
https://220volt.com.ua/avtomaticheskij-viklyuchatel-schneider-electric-easy9-1p-10a-har-ka-c-4-5ka-ez9f34110/,1,1,easy9 отзывы,10,1
https://220volt.com.ua/ua/nasos-poverhnostnij-rudes-jet-110/,1,1,jet110,10,1
https://220volt.com.ua/ua/information/uslugi/obsluzhivanie-stabilizatorov/,1,1,220 вольт сервисный центр,10,1
https://220volt.com.ua/ibp-powercom-war-1000ap/,1,1,powercom war 1000ap,10,1
https://220volt.com.ua/ua/nasos-poverhnostnij-ebara-multigo-m40-08-in-line/,1,1,ebara multigo m40 8,10,1
https://220volt.com.ua/stabilizator/control_simistornie/,1,1,стабилизатор напряжения на симисторе,10,1
https://220volt.com.ua/generator-dizel-nij-nik-dg5000/,1,1,dg5000,10,1
https://220volt.com.ua/ibp-eaton-9sx-6000i-rt3u/,1,1,6000i,10,1
https://220volt.com.ua/ua/generator-benzinovij-forte-fg2500/,1,1,fg2500 generator,10,1
https://220volt.com.ua/generator-benzinovij-kruzer-th-3900/,1,1,th 3900,10,1
https://220volt.com.ua/ua/ibp-ritar-rtswbt-500/,1,1,ritar rtswbt 500,10,1
https://220volt.com.ua/nasos-drenazhno-fekal-nij-rudes-drf1100cutf/,1,1,rudes drf1100cutf,10,1
https://220volt.com.ua/ua/generator-benzinovij-fogo-fv-20000-tre/,1,1,fv 20000 tre,10,1
https://220volt.com.ua/ua/stabilizator-napryazheniya-logicpower-lph-500rd/,1,1,500rd,10,1
https://220volt.com.ua/ua/invertor_gibridnyi_luxpower_lxp_5k_hybrid_mg/,1,1,luxpower lxp 5k hybrid mg,10,1
https://220volt.com.ua/kontroller-solnechnoy-batarei-victron-energy-smartsolar-mppt-150-100-tr-scc010100210/,1,1,mppt 150 100 tr,10,1
https://220volt.com.ua/ua/generator-benzinovij-fogo-fh-6001-tre/,1,1,fogo fh 6001 tre,10,1
https://220volt.com.ua/ustrojstvo-plavnogo-puska-i-tormozheniya-abb-psr30-600-70-1sfa896109r7000/,1,1,psr30 600 7,10,1
https://220volt.com.ua/generator-dizel-nij-genpower-gdg-7000-dg-ec/,1,1,генератор дизельный genpower gdg 7000 dg ec,10,1
https://220volt.com.ua/ua/ibp-logicpower-lpm-psw-1000/,1,1,lpm psw 1000va,10,1
https://220volt.com.ua/nasos/nasosi-dlya-vodosnabzheniya/tsirkulyatsionnie/grundfos/,1,1,бессальниковые циркуляционные насосы фирмы grundfos,10,1
https://220volt.com.ua/rele-protoka-ultropump-ultrapro-plus/,1,1,ultra pro plus,10,1
https://220volt.com.ua/ua/generator-benzinovij-hitachi-e62sc/,1,1,hitachi e62sc,10,1
https://220volt.com.ua/ua/ibp-exa-power-2000-rtl/,1,1,rtl 2000,10,1
https://220volt.com.ua/ibp-challenger-homepro-3000-h-12/,1,1,challenger homepro 3000 h 12,10,1
https://220volt.com.ua/akkumulyatornaya-batareya-ritar-rt1223-12v-2-3ah/,1,1,rt1223,10,1
https://220volt.com.ua/otvertka-probnik-iek-op-1/,1,1,tpr10,10,1
https://220volt.com.ua/ibp-general-electric-vh-700/,1,1,vh700,10,1
https://220volt.com.ua/ua/ibp-ritar-rtm1200-proxima-d/,1,1,ritar rtm1200,10,1
https://220volt.com.ua/elektrika-i-svet/nizkovoltnoe-oborudovanie/razemi/chislo_polusov_razemov_2p-pe/,1,1,2p 2r,10,1
https://220volt.com.ua/ua/akkumulyatornaya-batareya-yuasa-np4-12/,1,1,yuasa np 4 12,10,1
https://220volt.com.ua/rele-tajmer-sutochnij-abb-at1-r-2csm204215r0601/,1,1,abb at1,10,1
https://220volt.com.ua/elektrika-i-svet/transformatory/transformatory-odnofaznye-sukhie-tipa-osm.htm,1,1,трансформаторы однофазные сухие,10,1
https://220volt.com.ua/ua/elektrika-i-svet/nizkovoltnoe-oborudovanie/rele-tajmeri-fotokontrolleri/rele/teplovie_rele.htm,1,1,тепловое реле 220 вольт,10,1
https://220volt.com.ua/ibp-ritar-rtsw-3000-12309/,1,1,ritar rtsw 3000,10,1
https://220volt.com.ua/nasos-poverhnostnij-speroni-cs-65-160-b/,1,1,cs 65,10,1
https://220volt.com.ua/ua/nasosnaya-stantsiya-grundfos-jp-basic-4-pt/,1,1,jp basic 4 pt,10,1
https://220volt.com.ua/avtomaticheskij-viklyuchatel-eaton-moeller-plht-c40-3-248036/,1,1,plht c40 3,10,1
https://220volt.com.ua/stabilizator/optimal_stab_ulitsy-morozostojkie/,1,1,морозостойкий стабилизатор,10,1
https://220volt.com.ua/ibp-kstar-ub15/,1,1,ub15,10,1
https://220volt.com.ua/avtomaticheskij-viklyuchatel-eaton-moeller-pl4-c25-1-293126/,1,1,pl4 c25 1,10,1
https://220volt.com.ua/generator-benzinovij-hitachi-e-50/,1,1,генератор хитачи е 50,10,1
https://220volt.com.ua/stabilizator-napryazheniya-volter-snpto-11-pt/,1,1,стабилизатор напряжения снпто 11,10,1
https://220volt.com.ua/generator-dizel-nij-wattstream-ws33-ws/,1,1,ws33,10,1
https://220volt.com.ua/ibp-powercom-smk-1000a-lcd-rm/,1,1,smk 1000a,10,1
https://220volt.com.ua/ibp-ritar-rtswrl-1000-9356/,1,1,источник бесперебойного питания ritar rtswrl 1000,10,1
https://220volt.com.ua/istochniki-besperebojnogo-pitaniya/ever/,1,1,ups ever,10,1
https://220volt.com.ua/ua/adapter-s-zashchitnim-otklyucheniem-iek-uzo-dpa16v-16-0-03a-s-krishkoj/,1,1,узо дпа16в,10,1
https://220volt.com.ua/nasos-poverhnostnij-ebara-2cdx-200-40/,1,1,ebara 2cdx 200 40,10,1
https://220volt.com.ua/ua/akkumulyatornaya-batareya-csb-ups12460/,1,1,csb ups12460,10,1
https://220volt.com.ua/ua/ibp-powercom-tur-800a/,1,1,tur 800a,10,1
https://220volt.com.ua/ua/generator-benzinovij-huter-dn1000/,1,1,huter dn1000,10,1
https://220volt.com.ua/korpus-plastikovij-iek-shchrv-p-24/,1,1,mkp12 v 24 40 10,10,1
https://220volt.com.ua/motopompa-daishin-scr-100hx/,1,1,бензиновая мотопомпа daishin scr 100hx,10,1
https://220volt.com.ua/motopompa-daishin-swt-100hx/,1,1,100hx,10,1
https://220volt.com.ua/ua/generator-gazovij-sdmo-res-12-tec/,1,1,sdmo res 12 tec,10,1
https://220volt.com.ua/akkumulyatornaya-batareya-merlion-agm-gp1270f2-12-v-7-ah-5701/,1,1,gp1270f2,10,1
https://220volt.com.ua/ua/generator-dizel-nij-sdmo-pacific-t-16-k/,1,1,sdmo t 16,10,1
https://220volt.com.ua/rele-elektroteplovoe-eaton-moeller-zb12-2-4-278437/,1,1,zb12 2 4,10,1
https://220volt.com.ua/stabilizator-napryazheniya-elim-ukraina-snan-10000-p/,1,1,10000 p,10,1
https://220volt.com.ua/ua/akkumulyatornaya-batareya-challenger-evg12-45/,1,1,challenger 45,10,1
https://220volt.com.ua/preobrazovatel-chastoti-invt-gd200-7r5g-011p-4/,1,1,gd200a 7r5g 011p 4,10,1
https://220volt.com.ua/nasos-tsirkulyatsionnij-ebara-lps-50-75-m/,1,1,насос ebara lps,10,1
https://220volt.com.ua/elektrika-i-svet/nizkovoltnoe-oborudovanie/avtomati/silovie-avtomati/moeller/,1,1,автоматы мюллер цена,10,1
https://220volt.com.ua/ibp-europower-psw-epw500tw12-14818/,1,1,psw epw500tw12,10,1
https://220volt.com.ua/generator-dizel-nij-wattstream-ws90-ws/,1,1,ws90,10,1
https://220volt.com.ua/stabilizator-napryazheniya-logicpower-lph-800rv/,1,1,lph 800rv,10,1
https://220volt.com.ua/impul-snoe-rele-dlya-lyustri-hager-ep580/,1,1,ep 580,10,1
https://220volt.com.ua/ua/ibp-logicpower-psv-500va/,1,1,psv 500va,10,1
https://220volt.com.ua/generator-benzinovij-agt-7201-hsb-tti/,1,1,agt 7201 hsb,10,1
https://220volt.com.ua/akkumulyatornaya-batareya-merlion-agm-ft-12100-12v-100ah-q1-11704/,1,1,merlion 12v 100ah ft 12100,10,1
https://220volt.com.ua/news/vred-ili-polza-infrakrasnie-luchi-ot-obogrevatelej/,1,1,польза инфракрасных лучей,10,1
https://220volt.com.ua/ibp-challenger-homeline-1500t12/,1,1,challenger homeline 1500t12,10,1
https://220volt.com.ua/avtomaticheskij-viklyuchatel-eti-etimat-6-3p-c-50a-2145521/,1,1,etimat 50a,10,1
https://220volt.com.ua/ua/akkumulyatornaya-batareya-yuasa-swl-4250/,1,1,yuasa swl4250,10,1
https://220volt.com.ua/ua/akkumulatornie-batarei/emkost_ab_block_320/,1,1,320 ah,10,1
https://220volt.com.ua/ua/ibp-vir-electric-nb-t601/,1,1,t601,10,1
https://220volt.com.ua/ua/zaryadnoe-ustrojstvo-merlion-yt-ch-12200/,1,1,merlion yt ch 12200,10,1
https://220volt.com.ua/nasos/motopompi.htm,1,1,мотопомпа 220 вольт,10,1
https://220volt.com.ua/akkumulyatornaya-batareya-ritar-ra12-40-12v-40-0ah/,1,1,ritar 12v 40ah,10,1
https://220volt.com.ua/ua/generator-dizel-nij-sdmo-montana-j88k-silent/,1,1,sdmo j88,10,1
https://220volt.com.ua/elektrika-i-svet/nizkovoltnoe-oborudovanie/rele-tajmeri-fotokontrolleri/rele/rele_kontrolya_napryajeniya/max_moshn_nagr_rele_napr_do-5/,1,1,реле напряжения 5 квт,10,1
https://220volt.com.ua/news/vibiraem-svarochnij-poluavtomat-chto-neobhodimo-znat/,1,1,сварочный полуавтомат преимущества,10,1
https://220volt.com.ua/stabilizator-napryazheniya-sinpro-oberig-sn-400/,1,1,sn 400,10,1
https://220volt.com.ua/ua/generator-dizel-nij-dalgakiran-dj-750-dd/,1,1,dg 750,10,1
https://220volt.com.ua/ibp-powercom-skp-500a/,1,1,powercom skp 500a,10,1
https://220volt.com.ua/ua/sumerechnoe-rele-abb-tw1-2csm204135r1341/,1,1,2csm204135r1341,10,1
https://220volt.com.ua/news/solnechnij-kollektor-otoplenie-doma-i-goryachee-vodosnabzhenie-s-ekonomiej/,1,1,солнечное отопление и горячее водоснабжение,10,1
https://220volt.com.ua/akkumulyatornaya-batareya-ritar-dc12-200-12v-200ah/,1,1,dc12 200,10,1
https://220volt.com.ua/post-odnomestnij-avarijnij-stop-asko-xal-j188/,1,1,j188,10,1
https://220volt.com.ua/news/osnovnie-prichini-vliyayushchie-na-uhudshenie-rabochih-harakteristik-akkumulyatorov/,1,1,аккумулятор быстро теряет емкость,10,1
https://220volt.com.ua/ua/avtomaticheskij-viklyuchatel-eaton-moeller-pkzm4-40-222354/,1,1,eaton 222354,10,1
https://220volt.com.ua/generator-dizel-nij-cummins-c175-d5e/,1,1,cummins c175,10,1
https://220volt.com.ua/rele-vremeni-eaton-moeller-etr4-51-a-031884/,1,1,etr4 51,10,1
https://220volt.com.ua/nasos/nasosi_dlya_fontanov_i_prudov.htm,1,1,насос для фонтана 220 вольт,10,1
https://220volt.com.ua/akkumulyatornaya-batareya-ritar-rt6120a-6v-12ah/,1,1,ritar rt6120,10,1
https://220volt.com.ua/stabilizator-napryazheniya-ortea-vega-150-25/,1,1,стабилизатор напряжения vega,10,1
https://220volt.com.ua/generator-benzinovyj-bison-bs6500/,1,1,генератор бизон 6500,10,1
https://220volt.com.ua/ua/generator-dizel-nij-matari-md7500e/,1,1,matari md7500e,10,1
https://220volt.com.ua/generator-dizel-nij-fg-wilson-p700-1/,1,1,fg wilson p700 1,10,1
https://220volt.com.ua/nasos-poverhnostnij-ebara-jexm-150/,1,1,ebara jexm a 150,10,1
https://220volt.com.ua/ua/akkumulatornie-batarei/emkost_ab_block_200/,1,1,200 am,10,1
https://220volt.com.ua/ua/generatory/strana_proishozhdeniya_brenda_yaponiya/,1,1,купить японский генератор,10,1
https://220volt.com.ua/ua/differentsial-nij-avtomat-iek-ad12-2r-25-0-03a-4-5-ka/,1,1,ad 12,10,1
https://220volt.com.ua/ua/nasos-tsirkulyatsionnij-sprut-lrs-15-6s-130/,1,1,lrs 15 6s 130,10,1
https://220volt.com.ua/zaryadnoe-ustrojstvo-deca-fl-3713d/,1,1,deca fl,10,1
https://220volt.com.ua/kontroller-zaryada-victron-energy-bluesolar-pwm-lcd-usb-12-24v-20a/,1,1,pwm lcd,10,1
https://220volt.com.ua/shchit-naruzhnij-raspredelitel-nij-eti-ect-2x18-pt-1101081/,1,1,1101081,10,1
https://220volt.com.ua/ua/generator-traktornij-agrovolt-av-27/,1,1,av 27,10,1
https://220volt.com.ua/akkumulyatornaya-batareya-challenger-a12-55/,1,1,акб challenger a12 55,10,1
https://220volt.com.ua/ibp-europower-psw-ep800wm12-14823/,1,1,europower psw ep800wm12,10,1
https://220volt.com.ua/ua/ibp-kstar-ubr10l/,1,1,kstar ubr10l,10,1
https://220volt.com.ua/generatory/maksimalnaya_moschnost_block_0_7/,1,1,бензогенератор 700 вт,10,1
https://220volt.com.ua/akkumulyatornaya-batareya-pylontech-us2000c-2-4-kvt-ch-48v/,1,1,pylontech us2000c 2 4kwh,10,1
https://220volt.com.ua/generator-dizel-nij-dalgakiran-dj-580-dd/,1,1,dj 580,10,1
https://220volt.com.ua/ua/avtomaticheskij-viklyuchatel-eaton-moeller-pkzm4-63-222413/,1,1,moeller pkzm4 63,10,1
https://220volt.com.ua/stabilizator-napryazheniya-strum-str-750/,1,1,str 750,10,1
https://220volt.com.ua/information/proizvoditeli/gesan/,1,1,гесан,10,1
https://220volt.com.ua/motopompa-daishin-scr-252m2/,1,1,scr 252m2,10,1
https://220volt.com.ua/generatory/tip_generatora_invertornie_generatori;maksimalnaya_moschnost_block_2_5/,1,1,инверторный генератор 2500,10,1
https://220volt.com.ua/ua/akkumulyatornaya-batareya-yuasa-np-1-2-12/,1,1,np1 2 12,10,1
https://220volt.com.ua/generator-benzinovij-matari-m15000e/,1,1,matari m15000e,10,1
https://220volt.com.ua/generator-benzinovyj-sdmo-technic-15000-ta-avr-c5/,1,1,technic 15000 ta avr c5,10,1
https://220volt.com.ua/stabilizator-napryazheniya-volter-snpto-7hl/,1,1,7hl,10,1
https://220volt.com.ua/generator-invertornij-itc-power-gg34ei-6823894/,1,1,itc power gg34ei,10,1
https://220volt.com.ua/istochniki-besperebojnogo-pitaniya/riello/,1,1,источник бесперебойного питания riello,10,1
https://220volt.com.ua/avtomaticheskij-viklyuchatel-ae-2046-mp-50a-3r-4-5ka/,1,1,ае 2046 технические характеристики,10,1
https://220volt.com.ua/generatory/nic/,1,1,бензиновый генератор nik,10,1
https://220volt.com.ua/ua/ibp-riello-vst-800/,1,1,vst 800,10,1
https://220volt.com.ua/ibp_kstar_ud40/,1,1,ud40,10,1
https://220volt.com.ua/ua/stabilizator-napryazheniya-ferumina-action-11000l/,1,1,11000l,10,1
https://220volt.com.ua/ua/generator-benzinovij-huter-dy-3000-l/,1,1,dy3000l generator,10,1
https://220volt.com.ua/elektrika-i-svet/nizkovoltnoe-oborudovanie/ustrojstva-zashchitnogo-otklyucheniya-uzo-difavtomati/polusa_v_uzo_2/,1,1,узо 2,10,1
https://220volt.com.ua/nasos-poverhnostnij-rudes-jet-110/,1,1,jet 110,10,1
https://220volt.com.ua/generator-benzinovij-fogo-fv-13000-tre/,1,1,fogo fv 13000 tre,10,1
https://220volt.com.ua/ibp-east-ea902p-srt-4-9iec-05900032/,1,1,el5m9s2p,10,1
https://220volt.com.ua/ua/nasos-poverhnostnij-ebara-jexm-80/,1,1,ebara jexm 80,10,1
https://220volt.com.ua/generator-benzinovij-huter-dy-8000-lx/,1,1,электрогенератор бензиновый huter dy8000lx,10,1
https://220volt.com.ua/ua/nasosnaya-stantsiya-grundfos-jp-basic-3-pt-96150003/,1,1,grundfos jp basic 3pt,10,1
https://220volt.com.ua/ua/generator-dizel-nij-dalgakiran-dj-22-cp/,1,1,dj 22,10,1
https://220volt.com.ua/nasos/nasosi-dlya-vodosnabzheniya/tsentrobezhnie/tipvsas_normal-novsasivayushchie/,1,1,нормальновсасывающий насос,10,1
https://220volt.com.ua/ua/generator-benzinovij-loncin-lc-3000-i/,1,1,loncin generator 3000,10,1
https://220volt.com.ua/preobrazovatel-chastoti-invt-gd20-5r5g-4/,1,1,gd20 5r5g 4,10,1
https://220volt.com.ua/differentsial-nij-avtomat-iek-avdt-32-s25-25-0-03a-6ka/,1,1,авдт 32 с25,10,1
https://220volt.com.ua/ibp-fort-xt403/,1,1,fort professional,10,1
https://220volt.com.ua/akkumulyatornaya-batareya-siap-6-pt-110/,1,1,pt 110,10,1
https://220volt.com.ua/ua/kontsevoj-viklyuchatel-promfaktor-vu-222/,1,1,vu222,10,1
https://220volt.com.ua/ibp-ritar-rtm2000-proxima-d-lcd-5864/,1,1,rtm2000,10,1
https://220volt.com.ua/generator-dizel-nij-jcb-g275qx/,1,1,jcb g275qx,10,1
https://220volt.com.ua/ua/avtomaticheskij-viklyuchatel-schneider-electric-easy9-2p-25a-har-ka-c-4-5ka-ez9f34225/,1,1,schneider electric easy9 c25,10,1
https://220volt.com.ua/ibp-powercom-vgd-700/,1,1,powercom vgd 700,10,1
https://220volt.com.ua/storage/catalog_products/146150/instruction/738.pdf,1,1,пэф 301 схема подключения,10,1
https://220volt.com.ua/ua/motopompa-koshin-stv-50x/,1,1,koshin stv 50x,10,1
https://220volt.com.ua/ua/ibp-ritar-rtm600-proxima-l/,1,1,ritar rtm600,10,1
https://220volt.com.ua/stabilizator-napryazheniya-logicpower-lph-2000rv/,1,1,стабилизатор напряжения logicpower lph 2000rv,10,1
https://220volt.com.ua/invertor-abi-solar-sl-mppt-5048/,1,1,abi solar sl 5048 mppt,10,1
https://220volt.com.ua/ibp-general-electric-ml500/,1,1,general electric ml 500,10,1
https://220volt.com.ua/nasos-poverhnostnij-speroni-apm-100/,1,1,speroni apm 100,10,1
https://220volt.com.ua/ua/stabilizator-napryazheniya-powercom-tca-1200/,1,1,powercom tca 1200 цена,10,1
https://220volt.com.ua/shchit-naruzhnij-raspredelitel-nij-eti-ect-24-po-1101008/,1,1,ect24po,10,1
https://220volt.com.ua/klapan-obratnij-aquatica-vsk1-1-779644/,1,1,vsk1,10,1
https://220volt.com.ua/ibp-eaton-5e850iusb-850-va/,1,1,eaton 850 va,10,1
https://220volt.com.ua/ua/invertor-off-grid-sumry-hgp-5500w-5kw/,1,1,5500w,10,1
https://220volt.com.ua/ua/ibp-borri-leonardo-rt-6-kva/,1,1,6 kva,10,1
https://220volt.com.ua/storage/catalog_products/146646/instruction/738.pdf,1,1,vfd el manual,10,1
https://220volt.com.ua/ua/akkumulyatornaya-batareya-ventura-gp-12-26/,1,1,ventura gp 12 26,10,1
https://220volt.com.ua/ua/ibp-eaton-5sc-750-va/,1,1,eaton 750,10,1
https://220volt.com.ua/generator-benzinovij-stark-psg-2500l-profi/,1,1,stark psg 2500l,10,1
https://220volt.com.ua/ua/stabilizator-napryazheniya-volt-eco-600/,1,1,eco 600,10,1
https://220volt.com.ua/ua/istochniki-besperebojnogo-pitaniya/challenger/,1,1,challenger ups,10,1
https://220volt.com.ua/avtomaticheskij-viklyuchatel-schneider-electric-easy9-1p-40a-har-ka-c-4-5ka-ez9f34140/,1,1,schneider electric easy9 отзывы,10,1
https://220volt.com.ua/ua/invertor-logicpower-lpy-s-psw-1000va/,1,1,lpy c psw 1000va,10,1
https://220volt.com.ua/generator-dizel-nij-himoinsa-hfw-100-t5-0/,1,1,himoinsa hfw 100 t5 ins,10,1
https://220volt.com.ua/nasos-dlya-kolodtsev-grundfos-spo3-65-a/,1,1,spo3,10,1
https://220volt.com.ua/ua/inverter/moshn_invert_plitka_40/,1,1,40v inverter,10,1
https://220volt.com.ua/ua/solnecnaya_panel_ja_solar_jam54d41_440lb_440_wp_mono/,1,1,440lb,10,1
https://220volt.com.ua/ibp-ritar-rtm3000-proxima-d-5865/,1,1,rtm3000,10,1
https://220volt.com.ua/ua/generator-benzinovij-sdmo-booster-2000/,1,1,sdmo booster 2000 inverter generator,10,1
https://220volt.com.ua/nasos-poverhnostnij-rudes-cpm-158/,1,1,rudes cpm 158,10,1
https://220volt.com.ua/solnechnaya-energetika/solnechnye-invertory/omron/,1,1,omron inverters,10,1
https://220volt.com.ua/avtomaticheskij-viklyuchatel-eti-etimat-6-1p-c-16a-2141516/,1,1,etimat 16a,10,1
https://220volt.com.ua/generator-dizel-nij-fullpower-gf-200/,1,1,gf generator,10,1
https://220volt.com.ua/ibp-europower-psw-ep1000wm12-14824/,1,1,psw ep1000wm12,10,1
https://220volt.com.ua/generator-dizel-nij-fg-wilson-p-55-1/,1,1,fg wilson p55 1,10,1
https://220volt.com.ua/preobrazovatel-chastoti-e-next-e-f-drive-30/,1,1,ef 30,10,1
https://220volt.com.ua/ua/zaryadnoe-ustrojstvo-bres-ch-350-48/,1,1,ch350,10,1
https://220volt.com.ua/file_download.php?filename=/uploads/shop_info_data/file/0536/17.pdf,1,1,sma 60 kw inverter,10,1
https://220volt.com.ua/generator-dizel-nij-himoinsa-hyw-45-t5-0/,1,1,hyw 45 t5,10,1
https://220volt.com.ua/ua/avtomaticheskij-viklyuchatel-promfaktor-av2000-3r-d-80a-10ka/,1,1,автоматичний вимикач ав2000,10,1
https://220volt.com.ua/stabilizator-napryazheniya-volt-eco-300/,1,1,стабилизатор вольт есо 300,10,1
https://220volt.com.ua/generator-benzinovij-fogo-fh-8220-w/,1,1,fogo fh8220w,10,1
https://220volt.com.ua/invertor-exa-power-exa-l-1kva/,1,1,1 kva inverter,10,1
https://220volt.com.ua/stabilizator-napryazheniya-volter-snpto-11-sh/,1,1,11 ш,10,1
https://220volt.com.ua/ua/akkumulyatornaya-batareya-challenger-evg12-60/,1,1,challenger 60,10,1
https://220volt.com.ua/ua/generator-benzinovij-matrix-pg-5500f-3n/,1,1,5500f,10,1
https://220volt.com.ua/avtomaticheskij-viklyuchatel-eaton-moeller-pl6-c40-3-286605/,1,1,286605,10,1
http://220volt.com.ua/generator-benzinovij-glendale-gp2500i/,1,1,gp2500i,10,1
https://220volt.com.ua/generator-benzinovij-rucelf-pe-4000/,1,1,pe 4000,10,1
https://220volt.com.ua/ua/akkumulatornie-batarei/emkost_ab_block_150/,1,1,150 amp,10,1
https://220volt.com.ua/ibp-riello-mct-mst-20/,1,1,mst 20,10,1
https://220volt.com.ua/nasos/motopompi/proizvoditelnost2_do-30/,1,1,мотопомпа 30 кубов,10,1
https://220volt.com.ua/storage/catalog_products/127324/instruction/738.pdf,1,1,генераторы sdmo инструкция,10,1
https://220volt.com.ua/avtomaticheskij-viklyuchatel-eaton-moeller-pl4-c10-1-293123/,1,1,293123,10,1
https://220volt.com.ua/ibp-crown-cmu-500-euro/,1,1,crown cmu 500,10,1
https://220volt.com.ua/magnitnij-puskatel-etal-pml-1101b-10a-380v/,1,1,пускатель 10а,10,1
https://220volt.com.ua/optimizator_moshhnosti_huawei_sun2000_600w/,1,1,huawei sun2000 600w p,10,1
https://220volt.com.ua/stabilizator-napryazheniya-elim-ukraina-chat-1000/,1,1,чат 1000,10,1
https://220volt.com.ua/ua/nasos-drenazhnij-grundfos-kp-150-a-1/,1,1,011h1800,10,1
https://220volt.com.ua/generator-dizel-nij-sdmo-pacific-t22-k/,1,1,sdmo t22,10,1
https://220volt.com.ua/ua/stabilizator-napryazheniya-strum-str-2000/,1,1,str 2000,10,1
https://220volt.com.ua/ibp-kstar-ubr20l/,1,1,kstar ubr20l,10,1
https://220volt.com.ua/istochniki-besperebojnogo-pitaniya/lorenz_electric/,1,1,ups elektrik,10,1
https://220volt.com.ua/avtomaticheskij-viklyuchatel-eaton-moeller-pl6-c50-3-286606/,1,1,eaton c50,10,1
https://220volt.com.ua/stabilizator-napryazheniya-lvt-asn-300-n/,1,1,стабилизатор напряжения асн-300 н,10,1
https://220volt.com.ua/ibp-europower-psw-ep1500wm12-14825/,1,1,psw ep1500wm12,10,1
https://220volt.com.ua/akkumulatornie-batarei/emkost_ab_block_10/,1,1,10 ампер часов,10,1
https://220volt.com.ua/generator-benzinovij-agt-7501-hsb-r26/,1,1,agt 7501 hsb,10,1
https://220volt.com.ua/zaryadnoe-ustrojstvo-deca-class-12a/,1,1,class 12a,10,1
https://220volt.com.ua/ibp-stark-country-5000-inv-mppt/,1,1,stark country 5000 inv,10,1
https://220volt.com.ua/ua/nasos-drenazhnij-watomo-se-250-level/,1,1,watomo se 250 level,10,1
https://220volt.com.ua/akkumulatornie-batarei/napryagenie_batarei_block_307/,1,1,аккумулятор 307 6 купить,10,1
https://220volt.com.ua/generator-benzinovij-tayo-ty3800aw-orange/,1,1,tayo orange,10,1
https://220volt.com.ua/ua/avtomaticheskij-viklyuchatel-eaton-moeller-pl6-c20-1/,1,1,c20 1,10,1
https://220volt.com.ua/elektrika-i-svet/nizkovoltnoe-oborudovanie/rele-tajmeri-fotokontrolleri/upravlenie-osveshcheniem-regulyatori-fotokontrolleri/vid_lestnichnie-avtomati/,1,1,лестничный автомат,10,1
https://220volt.com.ua/generator-benzinovij-glendale-gp7500l-gee-3-0/,1,1,gp7500l gee,10,1
https://220volt.com.ua/ua/akkumulyatornaya-batareya-challenger-lf48-100/,1,1,challenger lf48 100,10,1
https://220volt.com.ua/ua/ibp-powercom-vgd-1000-rm-2u/,1,1,powercom vgd 1000 rm 2u,10,1
https://220volt.com.ua/generator-benzinovij-fogo-fh-4001-r/,1,1,fh r,10,1
https://220volt.com.ua/ua/generator-benzinovij-genmac-click-rg4000ho/,1,1,genmac click rg4000ho,10,1
https://220volt.com.ua/ua/ibp-riello-vst-1500/,1,1,vst 1500,10,1
https://220volt.com.ua/preobrazovateli_chastoty_ustr_plavnogo_puska/preobrazovateli-chastoti/moshnost_chastotnika_50_1-100-kvt/,1,1,частотный преобразователь 50 квт,10,1
https://220volt.com.ua/ua/stabilizator/control_relejnie/,1,1,стабілізатори напруги релейного типу,10,1
https://220volt.com.ua/stabilizator-napryazheniya-ukrtehnologiya-norma-20000-exslusive/,1,1,norma 20,10,1
https://220volt.com.ua/motopompa-koshin-stv-50x/,1,1,stv 50x,10,1
https://220volt.com.ua/ua/generator-invertornij-matari-mi3000/,1,1,matari mi 3000,10,1
https://220volt.com.ua/information/proizvoditeli/q-power/,1,1,powered by q,10,1
https://220volt.com.ua/ua/ibp-general-electric-vh-2000/,1,1,vh 2000,10,1
https://220volt.com.ua/ibp-eaton-5e1100iusb-1100-va/,1,1,ups eaton 1100va,10,1
https://220volt.com.ua/generatory/tip_dvigatelya_generatora_takt_4-taktnye/,1,1,электрогенератор 4 тактный,10,1
https://220volt.com.ua/akkumulyatornaya-batareya-ventura-gp-12-7-2/,1,1,12 7 2002,10,1
https://220volt.com.ua/ua/akkumulyatornaya-batareya-ritar-rt1270-12v-7-0ah/,1,1,ritar 1270 battery,10,1
https://220volt.com.ua/ua/shchit-plastikovij-navesnoj-schneider-electric-easy9-12-ip40-ez9e112p2s/,1,1,ez9e112p2s,10,1
https://220volt.com.ua/ua/ibp-ritar-rtp1000-proxima-l/,1,1,rtp1000,10,1
https://220volt.com.ua/akkumulyatornaya-batareya-voltronic-12-6v-12ah-s-elementami-li-ion-9408/,1,1,6v 12ah lithium battery,10,1
https://220volt.com.ua/generator-dizel-nij-elcos-intel-35-ss/,1,1,intel 35,10,1
https://220volt.com.ua/akkumulatornie-batarei/akkum_kompl_dlya-ibp/,1,1,аккумулятор для ибп 220 вольт,10,1
https://220volt.com.ua/ibp-kstar-ua150/,1,1,ua150,10,1
https://220volt.com.ua/stabilizator-napryazheniya-reta-nons-10000-shteel/,1,1,стабилизатор напряжения нонс 10000 shteel,10,1
https://220volt.com.ua/ibp-powercom-vrt-6000/,1,1,vrt 6000,10,1
https://220volt.com.ua/ua/akkumulyatornaya-batareya-ritar-rt640-6v-4ah-8208/,1,1,rt640,10,1
https://220volt.com.ua/ua/generatory/optimal_gen_nasosnoj-stantsii/,1,1,генератор для насосної станції,10,1
https://220volt.com.ua/nasos-tsirkulyatsionnij-termowater-gpd-25-4s/,1,1,gpd 25 4s,10,1
https://220volt.com.ua/ua/ibp-staba-psn-1000/,1,1,staba psn 1000,10,1
https://220volt.com.ua/generator-benzinovij-matrix-pg-5500f-3n/,1,1,matrix pg 5500f 3n,10,1
https://220volt.com.ua/ua/akkumulyatornaya-batareya-everexceed-st-1235/,1,1,everexceed st 1235,10,1
https://220volt.com.ua/zaryadnoe-ustrojstvo-victron-energy-orion-tr-smart-12-12-30-360w-isolated-ori121236120/,1,1,victron orion 12 12 30 isolated,10,1
https://220volt.com.ua/rele-napryazheniya-novatek-rn-101-m/,1,1,101 m,10,1
https://220volt.com.ua/istochniki-besperebojnogo-pitaniya/indikatsiya_ibp_lcd-displej/,1,1,ибп lcd,10,1
https://220volt.com.ua/ua/generator-benzinovij-loncin-lc-3500-i/,1,1,loncin 3500i,10,1
https://220volt.com.ua/generator-benzinovij-loncin-lc-6500-d-as/,1,1,lc6500d as,10,1
https://220volt.com.ua/ua/ibp-powercom-war-600a/,1,1,war 600a,10,1
https://220volt.com.ua/ua/generator-gazovij-greenpower-cc5000-lpg-ng-t2/,1,1,green power cc5000,10,1
https://220volt.com.ua/ua/generator-gazovij-generac-5820-10kw/,1,1,generac 5820,10,1
https://220volt.com.ua/ua/generatory/maksimalnaya_moschnost_block__140/,1,1,140 квт,10,1
https://220volt.com.ua/ibp-challenger-homepro-rt2000-s/,1,1,challenger homepro rt2000 s,10,1
https://220volt.com.ua/ua/ibp-ritar-rtm2000-proxima-d-lcd-5864/,1,1,ritar rtm2000,10,1
https://220volt.com.ua/ua/stabilizator-napryazheniya-ntt-stabilizer-dvs-1120/,1,1,dvs 1120,10,1
https://220volt.com.ua/nasos/nasosi-dlya-vodosnabzheniya/tsentrobezhnie/ultropump/,1,1,насос ultropump,10,1
https://220volt.com.ua/generator-benzinovo-gazovij-vulkan-sc3500-iii-benzin-gaz/,1,1,vulkan sc3500 iii,10,1
https://220volt.com.ua/information/proizvoditeli/kama/,1,1,генераторы кама производитель,10,1
https://220volt.com.ua/ua/generator-benzinovij-sadko-gps-2600/,1,1,sadko gps 2600,10,1
https://220volt.com.ua/kontaktor-iek-kmi-48012-80a-220v-as3-1z-1r/,1,1,kkm41 080 230 11,10,1
https://220volt.com.ua/ua/ibp-eaton-5e1100iusb-1100-va/,1,1,eaton 1100,10,1
https://220volt.com.ua/ibp-ritar-e-rtm-600l-u-elf-l/,1,1,elf l,10,1
https://220volt.com.ua/ua/elektrika-i-svet/nizkovoltnoe-oborudovanie/ustrojstva-zashchitnogo-otklyucheniya-uzo-difavtomati.htm,1,1,пристрій захисного відключення ціна,10,1
https://220volt.com.ua/generator-benzinovij-honda-ect7000/,1,1,ect7000,10,1
https://220volt.com.ua/nasos-poverhnostnij-aquatica-lkj-1300p-775305/,1,1,775305,10,1
https://220volt.com.ua/stabilizator-napryazheniya-gemix-gmx-2000/,1,1,gemix gmx 2000,10,1
https://220volt.com.ua/generator-benzinovij-forte-fg6500/,1,1,форте 5 квт,10,1
https://220volt.com.ua/ua/ibp-ippon-smart-winner-1500/,1,1,ippon 1500,10,1
https://220volt.com.ua/avtomaticheskij-viklyuchatel-eaton-moeller-pkzm0-10-t-088916/,1,1,pkzm0 10 t,10,1
https://220volt.com.ua/ua/generator-benzinovij-agt-4500-eag/,1,1,agt 4500 eag,10,1
https://220volt.com.ua/stabilizator-napryazheniya-ukrtehnologiya-nsn-7500-optimum/,1,1,нсн 7500 optimum,10,1
https://220volt.com.ua/akkumulyatornaya-batareya-ritar-rt1290-12v-9-0ah/,1,1,ritar 1290,10,1
https://220volt.com.ua/generator-benzinovij-honda-eu30i/,1,1,honda eu301,10,1
https://220volt.com.ua/rele-promezhutochnoe-etal-rpl-122ma-380v/,1,1,реле промежуточное 380в,10,1
https://220volt.com.ua/ua/akkumulyatornaya-batareya-ritar-ev12-12-12v-12ah-m5-26381/,1,1,12 ev 12 0,10,1
https://220volt.com.ua/ua/generator-benzinovij-huter-dy-5000-lx/,1,1,huter dy5000lx,10,1
https://220volt.com.ua/ua/generator-benzinovij-hitachi-e-50/,1,1,hitachi e 50,10,1
https://220volt.com.ua/ua/akkumulatornie-batarei/napryagenie_batarei_block_460/,1,1,460 v,10,1
https://220volt.com.ua/istochniki-besperebojnogo-pitaniya/socomec/,1,1,ибп сокомек,10,1
https://220volt.com.ua/ua/zaryadnaya-stantsiya-ecoflow-delta-pro-20989/,1,1,ecoflow delta pro 220v,10,1
https://220volt.com.ua/generator-dizel-nij-sdmo-montana-j275k/,1,1,sdmo j275,10,1
https://220volt.com.ua/akkumulyatornaya-batareya-ventura-gpl-12-70/,1,1,ventura gpl 12 70,10,1
https://220volt.com.ua/ibp-europower-psw-epb800tw12-14821/,1,1,europower psw epb800tw12,10,1
https://220volt.com.ua/stabilizator-napryazheniya-ortea-vega-1000-15/,1,1,стабилизатор напряжения ortea цена,10,1
https://220volt.com.ua/ua/ibp-altek-axl-1000-800w-15a/,1,1,axl 1000,10,1
https://220volt.com.ua/ua/ibp-ippon-smart-winner-2000/,1,1,smart winner 2000,10,1
https://220volt.com.ua/ua/ibp-challenger-homeline-3000t48/,1,1,challenger homeline 3000t48,10,1
https://220volt.com.ua/generatory/maksimalnaya_moschnost_block_8_5/,1,1,генератор бензиновый 8 5 квт,10,1
https://220volt.com.ua/news/avtomobilnij-stabilizator-napryazheniya/,1,1,стабилизация напряжения в автомобиле,10,1
https://220volt.com.ua/ua/ibp-challenger-homeline-800w12/,1,1,challenger homeline 800w12,10,1
https://220volt.com.ua/ua/avtomaticheskij-viklyuchatel-eaton-moeller-pl6-c10-1/,1,1,moeller c10,10,1
https://220volt.com.ua/ibp-crown-cmu-usb800/,1,1,usb800,10,1
https://220volt.com.ua/ibp-challenger-homeline-1500w24/,1,1,challenger homeline 1500w24,10,1
https://220volt.com.ua/stabilizator-napryazheniya-ukrtehnologiya-nsn-12000-norma-n/,1,1,12000 n,10,1
https://220volt.com.ua/ua/preobrazovatel-chastoti-invt-gd100-1r5g-4/,1,1,invt gd100,10,1
https://220volt.com.ua/ibp-powercom-ich-550/,1,1,инвертор powercom ich 550,10,1
https://220volt.com.ua/benzinovij-invertornij-generator-gewilson-ge1200lbi/,1,1,gewilson ge1200lbi,10,1
https://220volt.com.ua/ibp-ritar-pt-10kl-lcd-10000va-3686/,1,1,10kl,10,1
https://220volt.com.ua/nasos.htm,1,1,220 вольт насосы,10,1
https://220volt.com.ua/generatory/optimal_gen_sveta/,1,1,генератор для освещения,10,1
https://220volt.com.ua/ua/nasos-tsirkulyatsionnij-sprut-lrs-25-4s-180/,1,1,lrs 25,10,1
https://220volt.com.ua/rele-kontrolya-napryazheniya-e-next-8203-e-control-v00/,1,1,v00,10,1
https://220volt.com.ua/ua/ibp-elim-ukraina-pnk-12-1000/,1,1,12 1000,10,1
https://220volt.com.ua/generator-dizel-nij-matari-mc115/,1,1,mc115,10,1
https://220volt.com.ua/ibp-invt-3kva-t-8/,1,1,ht1103s,10,1
https://220volt.com.ua/generator-dizel-nij-dalgakiran-dj-22-cp/,1,1,22cp,10,1
https://220volt.com.ua/nasos-drenazhnij-grundfos-unilift-kp-250-a-1-012h1600/,1,1,unilift kp,10,1
https://220volt.com.ua/ua/stabilizator-napryazheniya-volter-snpto-9-pt/,1,1,снпто 9 пт,10,1
https://220volt.com.ua/ua/stabilizator-napryazheniya-volter-snpto-5-5-pt/,1,1,снпто 5,10,1
https://220volt.com.ua/ua/portativnaya_zaryadnaya_stanciya_life_ps_1000/,1,1,life 1000,10,1
https://220volt.com.ua/elektrika-i-svet/nizkovoltnoe-oborudovanie/avtomati/silovie-avtomati/iek/,1,1,силовые автоматы иэк,10,1
https://220volt.com.ua/stabilizator-napryazheniya-volter-snpto-14-pt/,1,1,volter снпто 14,10,1
https://220volt.com.ua/sistema-besperebojnogo-pitaniya-allure-prime-hx-600w-12v-ap12-100-100ag-1270vt-g/,1,1,hx 600,10,1
https://220volt.com.ua/ua/akkumulatornie-batarei/emkost_ab_block_36/,1,1,ah 36,10,1
https://220volt.com.ua/motopompa-loncin-lc80zb35-4-5q/,1,1,loncin 80,10,1
https://220volt.com.ua/ua/ibp-ritar-rtsw-5000/,1,1,ritar rtsw 5000,10,1
https://220volt.com.ua/ua/kontaktor-iek-km-25-40-ac-dc/,1,1,km 25,10,1
https://220volt.com.ua/stabilizator-napryazheniya-sinpro-sn-1500pt/,1,1,1500pt,10,1
https://220volt.com.ua/ua/ibp-sinpro-1200-s510/,1,1,sinpro 1200 s510,10,1
https://220volt.com.ua/ibp-eaton-5p-850-va/,1,1,eaton sp 850,10,1
https://220volt.com.ua/ua/generator-benzinovij-europower-ep200x1/,1,1,europower ep200x1,10,1
https://220volt.com.ua/elektrika-i-svet/nizkovoltnoe-oborudovanie/rubilniki/tip_rubilnika_razrivnoj/,1,1,разрывной рубильник,10,1
https://220volt.com.ua/nasos-tsirkulyatsionnij-sprut-3vp-dn40h/,1,1,sprut 3vp dn40h,10,1
https://220volt.com.ua/elektrika-i-svet/nizkovoltnoe-oborudovanie/puskateli-kontaktori/puskateli/tip_puskateley_silovie/,1,1,силовые контакторы,10,1
https://220volt.com.ua/portativnaya_elektrostanciya_ecolife_ps_3000/,1,1,ps3000,10,1
https://220volt.com.ua/akkumulyatornaya-batareya-ritar-rt650-6v-5ah-8209/,1,1,rt650,10,1
https://220volt.com.ua/ua/ibp-powercom-ich-550/,1,1,ich 550,10,1
https://220volt.com.ua/ua/akkumulyatornaya-batareya-azbist-azagm-12650m6/,1,1,asagm,10,1
https://220volt.com.ua/nasos/nasosi-dlya-vodootvedeniya/gryaznoj-vodi/calpeda/,1,1,дренажный насос calpeda,10,1
https://220volt.com.ua/ibp-stark-country-2000-inv/,1,1,stark country 2000,10,1
https://220volt.com.ua/ua/ibp-volter-ups-3500/,1,1,ups 3500 watt,10,1
https://220volt.com.ua/avtomaticheskij-viklyuchatel-eaton-moeller-pl4-c40-3-293164/,1,1,pl4 c40 3,10,1
https://220volt.com.ua/ustrojstvo-plavnogo-puska-basic-upp/,1,1,устройство плавного пуска basic упп,10,1
https://220volt.com.ua/invertornij-generator-werk-ig-800/,1,1,ig800,10,1
https://220volt.com.ua/stabilizator-napryazheniya-luxeon-wds-8000va-servo/,1,1,wds 8000va servo,10,1
https://220volt.com.ua/ua/akkumulatornie-batarei/emkost_ab_block_90/,1,1,ah 90,10,1
https://220volt.com.ua/ibp-challenger-homebased-1000/,1,1,homebased,10,1
https://220volt.com.ua/ua/akkumulatornie-batarei/ritar/,1,1,ritart,10,1
https://220volt.com.ua/akkumulyatornaya-batareya-tyagovaya-merlion-ev-6-dzm-7-12v-7ah-f2-10144/,1,1,6dzm7,10,1
https://220volt.com.ua/certificate/,1,1,сертификат 220 вольт,10,1
https://220volt.com.ua/soputstvuushie_tovari/pritsepi.htm,1,1,прицеп электростанция,10,1
https://220volt.com.ua/stabilizator-napryazheniya-ukrtehnologiya-nsn-5000-standard/,1,1,standard 5000,10,1
https://220volt.com.ua/inverter/op_reshenie_dachi/,1,1,инверторы для дачи,10,1
https://220volt.com.ua/ua/generator-gazovij-greenpower-cc3000-lpg-ng-b/,1,1,greenpower cc3000,10,1
https://220volt.com.ua/ua/istochniki-besperebojnogo-pitaniya/euro_power/,1,1,ups euro,10,1
https://220volt.com.ua/ibp-challenger-homeline-2000t12/,1,1,challenger homeline 2000t12,10,1
https://220volt.com.ua/ua/istochniki-besperebojnogo-pitaniya/typearhetekturi_neprerivnogo-dejstviya/,1,1,дбж безперервної дії,10,1
https://220volt.com.ua/akkumulatornie-batarei/npp/,1,1,n pp,10,1
https://220volt.com.ua/ua/nasos-drenazhno-fekal-nij-aquatica-1-1kvt-hmax-15-5m-qmax-300l-min-s-nozhom-nerzh-773433/,1,1,qgf,10,1
https://220volt.com.ua/ua/nasos-skvazhinnij-needle-90ndl-3-5-21/,1,1,needle 21,10,1
https://220volt.com.ua/kontroller-zaryada-victron-energy-bluesolar-mppt-150-45-tr/,1,1,victron bluesolar mppt 150 45,10,1
https://220volt.com.ua/ibp-logicpower-lpy-w-psw-2500va/,1,1,ups 2500va,10,1
https://220volt.com.ua/nasos-poverhnostnij-ultropump-pluri-pro-10-5/,1,1,pluri,10,1
https://220volt.com.ua/stabilizator-napryazheniya-logicpower-lpt-20kva/,1,1,20kva,10,1
https://220volt.com.ua/ua/akkumulyatornaya-batareya-yuasa-npl-100-12/,1,1,yuasa npl 100 12,10,1
https://220volt.com.ua/ua/ibp-ritar-rtp1200-proxima-l/,1,1,rtp1200,10,1
https://220volt.com.ua/akkumulyatornaya-batareya-ritar-carbon-dc12-100c-12v-100ah-14544/,1,1,ritar dc12 100c,10,1
https://220volt.com.ua/ua/ibp-ritar-rtm3000-proxima-d-5865/,1,1,ritar rtm3000,10,1
https://220volt.com.ua/avtomaticheskij-viklyuchatel-eaton-moeller-pl4-c6-1-293122/,1,1,pl4 c6 1,10,1
https://220volt.com.ua/ua/inverter/napr_ak_invert_12/,1,1,12v inverter,10,1
https://220volt.com.ua/ibp-powercom-vgd-700-rm-1u/,1,1,vgd 700 rm,10,1
https://220volt.com.ua/elektromagnitnij-klapan-ceme-8514-1-2-nbr-230v-50hz-nz/,1,1,электромагнитный клапан семе,10,1
https://220volt.com.ua/ua/datchik-dvizheniya-hager-ee805/,1,1,hager ee805,10,1
https://220volt.com.ua/generator-dizel-nij-europower-new-boy-eps73de/,1,1,eps73de,10,1
https://220volt.com.ua/ua/motopompa-daishin-swt-100hx/,1,1,swt 100hx,10,1
https://220volt.com.ua/elektrika-i-svet/nizkovoltnoe-oborudovanie/avtomati/avtomaticheskie-viklyuchateli-zashchiti-dvigatelya.htm,1,1,автоматические выключатели для защиты электродвигателя,10,1
https://220volt.com.ua/elektrika-i-svet/nizkovoltnoe-oborudovanie/ustrojstva-zashchitnogo-otklyucheniya-uzo-difavtomati/tok_utechki_0-03-a/,1,1,узо 03,10,1
https://220volt.com.ua/magnitnij-puskatel-etal-pml-4100b-63a-380v/,1,1,магнитный пускатель 380в 63а,10,1
https://220volt.com.ua/motopompa-daishin-sst-50hx/,1,1,daishin sst 50hx,10,1
https://220volt.com.ua/preobrazovatel-chastoti-invt-gd20-0r7g-4/,1,1,gd2 0,10,1
https://220volt.com.ua/ibp-riello-sdh-1000/,1,1,riello sdh 1000,10,1
https://220volt.com.ua/akkumulyatornaya-batareya-bb-battery-bp17-12-b1/,1,1,b1 battery,10,1
https://220volt.com.ua/ua/generator-benzinovij-sdmo-sh-2500/,1,1,sh 2500,10,1
https://220volt.com.ua/generator-benzinovij-dalgakiran-dj-1200-bg-a/,1,1,dalgakiran dj 1200 bg a,10,1
https://220volt.com.ua/ua/akkumulyatornaya-batareya-bb-battery-bp17-12-b1/,1,1,bp17 12,10,1
https://220volt.com.ua/ua/nasos/komplektuyushchie-dlya-vodosnabzheniya-i-vodootvedeniya/tip_kompl_nasos_rele-davleniya/,1,1,реле давления для гидроаккумулятора,10,1
https://220volt.com.ua/zaryadnoe-ustrojstvo-deca-fl-1112/,1,1,deca fl 1112,10,1
https://220volt.com.ua/ibp-riello-vsd-3000/,1,1,riello ups vision dual vsd 3000,10,1
https://220volt.com.ua/rele-elektroteplovoe-eaton-moeller-zb12-10-278440/,1,1,eaton zb12 10,10,1
https://220volt.com.ua/avr-matari-ats-40/,1,1,ats 40,10,1
https://220volt.com.ua/ibp-powercom-kin-425ap/,1,1,powercom kin 425ap,10,1
https://220volt.com.ua/ua/nasos-poverhnostnij-rudes-js-110/,1,1,js 110,10,1
https://220volt.com.ua/ua/akkumulyatornaya_batareya_sacred_sun_scifp48100/,1,1,scifp48100,10,1
https://220volt.com.ua/stabilizator-napryazheniya-ukrtehnologiya-nsn-5000-norma-n/,1,1,укртехнология norma 5000,10,1
https://220volt.com.ua/zaryadnoe-ustrojstvo-aktion-zu-12-5000/,1,1,action 12,10,1
https://220volt.com.ua/generator-gazovij-sdmo-res-18-ec/,1,1,res 18,10,1
https://220volt.com.ua/ua/invertor-fronius-symo-10-0-3-m/,1,1,inverter fronius 10kw,10,1
https://220volt.com.ua/inverter/typearhetekturi_avtonomnye-off-grid;op_reshenie_solnecnye-invertory/,1,1,инвертор off grid,10,1
https://220volt.com.ua/ua/generator-benzinovij-sdmo-sh-7500-t/,1,1,sdmo sh7500t,10,1
https://220volt.com.ua/elektrika-i-svet/nizkovoltnoe-oborudovanie/ustrojstva-zashchitnogo-otklyucheniya-uzo-difavtomati/nom_tok_v_uzo_6-20-a/,1,1,узо 6 ампер,10,1
https://220volt.com.ua/ua/akkumulyatornaya-batareya-yuasa-np-3-2-12/,1,1,np3 2 12,10,1
https://220volt.com.ua/generator-invertornij-matari-mi2000/,1,1,mi2000,10,1
https://220volt.com.ua/ua/akkumulyatornaya-batareya-csb-hr1227wf2/,1,1,hr1227wf2 battery,10,1
https://220volt.com.ua/ua/shchit-naruzhnij-raspredelitel-nij-eti-ect-8-pt-1101000/,1,1,8 pt,10,1
https://220volt.com.ua/akkumulyatornaya-batareya-challenger-g12-100/,1,1,аккумуляторная батарея challenger g12 100,10,1
https://220volt.com.ua/solnechnaya-energetika/solnechnye-invertory/imars/,1,1,imars inverter,10,1
https://220volt.com.ua/generator-gazovij-generac-rg2224-17-6kw/,1,1,rg2224,10,1
https://220volt.com.ua/victron-energy-mppt-control/,1,1,victron mppt control,10,1
https://220volt.com.ua/information/proizvoditeli/,1,1,производители высоковольтного оборудования,10,1
https://220volt.com.ua/avtomaticheskij-viklyuchatel-eaton-moeller-pl6-b6-1/,1,1,pl6 b6 1,10,1
https://220volt.com.ua/generator-benzinovij-senci-sc10000te/,1,1,senci sc10000te,10,1
https://220volt.com.ua/ibp-ritar-e-rtm650-elf-l-9816/,1,1,ritar e rtm650,10,1
https://220volt.com.ua/ua/generatory/tip_gaza_generatora_propan-butan-szhizhennyj-gaz/,1,1,генератор на пропані,10,1
https://220volt.com.ua/ua/ibp-riello-sdl-10000-tm/,1,1,riello sdl 10000,10,1
https://220volt.com.ua/nasos-poverhnostnij-aquatica-xjwm-15m-775325/,1,1,xjwm 15m,10,1
https://220volt.com.ua/generator-benzinovij-agt-8203-hsb/,1,1,agt 8203 hsb,10,1
https://220volt.com.ua/transformator-upp-utos-osm-1-0-1-220-14/,1,1,трансформатор 220 14,10,1
https://220volt.com.ua/generator-benzinovij-werk-wpg-8000/,1,1,werk wpg 8000,10,1
https://220volt.com.ua/news/obzor-luchshih-modelej-rozetok-s-tajmerom-ot-220volt/,1,1,розетка с таймером какая лучше,10,1
https://220volt.com.ua/ua/avtomaticheskij-viklyuchatel-hager-50a-1p-s-6-ka-1m-mc150a/,1,1,mc150a,10,1
https://220volt.com.ua/generator-benzinovij-europower-ep12000e/,1,1,europower ep12000e,10,1
https://220volt.com.ua/ua/akkumulyatornaya-batareya-merlion-gl122000m8-12-v-200-ah/,1,1,gl122000m8,10,1
https://220volt.com.ua/preobrazovatel-chastoti-invt-gd35-5r5g-4/,1,1,invt gd35,10,1
https://220volt.com.ua/solnechnij-setevoj-invertor-huawei-2000-17-ktl/,1,1,хуавей 17,10,1
https://220volt.com.ua/nasos-poverhnostnij-euroaqua-jet-40tz/,1,1,jet 40,10,1
https://220volt.com.ua/nasosnaya-stantsiya-nasosi-plus-oborudovanie-aups-226/,1,1,aups 226,10,1
https://220volt.com.ua/ibp-exa-power-2000-rtl/,1,1,exa 2000,10,1
https://220volt.com.ua/generatory/vulkan/,1,1,генератор бензиновый вулкан,10,1
https://220volt.com.ua/ua/generator-dizel-nij-dalgakiran-dj-17-cp/,1,1,17cp,10,1
https://220volt.com.ua/avtomaticheskij-viklyuchatel-eaton-moeller-pl7-c50-3-263414/,1,1,263414,10,1
https://220volt.com.ua/ibp-volter-ups-3500/,1,1,ups 3500,10,1
https://220volt.com.ua/pereklyuchatel-kontsevoj-promfaktor-pp-741-shtampovka/,1,1,пп 741,10,1
https://220volt.com.ua/ua/avtomaticheskij-viklyuchatel-schneider-electric-va63-1p-25a-har-ka-c-4-5ka-11205/,1,1,ва63 автомат,10,1
https://220volt.com.ua/ua/generator_gazovyi_generac_7232_8kw/,1,1,8 kw generac generator,10,1
https://220volt.com.ua/ibp-powercom-ict-730/,1,1,ict 730,10,1
https://220volt.com.ua/ua/akkumulyatornaya_batareya_deye_rw_l25_lifepo4_lv_256v_100ah_256kwhrw_l25/,1,1,lfp l2,10,1
https://220volt.com.ua/pereklyuchatel-kontsevoj-promfaktor-pp-743-shtampovka/,1,1,пп 743,10,1
https://220volt.com.ua/ua/generator-dizel-nij-jcb-g115qx/,1,1,jcb g115qx,10,1
https://220volt.com.ua/ibp-elim-ukraina-pnk-12-300/,1,1,пнк 12 300 купить,10,1
https://220volt.com.ua/ua/invertor-fronius-symo-8-2-3-m/,1,1,fronius symo 8 2 3 m,10,1
https://220volt.com.ua/ua/ibp-riello-dvd-3000/,1,1,riello dvd 3000,10,1
https://220volt.com.ua/invertor-kostal-piko-10/,1,1,piko 10,10,1
https://220volt.com.ua/istochniki-besperebojnogo-pitaniya/mhpower/,1,1,mhpower,10,1
https://220volt.com.ua/ibp-challenger-homepro-1000/,1,1,ибп challenger homepro 1000,10,1
https://220volt.com.ua/preobrazovatel-chastoti-invt-gd20-2r2g-s2/,1,1,gd20 2r2g s2,10,1
https://220volt.com.ua/ibp-kstar-ua120/,1,1,ua120,10,1
https://220volt.com.ua/generatory/medialine/,1,1,media line,10,1
https://220volt.com.ua/akkumulyatornaya-batareya-challenger-g12-200/,1,1,аккумулятор challenger g12 200,10,1
https://220volt.com.ua/akkumulyatornaya-batareya-yuasa-np-3-2-12/,1,1,yuasa np3 2 12,10,1
https://220volt.com.ua/generator-dizel-nij-jcb-g175qx/,1,1,jcb g175qx,10,1
https://220volt.com.ua/istochniki-besperebojnogo-pitaniya/general-electric/indikatsiya_ibp_svetodiodi/,1,1,general electric inverter,10,1
https://220volt.com.ua/ua/akkumulyatornaya-batareya-merlion-agm-gp122000m8-2032/,1,1,gp122000m8,10,1
https://220volt.com.ua/magnitnij-puskatel-etal-pml-2501b-25a-110v-revers/,1,1,магнитный пускатель реверс,10,1
https://220volt.com.ua/akkumulyatornaya-batareya-yuasa-swl-3300/,1,1,yuasa swl 3300,10,1
https://220volt.com.ua/akkumulyatornaya-batareya-ventura-gp-12-18/,1,1,gp 12 18,10,1
https://220volt.com.ua/ibp-exa-power-plus-rtl-1-kva/,1,1,rtl 1,10,1
https://220volt.com.ua/motopompa-honda-wb30xt/,1,1,мотопомпа wb30xt,10,1
https://220volt.com.ua/storage/catalog_products/163990/instruction/738.pdf,1,1,sma si5048,10,1
https://220volt.com.ua/elektrika-i-svet/nizkovoltnoe-oborudovanie/avtomati.htm,1,1,автомат на 220 вольт,10,1
https://220volt.com.ua/ua/generator-benzinovij-pramac-p12000/,1,1,pramac p12000,10,1
https://220volt.com.ua/solnechnaya-energetika/solnechnye-invertory/challenger/,1,1,инвертор challenger,10,1
https://220volt.com.ua/nasos-skvazhinnij-saer-nr-151d-12-g-ot-6-ms152/,1,1,ms152,10,1
https://220volt.com.ua/generator_dizelnyi_nik_dg5000e/,1,1,nik dg5000e,10,1
https://220volt.com.ua/ua/stabilizator-napryazheniya-strum-str-500/,1,1,str 500,10,1
https://220volt.com.ua/ua/motopompa-honda-wb30xt/,1,1,motopompa honda wb30xt,10,1
https://220volt.com.ua/stabilizator-napryazheniya-volter-snpto-7-sh/,1,1,7 ш,10,1
https://220volt.com.ua/ua/generator-benzinovij-cgm-3000sp/,1,1,3000sp,10,1
https://220volt.com.ua/akkumulatornie-batarei/emkost_ab_block_200/,1,1,200 ач,10,1
https://220volt.com.ua/avtomaticheskij-viklyuchatel-eaton-moeller-pkzm0-10-072739/,1,1,72739,10,1
https://220volt.com.ua/generator-dizel-nij-konner-sohnen-ks-6000d/,1,1,генератор дизельний 6000 d,10,1
https://220volt.com.ua/invertor-lorenz-electric-li-1500s/,1,1,инвертор lorenz electric ли 1500с,10,1
https://220volt.com.ua/ua/generator-benzinovij-werk-wpg-960/,1,1,werk wpg 960,10,1
https://220volt.com.ua/news/preimushchestva-i-osobennosti-gelevih-avtomobilnih-akkumulyatorov/,1,1,чем хорош гелевый аккумулятор,10,1
https://220volt.com.ua/avtomaticheskij-viklyuchatel-eaton-moeller-pkzm0-12-278486/,1,1,pkzm0 12,10,1
https://220volt.com.ua/preobrazovatel-chastoti-e-next-e-f-drive-45/,1,1,ef 45,10,1
https://220volt.com.ua/ibp-kstar-ua100/,1,1,kstar ua100,10,1
https://220volt.com.ua/ibp-apc-smart-ups-rt-8000va-6400w/,1,1,6400w,10,1